route;date;hour;prediction
1;2025-11-01;0;5
1;2025-11-01;1;0
1;2025-11-01;2;0
1;2025-11-01;3;0
1;2025-11-01;4;4
1;2025-11-01;5;95
1;2025-11-01;6;367
1;2025-11-01;7;1065
1;2025-11-01;8;1297
1;2025-11-01;9;1181
1;2025-11-01;10;1152
1;2025-11-01;11;1196
1;2025-11-01;12;1259
1;2025-11-01;13;1309
1;2025-11-01;14;1244
1;2025-11-01;15;1292
1;2025-11-01;16;1301
1;2025-11-01;17;1393
1;2025-11-01;18;1167
1;2025-11-01;19;978
1;2025-11-01;20;663
1;2025-11-01;21;422
1;2025-11-01;22;173
1;2025-11-01;23;40
1;2025-11-02;0;1
1;2025-11-02;1;0
1;2025-11-02;2;0
1;2025-11-02;3;0
1;2025-11-02;4;0
1;2025-11-02;5;22
1;2025-11-02;6;115
1;2025-11-02;7;253
1;2025-11-02;8;347
1;2025-11-02;9;585
1;2025-11-02;10;670
1;2025-11-02;11;698
1;2025-11-02;12;808
1;2025-11-02;13;831
1;2025-11-02;14;782
1;2025-11-02;15;694
1;2025-11-02;16;636
1;2025-11-02;17;565
1;2025-11-02;18;501
1;2025-11-02;19;438
1;2025-11-02;20;326
1;2025-11-02;21;261
1;2025-11-02;22;98
1;2025-11-02;23;27
1;2025-11-03;0;2
1;2025-11-03;1;0
1;2025-11-03;2;0
1;2025-11-03;3;0
1;2025-11-03;4;0
1;2025-11-03;5;24
1;2025-11-03;6;124
1;2025-11-03;7;274
1;2025-11-03;8;378
1;2025-11-03;9;617
1;2025-11-03;10;719
1;2025-11-03;11;734
1;2025-11-03;12;859
1;2025-11-03;13;889
1;2025-11-03;14;831
1;2025-11-03;15;734
1;2025-11-03;16;662
1;2025-11-03;17;597
1;2025-11-03;18;528
1;2025-11-03;19;461
1;2025-11-03;20;347
1;2025-11-03;21;268
1;2025-11-03;22;104
1;2025-11-03;23;27
1;2025-11-04;0;2
1;2025-11-04;1;0
1;2025-11-04;2;0
1;2025-11-04;3;0
1;2025-11-04;4;0
1;2025-11-04;5;21
1;2025-11-04;6;109
1;2025-11-04;7;240
1;2025-11-04;8;330
1;2025-11-04;9;545
1;2025-11-04;10;631
1;2025-11-04;11;650
1;2025-11-04;12;757
1;2025-11-04;13;782
1;2025-11-04;14;733
1;2025-11-04;15;648
1;2025-11-04;16;589
1;2025-11-04;17;527
1;2025-11-04;18;467
1;2025-11-04;19;408
1;2025-11-04;20;306
1;2025-11-04;21;240
1;2025-11-04;22;92
1;2025-11-04;23;25
1;2025-11-05;0;3
1;2025-11-05;1;0
1;2025-11-05;2;0
1;2025-11-05;3;0
1;2025-11-05;4;8
1;2025-11-05;5;143
1;2025-11-05;6;545
1;2025-11-05;7;1444
1;2025-11-05;8;1923
1;2025-11-05;9;1489
1;2025-11-05;10;1387
1;2025-11-05;11;1358
1;2025-11-05;12;1422
1;2025-11-05;13;1449
1;2025-11-05;14;1376
1;2025-11-05;15;1457
1;2025-11-05;16;1536
1;2025-11-05;17;1808
1;2025-11-05;18;1783
1;2025-11-05;19;1357
1;2025-11-05;20;865
1;2025-11-05;21;500
1;2025-11-05;22;217
1;2025-11-05;23;32
1;2025-11-06;0;5
1;2025-11-06;1;0
1;2025-11-06;2;0
1;2025-11-06;3;0
1;2025-11-06;4;10
1;2025-11-06;5;126
1;2025-11-06;6;501
1;2025-11-06;7;1464
1;2025-11-06;8;1917
1;2025-11-06;9;1495
1;2025-11-06;10;1396
1;2025-11-06;11;1373
1;2025-11-06;12;1432
1;2025-11-06;13;1445
1;2025-11-06;14;1389
1;2025-11-06;15;1475
1;2025-11-06;16;1551
1;2025-11-06;17;1824
1;2025-11-06;18;1833
1;2025-11-06;19;1346
1;2025-11-06;20;872
1;2025-11-06;21;480
1;2025-11-06;22;191
1;2025-11-06;23;37
1;2025-11-07;0;4
1;2025-11-07;1;0
1;2025-11-07;2;0
1;2025-11-07;3;0
1;2025-11-07;4;7
1;2025-11-07;5;136
1;2025-11-07;6;499
1;2025-11-07;7;1468
1;2025-11-07;8;1830
1;2025-11-07;9;1462
1;2025-11-07;10;1347
1;2025-11-07;11;1363
1;2025-11-07;12;1397
1;2025-11-07;13;1408
1;2025-11-07;14;1339
1;2025-11-07;15;1451
1;2025-11-07;16;1581
1;2025-11-07;17;1821
1;2025-11-07;18;1553
1;2025-11-07;19;1240
1;2025-11-07;20;825
1;2025-11-07;21;495
1;2025-11-07;22;205
1;2025-11-07;23;37
1;2025-11-08;0;3
1;2025-11-08;1;0
1;2025-11-08;2;0
1;2025-11-08;3;0
1;2025-11-08;4;0
1;2025-11-08;5;38
1;2025-11-08;6;162
1;2025-11-08;7;369
1;2025-11-08;8;527
1;2025-11-08;9;772
1;2025-11-08;10;906
1;2025-11-08;11;938
1;2025-11-08;12;1057
1;2025-11-08;13;1063
1;2025-11-08;14;1050
1;2025-11-08;15;932
1;2025-11-08;16;867
1;2025-11-08;17;784
1;2025-11-08;18;686
1;2025-11-08;19;607
1;2025-11-08;20;449
1;2025-11-08;21;308
1;2025-11-08;22;140
1;2025-11-08;23;29
1;2025-11-09;0;0
1;2025-11-09;1;0
1;2025-11-09;2;0
1;2025-11-09;3;0
1;2025-11-09;4;0
1;2025-11-09;5;22
1;2025-11-09;6;111
1;2025-11-09;7;258
1;2025-11-09;8;351
1;2025-11-09;9;587
1;2025-11-09;10;660
1;2025-11-09;11;734
1;2025-11-09;12;808
1;2025-11-09;13;834
1;2025-11-09;14;813
1;2025-11-09;15;736
1;2025-11-09;16;696
1;2025-11-09;17;641
1;2025-11-09;18;535
1;2025-11-09;19;453
1;2025-11-09;20;338
1;2025-11-09;21;258
1;2025-11-09;22;117
1;2025-11-09;23;26
1;2025-11-10;0;0
1;2025-11-10;1;0
1;2025-11-10;2;0
1;2025-11-10;3;0
1;2025-11-10;4;9
1;2025-11-10;5;142
1;2025-11-10;6;512
1;2025-11-10;7;1451
1;2025-11-10;8;1902
1;2025-11-10;9;1476
1;2025-11-10;10;1345
1;2025-11-10;11;1331
1;2025-11-10;12;1412
1;2025-11-10;13;1424
1;2025-11-10;14;1398
1;2025-11-10;15;1460
1;2025-11-10;16;1575
1;2025-11-10;17;1859
1;2025-11-10;18;1878
1;2025-11-10;19;1390
1;2025-11-10;20;880
1;2025-11-10;21;465
1;2025-11-10;22;180
1;2025-11-10;23;36
1;2025-11-11;0;3
1;2025-11-11;1;0
1;2025-11-11;2;0
1;2025-11-11;3;1
1;2025-11-11;4;11
1;2025-11-11;5;123
1;2025-11-11;6;520
1;2025-11-11;7;1482
1;2025-11-11;8;1895
1;2025-11-11;9;1495
1;2025-11-11;10;1369
1;2025-11-11;11;1339
1;2025-11-11;12;1403
1;2025-11-11;13;1409
1;2025-11-11;14;1308
1;2025-11-11;15;1413
1;2025-11-11;16;1515
1;2025-11-11;17;1807
1;2025-11-11;18;1802
1;2025-11-11;19;1368
1;2025-11-11;20;856
1;2025-11-11;21;491
1;2025-11-11;22;195
1;2025-11-11;23;36
1;2025-11-12;0;3
1;2025-11-12;1;0
1;2025-11-12;2;0
1;2025-11-12;3;0
1;2025-11-12;4;8
1;2025-11-12;5;143
1;2025-11-12;6;545
1;2025-11-12;7;1444
1;2025-11-12;8;1923
1;2025-11-12;9;1489
1;2025-11-12;10;1387
1;2025-11-12;11;1358
1;2025-11-12;12;1422
1;2025-11-12;13;1449
1;2025-11-12;14;1376
1;2025-11-12;15;1457
1;2025-11-12;16;1536
1;2025-11-12;17;1808
1;2025-11-12;18;1783
1;2025-11-12;19;1357
1;2025-11-12;20;865
1;2025-11-12;21;500
1;2025-11-12;22;217
1;2025-11-12;23;32
1;2025-11-13;0;5
1;2025-11-13;1;0
1;2025-11-13;2;0
1;2025-11-13;3;0
1;2025-11-13;4;10
1;2025-11-13;5;126
1;2025-11-13;6;501
1;2025-11-13;7;1464
1;2025-11-13;8;1917
1;2025-11-13;9;1496
1;2025-11-13;10;1396
1;2025-11-13;11;1373
1;2025-11-13;12;1432
1;2025-11-13;13;1445
1;2025-11-13;14;1390
1;2025-11-13;15;1475
1;2025-11-13;16;1551
1;2025-11-13;17;1824
1;2025-11-13;18;1834
1;2025-11-13;19;1345
1;2025-11-13;20;871
1;2025-11-13;21;479
1;2025-11-13;22;191
1;2025-11-13;23;37
1;2025-11-14;0;4
1;2025-11-14;1;0
1;2025-11-14;2;0
1;2025-11-14;3;0
1;2025-11-14;4;7
1;2025-11-14;5;136
1;2025-11-14;6;499
1;2025-11-14;7;1468
1;2025-11-14;8;1830
1;2025-11-14;9;1462
1;2025-11-14;10;1347
1;2025-11-14;11;1364
1;2025-11-14;12;1398
1;2025-11-14;13;1408
1;2025-11-14;14;1339
1;2025-11-14;15;1451
1;2025-11-14;16;1581
1;2025-11-14;17;1822
1;2025-11-14;18;1553
1;2025-11-14;19;1239
1;2025-11-14;20;824
1;2025-11-14;21;493
1;2025-11-14;22;205
1;2025-11-14;23;37
1;2025-11-15;0;3
1;2025-11-15;1;0
1;2025-11-15;2;0
1;2025-11-15;3;0
1;2025-11-15;4;0
1;2025-11-15;5;38
1;2025-11-15;6;162
1;2025-11-15;7;369
1;2025-11-15;8;527
1;2025-11-15;9;772
1;2025-11-15;10;906
1;2025-11-15;11;938
1;2025-11-15;12;1057
1;2025-11-15;13;1063
1;2025-11-15;14;1050
1;2025-11-15;15;932
1;2025-11-15;16;867
1;2025-11-15;17;784
1;2025-11-15;18;686
1;2025-11-15;19;607
1;2025-11-15;20;449
1;2025-11-15;21;308
1;2025-11-15;22;140
1;2025-11-15;23;29
1;2025-11-16;0;0
1;2025-11-16;1;0
1;2025-11-16;2;0
1;2025-11-16;3;0
1;2025-11-16;4;0
1;2025-11-16;5;22
1;2025-11-16;6;111
1;2025-11-16;7;258
1;2025-11-16;8;351
1;2025-11-16;9;587
1;2025-11-16;10;660
1;2025-11-16;11;734
1;2025-11-16;12;808
1;2025-11-16;13;834
1;2025-11-16;14;813
1;2025-11-16;15;736
1;2025-11-16;16;696
1;2025-11-16;17;641
1;2025-11-16;18;535
1;2025-11-16;19;453
1;2025-11-16;20;338
1;2025-11-16;21;258
1;2025-11-16;22;117
1;2025-11-16;23;26
1;2025-11-17;0;0
1;2025-11-17;1;0
1;2025-11-17;2;0
1;2025-11-17;3;0
1;2025-11-17;4;9
1;2025-11-17;5;142
1;2025-11-17;6;512
1;2025-11-17;7;1451
1;2025-11-17;8;1902
1;2025-11-17;9;1476
1;2025-11-17;10;1345
1;2025-11-17;11;1331
1;2025-11-17;12;1412
1;2025-11-17;13;1424
1;2025-11-17;14;1398
1;2025-11-17;15;1460
1;2025-11-17;16;1575
1;2025-11-17;17;1859
1;2025-11-17;18;1878
1;2025-11-17;19;1390
1;2025-11-17;20;880
1;2025-11-17;21;465
1;2025-11-17;22;180
1;2025-11-17;23;36
1;2025-11-18;0;3
1;2025-11-18;1;0
1;2025-11-18;2;0
1;2025-11-18;3;1
1;2025-11-18;4;11
1;2025-11-18;5;123
1;2025-11-18;6;520
1;2025-11-18;7;1482
1;2025-11-18;8;1895
1;2025-11-18;9;1495
1;2025-11-18;10;1369
1;2025-11-18;11;1339
1;2025-11-18;12;1403
1;2025-11-18;13;1409
1;2025-11-18;14;1308
1;2025-11-18;15;1413
1;2025-11-18;16;1515
1;2025-11-18;17;1807
1;2025-11-18;18;1802
1;2025-11-18;19;1368
1;2025-11-18;20;856
1;2025-11-18;21;492
1;2025-11-18;22;195
1;2025-11-18;23;35
1;2025-11-19;0;3
1;2025-11-19;1;0
1;2025-11-19;2;0
1;2025-11-19;3;0
1;2025-11-19;4;8
1;2025-11-19;5;143
1;2025-11-19;6;545
1;2025-11-19;7;1444
1;2025-11-19;8;1923
1;2025-11-19;9;1489
1;2025-11-19;10;1387
1;2025-11-19;11;1358
1;2025-11-19;12;1422
1;2025-11-19;13;1449
1;2025-11-19;14;1376
1;2025-11-19;15;1457
1;2025-11-19;16;1536
1;2025-11-19;17;1809
1;2025-11-19;18;1783
1;2025-11-19;19;1357
1;2025-11-19;20;865
1;2025-11-19;21;500
1;2025-11-19;22;217
1;2025-11-19;23;31
1;2025-11-20;0;5
1;2025-11-20;1;0
1;2025-11-20;2;0
1;2025-11-20;3;0
1;2025-11-20;4;10
1;2025-11-20;5;126
1;2025-11-20;6;501
1;2025-11-20;7;1464
1;2025-11-20;8;1917
1;2025-11-20;9;1496
1;2025-11-20;10;1396
1;2025-11-20;11;1373
1;2025-11-20;12;1432
1;2025-11-20;13;1445
1;2025-11-20;14;1390
1;2025-11-20;15;1475
1;2025-11-20;16;1551
1;2025-11-20;17;1824
1;2025-11-20;18;1834
1;2025-11-20;19;1345
1;2025-11-20;20;871
1;2025-11-20;21;479
1;2025-11-20;22;191
1;2025-11-20;23;36
1;2025-11-21;0;4
1;2025-11-21;1;0
1;2025-11-21;2;0
1;2025-11-21;3;0
1;2025-11-21;4;7
1;2025-11-21;5;136
1;2025-11-21;6;499
1;2025-11-21;7;1468
1;2025-11-21;8;1830
1;2025-11-21;9;1462
1;2025-11-21;10;1347
1;2025-11-21;11;1364
1;2025-11-21;12;1398
1;2025-11-21;13;1409
1;2025-11-21;14;1339
1;2025-11-21;15;1451
1;2025-11-21;16;1581
1;2025-11-21;17;1822
1;2025-11-21;18;1553
1;2025-11-21;19;1239
1;2025-11-21;20;824
1;2025-11-21;21;493
1;2025-11-21;22;206
1;2025-11-21;23;37
1;2025-11-22;0;3
1;2025-11-22;1;0
1;2025-11-22;2;0
1;2025-11-22;3;0
1;2025-11-22;4;0
1;2025-11-22;5;38
1;2025-11-22;6;162
1;2025-11-22;7;369
1;2025-11-22;8;527
1;2025-11-22;9;772
1;2025-11-22;10;906
1;2025-11-22;11;938
1;2025-11-22;12;1057
1;2025-11-22;13;1063
1;2025-11-22;14;1050
1;2025-11-22;15;932
1;2025-11-22;16;867
1;2025-11-22;17;784
1;2025-11-22;18;686
1;2025-11-22;19;607
1;2025-11-22;20;449
1;2025-11-22;21;308
1;2025-11-22;22;140
1;2025-11-22;23;29
1;2025-11-23;0;0
1;2025-11-23;1;0
1;2025-11-23;2;0
1;2025-11-23;3;0
1;2025-11-23;4;0
1;2025-11-23;5;22
1;2025-11-23;6;111
1;2025-11-23;7;258
1;2025-11-23;8;351
1;2025-11-23;9;587
1;2025-11-23;10;660
1;2025-11-23;11;734
1;2025-11-23;12;808
1;2025-11-23;13;834
1;2025-11-23;14;813
1;2025-11-23;15;736
1;2025-11-23;16;696
1;2025-11-23;17;641
1;2025-11-23;18;535
1;2025-11-23;19;453
1;2025-11-23;20;338
1;2025-11-23;21;258
1;2025-11-23;22;117
1;2025-11-23;23;26
1;2025-11-24;0;0
1;2025-11-24;1;0
1;2025-11-24;2;0
1;2025-11-24;3;0
1;2025-11-24;4;9
1;2025-11-24;5;142
1;2025-11-24;6;512
1;2025-11-24;7;1451
1;2025-11-24;8;1902
1;2025-11-24;9;1476
1;2025-11-24;10;1345
1;2025-11-24;11;1331
1;2025-11-24;12;1412
1;2025-11-24;13;1424
1;2025-11-24;14;1398
1;2025-11-24;15;1460
1;2025-11-24;16;1575
1;2025-11-24;17;1859
1;2025-11-24;18;1878
1;2025-11-24;19;1390
1;2025-11-24;20;880
1;2025-11-24;21;465
1;2025-11-24;22;180
1;2025-11-24;23;36
1;2025-11-25;0;3
1;2025-11-25;1;0
1;2025-11-25;2;0
1;2025-11-25;3;1
1;2025-11-25;4;11
1;2025-11-25;5;123
1;2025-11-25;6;520
1;2025-11-25;7;1482
1;2025-11-25;8;1895
1;2025-11-25;9;1495
1;2025-11-25;10;1369
1;2025-11-25;11;1339
1;2025-11-25;12;1403
1;2025-11-25;13;1409
1;2025-11-25;14;1308
1;2025-11-25;15;1413
1;2025-11-25;16;1515
1;2025-11-25;17;1807
1;2025-11-25;18;1802
1;2025-11-25;19;1368
1;2025-11-25;20;856
1;2025-11-25;21;492
1;2025-11-25;22;195
1;2025-11-25;23;35
1;2025-11-26;0;3
1;2025-11-26;1;0
1;2025-11-26;2;0
1;2025-11-26;3;0
1;2025-11-26;4;8
1;2025-11-26;5;143
1;2025-11-26;6;545
1;2025-11-26;7;1444
1;2025-11-26;8;1923
1;2025-11-26;9;1489
1;2025-11-26;10;1387
1;2025-11-26;11;1358
1;2025-11-26;12;1422
1;2025-11-26;13;1449
1;2025-11-26;14;1376
1;2025-11-26;15;1457
1;2025-11-26;16;1536
1;2025-11-26;17;1809
1;2025-11-26;18;1783
1;2025-11-26;19;1357
1;2025-11-26;20;865
1;2025-11-26;21;500
1;2025-11-26;22;217
1;2025-11-26;23;31
1;2025-11-27;0;5
1;2025-11-27;1;0
1;2025-11-27;2;0
1;2025-11-27;3;0
1;2025-11-27;4;10
1;2025-11-27;5;126
1;2025-11-27;6;501
1;2025-11-27;7;1464
1;2025-11-27;8;1917
1;2025-11-27;9;1496
1;2025-11-27;10;1396
1;2025-11-27;11;1373
1;2025-11-27;12;1432
1;2025-11-27;13;1445
1;2025-11-27;14;1390
1;2025-11-27;15;1475
1;2025-11-27;16;1551
1;2025-11-27;17;1824
1;2025-11-27;18;1834
1;2025-11-27;19;1345
1;2025-11-27;20;871
1;2025-11-27;21;479
1;2025-11-27;22;191
1;2025-11-27;23;36
1;2025-11-28;0;4
1;2025-11-28;1;0
1;2025-11-28;2;0
1;2025-11-28;3;0
1;2025-11-28;4;7
1;2025-11-28;5;136
1;2025-11-28;6;499
1;2025-11-28;7;1468
1;2025-11-28;8;1830
1;2025-11-28;9;1462
1;2025-11-28;10;1347
1;2025-11-28;11;1364
1;2025-11-28;12;1398
1;2025-11-28;13;1409
1;2025-11-28;14;1339
1;2025-11-28;15;1451
1;2025-11-28;16;1581
1;2025-11-28;17;1822
1;2025-11-28;18;1553
1;2025-11-28;19;1239
1;2025-11-28;20;824
1;2025-11-28;21;493
1;2025-11-28;22;206
1;2025-11-28;23;37
1;2025-11-29;0;3
1;2025-11-29;1;0
1;2025-11-29;2;0
1;2025-11-29;3;0
1;2025-11-29;4;0
1;2025-11-29;5;38
1;2025-11-29;6;162
1;2025-11-29;7;369
1;2025-11-29;8;527
1;2025-11-29;9;772
1;2025-11-29;10;906
1;2025-11-29;11;938
1;2025-11-29;12;1057
1;2025-11-29;13;1063
1;2025-11-29;14;1050
1;2025-11-29;15;932
1;2025-11-29;16;867
1;2025-11-29;17;784
1;2025-11-29;18;686
1;2025-11-29;19;607
1;2025-11-29;20;449
1;2025-11-29;21;308
1;2025-11-29;22;140
1;2025-11-29;23;29
1;2025-11-30;0;0
1;2025-11-30;1;0
1;2025-11-30;2;0
1;2025-11-30;3;0
1;2025-11-30;4;0
1;2025-11-30;5;22
1;2025-11-30;6;111
1;2025-11-30;7;258
1;2025-11-30;8;351
1;2025-11-30;9;587
1;2025-11-30;10;660
1;2025-11-30;11;734
1;2025-11-30;12;808
1;2025-11-30;13;834
1;2025-11-30;14;813
1;2025-11-30;15;736
1;2025-11-30;16;696
1;2025-11-30;17;641
1;2025-11-30;18;535
1;2025-11-30;19;453
1;2025-11-30;20;338
1;2025-11-30;21;258
1;2025-11-30;22;117
1;2025-11-30;23;26
1;2025-12-01;0;0
1;2025-12-01;1;0
1;2025-12-01;2;0
1;2025-12-01;3;0
1;2025-12-01;4;9
1;2025-12-01;5;142
1;2025-12-01;6;512
1;2025-12-01;7;1451
1;2025-12-01;8;1902
1;2025-12-01;9;1476
1;2025-12-01;10;1345
1;2025-12-01;11;1331
1;2025-12-01;12;1412
1;2025-12-01;13;1424
1;2025-12-01;14;1398
1;2025-12-01;15;1460
1;2025-12-01;16;1575
1;2025-12-01;17;1859
1;2025-12-01;18;1878
1;2025-12-01;19;1390
1;2025-12-01;20;880
1;2025-12-01;21;465
1;2025-12-01;22;180
1;2025-12-01;23;36
1;2025-12-02;0;3
1;2025-12-02;1;0
1;2025-12-02;2;0
1;2025-12-02;3;1
1;2025-12-02;4;11
1;2025-12-02;5;123
1;2025-12-02;6;520
1;2025-12-02;7;1482
1;2025-12-02;8;1895
1;2025-12-02;9;1495
1;2025-12-02;10;1369
1;2025-12-02;11;1339
1;2025-12-02;12;1403
1;2025-12-02;13;1409
1;2025-12-02;14;1308
1;2025-12-02;15;1413
1;2025-12-02;16;1515
1;2025-12-02;17;1807
1;2025-12-02;18;1802
1;2025-12-02;19;1368
1;2025-12-02;20;856
1;2025-12-02;21;492
1;2025-12-02;22;195
1;2025-12-02;23;35
1;2025-12-03;0;3
1;2025-12-03;1;0
1;2025-12-03;2;0
1;2025-12-03;3;0
1;2025-12-03;4;8
1;2025-12-03;5;143
1;2025-12-03;6;545
1;2025-12-03;7;1444
1;2025-12-03;8;1922
1;2025-12-03;9;1488
1;2025-12-03;10;1386
1;2025-12-03;11;1358
1;2025-12-03;12;1421
1;2025-12-03;13;1448
1;2025-12-03;14;1375
1;2025-12-03;15;1456
1;2025-12-03;16;1535
1;2025-12-03;17;1808
1;2025-12-03;18;1783
1;2025-12-03;19;1358
1;2025-12-03;20;866
1;2025-12-03;21;501
1;2025-12-03;22;218
1;2025-12-03;23;33
1;2025-12-04;0;5
1;2025-12-04;1;0
1;2025-12-04;2;0
1;2025-12-04;3;0
1;2025-12-04;4;10
1;2025-12-04;5;125
1;2025-12-04;6;498
1;2025-12-04;7;1457
1;2025-12-04;8;1908
1;2025-12-04;9;1489
1;2025-12-04;10;1389
1;2025-12-04;11;1365
1;2025-12-04;12;1425
1;2025-12-04;13;1440
1;2025-12-04;14;1385
1;2025-12-04;15;1474
1;2025-12-04;16;1551
1;2025-12-04;17;1823
1;2025-12-04;18;1836
1;2025-12-04;19;1350
1;2025-12-04;20;879
1;2025-12-04;21;493
1;2025-12-04;22;208
1;2025-12-04;23;52
1;2025-12-05;0;4
1;2025-12-05;1;0
1;2025-12-05;2;0
1;2025-12-05;3;0
1;2025-12-05;4;7
1;2025-12-05;5;135
1;2025-12-05;6;497
1;2025-12-05;7;1460
1;2025-12-05;8;1820
1;2025-12-05;9;1454
1;2025-12-05;10;1340
1;2025-12-05;11;1356
1;2025-12-05;12;1390
1;2025-12-05;13;1403
1;2025-12-05;14;1333
1;2025-12-05;15;1449
1;2025-12-05;16;1578
1;2025-12-05;17;1818
1;2025-12-05;18;1558
1;2025-12-05;19;1245
1;2025-12-05;20;833
1;2025-12-05;21;509
1;2025-12-05;22;224
1;2025-12-05;23;56
1;2025-12-06;0;3
1;2025-12-06;1;0
1;2025-12-06;2;0
1;2025-12-06;3;0
1;2025-12-06;4;0
1;2025-12-06;5;34
1;2025-12-06;6;158
1;2025-12-06;7;364
1;2025-12-06;8;522
1;2025-12-06;9;767
1;2025-12-06;10;900
1;2025-12-06;11;932
1;2025-12-06;12;1051
1;2025-12-06;13;1058
1;2025-12-06;14;1045
1;2025-12-06;15;933
1;2025-12-06;16;869
1;2025-12-06;17;786
1;2025-12-06;18;690
1;2025-12-06;19;613
1;2025-12-06;20;455
1;2025-12-06;21;317
1;2025-12-06;22;150
1;2025-12-06;23;38
1;2025-12-07;0;0
1;2025-12-07;1;0
1;2025-12-07;2;0
1;2025-12-07;3;0
1;2025-12-07;4;0
1;2025-12-07;5;19
1;2025-12-07;6;108
1;2025-12-07;7;255
1;2025-12-07;8;347
1;2025-12-07;9;582
1;2025-12-07;10;655
1;2025-12-07;11;728
1;2025-12-07;12;802
1;2025-12-07;13;829
1;2025-12-07;14;808
1;2025-12-07;15;737
1;2025-12-07;16;697
1;2025-12-07;17;642
1;2025-12-07;18;540
1;2025-12-07;19;458
1;2025-12-07;20;344
1;2025-12-07;21;267
1;2025-12-07;22;126
1;2025-12-07;23;35
1;2025-12-08;0;0
1;2025-12-08;1;0
1;2025-12-08;2;0
1;2025-12-08;3;0
1;2025-12-08;4;9
1;2025-12-08;5;136
1;2025-12-08;6;504
1;2025-12-08;7;1441
1;2025-12-08;8;1890
1;2025-12-08;9;1466
1;2025-12-08;10;1335
1;2025-12-08;11;1320
1;2025-12-08;12;1402
1;2025-12-08;13;1416
1;2025-12-08;14;1389
1;2025-12-08;15;1463
1;2025-12-08;16;1579
1;2025-12-08;17;1862
1;2025-12-08;18;1886
1;2025-12-08;19;1400
1;2025-12-08;20;891
1;2025-12-08;21;483
1;2025-12-08;22;198
1;2025-12-08;23;55
1;2025-12-09;0;3
1;2025-12-09;1;0
1;2025-12-09;2;0
1;2025-12-09;3;1
1;2025-12-09;4;11
1;2025-12-09;5;116
1;2025-12-09;6;513
1;2025-12-09;7;1473
1;2025-12-09;8;1886
1;2025-12-09;9;1485
1;2025-12-09;10;1359
1;2025-12-09;11;1330
1;2025-12-09;12;1393
1;2025-12-09;13;1401
1;2025-12-09;14;1301
1;2025-12-09;15;1416
1;2025-12-09;16;1519
1;2025-12-09;17;1811
1;2025-12-09;18;1810
1;2025-12-09;19;1377
1;2025-12-09;20;865
1;2025-12-09;21;507
1;2025-12-09;22;212
1;2025-12-09;23;52
1;2025-12-10;0;3
1;2025-12-10;1;0
1;2025-12-10;2;0
1;2025-12-10;3;0
1;2025-12-10;4;8
1;2025-12-10;5;136
1;2025-12-10;6;537
1;2025-12-10;7;1434
1;2025-12-10;8;1911
1;2025-12-10;9;1478
1;2025-12-10;10;1376
1;2025-12-10;11;1347
1;2025-12-10;12;1411
1;2025-12-10;13;1440
1;2025-12-10;14;1367
1;2025-12-10;15;1460
1;2025-12-10;16;1540
1;2025-12-10;17;1812
1;2025-12-10;18;1792
1;2025-12-10;19;1367
1;2025-12-10;20;876
1;2025-12-10;21;519
1;2025-12-10;22;236
1;2025-12-10;23;52
1;2025-12-11;0;5
1;2025-12-11;1;0
1;2025-12-11;2;0
1;2025-12-11;3;0
1;2025-12-11;4;10
1;2025-12-11;5;119
1;2025-12-11;6;494
1;2025-12-11;7;1455
1;2025-12-11;8;1907
1;2025-12-11;9;1486
1;2025-12-11;10;1387
1;2025-12-11;11;1363
1;2025-12-11;12;1422
1;2025-12-11;13;1437
1;2025-12-11;14;1382
1;2025-12-11;15;1478
1;2025-12-11;16;1555
1;2025-12-11;17;1828
1;2025-12-11;18;1842
1;2025-12-11;19;1354
1;2025-12-11;20;881
1;2025-12-11;21;495
1;2025-12-11;22;208
1;2025-12-11;23;53
1;2025-12-12;0;4
1;2025-12-12;1;0
1;2025-12-12;2;0
1;2025-12-12;3;0
1;2025-12-12;4;7
1;2025-12-12;5;130
1;2025-12-12;6;492
1;2025-12-12;7;1458
1;2025-12-12;8;1819
1;2025-12-12;9;1452
1;2025-12-12;10;1337
1;2025-12-12;11;1354
1;2025-12-12;12;1388
1;2025-12-12;13;1400
1;2025-12-12;14;1331
1;2025-12-12;15;1453
1;2025-12-12;16;1583
1;2025-12-12;17;1823
1;2025-12-12;18;1563
1;2025-12-12;19;1249
1;2025-12-12;20;836
1;2025-12-12;21;511
1;2025-12-12;22;225
1;2025-12-12;23;56
1;2025-12-13;0;3
1;2025-12-13;1;0
1;2025-12-13;2;0
1;2025-12-13;3;0
1;2025-12-13;4;0
1;2025-12-13;5;34
1;2025-12-13;6;158
1;2025-12-13;7;364
1;2025-12-13;8;522
1;2025-12-13;9;767
1;2025-12-13;10;900
1;2025-12-13;11;932
1;2025-12-13;12;1051
1;2025-12-13;13;1058
1;2025-12-13;14;1045
1;2025-12-13;15;933
1;2025-12-13;16;869
1;2025-12-13;17;786
1;2025-12-13;18;690
1;2025-12-13;19;613
1;2025-12-13;20;455
1;2025-12-13;21;317
1;2025-12-13;22;150
1;2025-12-13;23;38
1;2025-12-14;0;0
1;2025-12-14;1;0
1;2025-12-14;2;0
1;2025-12-14;3;0
1;2025-12-14;4;0
1;2025-12-14;5;19
1;2025-12-14;6;108
1;2025-12-14;7;255
1;2025-12-14;8;347
1;2025-12-14;9;582
1;2025-12-14;10;655
1;2025-12-14;11;728
1;2025-12-14;12;802
1;2025-12-14;13;829
1;2025-12-14;14;808
1;2025-12-14;15;737
1;2025-12-14;16;697
1;2025-12-14;17;642
1;2025-12-14;18;540
1;2025-12-14;19;458
1;2025-12-14;20;344
1;2025-12-14;21;267
1;2025-12-14;22;126
1;2025-12-14;23;35
1;2025-12-15;0;0
1;2025-12-15;1;0
1;2025-12-15;2;0
1;2025-12-15;3;0
1;2025-12-15;4;9
1;2025-12-15;5;136
1;2025-12-15;6;504
1;2025-12-15;7;1441
1;2025-12-15;8;1890
1;2025-12-15;9;1466
1;2025-12-15;10;1335
1;2025-12-15;11;1320
1;2025-12-15;12;1402
1;2025-12-15;13;1416
1;2025-12-15;14;1389
1;2025-12-15;15;1463
1;2025-12-15;16;1579
1;2025-12-15;17;1862
1;2025-12-15;18;1886
1;2025-12-15;19;1400
1;2025-12-15;20;891
1;2025-12-15;21;483
1;2025-12-15;22;198
1;2025-12-15;23;55
1;2025-12-16;0;3
1;2025-12-16;1;0
1;2025-12-16;2;0
1;2025-12-16;3;1
1;2025-12-16;4;11
1;2025-12-16;5;116
1;2025-12-16;6;513
1;2025-12-16;7;1473
1;2025-12-16;8;1886
1;2025-12-16;9;1485
1;2025-12-16;10;1359
1;2025-12-16;11;1330
1;2025-12-16;12;1393
1;2025-12-16;13;1401
1;2025-12-16;14;1301
1;2025-12-16;15;1416
1;2025-12-16;16;1519
1;2025-12-16;17;1811
1;2025-12-16;18;1810
1;2025-12-16;19;1377
1;2025-12-16;20;865
1;2025-12-16;21;507
1;2025-12-16;22;212
1;2025-12-16;23;52
1;2025-12-17;0;3
1;2025-12-17;1;0
1;2025-12-17;2;0
1;2025-12-17;3;0
1;2025-12-17;4;8
1;2025-12-17;5;136
1;2025-12-17;6;537
1;2025-12-17;7;1434
1;2025-12-17;8;1911
1;2025-12-17;9;1478
1;2025-12-17;10;1376
1;2025-12-17;11;1347
1;2025-12-17;12;1411
1;2025-12-17;13;1440
1;2025-12-17;14;1367
1;2025-12-17;15;1460
1;2025-12-17;16;1540
1;2025-12-17;17;1812
1;2025-12-17;18;1792
1;2025-12-17;19;1367
1;2025-12-17;20;876
1;2025-12-17;21;519
1;2025-12-17;22;236
1;2025-12-17;23;52
1;2025-12-18;0;5
1;2025-12-18;1;0
1;2025-12-18;2;0
1;2025-12-18;3;0
1;2025-12-18;4;10
1;2025-12-18;5;119
1;2025-12-18;6;494
1;2025-12-18;7;1455
1;2025-12-18;8;1907
1;2025-12-18;9;1486
1;2025-12-18;10;1387
1;2025-12-18;11;1363
1;2025-12-18;12;1422
1;2025-12-18;13;1437
1;2025-12-18;14;1382
1;2025-12-18;15;1478
1;2025-12-18;16;1555
1;2025-12-18;17;1828
1;2025-12-18;18;1842
1;2025-12-18;19;1354
1;2025-12-18;20;881
1;2025-12-18;21;495
1;2025-12-18;22;208
1;2025-12-18;23;53
1;2025-12-19;0;4
1;2025-12-19;1;0
1;2025-12-19;2;0
1;2025-12-19;3;0
1;2025-12-19;4;7
1;2025-12-19;5;130
1;2025-12-19;6;492
1;2025-12-19;7;1458
1;2025-12-19;8;1819
1;2025-12-19;9;1452
1;2025-12-19;10;1337
1;2025-12-19;11;1354
1;2025-12-19;12;1388
1;2025-12-19;13;1400
1;2025-12-19;14;1331
1;2025-12-19;15;1453
1;2025-12-19;16;1583
1;2025-12-19;17;1823
1;2025-12-19;18;1563
1;2025-12-19;19;1249
1;2025-12-19;20;836
1;2025-12-19;21;511
1;2025-12-19;22;225
1;2025-12-19;23;56
1;2025-12-20;0;3
1;2025-12-20;1;0
1;2025-12-20;2;0
1;2025-12-20;3;0
1;2025-12-20;4;0
1;2025-12-20;5;34
1;2025-12-20;6;158
1;2025-12-20;7;364
1;2025-12-20;8;522
1;2025-12-20;9;767
1;2025-12-20;10;900
1;2025-12-20;11;932
1;2025-12-20;12;1051
1;2025-12-20;13;1058
1;2025-12-20;14;1045
1;2025-12-20;15;933
1;2025-12-20;16;869
1;2025-12-20;17;786
1;2025-12-20;18;690
1;2025-12-20;19;613
1;2025-12-20;20;455
1;2025-12-20;21;317
1;2025-12-20;22;150
1;2025-12-20;23;38
1;2025-12-21;0;0
1;2025-12-21;1;0
1;2025-12-21;2;0
1;2025-12-21;3;0
1;2025-12-21;4;0
1;2025-12-21;5;19
1;2025-12-21;6;108
1;2025-12-21;7;255
1;2025-12-21;8;347
1;2025-12-21;9;582
1;2025-12-21;10;655
1;2025-12-21;11;728
1;2025-12-21;12;802
1;2025-12-21;13;829
1;2025-12-21;14;808
1;2025-12-21;15;737
1;2025-12-21;16;697
1;2025-12-21;17;642
1;2025-12-21;18;540
1;2025-12-21;19;458
1;2025-12-21;20;344
1;2025-12-21;21;267
1;2025-12-21;22;126
1;2025-12-21;23;35
1;2025-12-22;0;0
1;2025-12-22;1;0
1;2025-12-22;2;0
1;2025-12-22;3;0
1;2025-12-22;4;9
1;2025-12-22;5;136
1;2025-12-22;6;504
1;2025-12-22;7;1441
1;2025-12-22;8;1890
1;2025-12-22;9;1466
1;2025-12-22;10;1335
1;2025-12-22;11;1320
1;2025-12-22;12;1402
1;2025-12-22;13;1416
1;2025-12-22;14;1389
1;2025-12-22;15;1463
1;2025-12-22;16;1579
1;2025-12-22;17;1862
1;2025-12-22;18;1886
1;2025-12-22;19;1400
1;2025-12-22;20;891
1;2025-12-22;21;483
1;2025-12-22;22;198
1;2025-12-22;23;55
1;2025-12-23;0;3
1;2025-12-23;1;0
1;2025-12-23;2;0
1;2025-12-23;3;1
1;2025-12-23;4;11
1;2025-12-23;5;116
1;2025-12-23;6;513
1;2025-12-23;7;1473
1;2025-12-23;8;1886
1;2025-12-23;9;1485
1;2025-12-23;10;1359
1;2025-12-23;11;1330
1;2025-12-23;12;1393
1;2025-12-23;13;1401
1;2025-12-23;14;1301
1;2025-12-23;15;1416
1;2025-12-23;16;1519
1;2025-12-23;17;1811
1;2025-12-23;18;1810
1;2025-12-23;19;1377
1;2025-12-23;20;865
1;2025-12-23;21;507
1;2025-12-23;22;212
1;2025-12-23;23;52
1;2025-12-24;0;3
1;2025-12-24;1;0
1;2025-12-24;2;0
1;2025-12-24;3;0
1;2025-12-24;4;8
1;2025-12-24;5;136
1;2025-12-24;6;537
1;2025-12-24;7;1434
1;2025-12-24;8;1911
1;2025-12-24;9;1478
1;2025-12-24;10;1376
1;2025-12-24;11;1347
1;2025-12-24;12;1411
1;2025-12-24;13;1440
1;2025-12-24;14;1367
1;2025-12-24;15;1460
1;2025-12-24;16;1540
1;2025-12-24;17;1812
1;2025-12-24;18;1792
1;2025-12-24;19;1367
1;2025-12-24;20;876
1;2025-12-24;21;519
1;2025-12-24;22;236
1;2025-12-24;23;52
1;2025-12-25;0;5
1;2025-12-25;1;0
1;2025-12-25;2;0
1;2025-12-25;3;0
1;2025-12-25;4;10
1;2025-12-25;5;119
1;2025-12-25;6;494
1;2025-12-25;7;1455
1;2025-12-25;8;1907
1;2025-12-25;9;1486
1;2025-12-25;10;1387
1;2025-12-25;11;1363
1;2025-12-25;12;1422
1;2025-12-25;13;1437
1;2025-12-25;14;1382
1;2025-12-25;15;1478
1;2025-12-25;16;1555
1;2025-12-25;17;1828
1;2025-12-25;18;1842
1;2025-12-25;19;1354
1;2025-12-25;20;881
1;2025-12-25;21;495
1;2025-12-25;22;208
1;2025-12-25;23;53
1;2025-12-26;0;4
1;2025-12-26;1;0
1;2025-12-26;2;0
1;2025-12-26;3;0
1;2025-12-26;4;7
1;2025-12-26;5;130
1;2025-12-26;6;492
1;2025-12-26;7;1458
1;2025-12-26;8;1819
1;2025-12-26;9;1452
1;2025-12-26;10;1337
1;2025-12-26;11;1354
1;2025-12-26;12;1388
1;2025-12-26;13;1400
1;2025-12-26;14;1331
1;2025-12-26;15;1453
1;2025-12-26;16;1583
1;2025-12-26;17;1823
1;2025-12-26;18;1563
1;2025-12-26;19;1249
1;2025-12-26;20;836
1;2025-12-26;21;511
1;2025-12-26;22;225
1;2025-12-26;23;56
1;2025-12-27;0;3
1;2025-12-27;1;0
1;2025-12-27;2;0
1;2025-12-27;3;0
1;2025-12-27;4;0
1;2025-12-27;5;34
1;2025-12-27;6;158
1;2025-12-27;7;364
1;2025-12-27;8;522
1;2025-12-27;9;767
1;2025-12-27;10;900
1;2025-12-27;11;932
1;2025-12-27;12;1051
1;2025-12-27;13;1058
1;2025-12-27;14;1045
1;2025-12-27;15;933
1;2025-12-27;16;869
1;2025-12-27;17;786
1;2025-12-27;18;690
1;2025-12-27;19;613
1;2025-12-27;20;455
1;2025-12-27;21;317
1;2025-12-27;22;150
1;2025-12-27;23;38
1;2025-12-28;0;0
1;2025-12-28;1;0
1;2025-12-28;2;0
1;2025-12-28;3;0
1;2025-12-28;4;0
1;2025-12-28;5;19
1;2025-12-28;6;108
1;2025-12-28;7;255
1;2025-12-28;8;347
1;2025-12-28;9;582
1;2025-12-28;10;655
1;2025-12-28;11;728
1;2025-12-28;12;802
1;2025-12-28;13;829
1;2025-12-28;14;808
1;2025-12-28;15;737
1;2025-12-28;16;697
1;2025-12-28;17;642
1;2025-12-28;18;540
1;2025-12-28;19;458
1;2025-12-28;20;344
1;2025-12-28;21;267
1;2025-12-28;22;126
1;2025-12-28;23;35
1;2025-12-29;0;0
1;2025-12-29;1;0
1;2025-12-29;2;0
1;2025-12-29;3;0
1;2025-12-29;4;9
1;2025-12-29;5;131
1;2025-12-29;6;489
1;2025-12-29;7;1421
1;2025-12-29;8;1876
1;2025-12-29;9;1409
1;2025-12-29;10;1219
1;2025-12-29;11;1218
1;2025-12-29;12;1316
1;2025-12-29;13;1369
1;2025-12-29;14;1379
1;2025-12-29;15;1500
1;2025-12-29;16;1547
1;2025-12-29;17;1796
1;2025-12-29;18;1905
1;2025-12-29;19;1387
1;2025-12-29;20;872
1;2025-12-29;21;439
1;2025-12-29;22;174
1;2025-12-29;23;45
1;2025-12-30;0;5
1;2025-12-30;1;0
1;2025-12-30;2;0
1;2025-12-30;3;1
1;2025-12-30;4;10
1;2025-12-30;5;101
1;2025-12-30;6;471
1;2025-12-30;7;1425
1;2025-12-30;8;1775
1;2025-12-30;9;1386
1;2025-12-30;10;1253
1;2025-12-30;11;1230
1;2025-12-30;12;1243
1;2025-12-30;13;1291
1;2025-12-30;14;1167
1;2025-12-30;15;1287
1;2025-12-30;16;1336
1;2025-12-30;17;1616
1;2025-12-30;18;1641
1;2025-12-30;19;1299
1;2025-12-30;20;806
1;2025-12-30;21;443
1;2025-12-30;22;176
1;2025-12-30;23;38
1;2025-12-31;0;3
1;2025-12-31;1;0
1;2025-12-31;2;0
1;2025-12-31;3;0
1;2025-12-31;4;0
1;2025-12-31;5;23
1;2025-12-31;6;118
1;2025-12-31;7;260
1;2025-12-31;8;359
1;2025-12-31;9;579
1;2025-12-31;10;679
1;2025-12-31;11;688
1;2025-12-31;12;809
1;2025-12-31;13;839
1;2025-12-31;14;783
1;2025-12-31;15;690
1;2025-12-31;16;619
1;2025-12-31;17;561
1;2025-12-31;18;496
1;2025-12-31;19;432
1;2025-12-31;20;327
1;2025-12-31;21;249
1;2025-12-31;22;98
1;2025-12-31;23;25
5;2025-11-01;0;0
5;2025-11-01;1;0
5;2025-11-01;2;0
5;2025-11-01;3;0
5;2025-11-01;4;0
5;2025-11-01;5;0
5;2025-11-01;6;0
5;2025-11-01;7;0
5;2025-11-01;8;0
5;2025-11-01;9;0
5;2025-11-01;10;0
5;2025-11-01;11;0
5;2025-11-01;12;0
5;2025-11-01;13;0
5;2025-11-01;14;0
5;2025-11-01;15;0
5;2025-11-01;16;0
5;2025-11-01;17;0
5;2025-11-01;18;0
5;2025-11-01;19;0
5;2025-11-01;20;0
5;2025-11-01;21;0
5;2025-11-01;22;0
5;2025-11-01;23;0
5;2025-11-02;0;0
5;2025-11-02;1;0
5;2025-11-02;2;0
5;2025-11-02;3;0
5;2025-11-02;4;0
5;2025-11-02;5;0
5;2025-11-02;6;0
5;2025-11-02;7;0
5;2025-11-02;8;0
5;2025-11-02;9;0
5;2025-11-02;10;0
5;2025-11-02;11;0
5;2025-11-02;12;0
5;2025-11-02;13;0
5;2025-11-02;14;0
5;2025-11-02;15;0
5;2025-11-02;16;0
5;2025-11-02;17;0
5;2025-11-02;18;0
5;2025-11-02;19;0
5;2025-11-02;20;0
5;2025-11-02;21;0
5;2025-11-02;22;0
5;2025-11-02;23;0
5;2025-11-03;0;0
5;2025-11-03;1;0
5;2025-11-03;2;0
5;2025-11-03;3;0
5;2025-11-03;4;0
5;2025-11-03;5;0
5;2025-11-03;6;0
5;2025-11-03;7;0
5;2025-11-03;8;0
5;2025-11-03;9;0
5;2025-11-03;10;0
5;2025-11-03;11;0
5;2025-11-03;12;0
5;2025-11-03;13;0
5;2025-11-03;14;0
5;2025-11-03;15;0
5;2025-11-03;16;0
5;2025-11-03;17;0
5;2025-11-03;18;0
5;2025-11-03;19;0
5;2025-11-03;20;0
5;2025-11-03;21;0
5;2025-11-03;22;0
5;2025-11-03;23;0
5;2025-11-04;0;0
5;2025-11-04;1;0
5;2025-11-04;2;0
5;2025-11-04;3;0
5;2025-11-04;4;0
5;2025-11-04;5;0
5;2025-11-04;6;0
5;2025-11-04;7;0
5;2025-11-04;8;0
5;2025-11-04;9;0
5;2025-11-04;10;0
5;2025-11-04;11;0
5;2025-11-04;12;0
5;2025-11-04;13;0
5;2025-11-04;14;0
5;2025-11-04;15;0
5;2025-11-04;16;0
5;2025-11-04;17;0
5;2025-11-04;18;0
5;2025-11-04;19;0
5;2025-11-04;20;0
5;2025-11-04;21;0
5;2025-11-04;22;0
5;2025-11-04;23;0
5;2025-11-05;0;0
5;2025-11-05;1;0
5;2025-11-05;2;0
5;2025-11-05;3;0
5;2025-11-05;4;0
5;2025-11-05;5;0
5;2025-11-05;6;0
5;2025-11-05;7;0
5;2025-11-05;8;0
5;2025-11-05;9;0
5;2025-11-05;10;0
5;2025-11-05;11;0
5;2025-11-05;12;0
5;2025-11-05;13;0
5;2025-11-05;14;0
5;2025-11-05;15;0
5;2025-11-05;16;0
5;2025-11-05;17;0
5;2025-11-05;18;0
5;2025-11-05;19;0
5;2025-11-05;20;0
5;2025-11-05;21;0
5;2025-11-05;22;0
5;2025-11-05;23;0
5;2025-11-06;0;0
5;2025-11-06;1;0
5;2025-11-06;2;0
5;2025-11-06;3;0
5;2025-11-06;4;0
5;2025-11-06;5;0
5;2025-11-06;6;0
5;2025-11-06;7;0
5;2025-11-06;8;0
5;2025-11-06;9;0
5;2025-11-06;10;0
5;2025-11-06;11;0
5;2025-11-06;12;0
5;2025-11-06;13;0
5;2025-11-06;14;0
5;2025-11-06;15;0
5;2025-11-06;16;0
5;2025-11-06;17;0
5;2025-11-06;18;0
5;2025-11-06;19;0
5;2025-11-06;20;0
5;2025-11-06;21;0
5;2025-11-06;22;0
5;2025-11-06;23;0
5;2025-11-07;0;0
5;2025-11-07;1;0
5;2025-11-07;2;0
5;2025-11-07;3;0
5;2025-11-07;4;0
5;2025-11-07;5;0
5;2025-11-07;6;0
5;2025-11-07;7;0
5;2025-11-07;8;0
5;2025-11-07;9;0
5;2025-11-07;10;0
5;2025-11-07;11;0
5;2025-11-07;12;0
5;2025-11-07;13;0
5;2025-11-07;14;0
5;2025-11-07;15;0
5;2025-11-07;16;0
5;2025-11-07;17;0
5;2025-11-07;18;0
5;2025-11-07;19;0
5;2025-11-07;20;0
5;2025-11-07;21;0
5;2025-11-07;22;0
5;2025-11-07;23;0
5;2025-11-08;0;0
5;2025-11-08;1;0
5;2025-11-08;2;0
5;2025-11-08;3;0
5;2025-11-08;4;0
5;2025-11-08;5;0
5;2025-11-08;6;0
5;2025-11-08;7;0
5;2025-11-08;8;0
5;2025-11-08;9;0
5;2025-11-08;10;0
5;2025-11-08;11;0
5;2025-11-08;12;0
5;2025-11-08;13;0
5;2025-11-08;14;0
5;2025-11-08;15;0
5;2025-11-08;16;0
5;2025-11-08;17;0
5;2025-11-08;18;0
5;2025-11-08;19;0
5;2025-11-08;20;0
5;2025-11-08;21;0
5;2025-11-08;22;0
5;2025-11-08;23;0
5;2025-11-09;0;0
5;2025-11-09;1;0
5;2025-11-09;2;0
5;2025-11-09;3;0
5;2025-11-09;4;0
5;2025-11-09;5;0
5;2025-11-09;6;0
5;2025-11-09;7;0
5;2025-11-09;8;0
5;2025-11-09;9;0
5;2025-11-09;10;0
5;2025-11-09;11;0
5;2025-11-09;12;0
5;2025-11-09;13;0
5;2025-11-09;14;0
5;2025-11-09;15;0
5;2025-11-09;16;0
5;2025-11-09;17;0
5;2025-11-09;18;0
5;2025-11-09;19;0
5;2025-11-09;20;0
5;2025-11-09;21;0
5;2025-11-09;22;0
5;2025-11-09;23;0
5;2025-11-10;0;0
5;2025-11-10;1;0
5;2025-11-10;2;0
5;2025-11-10;3;0
5;2025-11-10;4;0
5;2025-11-10;5;0
5;2025-11-10;6;0
5;2025-11-10;7;0
5;2025-11-10;8;0
5;2025-11-10;9;0
5;2025-11-10;10;0
5;2025-11-10;11;0
5;2025-11-10;12;0
5;2025-11-10;13;0
5;2025-11-10;14;0
5;2025-11-10;15;0
5;2025-11-10;16;0
5;2025-11-10;17;0
5;2025-11-10;18;0
5;2025-11-10;19;0
5;2025-11-10;20;0
5;2025-11-10;21;0
5;2025-11-10;22;0
5;2025-11-10;23;0
5;2025-11-11;0;0
5;2025-11-11;1;0
5;2025-11-11;2;0
5;2025-11-11;3;0
5;2025-11-11;4;0
5;2025-11-11;5;0
5;2025-11-11;6;0
5;2025-11-11;7;0
5;2025-11-11;8;0
5;2025-11-11;9;0
5;2025-11-11;10;0
5;2025-11-11;11;0
5;2025-11-11;12;0
5;2025-11-11;13;0
5;2025-11-11;14;0
5;2025-11-11;15;0
5;2025-11-11;16;0
5;2025-11-11;17;0
5;2025-11-11;18;0
5;2025-11-11;19;0
5;2025-11-11;20;0
5;2025-11-11;21;0
5;2025-11-11;22;0
5;2025-11-11;23;0
5;2025-11-12;0;0
5;2025-11-12;1;0
5;2025-11-12;2;0
5;2025-11-12;3;0
5;2025-11-12;4;0
5;2025-11-12;5;0
5;2025-11-12;6;0
5;2025-11-12;7;0
5;2025-11-12;8;0
5;2025-11-12;9;0
5;2025-11-12;10;0
5;2025-11-12;11;0
5;2025-11-12;12;0
5;2025-11-12;13;0
5;2025-11-12;14;0
5;2025-11-12;15;0
5;2025-11-12;16;0
5;2025-11-12;17;0
5;2025-11-12;18;0
5;2025-11-12;19;0
5;2025-11-12;20;0
5;2025-11-12;21;0
5;2025-11-12;22;0
5;2025-11-12;23;0
5;2025-11-13;0;0
5;2025-11-13;1;0
5;2025-11-13;2;0
5;2025-11-13;3;0
5;2025-11-13;4;0
5;2025-11-13;5;0
5;2025-11-13;6;0
5;2025-11-13;7;0
5;2025-11-13;8;0
5;2025-11-13;9;0
5;2025-11-13;10;0
5;2025-11-13;11;0
5;2025-11-13;12;0
5;2025-11-13;13;0
5;2025-11-13;14;0
5;2025-11-13;15;0
5;2025-11-13;16;0
5;2025-11-13;17;0
5;2025-11-13;18;0
5;2025-11-13;19;0
5;2025-11-13;20;0
5;2025-11-13;21;0
5;2025-11-13;22;0
5;2025-11-13;23;0
5;2025-11-14;0;0
5;2025-11-14;1;0
5;2025-11-14;2;0
5;2025-11-14;3;0
5;2025-11-14;4;0
5;2025-11-14;5;0
5;2025-11-14;6;0
5;2025-11-14;7;0
5;2025-11-14;8;0
5;2025-11-14;9;0
5;2025-11-14;10;0
5;2025-11-14;11;0
5;2025-11-14;12;0
5;2025-11-14;13;0
5;2025-11-14;14;0
5;2025-11-14;15;0
5;2025-11-14;16;0
5;2025-11-14;17;0
5;2025-11-14;18;0
5;2025-11-14;19;0
5;2025-11-14;20;0
5;2025-11-14;21;0
5;2025-11-14;22;0
5;2025-11-14;23;0
5;2025-11-15;0;0
5;2025-11-15;1;0
5;2025-11-15;2;0
5;2025-11-15;3;0
5;2025-11-15;4;0
5;2025-11-15;5;0
5;2025-11-15;6;0
5;2025-11-15;7;0
5;2025-11-15;8;0
5;2025-11-15;9;0
5;2025-11-15;10;0
5;2025-11-15;11;0
5;2025-11-15;12;0
5;2025-11-15;13;0
5;2025-11-15;14;0
5;2025-11-15;15;0
5;2025-11-15;16;0
5;2025-11-15;17;0
5;2025-11-15;18;0
5;2025-11-15;19;0
5;2025-11-15;20;0
5;2025-11-15;21;0
5;2025-11-15;22;0
5;2025-11-15;23;0
5;2025-11-16;0;0
5;2025-11-16;1;0
5;2025-11-16;2;0
5;2025-11-16;3;0
5;2025-11-16;4;0
5;2025-11-16;5;0
5;2025-11-16;6;0
5;2025-11-16;7;0
5;2025-11-16;8;0
5;2025-11-16;9;0
5;2025-11-16;10;0
5;2025-11-16;11;0
5;2025-11-16;12;0
5;2025-11-16;13;0
5;2025-11-16;14;0
5;2025-11-16;15;0
5;2025-11-16;16;0
5;2025-11-16;17;0
5;2025-11-16;18;0
5;2025-11-16;19;0
5;2025-11-16;20;0
5;2025-11-16;21;0
5;2025-11-16;22;0
5;2025-11-16;23;0
5;2025-11-17;0;0
5;2025-11-17;1;0
5;2025-11-17;2;0
5;2025-11-17;3;0
5;2025-11-17;4;0
5;2025-11-17;5;0
5;2025-11-17;6;0
5;2025-11-17;7;0
5;2025-11-17;8;0
5;2025-11-17;9;0
5;2025-11-17;10;0
5;2025-11-17;11;0
5;2025-11-17;12;0
5;2025-11-17;13;0
5;2025-11-17;14;0
5;2025-11-17;15;0
5;2025-11-17;16;0
5;2025-11-17;17;0
5;2025-11-17;18;0
5;2025-11-17;19;0
5;2025-11-17;20;0
5;2025-11-17;21;0
5;2025-11-17;22;0
5;2025-11-17;23;0
5;2025-11-18;0;0
5;2025-11-18;1;0
5;2025-11-18;2;0
5;2025-11-18;3;0
5;2025-11-18;4;0
5;2025-11-18;5;0
5;2025-11-18;6;0
5;2025-11-18;7;0
5;2025-11-18;8;0
5;2025-11-18;9;0
5;2025-11-18;10;0
5;2025-11-18;11;0
5;2025-11-18;12;0
5;2025-11-18;13;0
5;2025-11-18;14;0
5;2025-11-18;15;0
5;2025-11-18;16;0
5;2025-11-18;17;0
5;2025-11-18;18;0
5;2025-11-18;19;0
5;2025-11-18;20;0
5;2025-11-18;21;0
5;2025-11-18;22;0
5;2025-11-18;23;0
5;2025-11-19;0;0
5;2025-11-19;1;0
5;2025-11-19;2;0
5;2025-11-19;3;0
5;2025-11-19;4;0
5;2025-11-19;5;0
5;2025-11-19;6;0
5;2025-11-19;7;0
5;2025-11-19;8;0
5;2025-11-19;9;0
5;2025-11-19;10;0
5;2025-11-19;11;0
5;2025-11-19;12;0
5;2025-11-19;13;0
5;2025-11-19;14;0
5;2025-11-19;15;0
5;2025-11-19;16;0
5;2025-11-19;17;0
5;2025-11-19;18;0
5;2025-11-19;19;0
5;2025-11-19;20;0
5;2025-11-19;21;0
5;2025-11-19;22;0
5;2025-11-19;23;0
5;2025-11-20;0;0
5;2025-11-20;1;0
5;2025-11-20;2;0
5;2025-11-20;3;0
5;2025-11-20;4;0
5;2025-11-20;5;0
5;2025-11-20;6;0
5;2025-11-20;7;0
5;2025-11-20;8;0
5;2025-11-20;9;0
5;2025-11-20;10;0
5;2025-11-20;11;0
5;2025-11-20;12;0
5;2025-11-20;13;0
5;2025-11-20;14;0
5;2025-11-20;15;0
5;2025-11-20;16;0
5;2025-11-20;17;0
5;2025-11-20;18;0
5;2025-11-20;19;0
5;2025-11-20;20;0
5;2025-11-20;21;0
5;2025-11-20;22;0
5;2025-11-20;23;0
5;2025-11-21;0;0
5;2025-11-21;1;0
5;2025-11-21;2;0
5;2025-11-21;3;0
5;2025-11-21;4;0
5;2025-11-21;5;0
5;2025-11-21;6;0
5;2025-11-21;7;0
5;2025-11-21;8;0
5;2025-11-21;9;0
5;2025-11-21;10;0
5;2025-11-21;11;0
5;2025-11-21;12;0
5;2025-11-21;13;0
5;2025-11-21;14;0
5;2025-11-21;15;0
5;2025-11-21;16;0
5;2025-11-21;17;0
5;2025-11-21;18;0
5;2025-11-21;19;0
5;2025-11-21;20;0
5;2025-11-21;21;0
5;2025-11-21;22;0
5;2025-11-21;23;0
5;2025-11-22;0;0
5;2025-11-22;1;0
5;2025-11-22;2;0
5;2025-11-22;3;0
5;2025-11-22;4;0
5;2025-11-22;5;0
5;2025-11-22;6;0
5;2025-11-22;7;0
5;2025-11-22;8;0
5;2025-11-22;9;0
5;2025-11-22;10;0
5;2025-11-22;11;0
5;2025-11-22;12;0
5;2025-11-22;13;0
5;2025-11-22;14;0
5;2025-11-22;15;0
5;2025-11-22;16;0
5;2025-11-22;17;0
5;2025-11-22;18;0
5;2025-11-22;19;0
5;2025-11-22;20;0
5;2025-11-22;21;0
5;2025-11-22;22;0
5;2025-11-22;23;0
5;2025-11-23;0;0
5;2025-11-23;1;0
5;2025-11-23;2;0
5;2025-11-23;3;0
5;2025-11-23;4;0
5;2025-11-23;5;0
5;2025-11-23;6;0
5;2025-11-23;7;0
5;2025-11-23;8;0
5;2025-11-23;9;0
5;2025-11-23;10;0
5;2025-11-23;11;0
5;2025-11-23;12;0
5;2025-11-23;13;0
5;2025-11-23;14;0
5;2025-11-23;15;0
5;2025-11-23;16;0
5;2025-11-23;17;0
5;2025-11-23;18;0
5;2025-11-23;19;0
5;2025-11-23;20;0
5;2025-11-23;21;0
5;2025-11-23;22;0
5;2025-11-23;23;0
5;2025-11-24;0;0
5;2025-11-24;1;0
5;2025-11-24;2;0
5;2025-11-24;3;0
5;2025-11-24;4;0
5;2025-11-24;5;0
5;2025-11-24;6;0
5;2025-11-24;7;0
5;2025-11-24;8;0
5;2025-11-24;9;0
5;2025-11-24;10;0
5;2025-11-24;11;0
5;2025-11-24;12;0
5;2025-11-24;13;0
5;2025-11-24;14;0
5;2025-11-24;15;0
5;2025-11-24;16;0
5;2025-11-24;17;0
5;2025-11-24;18;0
5;2025-11-24;19;0
5;2025-11-24;20;0
5;2025-11-24;21;0
5;2025-11-24;22;0
5;2025-11-24;23;0
5;2025-11-25;0;0
5;2025-11-25;1;0
5;2025-11-25;2;0
5;2025-11-25;3;0
5;2025-11-25;4;0
5;2025-11-25;5;0
5;2025-11-25;6;0
5;2025-11-25;7;0
5;2025-11-25;8;0
5;2025-11-25;9;0
5;2025-11-25;10;0
5;2025-11-25;11;0
5;2025-11-25;12;0
5;2025-11-25;13;0
5;2025-11-25;14;0
5;2025-11-25;15;0
5;2025-11-25;16;0
5;2025-11-25;17;0
5;2025-11-25;18;0
5;2025-11-25;19;0
5;2025-11-25;20;0
5;2025-11-25;21;0
5;2025-11-25;22;0
5;2025-11-25;23;0
5;2025-11-26;0;0
5;2025-11-26;1;0
5;2025-11-26;2;0
5;2025-11-26;3;0
5;2025-11-26;4;0
5;2025-11-26;5;0
5;2025-11-26;6;0
5;2025-11-26;7;0
5;2025-11-26;8;0
5;2025-11-26;9;0
5;2025-11-26;10;0
5;2025-11-26;11;0
5;2025-11-26;12;0
5;2025-11-26;13;0
5;2025-11-26;14;0
5;2025-11-26;15;0
5;2025-11-26;16;0
5;2025-11-26;17;0
5;2025-11-26;18;0
5;2025-11-26;19;0
5;2025-11-26;20;0
5;2025-11-26;21;0
5;2025-11-26;22;0
5;2025-11-26;23;0
5;2025-11-27;0;0
5;2025-11-27;1;0
5;2025-11-27;2;0
5;2025-11-27;3;0
5;2025-11-27;4;0
5;2025-11-27;5;0
5;2025-11-27;6;0
5;2025-11-27;7;0
5;2025-11-27;8;0
5;2025-11-27;9;0
5;2025-11-27;10;0
5;2025-11-27;11;0
5;2025-11-27;12;0
5;2025-11-27;13;0
5;2025-11-27;14;0
5;2025-11-27;15;0
5;2025-11-27;16;0
5;2025-11-27;17;0
5;2025-11-27;18;0
5;2025-11-27;19;0
5;2025-11-27;20;0
5;2025-11-27;21;0
5;2025-11-27;22;0
5;2025-11-27;23;0
5;2025-11-28;0;0
5;2025-11-28;1;0
5;2025-11-28;2;0
5;2025-11-28;3;0
5;2025-11-28;4;0
5;2025-11-28;5;0
5;2025-11-28;6;0
5;2025-11-28;7;0
5;2025-11-28;8;0
5;2025-11-28;9;0
5;2025-11-28;10;0
5;2025-11-28;11;0
5;2025-11-28;12;0
5;2025-11-28;13;0
5;2025-11-28;14;0
5;2025-11-28;15;0
5;2025-11-28;16;0
5;2025-11-28;17;0
5;2025-11-28;18;0
5;2025-11-28;19;0
5;2025-11-28;20;0
5;2025-11-28;21;0
5;2025-11-28;22;0
5;2025-11-28;23;0
5;2025-11-29;0;0
5;2025-11-29;1;0
5;2025-11-29;2;0
5;2025-11-29;3;0
5;2025-11-29;4;0
5;2025-11-29;5;0
5;2025-11-29;6;0
5;2025-11-29;7;0
5;2025-11-29;8;0
5;2025-11-29;9;0
5;2025-11-29;10;0
5;2025-11-29;11;0
5;2025-11-29;12;0
5;2025-11-29;13;0
5;2025-11-29;14;0
5;2025-11-29;15;0
5;2025-11-29;16;0
5;2025-11-29;17;0
5;2025-11-29;18;0
5;2025-11-29;19;0
5;2025-11-29;20;0
5;2025-11-29;21;0
5;2025-11-29;22;0
5;2025-11-29;23;0
5;2025-11-30;0;0
5;2025-11-30;1;0
5;2025-11-30;2;0
5;2025-11-30;3;0
5;2025-11-30;4;0
5;2025-11-30;5;0
5;2025-11-30;6;0
5;2025-11-30;7;0
5;2025-11-30;8;0
5;2025-11-30;9;0
5;2025-11-30;10;0
5;2025-11-30;11;0
5;2025-11-30;12;0
5;2025-11-30;13;0
5;2025-11-30;14;0
5;2025-11-30;15;0
5;2025-11-30;16;0
5;2025-11-30;17;0
5;2025-11-30;18;0
5;2025-11-30;19;0
5;2025-11-30;20;0
5;2025-11-30;21;0
5;2025-11-30;22;0
5;2025-11-30;23;0
5;2025-12-01;0;0
5;2025-12-01;1;0
5;2025-12-01;2;0
5;2025-12-01;3;0
5;2025-12-01;4;0
5;2025-12-01;5;0
5;2025-12-01;6;0
5;2025-12-01;7;0
5;2025-12-01;8;0
5;2025-12-01;9;0
5;2025-12-01;10;0
5;2025-12-01;11;0
5;2025-12-01;12;0
5;2025-12-01;13;0
5;2025-12-01;14;0
5;2025-12-01;15;0
5;2025-12-01;16;0
5;2025-12-01;17;0
5;2025-12-01;18;0
5;2025-12-01;19;0
5;2025-12-01;20;0
5;2025-12-01;21;0
5;2025-12-01;22;0
5;2025-12-01;23;0
5;2025-12-02;0;0
5;2025-12-02;1;0
5;2025-12-02;2;0
5;2025-12-02;3;0
5;2025-12-02;4;0
5;2025-12-02;5;0
5;2025-12-02;6;0
5;2025-12-02;7;0
5;2025-12-02;8;0
5;2025-12-02;9;0
5;2025-12-02;10;0
5;2025-12-02;11;0
5;2025-12-02;12;0
5;2025-12-02;13;0
5;2025-12-02;14;0
5;2025-12-02;15;0
5;2025-12-02;16;0
5;2025-12-02;17;0
5;2025-12-02;18;0
5;2025-12-02;19;0
5;2025-12-02;20;0
5;2025-12-02;21;0
5;2025-12-02;22;0
5;2025-12-02;23;0
5;2025-12-03;0;0
5;2025-12-03;1;0
5;2025-12-03;2;0
5;2025-12-03;3;0
5;2025-12-03;4;0
5;2025-12-03;5;0
5;2025-12-03;6;0
5;2025-12-03;7;0
5;2025-12-03;8;0
5;2025-12-03;9;0
5;2025-12-03;10;0
5;2025-12-03;11;0
5;2025-12-03;12;0
5;2025-12-03;13;0
5;2025-12-03;14;0
5;2025-12-03;15;0
5;2025-12-03;16;0
5;2025-12-03;17;0
5;2025-12-03;18;0
5;2025-12-03;19;0
5;2025-12-03;20;0
5;2025-12-03;21;0
5;2025-12-03;22;0
5;2025-12-03;23;0
5;2025-12-04;0;0
5;2025-12-04;1;0
5;2025-12-04;2;0
5;2025-12-04;3;0
5;2025-12-04;4;0
5;2025-12-04;5;0
5;2025-12-04;6;0
5;2025-12-04;7;0
5;2025-12-04;8;0
5;2025-12-04;9;0
5;2025-12-04;10;0
5;2025-12-04;11;0
5;2025-12-04;12;0
5;2025-12-04;13;0
5;2025-12-04;14;0
5;2025-12-04;15;0
5;2025-12-04;16;0
5;2025-12-04;17;0
5;2025-12-04;18;0
5;2025-12-04;19;0
5;2025-12-04;20;0
5;2025-12-04;21;0
5;2025-12-04;22;0
5;2025-12-04;23;0
5;2025-12-05;0;0
5;2025-12-05;1;0
5;2025-12-05;2;0
5;2025-12-05;3;0
5;2025-12-05;4;0
5;2025-12-05;5;0
5;2025-12-05;6;0
5;2025-12-05;7;0
5;2025-12-05;8;0
5;2025-12-05;9;0
5;2025-12-05;10;0
5;2025-12-05;11;0
5;2025-12-05;12;0
5;2025-12-05;13;0
5;2025-12-05;14;0
5;2025-12-05;15;0
5;2025-12-05;16;0
5;2025-12-05;17;0
5;2025-12-05;18;0
5;2025-12-05;19;0
5;2025-12-05;20;0
5;2025-12-05;21;0
5;2025-12-05;22;0
5;2025-12-05;23;0
5;2025-12-06;0;0
5;2025-12-06;1;0
5;2025-12-06;2;0
5;2025-12-06;3;0
5;2025-12-06;4;0
5;2025-12-06;5;0
5;2025-12-06;6;0
5;2025-12-06;7;0
5;2025-12-06;8;0
5;2025-12-06;9;0
5;2025-12-06;10;0
5;2025-12-06;11;0
5;2025-12-06;12;0
5;2025-12-06;13;0
5;2025-12-06;14;0
5;2025-12-06;15;0
5;2025-12-06;16;0
5;2025-12-06;17;0
5;2025-12-06;18;0
5;2025-12-06;19;0
5;2025-12-06;20;0
5;2025-12-06;21;0
5;2025-12-06;22;0
5;2025-12-06;23;0
5;2025-12-07;0;0
5;2025-12-07;1;0
5;2025-12-07;2;0
5;2025-12-07;3;0
5;2025-12-07;4;0
5;2025-12-07;5;0
5;2025-12-07;6;0
5;2025-12-07;7;0
5;2025-12-07;8;0
5;2025-12-07;9;0
5;2025-12-07;10;0
5;2025-12-07;11;0
5;2025-12-07;12;0
5;2025-12-07;13;0
5;2025-12-07;14;0
5;2025-12-07;15;0
5;2025-12-07;16;0
5;2025-12-07;17;0
5;2025-12-07;18;0
5;2025-12-07;19;0
5;2025-12-07;20;0
5;2025-12-07;21;0
5;2025-12-07;22;0
5;2025-12-07;23;0
5;2025-12-08;0;0
5;2025-12-08;1;0
5;2025-12-08;2;0
5;2025-12-08;3;0
5;2025-12-08;4;0
5;2025-12-08;5;0
5;2025-12-08;6;0
5;2025-12-08;7;0
5;2025-12-08;8;0
5;2025-12-08;9;0
5;2025-12-08;10;0
5;2025-12-08;11;0
5;2025-12-08;12;0
5;2025-12-08;13;0
5;2025-12-08;14;0
5;2025-12-08;15;0
5;2025-12-08;16;0
5;2025-12-08;17;0
5;2025-12-08;18;0
5;2025-12-08;19;0
5;2025-12-08;20;0
5;2025-12-08;21;0
5;2025-12-08;22;0
5;2025-12-08;23;0
5;2025-12-09;0;0
5;2025-12-09;1;0
5;2025-12-09;2;0
5;2025-12-09;3;0
5;2025-12-09;4;0
5;2025-12-09;5;0
5;2025-12-09;6;0
5;2025-12-09;7;0
5;2025-12-09;8;0
5;2025-12-09;9;0
5;2025-12-09;10;0
5;2025-12-09;11;0
5;2025-12-09;12;0
5;2025-12-09;13;0
5;2025-12-09;14;0
5;2025-12-09;15;0
5;2025-12-09;16;0
5;2025-12-09;17;0
5;2025-12-09;18;0
5;2025-12-09;19;0
5;2025-12-09;20;0
5;2025-12-09;21;0
5;2025-12-09;22;0
5;2025-12-09;23;0
5;2025-12-10;0;0
5;2025-12-10;1;0
5;2025-12-10;2;0
5;2025-12-10;3;0
5;2025-12-10;4;0
5;2025-12-10;5;0
5;2025-12-10;6;0
5;2025-12-10;7;0
5;2025-12-10;8;0
5;2025-12-10;9;0
5;2025-12-10;10;0
5;2025-12-10;11;0
5;2025-12-10;12;0
5;2025-12-10;13;0
5;2025-12-10;14;0
5;2025-12-10;15;0
5;2025-12-10;16;0
5;2025-12-10;17;0
5;2025-12-10;18;0
5;2025-12-10;19;0
5;2025-12-10;20;0
5;2025-12-10;21;0
5;2025-12-10;22;0
5;2025-12-10;23;0
5;2025-12-11;0;0
5;2025-12-11;1;0
5;2025-12-11;2;0
5;2025-12-11;3;0
5;2025-12-11;4;0
5;2025-12-11;5;0
5;2025-12-11;6;0
5;2025-12-11;7;0
5;2025-12-11;8;0
5;2025-12-11;9;0
5;2025-12-11;10;0
5;2025-12-11;11;0
5;2025-12-11;12;0
5;2025-12-11;13;0
5;2025-12-11;14;0
5;2025-12-11;15;0
5;2025-12-11;16;0
5;2025-12-11;17;0
5;2025-12-11;18;0
5;2025-12-11;19;0
5;2025-12-11;20;0
5;2025-12-11;21;0
5;2025-12-11;22;0
5;2025-12-11;23;0
5;2025-12-12;0;0
5;2025-12-12;1;0
5;2025-12-12;2;0
5;2025-12-12;3;0
5;2025-12-12;4;0
5;2025-12-12;5;0
5;2025-12-12;6;0
5;2025-12-12;7;0
5;2025-12-12;8;0
5;2025-12-12;9;0
5;2025-12-12;10;0
5;2025-12-12;11;0
5;2025-12-12;12;0
5;2025-12-12;13;0
5;2025-12-12;14;0
5;2025-12-12;15;0
5;2025-12-12;16;0
5;2025-12-12;17;0
5;2025-12-12;18;0
5;2025-12-12;19;0
5;2025-12-12;20;0
5;2025-12-12;21;0
5;2025-12-12;22;0
5;2025-12-12;23;0
5;2025-12-13;0;0
5;2025-12-13;1;0
5;2025-12-13;2;0
5;2025-12-13;3;0
5;2025-12-13;4;0
5;2025-12-13;5;0
5;2025-12-13;6;0
5;2025-12-13;7;0
5;2025-12-13;8;0
5;2025-12-13;9;0
5;2025-12-13;10;0
5;2025-12-13;11;0
5;2025-12-13;12;0
5;2025-12-13;13;0
5;2025-12-13;14;0
5;2025-12-13;15;0
5;2025-12-13;16;0
5;2025-12-13;17;0
5;2025-12-13;18;0
5;2025-12-13;19;0
5;2025-12-13;20;0
5;2025-12-13;21;0
5;2025-12-13;22;0
5;2025-12-13;23;0
5;2025-12-14;0;0
5;2025-12-14;1;0
5;2025-12-14;2;0
5;2025-12-14;3;0
5;2025-12-14;4;0
5;2025-12-14;5;0
5;2025-12-14;6;0
5;2025-12-14;7;0
5;2025-12-14;8;0
5;2025-12-14;9;0
5;2025-12-14;10;0
5;2025-12-14;11;0
5;2025-12-14;12;0
5;2025-12-14;13;0
5;2025-12-14;14;0
5;2025-12-14;15;0
5;2025-12-14;16;0
5;2025-12-14;17;0
5;2025-12-14;18;0
5;2025-12-14;19;0
5;2025-12-14;20;0
5;2025-12-14;21;0
5;2025-12-14;22;0
5;2025-12-14;23;0
5;2025-12-15;0;0
5;2025-12-15;1;0
5;2025-12-15;2;0
5;2025-12-15;3;0
5;2025-12-15;4;0
5;2025-12-15;5;0
5;2025-12-15;6;0
5;2025-12-15;7;0
5;2025-12-15;8;0
5;2025-12-15;9;0
5;2025-12-15;10;0
5;2025-12-15;11;0
5;2025-12-15;12;0
5;2025-12-15;13;0
5;2025-12-15;14;0
5;2025-12-15;15;0
5;2025-12-15;16;0
5;2025-12-15;17;0
5;2025-12-15;18;0
5;2025-12-15;19;0
5;2025-12-15;20;0
5;2025-12-15;21;0
5;2025-12-15;22;0
5;2025-12-15;23;0
5;2025-12-16;0;5
5;2025-12-16;1;0
5;2025-12-16;2;0
5;2025-12-16;3;0
5;2025-12-16;4;0
5;2025-12-16;5;12
5;2025-12-16;6;94
5;2025-12-16;7;308
5;2025-12-16;8;475
5;2025-12-16;9;373
5;2025-12-16;10;283
5;2025-12-16;11;256
5;2025-12-16;12;251
5;2025-12-16;13;252
5;2025-12-16;14;247
5;2025-12-16;15;282
5;2025-12-16;16;297
5;2025-12-16;17;404
5;2025-12-16;18;419
5;2025-12-16;19;251
5;2025-12-16;20;162
5;2025-12-16;21;107
5;2025-12-16;22;44
5;2025-12-16;23;26
5;2025-12-17;0;5
5;2025-12-17;1;0
5;2025-12-17;2;0
5;2025-12-17;3;0
5;2025-12-17;4;0
5;2025-12-17;5;18
5;2025-12-17;6;127
5;2025-12-17;7;422
5;2025-12-17;8;698
5;2025-12-17;9;526
5;2025-12-17;10;402
5;2025-12-17;11;367
5;2025-12-17;12;365
5;2025-12-17;13;360
5;2025-12-17;14;354
5;2025-12-17;15;398
5;2025-12-17;16;421
5;2025-12-17;17;570
5;2025-12-17;18;608
5;2025-12-17;19;362
5;2025-12-17;20;228
5;2025-12-17;21;158
5;2025-12-17;22;68
5;2025-12-17;23;41
5;2025-12-18;0;9
5;2025-12-18;1;0
5;2025-12-18;2;0
5;2025-12-18;3;0
5;2025-12-18;4;0
5;2025-12-18;5;16
5;2025-12-18;6;125
5;2025-12-18;7;418
5;2025-12-18;8;671
5;2025-12-18;9;530
5;2025-12-18;10;405
5;2025-12-18;11;365
5;2025-12-18;12;370
5;2025-12-18;13;359
5;2025-12-18;14;356
5;2025-12-18;15;402
5;2025-12-18;16;423
5;2025-12-18;17;564
5;2025-12-18;18;605
5;2025-12-18;19;367
5;2025-12-18;20;241
5;2025-12-18;21;164
5;2025-12-18;22;67
5;2025-12-18;23;42
5;2025-12-19;0;10
5;2025-12-19;1;0
5;2025-12-19;2;0
5;2025-12-19;3;0
5;2025-12-19;4;0
5;2025-12-19;5;17
5;2025-12-19;6;132
5;2025-12-19;7;440
5;2025-12-19;8;696
5;2025-12-19;9;542
5;2025-12-19;10;397
5;2025-12-19;11;372
5;2025-12-19;12;373
5;2025-12-19;13;376
5;2025-12-19;14;375
5;2025-12-19;15;431
5;2025-12-19;16;508
5;2025-12-19;17;547
5;2025-12-19;18;453
5;2025-12-19;19;334
5;2025-12-19;20;230
5;2025-12-19;21;151
5;2025-12-19;22;69
5;2025-12-19;23;46
5;2025-12-20;0;18
5;2025-12-20;1;0
5;2025-12-20;2;0
5;2025-12-20;3;0
5;2025-12-20;4;0
5;2025-12-20;5;9
5;2025-12-20;6;55
5;2025-12-20;7;129
5;2025-12-20;8;201
5;2025-12-20;9;193
5;2025-12-20;10;212
5;2025-12-20;11;247
5;2025-12-20;12;254
5;2025-12-20;13;265
5;2025-12-20;14;283
5;2025-12-20;15;253
5;2025-12-20;16;262
5;2025-12-20;17;286
5;2025-12-20;18;263
5;2025-12-20;19;219
5;2025-12-20;20;176
5;2025-12-20;21;128
5;2025-12-20;22;75
5;2025-12-20;23;47
5;2025-12-21;0;13
5;2025-12-21;1;0
5;2025-12-21;2;0
5;2025-12-21;3;0
5;2025-12-21;4;0
5;2025-12-21;5;7
5;2025-12-21;6;42
5;2025-12-21;7;83
5;2025-12-21;8;132
5;2025-12-21;9;152
5;2025-12-21;10;158
5;2025-12-21;11;204
5;2025-12-21;12;215
5;2025-12-21;13;225
5;2025-12-21;14;239
5;2025-12-21;15;228
5;2025-12-21;16;225
5;2025-12-21;17;244
5;2025-12-21;18;215
5;2025-12-21;19;179
5;2025-12-21;20;147
5;2025-12-21;21;116
5;2025-12-21;22;63
5;2025-12-21;23;37
5;2025-12-22;0;4
5;2025-12-22;1;0
5;2025-12-22;2;0
5;2025-12-22;3;0
5;2025-12-22;4;0
5;2025-12-22;5;16
5;2025-12-22;6;132
5;2025-12-22;7;430
5;2025-12-22;8;693
5;2025-12-22;9;544
5;2025-12-22;10;399
5;2025-12-22;11;363
5;2025-12-22;12;356
5;2025-12-22;13;358
5;2025-12-22;14;355
5;2025-12-22;15;407
5;2025-12-22;16;423
5;2025-12-22;17;564
5;2025-12-22;18;619
5;2025-12-22;19;358
5;2025-12-22;20;223
5;2025-12-22;21;155
5;2025-12-22;22;64
5;2025-12-22;23;37
5;2025-12-23;0;6
5;2025-12-23;1;0
5;2025-12-23;2;0
5;2025-12-23;3;0
5;2025-12-23;4;0
5;2025-12-23;5;17
5;2025-12-23;6;134
5;2025-12-23;7;440
5;2025-12-23;8;679
5;2025-12-23;9;533
5;2025-12-23;10;405
5;2025-12-23;11;365
5;2025-12-23;12;359
5;2025-12-23;13;360
5;2025-12-23;14;353
5;2025-12-23;15;403
5;2025-12-23;16;425
5;2025-12-23;17;577
5;2025-12-23;18;598
5;2025-12-23;19;358
5;2025-12-23;20;232
5;2025-12-23;21;153
5;2025-12-23;22;63
5;2025-12-23;23;38
5;2025-12-24;0;5
5;2025-12-24;1;0
5;2025-12-24;2;0
5;2025-12-24;3;0
5;2025-12-24;4;0
5;2025-12-24;5;18
5;2025-12-24;6;127
5;2025-12-24;7;422
5;2025-12-24;8;698
5;2025-12-24;9;526
5;2025-12-24;10;402
5;2025-12-24;11;367
5;2025-12-24;12;365
5;2025-12-24;13;360
5;2025-12-24;14;354
5;2025-12-24;15;398
5;2025-12-24;16;421
5;2025-12-24;17;570
5;2025-12-24;18;608
5;2025-12-24;19;362
5;2025-12-24;20;228
5;2025-12-24;21;158
5;2025-12-24;22;68
5;2025-12-24;23;41
5;2025-12-25;0;9
5;2025-12-25;1;0
5;2025-12-25;2;0
5;2025-12-25;3;0
5;2025-12-25;4;0
5;2025-12-25;5;16
5;2025-12-25;6;125
5;2025-12-25;7;418
5;2025-12-25;8;671
5;2025-12-25;9;530
5;2025-12-25;10;405
5;2025-12-25;11;365
5;2025-12-25;12;370
5;2025-12-25;13;359
5;2025-12-25;14;356
5;2025-12-25;15;402
5;2025-12-25;16;423
5;2025-12-25;17;564
5;2025-12-25;18;605
5;2025-12-25;19;367
5;2025-12-25;20;241
5;2025-12-25;21;164
5;2025-12-25;22;67
5;2025-12-25;23;42
5;2025-12-26;0;10
5;2025-12-26;1;0
5;2025-12-26;2;0
5;2025-12-26;3;0
5;2025-12-26;4;0
5;2025-12-26;5;17
5;2025-12-26;6;132
5;2025-12-26;7;440
5;2025-12-26;8;696
5;2025-12-26;9;542
5;2025-12-26;10;397
5;2025-12-26;11;372
5;2025-12-26;12;373
5;2025-12-26;13;376
5;2025-12-26;14;375
5;2025-12-26;15;431
5;2025-12-26;16;508
5;2025-12-26;17;547
5;2025-12-26;18;453
5;2025-12-26;19;334
5;2025-12-26;20;230
5;2025-12-26;21;151
5;2025-12-26;22;69
5;2025-12-26;23;46
5;2025-12-27;0;18
5;2025-12-27;1;0
5;2025-12-27;2;0
5;2025-12-27;3;0
5;2025-12-27;4;0
5;2025-12-27;5;9
5;2025-12-27;6;55
5;2025-12-27;7;129
5;2025-12-27;8;201
5;2025-12-27;9;193
5;2025-12-27;10;212
5;2025-12-27;11;247
5;2025-12-27;12;254
5;2025-12-27;13;265
5;2025-12-27;14;283
5;2025-12-27;15;253
5;2025-12-27;16;262
5;2025-12-27;17;286
5;2025-12-27;18;263
5;2025-12-27;19;219
5;2025-12-27;20;176
5;2025-12-27;21;128
5;2025-12-27;22;75
5;2025-12-27;23;47
5;2025-12-28;0;13
5;2025-12-28;1;0
5;2025-12-28;2;0
5;2025-12-28;3;0
5;2025-12-28;4;0
5;2025-12-28;5;7
5;2025-12-28;6;42
5;2025-12-28;7;83
5;2025-12-28;8;132
5;2025-12-28;9;152
5;2025-12-28;10;158
5;2025-12-28;11;204
5;2025-12-28;12;215
5;2025-12-28;13;225
5;2025-12-28;14;239
5;2025-12-28;15;228
5;2025-12-28;16;225
5;2025-12-28;17;244
5;2025-12-28;18;215
5;2025-12-28;19;179
5;2025-12-28;20;147
5;2025-12-28;21;116
5;2025-12-28;22;63
5;2025-12-28;23;37
5;2025-12-29;0;4
5;2025-12-29;1;0
5;2025-12-29;2;0
5;2025-12-29;3;0
5;2025-12-29;4;0
5;2025-12-29;5;16
5;2025-12-29;6;132
5;2025-12-29;7;430
5;2025-12-29;8;693
5;2025-12-29;9;544
5;2025-12-29;10;399
5;2025-12-29;11;363
5;2025-12-29;12;356
5;2025-12-29;13;358
5;2025-12-29;14;355
5;2025-12-29;15;407
5;2025-12-29;16;423
5;2025-12-29;17;564
5;2025-12-29;18;619
5;2025-12-29;19;358
5;2025-12-29;20;223
5;2025-12-29;21;155
5;2025-12-29;22;64
5;2025-12-29;23;37
5;2025-12-30;0;6
5;2025-12-30;1;0
5;2025-12-30;2;0
5;2025-12-30;3;0
5;2025-12-30;4;0
5;2025-12-30;5;17
5;2025-12-30;6;134
5;2025-12-30;7;441
5;2025-12-30;8;681
5;2025-12-30;9;536
5;2025-12-30;10;407
5;2025-12-30;11;369
5;2025-12-30;12;363
5;2025-12-30;13;365
5;2025-12-30;14;360
5;2025-12-30;15;411
5;2025-12-30;16;433
5;2025-12-30;17;565
5;2025-12-30;18;582
5;2025-12-30;19;346
5;2025-12-30;20;230
5;2025-12-30;21;152
5;2025-12-30;22;63
5;2025-12-30;23;37
5;2025-12-31;0;14
5;2025-12-31;1;0
5;2025-12-31;2;0
5;2025-12-31;3;0
5;2025-12-31;4;0
5;2025-12-31;5;8
5;2025-12-31;6;44
5;2025-12-31;7;84
5;2025-12-31;8;134
5;2025-12-31;9;164
5;2025-12-31;10;157
5;2025-12-31;11;194
5;2025-12-31;12;210
5;2025-12-31;13;218
5;2025-12-31;14;234
5;2025-12-31;15;224
5;2025-12-31;16;225
5;2025-12-31;17;235
5;2025-12-31;18;217
5;2025-12-31;19;183
5;2025-12-31;20;155
5;2025-12-31;21;123
5;2025-12-31;22;65
5;2025-12-31;23;37
7;2025-11-01;0;85
7;2025-11-01;1;18
7;2025-11-01;2;0
7;2025-11-01;3;0
7;2025-11-01;4;1
7;2025-11-01;5;135
7;2025-11-01;6;504
7;2025-11-01;7;1119
7;2025-11-01;8;1766
7;2025-11-01;9;1368
7;2025-11-01;10;1363
7;2025-11-01;11;1291
7;2025-11-01;12;1424
7;2025-11-01;13;1430
7;2025-11-01;14;1470
7;2025-11-01;15;1565
7;2025-11-01;16;1715
7;2025-11-01;17;1848
7;2025-11-01;18;1611
7;2025-11-01;19;1177
7;2025-11-01;20;855
7;2025-11-01;21;538
7;2025-11-01;22;297
7;2025-11-01;23;216
7;2025-11-02;0;88
7;2025-11-02;1;21
7;2025-11-02;2;0
7;2025-11-02;3;0
7;2025-11-02;4;1
7;2025-11-02;5;28
7;2025-11-02;6;125
7;2025-11-02;7;167
7;2025-11-02;8;358
7;2025-11-02;9;471
7;2025-11-02;10;388
7;2025-11-02;11;560
7;2025-11-02;12;614
7;2025-11-02;13;609
7;2025-11-02;14;652
7;2025-11-02;15;671
7;2025-11-02;16;591
7;2025-11-02;17;609
7;2025-11-02;18;609
7;2025-11-02;19;459
7;2025-11-02;20;384
7;2025-11-02;21;288
7;2025-11-02;22;151
7;2025-11-02;23;112
7;2025-11-03;0;92
7;2025-11-03;1;22
7;2025-11-03;2;0
7;2025-11-03;3;0
7;2025-11-03;4;1
7;2025-11-03;5;32
7;2025-11-03;6;155
7;2025-11-03;7;197
7;2025-11-03;8;426
7;2025-11-03;9;489
7;2025-11-03;10;440
7;2025-11-03;11;581
7;2025-11-03;12;677
7;2025-11-03;13;661
7;2025-11-03;14;690
7;2025-11-03;15;699
7;2025-11-03;16;640
7;2025-11-03;17;651
7;2025-11-03;18;635
7;2025-11-03;19;494
7;2025-11-03;20;412
7;2025-11-03;21;306
7;2025-11-03;22;163
7;2025-11-03;23;124
7;2025-11-04;0;82
7;2025-11-04;1;20
7;2025-11-04;2;0
7;2025-11-04;3;0
7;2025-11-04;4;1
7;2025-11-04;5;27
7;2025-11-04;6;129
7;2025-11-04;7;167
7;2025-11-04;8;360
7;2025-11-04;9;435
7;2025-11-04;10;379
7;2025-11-04;11;517
7;2025-11-04;12;589
7;2025-11-04;13;578
7;2025-11-04;14;609
7;2025-11-04;15;621
7;2025-11-04;16;560
7;2025-11-04;17;573
7;2025-11-04;18;564
7;2025-11-04;19;433
7;2025-11-04;20;362
7;2025-11-04;21;270
7;2025-11-04;22;143
7;2025-11-04;23;108
7;2025-11-05;0;58
7;2025-11-05;1;10
7;2025-11-05;2;0
7;2025-11-05;3;0
7;2025-11-05;4;2
7;2025-11-05;5;196
7;2025-11-05;6;657
7;2025-11-05;7;1562
7;2025-11-05;8;2429
7;2025-11-05;9;1875
7;2025-11-05;10;1667
7;2025-11-05;11;1569
7;2025-11-05;12;1662
7;2025-11-05;13;1587
7;2025-11-05;14;1611
7;2025-11-05;15;1740
7;2025-11-05;16;1865
7;2025-11-05;17;2403
7;2025-11-05;18;2488
7;2025-11-05;19;1642
7;2025-11-05;20;1046
7;2025-11-05;21;617
7;2025-11-05;22;275
7;2025-11-05;23;171
7;2025-11-06;0;63
7;2025-11-06;1;17
7;2025-11-06;2;0
7;2025-11-06;3;0
7;2025-11-06;4;1
7;2025-11-06;5;188
7;2025-11-06;6;637
7;2025-11-06;7;1558
7;2025-11-06;8;2450
7;2025-11-06;9;1822
7;2025-11-06;10;1610
7;2025-11-06;11;1543
7;2025-11-06;12;1635
7;2025-11-06;13;1572
7;2025-11-06;14;1627
7;2025-11-06;15;1737
7;2025-11-06;16;1845
7;2025-11-06;17;2341
7;2025-11-06;18;2553
7;2025-11-06;19;1672
7;2025-11-06;20;1068
7;2025-11-06;21;622
7;2025-11-06;22;291
7;2025-11-06;23;200
7;2025-11-07;0;74
7;2025-11-07;1;15
7;2025-11-07;2;0
7;2025-11-07;3;0
7;2025-11-07;4;2
7;2025-11-07;5;182
7;2025-11-07;6;631
7;2025-11-07;7;1516
7;2025-11-07;8;2333
7;2025-11-07;9;1780
7;2025-11-07;10;1625
7;2025-11-07;11;1548
7;2025-11-07;12;1597
7;2025-11-07;13;1624
7;2025-11-07;14;1620
7;2025-11-07;15;1772
7;2025-11-07;16;1954
7;2025-11-07;17;2292
7;2025-11-07;18;1998
7;2025-11-07;19;1437
7;2025-11-07;20;989
7;2025-11-07;21;599
7;2025-11-07;22;288
7;2025-11-07;23;227
7;2025-11-08;0;77
7;2025-11-08;1;25
7;2025-11-08;2;0
7;2025-11-08;3;0
7;2025-11-08;4;1
7;2025-11-08;5;44
7;2025-11-08;6;181
7;2025-11-08;7;306
7;2025-11-08;8;482
7;2025-11-08;9;521
7;2025-11-08;10;527
7;2025-11-08;11;618
7;2025-11-08;12;695
7;2025-11-08;13;749
7;2025-11-08;14;767
7;2025-11-08;15;730
7;2025-11-08;16;712
7;2025-11-08;17;653
7;2025-11-08;18;700
7;2025-11-08;19;615
7;2025-11-08;20;438
7;2025-11-08;21;343
7;2025-11-08;22;171
7;2025-11-08;23;133
7;2025-11-09;0;74
7;2025-11-09;1;22
7;2025-11-09;2;0
7;2025-11-09;3;1
7;2025-11-09;4;1
7;2025-11-09;5;25
7;2025-11-09;6;118
7;2025-11-09;7;200
7;2025-11-09;8;343
7;2025-11-09;9;398
7;2025-11-09;10;419
7;2025-11-09;11;597
7;2025-11-09;12;601
7;2025-11-09;13;641
7;2025-11-09;14;695
7;2025-11-09;15;697
7;2025-11-09;16;626
7;2025-11-09;17;630
7;2025-11-09;18;597
7;2025-11-09;19;520
7;2025-11-09;20;385
7;2025-11-09;21;285
7;2025-11-09;22;146
7;2025-11-09;23;104
7;2025-11-10;0;60
7;2025-11-10;1;11
7;2025-11-10;2;0
7;2025-11-10;3;0
7;2025-11-10;4;1
7;2025-11-10;5;193
7;2025-11-10;6;641
7;2025-11-10;7;1601
7;2025-11-10;8;2467
7;2025-11-10;9;1819
7;2025-11-10;10;1611
7;2025-11-10;11;1525
7;2025-11-10;12;1559
7;2025-11-10;13;1573
7;2025-11-10;14;1573
7;2025-11-10;15;1721
7;2025-11-10;16;1830
7;2025-11-10;17;2404
7;2025-11-10;18;2544
7;2025-11-10;19;1701
7;2025-11-10;20;1063
7;2025-11-10;21;610
7;2025-11-10;22;278
7;2025-11-10;23;150
7;2025-11-11;0;58
7;2025-11-11;1;13
7;2025-11-11;2;0
7;2025-11-11;3;0
7;2025-11-11;4;2
7;2025-11-11;5;194
7;2025-11-11;6;660
7;2025-11-11;7;1652
7;2025-11-11;8;2471
7;2025-11-11;9;1897
7;2025-11-11;10;1675
7;2025-11-11;11;1606
7;2025-11-11;12;1645
7;2025-11-11;13;1624
7;2025-11-11;14;1572
7;2025-11-11;15;1753
7;2025-11-11;16;1867
7;2025-11-11;17;2414
7;2025-11-11;18;2583
7;2025-11-11;19;1730
7;2025-11-11;20;1121
7;2025-11-11;21;664
7;2025-11-11;22;305
7;2025-11-11;23;190
7;2025-11-12;0;58
7;2025-11-12;1;10
7;2025-11-12;2;0
7;2025-11-12;3;0
7;2025-11-12;4;2
7;2025-11-12;5;196
7;2025-11-12;6;659
7;2025-11-12;7;1565
7;2025-11-12;8;2432
7;2025-11-12;9;1877
7;2025-11-12;10;1665
7;2025-11-12;11;1568
7;2025-11-12;12;1660
7;2025-11-12;13;1585
7;2025-11-12;14;1609
7;2025-11-12;15;1740
7;2025-11-12;16;1864
7;2025-11-12;17;2404
7;2025-11-12;18;2487
7;2025-11-12;19;1642
7;2025-11-12;20;1046
7;2025-11-12;21;617
7;2025-11-12;22;274
7;2025-11-12;23;171
7;2025-11-13;0;62
7;2025-11-13;1;17
7;2025-11-13;2;0
7;2025-11-13;3;0
7;2025-11-13;4;1
7;2025-11-13;5;189
7;2025-11-13;6;640
7;2025-11-13;7;1561
7;2025-11-13;8;2453
7;2025-11-13;9;1825
7;2025-11-13;10;1609
7;2025-11-13;11;1543
7;2025-11-13;12;1634
7;2025-11-13;13;1571
7;2025-11-13;14;1626
7;2025-11-13;15;1736
7;2025-11-13;16;1844
7;2025-11-13;17;2340
7;2025-11-13;18;2552
7;2025-11-13;19;1670
7;2025-11-13;20;1067
7;2025-11-13;21;621
7;2025-11-13;22;291
7;2025-11-13;23;199
7;2025-11-14;0;74
7;2025-11-14;1;15
7;2025-11-14;2;0
7;2025-11-14;3;0
7;2025-11-14;4;2
7;2025-11-14;5;183
7;2025-11-14;6;634
7;2025-11-14;7;1518
7;2025-11-14;8;2336
7;2025-11-14;9;1782
7;2025-11-14;10;1623
7;2025-11-14;11;1546
7;2025-11-14;12;1597
7;2025-11-14;13;1623
7;2025-11-14;14;1620
7;2025-11-14;15;1771
7;2025-11-14;16;1953
7;2025-11-14;17;2291
7;2025-11-14;18;1997
7;2025-11-14;19;1436
7;2025-11-14;20;989
7;2025-11-14;21;598
7;2025-11-14;22;288
7;2025-11-14;23;227
7;2025-11-15;0;99
7;2025-11-15;1;26
7;2025-11-15;2;0
7;2025-11-15;3;0
7;2025-11-15;4;1
7;2025-11-15;5;67
7;2025-11-15;6;255
7;2025-11-15;7;493
7;2025-11-15;8;716
7;2025-11-15;9;781
7;2025-11-15;10;790
7;2025-11-15;11;925
7;2025-11-15;12;1014
7;2025-11-15;13;1085
7;2025-11-15;14;1117
7;2025-11-15;15;1070
7;2025-11-15;16;1045
7;2025-11-15;17;967
7;2025-11-15;18;1021
7;2025-11-15;19;913
7;2025-11-15;20;666
7;2025-11-15;21;517
7;2025-11-15;22;277
7;2025-11-15;23;196
7;2025-11-16;0;97
7;2025-11-16;1;22
7;2025-11-16;2;2
7;2025-11-16;3;4
7;2025-11-16;4;1
7;2025-11-16;5;43
7;2025-11-16;6;180
7;2025-11-16;7;362
7;2025-11-16;8;537
7;2025-11-16;9;640
7;2025-11-16;10;668
7;2025-11-16;11;914
7;2025-11-16;12;921
7;2025-11-16;13;973
7;2025-11-16;14;1051
7;2025-11-16;15;1051
7;2025-11-16;16;960
7;2025-11-16;17;962
7;2025-11-16;18;915
7;2025-11-16;19;807
7;2025-11-16;20;618
7;2025-11-16;21;459
7;2025-11-16;22;256
7;2025-11-16;23;171
7;2025-11-17;0;60
7;2025-11-17;1;11
7;2025-11-17;2;0
7;2025-11-17;3;0
7;2025-11-17;4;1
7;2025-11-17;5;193
7;2025-11-17;6;641
7;2025-11-17;7;1601
7;2025-11-17;8;2467
7;2025-11-17;9;1819
7;2025-11-17;10;1611
7;2025-11-17;11;1525
7;2025-11-17;12;1559
7;2025-11-17;13;1573
7;2025-11-17;14;1573
7;2025-11-17;15;1721
7;2025-11-17;16;1830
7;2025-11-17;17;2404
7;2025-11-17;18;2544
7;2025-11-17;19;1701
7;2025-11-17;20;1063
7;2025-11-17;21;610
7;2025-11-17;22;278
7;2025-11-17;23;150
7;2025-11-18;0;58
7;2025-11-18;1;13
7;2025-11-18;2;0
7;2025-11-18;3;0
7;2025-11-18;4;2
7;2025-11-18;5;194
7;2025-11-18;6;660
7;2025-11-18;7;1652
7;2025-11-18;8;2471
7;2025-11-18;9;1897
7;2025-11-18;10;1676
7;2025-11-18;11;1607
7;2025-11-18;12;1646
7;2025-11-18;13;1624
7;2025-11-18;14;1572
7;2025-11-18;15;1754
7;2025-11-18;16;1867
7;2025-11-18;17;2414
7;2025-11-18;18;2583
7;2025-11-18;19;1730
7;2025-11-18;20;1120
7;2025-11-18;21;663
7;2025-11-18;22;303
7;2025-11-18;23;188
7;2025-11-19;0;58
7;2025-11-19;1;10
7;2025-11-19;2;0
7;2025-11-19;3;0
7;2025-11-19;4;2
7;2025-11-19;5;196
7;2025-11-19;6;659
7;2025-11-19;7;1565
7;2025-11-19;8;2431
7;2025-11-19;9;1877
7;2025-11-19;10;1666
7;2025-11-19;11;1569
7;2025-11-19;12;1661
7;2025-11-19;13;1585
7;2025-11-19;14;1609
7;2025-11-19;15;1740
7;2025-11-19;16;1864
7;2025-11-19;17;2403
7;2025-11-19;18;2487
7;2025-11-19;19;1642
7;2025-11-19;20;1046
7;2025-11-19;21;616
7;2025-11-19;22;274
7;2025-11-19;23;171
7;2025-11-20;0;62
7;2025-11-20;1;17
7;2025-11-20;2;0
7;2025-11-20;3;0
7;2025-11-20;4;1
7;2025-11-20;5;189
7;2025-11-20;6;640
7;2025-11-20;7;1561
7;2025-11-20;8;2453
7;2025-11-20;9;1825
7;2025-11-20;10;1610
7;2025-11-20;11;1544
7;2025-11-20;12;1635
7;2025-11-20;13;1572
7;2025-11-20;14;1627
7;2025-11-20;15;1737
7;2025-11-20;16;1844
7;2025-11-20;17;2340
7;2025-11-20;18;2551
7;2025-11-20;19;1670
7;2025-11-20;20;1066
7;2025-11-20;21;620
7;2025-11-20;22;290
7;2025-11-20;23;198
7;2025-11-21;0;73
7;2025-11-21;1;15
7;2025-11-21;2;0
7;2025-11-21;3;0
7;2025-11-21;4;2
7;2025-11-21;5;183
7;2025-11-21;6;634
7;2025-11-21;7;1519
7;2025-11-21;8;2336
7;2025-11-21;9;1783
7;2025-11-21;10;1624
7;2025-11-21;11;1546
7;2025-11-21;12;1597
7;2025-11-21;13;1624
7;2025-11-21;14;1620
7;2025-11-21;15;1771
7;2025-11-21;16;1953
7;2025-11-21;17;2291
7;2025-11-21;18;1997
7;2025-11-21;19;1436
7;2025-11-21;20;989
7;2025-11-21;21;597
7;2025-11-21;22;287
7;2025-11-21;23;226
7;2025-11-22;0;99
7;2025-11-22;1;26
7;2025-11-22;2;0
7;2025-11-22;3;0
7;2025-11-22;4;1
7;2025-11-22;5;67
7;2025-11-22;6;255
7;2025-11-22;7;493
7;2025-11-22;8;716
7;2025-11-22;9;781
7;2025-11-22;10;790
7;2025-11-22;11;925
7;2025-11-22;12;1015
7;2025-11-22;13;1085
7;2025-11-22;14;1117
7;2025-11-22;15;1070
7;2025-11-22;16;1045
7;2025-11-22;17;967
7;2025-11-22;18;1020
7;2025-11-22;19;913
7;2025-11-22;20;665
7;2025-11-22;21;517
7;2025-11-22;22;276
7;2025-11-22;23;195
7;2025-11-23;0;97
7;2025-11-23;1;22
7;2025-11-23;2;2
7;2025-11-23;3;4
7;2025-11-23;4;1
7;2025-11-23;5;43
7;2025-11-23;6;180
7;2025-11-23;7;362
7;2025-11-23;8;537
7;2025-11-23;9;640
7;2025-11-23;10;668
7;2025-11-23;11;914
7;2025-11-23;12;921
7;2025-11-23;13;973
7;2025-11-23;14;1051
7;2025-11-23;15;1051
7;2025-11-23;16;960
7;2025-11-23;17;962
7;2025-11-23;18;915
7;2025-11-23;19;807
7;2025-11-23;20;618
7;2025-11-23;21;459
7;2025-11-23;22;256
7;2025-11-23;23;171
7;2025-11-24;0;59
7;2025-11-24;1;11
7;2025-11-24;2;0
7;2025-11-24;3;0
7;2025-11-24;4;1
7;2025-11-24;5;193
7;2025-11-24;6;641
7;2025-11-24;7;1601
7;2025-11-24;8;2467
7;2025-11-24;9;1819
7;2025-11-24;10;1611
7;2025-11-24;11;1525
7;2025-11-24;12;1559
7;2025-11-24;13;1573
7;2025-11-24;14;1573
7;2025-11-24;15;1722
7;2025-11-24;16;1830
7;2025-11-24;17;2404
7;2025-11-24;18;2544
7;2025-11-24;19;1701
7;2025-11-24;20;1063
7;2025-11-24;21;610
7;2025-11-24;22;278
7;2025-11-24;23;150
7;2025-11-25;0;57
7;2025-11-25;1;13
7;2025-11-25;2;0
7;2025-11-25;3;0
7;2025-11-25;4;2
7;2025-11-25;5;194
7;2025-11-25;6;660
7;2025-11-25;7;1652
7;2025-11-25;8;2472
7;2025-11-25;9;1897
7;2025-11-25;10;1676
7;2025-11-25;11;1607
7;2025-11-25;12;1646
7;2025-11-25;13;1624
7;2025-11-25;14;1572
7;2025-11-25;15;1754
7;2025-11-25;16;1867
7;2025-11-25;17;2414
7;2025-11-25;18;2583
7;2025-11-25;19;1730
7;2025-11-25;20;1120
7;2025-11-25;21;663
7;2025-11-25;22;303
7;2025-11-25;23;188
7;2025-11-26;0;57
7;2025-11-26;1;10
7;2025-11-26;2;0
7;2025-11-26;3;0
7;2025-11-26;4;2
7;2025-11-26;5;196
7;2025-11-26;6;659
7;2025-11-26;7;1565
7;2025-11-26;8;2431
7;2025-11-26;9;1877
7;2025-11-26;10;1666
7;2025-11-26;11;1569
7;2025-11-26;12;1661
7;2025-11-26;13;1585
7;2025-11-26;14;1609
7;2025-11-26;15;1740
7;2025-11-26;16;1864
7;2025-11-26;17;2403
7;2025-11-26;18;2487
7;2025-11-26;19;1642
7;2025-11-26;20;1046
7;2025-11-26;21;616
7;2025-11-26;22;274
7;2025-11-26;23;171
7;2025-11-27;0;62
7;2025-11-27;1;17
7;2025-11-27;2;0
7;2025-11-27;3;0
7;2025-11-27;4;1
7;2025-11-27;5;189
7;2025-11-27;6;640
7;2025-11-27;7;1561
7;2025-11-27;8;2453
7;2025-11-27;9;1825
7;2025-11-27;10;1610
7;2025-11-27;11;1544
7;2025-11-27;12;1635
7;2025-11-27;13;1572
7;2025-11-27;14;1627
7;2025-11-27;15;1737
7;2025-11-27;16;1844
7;2025-11-27;17;2340
7;2025-11-27;18;2551
7;2025-11-27;19;1670
7;2025-11-27;20;1066
7;2025-11-27;21;620
7;2025-11-27;22;290
7;2025-11-27;23;198
7;2025-11-28;0;73
7;2025-11-28;1;15
7;2025-11-28;2;0
7;2025-11-28;3;0
7;2025-11-28;4;2
7;2025-11-28;5;183
7;2025-11-28;6;634
7;2025-11-28;7;1519
7;2025-11-28;8;2336
7;2025-11-28;9;1783
7;2025-11-28;10;1624
7;2025-11-28;11;1547
7;2025-11-28;12;1597
7;2025-11-28;13;1624
7;2025-11-28;14;1620
7;2025-11-28;15;1771
7;2025-11-28;16;1953
7;2025-11-28;17;2291
7;2025-11-28;18;1997
7;2025-11-28;19;1436
7;2025-11-28;20;989
7;2025-11-28;21;597
7;2025-11-28;22;287
7;2025-11-28;23;226
7;2025-11-29;0;98
7;2025-11-29;1;26
7;2025-11-29;2;0
7;2025-11-29;3;0
7;2025-11-29;4;1
7;2025-11-29;5;67
7;2025-11-29;6;255
7;2025-11-29;7;493
7;2025-11-29;8;716
7;2025-11-29;9;781
7;2025-11-29;10;790
7;2025-11-29;11;926
7;2025-11-29;12;1015
7;2025-11-29;13;1085
7;2025-11-29;14;1118
7;2025-11-29;15;1070
7;2025-11-29;16;1045
7;2025-11-29;17;967
7;2025-11-29;18;1020
7;2025-11-29;19;913
7;2025-11-29;20;665
7;2025-11-29;21;517
7;2025-11-29;22;277
7;2025-11-29;23;195
7;2025-11-30;0;96
7;2025-11-30;1;22
7;2025-11-30;2;2
7;2025-11-30;3;4
7;2025-11-30;4;1
7;2025-11-30;5;43
7;2025-11-30;6;180
7;2025-11-30;7;362
7;2025-11-30;8;537
7;2025-11-30;9;640
7;2025-11-30;10;668
7;2025-11-30;11;914
7;2025-11-30;12;921
7;2025-11-30;13;973
7;2025-11-30;14;1051
7;2025-11-30;15;1051
7;2025-11-30;16;960
7;2025-11-30;17;962
7;2025-11-30;18;915
7;2025-11-30;19;807
7;2025-11-30;20;618
7;2025-11-30;21;459
7;2025-11-30;22;256
7;2025-11-30;23;171
7;2025-12-01;0;59
7;2025-12-01;1;11
7;2025-12-01;2;0
7;2025-12-01;3;0
7;2025-12-01;4;1
7;2025-12-01;5;193
7;2025-12-01;6;641
7;2025-12-01;7;1601
7;2025-12-01;8;2467
7;2025-12-01;9;1819
7;2025-12-01;10;1611
7;2025-12-01;11;1525
7;2025-12-01;12;1559
7;2025-12-01;13;1573
7;2025-12-01;14;1573
7;2025-12-01;15;1722
7;2025-12-01;16;1830
7;2025-12-01;17;2404
7;2025-12-01;18;2544
7;2025-12-01;19;1701
7;2025-12-01;20;1063
7;2025-12-01;21;610
7;2025-12-01;22;278
7;2025-12-01;23;150
7;2025-12-02;0;57
7;2025-12-02;1;13
7;2025-12-02;2;0
7;2025-12-02;3;0
7;2025-12-02;4;2
7;2025-12-02;5;194
7;2025-12-02;6;660
7;2025-12-02;7;1652
7;2025-12-02;8;2472
7;2025-12-02;9;1897
7;2025-12-02;10;1676
7;2025-12-02;11;1607
7;2025-12-02;12;1646
7;2025-12-02;13;1624
7;2025-12-02;14;1572
7;2025-12-02;15;1754
7;2025-12-02;16;1867
7;2025-12-02;17;2414
7;2025-12-02;18;2583
7;2025-12-02;19;1730
7;2025-12-02;20;1120
7;2025-12-02;21;663
7;2025-12-02;22;303
7;2025-12-02;23;188
7;2025-12-03;0;57
7;2025-12-03;1;10
7;2025-12-03;2;0
7;2025-12-03;3;0
7;2025-12-03;4;2
7;2025-12-03;5;196
7;2025-12-03;6;659
7;2025-12-03;7;1563
7;2025-12-03;8;2431
7;2025-12-03;9;1877
7;2025-12-03;10;1665
7;2025-12-03;11;1568
7;2025-12-03;12;1660
7;2025-12-03;13;1585
7;2025-12-03;14;1609
7;2025-12-03;15;1739
7;2025-12-03;16;1864
7;2025-12-03;17;2402
7;2025-12-03;18;2488
7;2025-12-03;19;1643
7;2025-12-03;20;1047
7;2025-12-03;21;618
7;2025-12-03;22;276
7;2025-12-03;23;172
7;2025-12-04;0;61
7;2025-12-04;1;17
7;2025-12-04;2;0
7;2025-12-04;3;0
7;2025-12-04;4;1
7;2025-12-04;5;187
7;2025-12-04;6;636
7;2025-12-04;7;1555
7;2025-12-04;8;2443
7;2025-12-04;9;1816
7;2025-12-04;10;1602
7;2025-12-04;11;1537
7;2025-12-04;12;1628
7;2025-12-04;13;1567
7;2025-12-04;14;1622
7;2025-12-04;15;1736
7;2025-12-04;16;1844
7;2025-12-04;17;2338
7;2025-12-04;18;2552
7;2025-12-04;19;1675
7;2025-12-04;20;1073
7;2025-12-04;21;637
7;2025-12-04;22;308
7;2025-12-04;23;217
7;2025-12-05;0;72
7;2025-12-05;1;15
7;2025-12-05;2;0
7;2025-12-05;3;0
7;2025-12-05;4;2
7;2025-12-05;5;182
7;2025-12-05;6;631
7;2025-12-05;7;1510
7;2025-12-05;8;2323
7;2025-12-05;9;1773
7;2025-12-05;10;1615
7;2025-12-05;11;1538
7;2025-12-05;12;1589
7;2025-12-05;13;1617
7;2025-12-05;14;1613
7;2025-12-05;15;1768
7;2025-12-05;16;1949
7;2025-12-05;17;2285
7;2025-12-05;18;2002
7;2025-12-05;19;1444
7;2025-12-05;20;1000
7;2025-12-05;21;619
7;2025-12-05;22;309
7;2025-12-05;23;248
7;2025-12-06;0;98
7;2025-12-06;1;26
7;2025-12-06;2;0
7;2025-12-06;3;0
7;2025-12-06;4;1
7;2025-12-06;5;63
7;2025-12-06;6;250
7;2025-12-06;7;488
7;2025-12-06;8;711
7;2025-12-06;9;775
7;2025-12-06;10;784
7;2025-12-06;11;919
7;2025-12-06;12;1007
7;2025-12-06;13;1079
7;2025-12-06;14;1112
7;2025-12-06;15;1071
7;2025-12-06;16;1047
7;2025-12-06;17;969
7;2025-12-06;18;1026
7;2025-12-06;19;919
7;2025-12-06;20;672
7;2025-12-06;21;528
7;2025-12-06;22;288
7;2025-12-06;23;207
7;2025-12-07;0;96
7;2025-12-07;1;22
7;2025-12-07;2;2
7;2025-12-07;3;4
7;2025-12-07;4;1
7;2025-12-07;5;39
7;2025-12-07;6;176
7;2025-12-07;7;357
7;2025-12-07;8;532
7;2025-12-07;9;633
7;2025-12-07;10;662
7;2025-12-07;11;907
7;2025-12-07;12;914
7;2025-12-07;13;966
7;2025-12-07;14;1044
7;2025-12-07;15;1052
7;2025-12-07;16;961
7;2025-12-07;17;963
7;2025-12-07;18;921
7;2025-12-07;19;814
7;2025-12-07;20;625
7;2025-12-07;21;470
7;2025-12-07;22;268
7;2025-12-07;23;183
7;2025-12-08;0;59
7;2025-12-08;1;11
7;2025-12-08;2;0
7;2025-12-08;3;0
7;2025-12-08;4;1
7;2025-12-08;5;185
7;2025-12-08;6;632
7;2025-12-08;7;1588
7;2025-12-08;8;2452
7;2025-12-08;9;1806
7;2025-12-08;10;1599
7;2025-12-08;11;1513
7;2025-12-08;12;1548
7;2025-12-08;13;1563
7;2025-12-08;14;1563
7;2025-12-08;15;1727
7;2025-12-08;16;1834
7;2025-12-08;17;2407
7;2025-12-08;18;2552
7;2025-12-08;19;1712
7;2025-12-08;20;1076
7;2025-12-08;21;633
7;2025-12-08;22;302
7;2025-12-08;23;174
7;2025-12-09;0;57
7;2025-12-09;1;13
7;2025-12-09;2;0
7;2025-12-09;3;0
7;2025-12-09;4;2
7;2025-12-09;5;185
7;2025-12-09;6;651
7;2025-12-09;7;1642
7;2025-12-09;8;2460
7;2025-12-09;9;1885
7;2025-12-09;10;1663
7;2025-12-09;11;1596
7;2025-12-09;12;1635
7;2025-12-09;13;1616
7;2025-12-09;14;1564
7;2025-12-09;15;1759
7;2025-12-09;16;1872
7;2025-12-09;17;2419
7;2025-12-09;18;2592
7;2025-12-09;19;1740
7;2025-12-09;20;1131
7;2025-12-09;21;682
7;2025-12-09;22;323
7;2025-12-09;23;210
7;2025-12-10;0;57
7;2025-12-10;1;10
7;2025-12-10;2;0
7;2025-12-10;3;0
7;2025-12-10;4;2
7;2025-12-10;5;187
7;2025-12-10;6;650
7;2025-12-10;7;1552
7;2025-12-10;8;2417
7;2025-12-10;9;1864
7;2025-12-10;10;1653
7;2025-12-10;11;1555
7;2025-12-10;12;1647
7;2025-12-10;13;1573
7;2025-12-10;14;1598
7;2025-12-10;15;1744
7;2025-12-10;16;1870
7;2025-12-10;17;2407
7;2025-12-10;18;2498
7;2025-12-10;19;1654
7;2025-12-10;20;1060
7;2025-12-10;21;639
7;2025-12-10;22;298
7;2025-12-10;23;195
7;2025-12-11;0;61
7;2025-12-11;1;17
7;2025-12-11;2;0
7;2025-12-11;3;0
7;2025-12-11;4;1
7;2025-12-11;5;181
7;2025-12-11;6;631
7;2025-12-11;7;1552
7;2025-12-11;8;2442
7;2025-12-11;9;1813
7;2025-12-11;10;1598
7;2025-12-11;11;1533
7;2025-12-11;12;1624
7;2025-12-11;13;1563
7;2025-12-11;14;1618
7;2025-12-11;15;1742
7;2025-12-11;16;1849
7;2025-12-11;17;2344
7;2025-12-11;18;2560
7;2025-12-11;19;1680
7;2025-12-11;20;1077
7;2025-12-11;21;639
7;2025-12-11;22;309
7;2025-12-11;23;218
7;2025-12-12;0;72
7;2025-12-12;1;15
7;2025-12-12;2;0
7;2025-12-12;3;0
7;2025-12-12;4;2
7;2025-12-12;5;176
7;2025-12-12;6;626
7;2025-12-12;7;1507
7;2025-12-12;8;2322
7;2025-12-12;9;1770
7;2025-12-12;10;1612
7;2025-12-12;11;1535
7;2025-12-12;12;1585
7;2025-12-12;13;1614
7;2025-12-12;14;1610
7;2025-12-12;15;1774
7;2025-12-12;16;1955
7;2025-12-12;17;2292
7;2025-12-12;18;2008
7;2025-12-12;19;1448
7;2025-12-12;20;1002
7;2025-12-12;21;621
7;2025-12-12;22;311
7;2025-12-12;23;249
7;2025-12-13;0;98
7;2025-12-13;1;26
7;2025-12-13;2;0
7;2025-12-13;3;0
7;2025-12-13;4;1
7;2025-12-13;5;63
7;2025-12-13;6;250
7;2025-12-13;7;488
7;2025-12-13;8;711
7;2025-12-13;9;775
7;2025-12-13;10;784
7;2025-12-13;11;919
7;2025-12-13;12;1007
7;2025-12-13;13;1079
7;2025-12-13;14;1112
7;2025-12-13;15;1071
7;2025-12-13;16;1047
7;2025-12-13;17;969
7;2025-12-13;18;1026
7;2025-12-13;19;919
7;2025-12-13;20;672
7;2025-12-13;21;528
7;2025-12-13;22;288
7;2025-12-13;23;207
7;2025-12-14;0;96
7;2025-12-14;1;22
7;2025-12-14;2;2
7;2025-12-14;3;4
7;2025-12-14;4;1
7;2025-12-14;5;39
7;2025-12-14;6;176
7;2025-12-14;7;357
7;2025-12-14;8;532
7;2025-12-14;9;633
7;2025-12-14;10;662
7;2025-12-14;11;907
7;2025-12-14;12;914
7;2025-12-14;13;966
7;2025-12-14;14;1044
7;2025-12-14;15;1052
7;2025-12-14;16;961
7;2025-12-14;17;963
7;2025-12-14;18;921
7;2025-12-14;19;814
7;2025-12-14;20;625
7;2025-12-14;21;470
7;2025-12-14;22;268
7;2025-12-14;23;183
7;2025-12-15;0;59
7;2025-12-15;1;11
7;2025-12-15;2;0
7;2025-12-15;3;0
7;2025-12-15;4;1
7;2025-12-15;5;185
7;2025-12-15;6;632
7;2025-12-15;7;1588
7;2025-12-15;8;2452
7;2025-12-15;9;1806
7;2025-12-15;10;1599
7;2025-12-15;11;1513
7;2025-12-15;12;1548
7;2025-12-15;13;1563
7;2025-12-15;14;1563
7;2025-12-15;15;1727
7;2025-12-15;16;1834
7;2025-12-15;17;2407
7;2025-12-15;18;2552
7;2025-12-15;19;1712
7;2025-12-15;20;1076
7;2025-12-15;21;633
7;2025-12-15;22;302
7;2025-12-15;23;174
7;2025-12-16;0;57
7;2025-12-16;1;13
7;2025-12-16;2;0
7;2025-12-16;3;0
7;2025-12-16;4;2
7;2025-12-16;5;185
7;2025-12-16;6;651
7;2025-12-16;7;1642
7;2025-12-16;8;2460
7;2025-12-16;9;1885
7;2025-12-16;10;1663
7;2025-12-16;11;1596
7;2025-12-16;12;1635
7;2025-12-16;13;1616
7;2025-12-16;14;1564
7;2025-12-16;15;1759
7;2025-12-16;16;1872
7;2025-12-16;17;2419
7;2025-12-16;18;2592
7;2025-12-16;19;1740
7;2025-12-16;20;1131
7;2025-12-16;21;682
7;2025-12-16;22;323
7;2025-12-16;23;210
7;2025-12-17;0;57
7;2025-12-17;1;10
7;2025-12-17;2;0
7;2025-12-17;3;0
7;2025-12-17;4;2
7;2025-12-17;5;187
7;2025-12-17;6;650
7;2025-12-17;7;1552
7;2025-12-17;8;2417
7;2025-12-17;9;1864
7;2025-12-17;10;1653
7;2025-12-17;11;1555
7;2025-12-17;12;1647
7;2025-12-17;13;1573
7;2025-12-17;14;1598
7;2025-12-17;15;1744
7;2025-12-17;16;1870
7;2025-12-17;17;2407
7;2025-12-17;18;2498
7;2025-12-17;19;1654
7;2025-12-17;20;1060
7;2025-12-17;21;639
7;2025-12-17;22;298
7;2025-12-17;23;195
7;2025-12-18;0;61
7;2025-12-18;1;17
7;2025-12-18;2;0
7;2025-12-18;3;0
7;2025-12-18;4;1
7;2025-12-18;5;181
7;2025-12-18;6;631
7;2025-12-18;7;1552
7;2025-12-18;8;2442
7;2025-12-18;9;1813
7;2025-12-18;10;1598
7;2025-12-18;11;1533
7;2025-12-18;12;1624
7;2025-12-18;13;1563
7;2025-12-18;14;1618
7;2025-12-18;15;1742
7;2025-12-18;16;1849
7;2025-12-18;17;2344
7;2025-12-18;18;2560
7;2025-12-18;19;1680
7;2025-12-18;20;1077
7;2025-12-18;21;639
7;2025-12-18;22;309
7;2025-12-18;23;218
7;2025-12-19;0;72
7;2025-12-19;1;15
7;2025-12-19;2;0
7;2025-12-19;3;0
7;2025-12-19;4;2
7;2025-12-19;5;176
7;2025-12-19;6;626
7;2025-12-19;7;1507
7;2025-12-19;8;2322
7;2025-12-19;9;1770
7;2025-12-19;10;1612
7;2025-12-19;11;1535
7;2025-12-19;12;1585
7;2025-12-19;13;1614
7;2025-12-19;14;1610
7;2025-12-19;15;1774
7;2025-12-19;16;1955
7;2025-12-19;17;2292
7;2025-12-19;18;2008
7;2025-12-19;19;1448
7;2025-12-19;20;1002
7;2025-12-19;21;621
7;2025-12-19;22;311
7;2025-12-19;23;249
7;2025-12-20;0;98
7;2025-12-20;1;26
7;2025-12-20;2;0
7;2025-12-20;3;0
7;2025-12-20;4;1
7;2025-12-20;5;63
7;2025-12-20;6;250
7;2025-12-20;7;488
7;2025-12-20;8;711
7;2025-12-20;9;775
7;2025-12-20;10;784
7;2025-12-20;11;919
7;2025-12-20;12;1007
7;2025-12-20;13;1079
7;2025-12-20;14;1112
7;2025-12-20;15;1071
7;2025-12-20;16;1047
7;2025-12-20;17;969
7;2025-12-20;18;1026
7;2025-12-20;19;919
7;2025-12-20;20;672
7;2025-12-20;21;528
7;2025-12-20;22;288
7;2025-12-20;23;207
7;2025-12-21;0;96
7;2025-12-21;1;22
7;2025-12-21;2;2
7;2025-12-21;3;4
7;2025-12-21;4;1
7;2025-12-21;5;39
7;2025-12-21;6;176
7;2025-12-21;7;357
7;2025-12-21;8;532
7;2025-12-21;9;633
7;2025-12-21;10;662
7;2025-12-21;11;907
7;2025-12-21;12;914
7;2025-12-21;13;966
7;2025-12-21;14;1044
7;2025-12-21;15;1052
7;2025-12-21;16;961
7;2025-12-21;17;963
7;2025-12-21;18;921
7;2025-12-21;19;814
7;2025-12-21;20;625
7;2025-12-21;21;470
7;2025-12-21;22;268
7;2025-12-21;23;183
7;2025-12-22;0;59
7;2025-12-22;1;11
7;2025-12-22;2;0
7;2025-12-22;3;0
7;2025-12-22;4;1
7;2025-12-22;5;185
7;2025-12-22;6;632
7;2025-12-22;7;1588
7;2025-12-22;8;2452
7;2025-12-22;9;1806
7;2025-12-22;10;1599
7;2025-12-22;11;1513
7;2025-12-22;12;1548
7;2025-12-22;13;1563
7;2025-12-22;14;1563
7;2025-12-22;15;1727
7;2025-12-22;16;1834
7;2025-12-22;17;2407
7;2025-12-22;18;2552
7;2025-12-22;19;1712
7;2025-12-22;20;1076
7;2025-12-22;21;633
7;2025-12-22;22;302
7;2025-12-22;23;174
7;2025-12-23;0;57
7;2025-12-23;1;13
7;2025-12-23;2;0
7;2025-12-23;3;0
7;2025-12-23;4;2
7;2025-12-23;5;185
7;2025-12-23;6;651
7;2025-12-23;7;1642
7;2025-12-23;8;2460
7;2025-12-23;9;1885
7;2025-12-23;10;1663
7;2025-12-23;11;1596
7;2025-12-23;12;1635
7;2025-12-23;13;1616
7;2025-12-23;14;1564
7;2025-12-23;15;1759
7;2025-12-23;16;1872
7;2025-12-23;17;2419
7;2025-12-23;18;2592
7;2025-12-23;19;1740
7;2025-12-23;20;1131
7;2025-12-23;21;682
7;2025-12-23;22;323
7;2025-12-23;23;210
7;2025-12-24;0;57
7;2025-12-24;1;10
7;2025-12-24;2;0
7;2025-12-24;3;0
7;2025-12-24;4;2
7;2025-12-24;5;187
7;2025-12-24;6;650
7;2025-12-24;7;1552
7;2025-12-24;8;2417
7;2025-12-24;9;1864
7;2025-12-24;10;1653
7;2025-12-24;11;1555
7;2025-12-24;12;1647
7;2025-12-24;13;1573
7;2025-12-24;14;1598
7;2025-12-24;15;1744
7;2025-12-24;16;1870
7;2025-12-24;17;2407
7;2025-12-24;18;2498
7;2025-12-24;19;1654
7;2025-12-24;20;1060
7;2025-12-24;21;639
7;2025-12-24;22;298
7;2025-12-24;23;195
7;2025-12-25;0;61
7;2025-12-25;1;17
7;2025-12-25;2;0
7;2025-12-25;3;0
7;2025-12-25;4;1
7;2025-12-25;5;181
7;2025-12-25;6;631
7;2025-12-25;7;1552
7;2025-12-25;8;2442
7;2025-12-25;9;1813
7;2025-12-25;10;1598
7;2025-12-25;11;1533
7;2025-12-25;12;1624
7;2025-12-25;13;1563
7;2025-12-25;14;1618
7;2025-12-25;15;1742
7;2025-12-25;16;1849
7;2025-12-25;17;2344
7;2025-12-25;18;2560
7;2025-12-25;19;1680
7;2025-12-25;20;1077
7;2025-12-25;21;639
7;2025-12-25;22;309
7;2025-12-25;23;218
7;2025-12-26;0;72
7;2025-12-26;1;15
7;2025-12-26;2;0
7;2025-12-26;3;0
7;2025-12-26;4;2
7;2025-12-26;5;176
7;2025-12-26;6;626
7;2025-12-26;7;1507
7;2025-12-26;8;2322
7;2025-12-26;9;1770
7;2025-12-26;10;1612
7;2025-12-26;11;1535
7;2025-12-26;12;1585
7;2025-12-26;13;1614
7;2025-12-26;14;1610
7;2025-12-26;15;1774
7;2025-12-26;16;1955
7;2025-12-26;17;2292
7;2025-12-26;18;2008
7;2025-12-26;19;1448
7;2025-12-26;20;1002
7;2025-12-26;21;621
7;2025-12-26;22;311
7;2025-12-26;23;249
7;2025-12-27;0;98
7;2025-12-27;1;26
7;2025-12-27;2;0
7;2025-12-27;3;0
7;2025-12-27;4;1
7;2025-12-27;5;63
7;2025-12-27;6;250
7;2025-12-27;7;488
7;2025-12-27;8;711
7;2025-12-27;9;775
7;2025-12-27;10;784
7;2025-12-27;11;919
7;2025-12-27;12;1007
7;2025-12-27;13;1079
7;2025-12-27;14;1112
7;2025-12-27;15;1071
7;2025-12-27;16;1047
7;2025-12-27;17;969
7;2025-12-27;18;1026
7;2025-12-27;19;919
7;2025-12-27;20;672
7;2025-12-27;21;528
7;2025-12-27;22;288
7;2025-12-27;23;207
7;2025-12-28;0;96
7;2025-12-28;1;22
7;2025-12-28;2;2
7;2025-12-28;3;4
7;2025-12-28;4;1
7;2025-12-28;5;39
7;2025-12-28;6;176
7;2025-12-28;7;357
7;2025-12-28;8;532
7;2025-12-28;9;633
7;2025-12-28;10;662
7;2025-12-28;11;907
7;2025-12-28;12;914
7;2025-12-28;13;966
7;2025-12-28;14;1044
7;2025-12-28;15;1052
7;2025-12-28;16;961
7;2025-12-28;17;963
7;2025-12-28;18;921
7;2025-12-28;19;814
7;2025-12-28;20;625
7;2025-12-28;21;470
7;2025-12-28;22;268
7;2025-12-28;23;183
7;2025-12-29;0;61
7;2025-12-29;1;11
7;2025-12-29;2;0
7;2025-12-29;3;0
7;2025-12-29;4;1
7;2025-12-29;5;184
7;2025-12-29;6;592
7;2025-12-29;7;1550
7;2025-12-29;8;2436
7;2025-12-29;9;1725
7;2025-12-29;10;1527
7;2025-12-29;11;1429
7;2025-12-29;12;1432
7;2025-12-29;13;1470
7;2025-12-29;14;1496
7;2025-12-29;15;1631
7;2025-12-29;16;1703
7;2025-12-29;17;2256
7;2025-12-29;18;2428
7;2025-12-29;19;1637
7;2025-12-29;20;1013
7;2025-12-29;21;568
7;2025-12-29;22;279
7;2025-12-29;23;153
7;2025-12-30;0;51
7;2025-12-30;1;12
7;2025-12-30;2;0
7;2025-12-30;3;0
7;2025-12-30;4;2
7;2025-12-30;5;175
7;2025-12-30;6;564
7;2025-12-30;7;1548
7;2025-12-30;8;2223
7;2025-12-30;9;1735
7;2025-12-30;10;1514
7;2025-12-30;11;1438
7;2025-12-30;12;1510
7;2025-12-30;13;1467
7;2025-12-30;14;1431
7;2025-12-30;15;1668
7;2025-12-30;16;1656
7;2025-12-30;17;2134
7;2025-12-30;18;2439
7;2025-12-30;19;1645
7;2025-12-30;20;1035
7;2025-12-30;21;628
7;2025-12-30;22;298
7;2025-12-30;23;185
7;2025-12-31;0;90
7;2025-12-31;1;20
7;2025-12-31;2;1
7;2025-12-31;3;2
7;2025-12-31;4;1
7;2025-12-31;5;44
7;2025-12-31;6;225
7;2025-12-31;7;335
7;2025-12-31;8;533
7;2025-12-31;9;653
7;2025-12-31;10;733
7;2025-12-31;11;890
7;2025-12-31;12;997
7;2025-12-31;13;1044
7;2025-12-31;14;1131
7;2025-12-31;15;1041
7;2025-12-31;16;971
7;2025-12-31;17;997
7;2025-12-31;18;889
7;2025-12-31;19;812
7;2025-12-31;20;643
7;2025-12-31;21;520
7;2025-12-31;22;287
7;2025-12-31;23;167
11;2025-11-01;0;85
11;2025-11-01;1;2
11;2025-11-01;2;0
11;2025-11-01;3;0
11;2025-11-01;4;1
11;2025-11-01;5;230
11;2025-11-01;6;1106
11;2025-11-01;7;1714
11;2025-11-01;8;2339
11;2025-11-01;9;1820
11;2025-11-01;10;1675
11;2025-11-01;11;1764
11;2025-11-01;12;1917
11;2025-11-01;13;1871
11;2025-11-01;14;2039
11;2025-11-01;15;2022
11;2025-11-01;16;2126
11;2025-11-01;17;2452
11;2025-11-01;18;2080
11;2025-11-01;19;1695
11;2025-11-01;20;1223
11;2025-11-01;21;805
11;2025-11-01;22;409
11;2025-11-01;23;310
11;2025-11-02;0;107
11;2025-11-02;1;14
11;2025-11-02;2;0
11;2025-11-02;3;1
11;2025-11-02;4;1
11;2025-11-02;5;110
11;2025-11-02;6;471
11;2025-11-02;7;473
11;2025-11-02;8;649
11;2025-11-02;9;904
11;2025-11-02;10;989
11;2025-11-02;11;1451
11;2025-11-02;12;1514
11;2025-11-02;13;1495
11;2025-11-02;14;1554
11;2025-11-02;15;1539
11;2025-11-02;16;1448
11;2025-11-02;17;1613
11;2025-11-02;18;1215
11;2025-11-02;19;972
11;2025-11-02;20;780
11;2025-11-02;21;584
11;2025-11-02;22;337
11;2025-11-02;23;234
11;2025-11-03;0;106
11;2025-11-03;1;11
11;2025-11-03;2;0
11;2025-11-03;3;1
11;2025-11-03;4;1
11;2025-11-03;5;125
11;2025-11-03;6;548
11;2025-11-03;7;531
11;2025-11-03;8;730
11;2025-11-03;9;951
11;2025-11-03;10;1063
11;2025-11-03;11;1494
11;2025-11-03;12;1590
11;2025-11-03;13;1548
11;2025-11-03;14;1635
11;2025-11-03;15;1595
11;2025-11-03;16;1506
11;2025-11-03;17;1652
11;2025-11-03;18;1271
11;2025-11-03;19;1072
11;2025-11-03;20;824
11;2025-11-03;21;609
11;2025-11-03;22;353
11;2025-11-03;23;244
11;2025-11-04;0;96
11;2025-11-04;1;11
11;2025-11-04;2;0
11;2025-11-04;3;1
11;2025-11-04;4;1
11;2025-11-04;5;108
11;2025-11-04;6;467
11;2025-11-04;7;459
11;2025-11-04;8;630
11;2025-11-04;9;842
11;2025-11-04;10;933
11;2025-11-04;11;1333
11;2025-11-04;12;1408
11;2025-11-04;13;1379
11;2025-11-04;14;1447
11;2025-11-04;15;1420
11;2025-11-04;16;1338
11;2025-11-04;17;1477
11;2025-11-04;18;1127
11;2025-11-04;19;932
11;2025-11-04;20;728
11;2025-11-04;21;541
11;2025-11-04;22;313
11;2025-11-04;23;217
11;2025-11-05;0;69
11;2025-11-05;1;0
11;2025-11-05;2;0
11;2025-11-05;3;0
11;2025-11-05;4;1
11;2025-11-05;5;255
11;2025-11-05;6;1233
11;2025-11-05;7;2373
11;2025-11-05;8;3138
11;2025-11-05;9;2331
11;2025-11-05;10;1880
11;2025-11-05;11;1895
11;2025-11-05;12;1904
11;2025-11-05;13;1974
11;2025-11-05;14;1944
11;2025-11-05;15;1931
11;2025-11-05;16;2132
11;2025-11-05;17;2692
11;2025-11-05;18;2971
11;2025-11-05;19;2217
11;2025-11-05;20;1400
11;2025-11-05;21;820
11;2025-11-05;22;388
11;2025-11-05;23;236
11;2025-11-06;0;61
11;2025-11-06;1;0
11;2025-11-06;2;0
11;2025-11-06;3;0
11;2025-11-06;4;1
11;2025-11-06;5;248
11;2025-11-06;6;1310
11;2025-11-06;7;2410
11;2025-11-06;8;3193
11;2025-11-06;9;2399
11;2025-11-06;10;2020
11;2025-11-06;11;1908
11;2025-11-06;12;1994
11;2025-11-06;13;2062
11;2025-11-06;14;2045
11;2025-11-06;15;1979
11;2025-11-06;16;2269
11;2025-11-06;17;2821
11;2025-11-06;18;3165
11;2025-11-06;19;2304
11;2025-11-06;20;1444
11;2025-11-06;21;878
11;2025-11-06;22;402
11;2025-11-06;23;246
11;2025-11-07;0;73
11;2025-11-07;1;2
11;2025-11-07;2;0
11;2025-11-07;3;0
11;2025-11-07;4;1
11;2025-11-07;5;259
11;2025-11-07;6;1241
11;2025-11-07;7;2321
11;2025-11-07;8;3070
11;2025-11-07;9;2260
11;2025-11-07;10;1832
11;2025-11-07;11;1823
11;2025-11-07;12;1855
11;2025-11-07;13;1907
11;2025-11-07;14;1964
11;2025-11-07;15;2013
11;2025-11-07;16;2308
11;2025-11-07;17;2720
11;2025-11-07;18;2462
11;2025-11-07;19;1992
11;2025-11-07;20;1314
11;2025-11-07;21;829
11;2025-11-07;22;385
11;2025-11-07;23;295
11;2025-11-08;0;111
11;2025-11-08;1;2
11;2025-11-08;2;0
11;2025-11-08;3;0
11;2025-11-08;4;1
11;2025-11-08;5;168
11;2025-11-08;6;807
11;2025-11-08;7;769
11;2025-11-08;8;1033
11;2025-11-08;9;1201
11;2025-11-08;10;1388
11;2025-11-08;11;1716
11;2025-11-08;12;1889
11;2025-11-08;13;1898
11;2025-11-08;14;1994
11;2025-11-08;15;1885
11;2025-11-08;16;1858
11;2025-11-08;17;1891
11;2025-11-08;18;1569
11;2025-11-08;19;1443
11;2025-11-08;20;985
11;2025-11-08;21;727
11;2025-11-08;22;410
11;2025-11-08;23;277
11;2025-11-09;0;111
11;2025-11-09;1;15
11;2025-11-09;2;0
11;2025-11-09;3;1
11;2025-11-09;4;1
11;2025-11-09;5;103
11;2025-11-09;6;473
11;2025-11-09;7;484
11;2025-11-09;8;671
11;2025-11-09;9;894
11;2025-11-09;10;1014
11;2025-11-09;11;1407
11;2025-11-09;12;1545
11;2025-11-09;13;1553
11;2025-11-09;14;1616
11;2025-11-09;15;1551
11;2025-11-09;16;1563
11;2025-11-09;17;1632
11;2025-11-09;18;1252
11;2025-11-09;19;1031
11;2025-11-09;20;769
11;2025-11-09;21;582
11;2025-11-09;22;343
11;2025-11-09;23;233
11;2025-11-10;0;76
11;2025-11-10;1;11
11;2025-11-10;2;0
11;2025-11-10;3;0
11;2025-11-10;4;1
11;2025-11-10;5;249
11;2025-11-10;6;1287
11;2025-11-10;7;2317
11;2025-11-10;8;3087
11;2025-11-10;9;2284
11;2025-11-10;10;1827
11;2025-11-10;11;1821
11;2025-11-10;12;1827
11;2025-11-10;13;1858
11;2025-11-10;14;1888
11;2025-11-10;15;1954
11;2025-11-10;16;2171
11;2025-11-10;17;2702
11;2025-11-10;18;2891
11;2025-11-10;19;2186
11;2025-11-10;20;1278
11;2025-11-10;21;791
11;2025-11-10;22;338
11;2025-11-10;23;197
11;2025-11-11;0;55
11;2025-11-11;1;1
11;2025-11-11;2;0
11;2025-11-11;3;0
11;2025-11-11;4;1
11;2025-11-11;5;245
11;2025-11-11;6;1293
11;2025-11-11;7;2436
11;2025-11-11;8;3213
11;2025-11-11;9;2386
11;2025-11-11;10;1941
11;2025-11-11;11;1876
11;2025-11-11;12;1926
11;2025-11-11;13;2012
11;2025-11-11;14;1956
11;2025-11-11;15;1947
11;2025-11-11;16;2206
11;2025-11-11;17;2792
11;2025-11-11;18;3011
11;2025-11-11;19;2282
11;2025-11-11;20;1484
11;2025-11-11;21;835
11;2025-11-11;22;378
11;2025-11-11;23;232
11;2025-11-12;0;69
11;2025-11-12;1;0
11;2025-11-12;2;0
11;2025-11-12;3;0
11;2025-11-12;4;1
11;2025-11-12;5;255
11;2025-11-12;6;1233
11;2025-11-12;7;2373
11;2025-11-12;8;3138
11;2025-11-12;9;2331
11;2025-11-12;10;1880
11;2025-11-12;11;1895
11;2025-11-12;12;1904
11;2025-11-12;13;1974
11;2025-11-12;14;1944
11;2025-11-12;15;1931
11;2025-11-12;16;2132
11;2025-11-12;17;2692
11;2025-11-12;18;2971
11;2025-11-12;19;2217
11;2025-11-12;20;1400
11;2025-11-12;21;820
11;2025-11-12;22;388
11;2025-11-12;23;235
11;2025-11-13;0;61
11;2025-11-13;1;0
11;2025-11-13;2;0
11;2025-11-13;3;0
11;2025-11-13;4;1
11;2025-11-13;5;248
11;2025-11-13;6;1310
11;2025-11-13;7;2410
11;2025-11-13;8;3193
11;2025-11-13;9;2399
11;2025-11-13;10;2021
11;2025-11-13;11;1908
11;2025-11-13;12;1994
11;2025-11-13;13;2062
11;2025-11-13;14;2045
11;2025-11-13;15;1979
11;2025-11-13;16;2269
11;2025-11-13;17;2821
11;2025-11-13;18;3165
11;2025-11-13;19;2304
11;2025-11-13;20;1444
11;2025-11-13;21;878
11;2025-11-13;22;402
11;2025-11-13;23;246
11;2025-11-14;0;72
11;2025-11-14;1;2
11;2025-11-14;2;0
11;2025-11-14;3;0
11;2025-11-14;4;1
11;2025-11-14;5;259
11;2025-11-14;6;1241
11;2025-11-14;7;2321
11;2025-11-14;8;3069
11;2025-11-14;9;2260
11;2025-11-14;10;1833
11;2025-11-14;11;1824
11;2025-11-14;12;1856
11;2025-11-14;13;1907
11;2025-11-14;14;1964
11;2025-11-14;15;2013
11;2025-11-14;16;2308
11;2025-11-14;17;2720
11;2025-11-14;18;2462
11;2025-11-14;19;1992
11;2025-11-14;20;1314
11;2025-11-14;21;829
11;2025-11-14;22;385
11;2025-11-14;23;295
11;2025-11-15;0;111
11;2025-11-15;1;2
11;2025-11-15;2;0
11;2025-11-15;3;0
11;2025-11-15;4;1
11;2025-11-15;5;168
11;2025-11-15;6;807
11;2025-11-15;7;769
11;2025-11-15;8;1033
11;2025-11-15;9;1201
11;2025-11-15;10;1388
11;2025-11-15;11;1716
11;2025-11-15;12;1889
11;2025-11-15;13;1898
11;2025-11-15;14;1994
11;2025-11-15;15;1885
11;2025-11-15;16;1858
11;2025-11-15;17;1891
11;2025-11-15;18;1569
11;2025-11-15;19;1443
11;2025-11-15;20;985
11;2025-11-15;21;727
11;2025-11-15;22;410
11;2025-11-15;23;277
11;2025-11-16;0;111
11;2025-11-16;1;15
11;2025-11-16;2;0
11;2025-11-16;3;1
11;2025-11-16;4;1
11;2025-11-16;5;103
11;2025-11-16;6;473
11;2025-11-16;7;484
11;2025-11-16;8;671
11;2025-11-16;9;894
11;2025-11-16;10;1014
11;2025-11-16;11;1407
11;2025-11-16;12;1546
11;2025-11-16;13;1553
11;2025-11-16;14;1616
11;2025-11-16;15;1551
11;2025-11-16;16;1564
11;2025-11-16;17;1632
11;2025-11-16;18;1252
11;2025-11-16;19;1031
11;2025-11-16;20;769
11;2025-11-16;21;582
11;2025-11-16;22;343
11;2025-11-16;23;233
11;2025-11-17;0;76
11;2025-11-17;1;11
11;2025-11-17;2;0
11;2025-11-17;3;0
11;2025-11-17;4;1
11;2025-11-17;5;249
11;2025-11-17;6;1287
11;2025-11-17;7;2317
11;2025-11-17;8;3087
11;2025-11-17;9;2284
11;2025-11-17;10;1827
11;2025-11-17;11;1821
11;2025-11-17;12;1827
11;2025-11-17;13;1858
11;2025-11-17;14;1888
11;2025-11-17;15;1954
11;2025-11-17;16;2171
11;2025-11-17;17;2702
11;2025-11-17;18;2891
11;2025-11-17;19;2186
11;2025-11-17;20;1278
11;2025-11-17;21;791
11;2025-11-17;22;338
11;2025-11-17;23;197
11;2025-11-18;0;55
11;2025-11-18;1;1
11;2025-11-18;2;0
11;2025-11-18;3;0
11;2025-11-18;4;1
11;2025-11-18;5;245
11;2025-11-18;6;1293
11;2025-11-18;7;2436
11;2025-11-18;8;3213
11;2025-11-18;9;2387
11;2025-11-18;10;1943
11;2025-11-18;11;1878
11;2025-11-18;12;1927
11;2025-11-18;13;2013
11;2025-11-18;14;1957
11;2025-11-18;15;1948
11;2025-11-18;16;2205
11;2025-11-18;17;2791
11;2025-11-18;18;3010
11;2025-11-18;19;2282
11;2025-11-18;20;1483
11;2025-11-18;21;834
11;2025-11-18;22;377
11;2025-11-18;23;230
11;2025-11-19;0;69
11;2025-11-19;1;0
11;2025-11-19;2;0
11;2025-11-19;3;0
11;2025-11-19;4;1
11;2025-11-19;5;255
11;2025-11-19;6;1233
11;2025-11-19;7;2373
11;2025-11-19;8;3137
11;2025-11-19;9;2331
11;2025-11-19;10;1881
11;2025-11-19;11;1896
11;2025-11-19;12;1904
11;2025-11-19;13;1975
11;2025-11-19;14;1945
11;2025-11-19;15;1931
11;2025-11-19;16;2132
11;2025-11-19;17;2692
11;2025-11-19;18;2971
11;2025-11-19;19;2217
11;2025-11-19;20;1400
11;2025-11-19;21;820
11;2025-11-19;22;388
11;2025-11-19;23;234
11;2025-11-20;0;60
11;2025-11-20;1;0
11;2025-11-20;2;0
11;2025-11-20;3;0
11;2025-11-20;4;1
11;2025-11-20;5;248
11;2025-11-20;6;1310
11;2025-11-20;7;2411
11;2025-11-20;8;3193
11;2025-11-20;9;2399
11;2025-11-20;10;2022
11;2025-11-20;11;1910
11;2025-11-20;12;1995
11;2025-11-20;13;2063
11;2025-11-20;14;2046
11;2025-11-20;15;1980
11;2025-11-20;16;2269
11;2025-11-20;17;2821
11;2025-11-20;18;3164
11;2025-11-20;19;2303
11;2025-11-20;20;1443
11;2025-11-20;21;877
11;2025-11-20;22;401
11;2025-11-20;23;243
11;2025-11-21;0;72
11;2025-11-21;1;2
11;2025-11-21;2;0
11;2025-11-21;3;0
11;2025-11-21;4;1
11;2025-11-21;5;259
11;2025-11-21;6;1241
11;2025-11-21;7;2322
11;2025-11-21;8;3070
11;2025-11-21;9;2261
11;2025-11-21;10;1833
11;2025-11-21;11;1824
11;2025-11-21;12;1856
11;2025-11-21;13;1907
11;2025-11-21;14;1964
11;2025-11-21;15;2013
11;2025-11-21;16;2307
11;2025-11-21;17;2720
11;2025-11-21;18;2461
11;2025-11-21;19;1991
11;2025-11-21;20;1314
11;2025-11-21;21;828
11;2025-11-21;22;384
11;2025-11-21;23;294
11;2025-11-22;0;111
11;2025-11-22;1;2
11;2025-11-22;2;0
11;2025-11-22;3;0
11;2025-11-22;4;1
11;2025-11-22;5;168
11;2025-11-22;6;807
11;2025-11-22;7;769
11;2025-11-22;8;1033
11;2025-11-22;9;1201
11;2025-11-22;10;1389
11;2025-11-22;11;1717
11;2025-11-22;12;1889
11;2025-11-22;13;1899
11;2025-11-22;14;1994
11;2025-11-22;15;1886
11;2025-11-22;16;1858
11;2025-11-22;17;1891
11;2025-11-22;18;1569
11;2025-11-22;19;1442
11;2025-11-22;20;984
11;2025-11-22;21;726
11;2025-11-22;22;409
11;2025-11-22;23;276
11;2025-11-23;0;110
11;2025-11-23;1;15
11;2025-11-23;2;0
11;2025-11-23;3;1
11;2025-11-23;4;1
11;2025-11-23;5;103
11;2025-11-23;6;473
11;2025-11-23;7;484
11;2025-11-23;8;671
11;2025-11-23;9;894
11;2025-11-23;10;1014
11;2025-11-23;11;1407
11;2025-11-23;12;1546
11;2025-11-23;13;1553
11;2025-11-23;14;1616
11;2025-11-23;15;1551
11;2025-11-23;16;1564
11;2025-11-23;17;1632
11;2025-11-23;18;1252
11;2025-11-23;19;1031
11;2025-11-23;20;769
11;2025-11-23;21;582
11;2025-11-23;22;343
11;2025-11-23;23;233
11;2025-11-24;0;76
11;2025-11-24;1;11
11;2025-11-24;2;0
11;2025-11-24;3;0
11;2025-11-24;4;1
11;2025-11-24;5;249
11;2025-11-24;6;1287
11;2025-11-24;7;2317
11;2025-11-24;8;3087
11;2025-11-24;9;2284
11;2025-11-24;10;1827
11;2025-11-24;11;1821
11;2025-11-24;12;1827
11;2025-11-24;13;1858
11;2025-11-24;14;1888
11;2025-11-24;15;1954
11;2025-11-24;16;2171
11;2025-11-24;17;2702
11;2025-11-24;18;2891
11;2025-11-24;19;2186
11;2025-11-24;20;1278
11;2025-11-24;21;791
11;2025-11-24;22;338
11;2025-11-24;23;197
11;2025-11-25;0;53
11;2025-11-25;1;1
11;2025-11-25;2;0
11;2025-11-25;3;0
11;2025-11-25;4;1
11;2025-11-25;5;245
11;2025-11-25;6;1293
11;2025-11-25;7;2436
11;2025-11-25;8;3213
11;2025-11-25;9;2387
11;2025-11-25;10;1943
11;2025-11-25;11;1878
11;2025-11-25;12;1927
11;2025-11-25;13;2013
11;2025-11-25;14;1957
11;2025-11-25;15;1948
11;2025-11-25;16;2206
11;2025-11-25;17;2792
11;2025-11-25;18;3010
11;2025-11-25;19;2282
11;2025-11-25;20;1483
11;2025-11-25;21;834
11;2025-11-25;22;377
11;2025-11-25;23;230
11;2025-11-26;0;68
11;2025-11-26;1;0
11;2025-11-26;2;0
11;2025-11-26;3;0
11;2025-11-26;4;1
11;2025-11-26;5;255
11;2025-11-26;6;1233
11;2025-11-26;7;2373
11;2025-11-26;8;3138
11;2025-11-26;9;2331
11;2025-11-26;10;1881
11;2025-11-26;11;1896
11;2025-11-26;12;1904
11;2025-11-26;13;1975
11;2025-11-26;14;1945
11;2025-11-26;15;1931
11;2025-11-26;16;2132
11;2025-11-26;17;2692
11;2025-11-26;18;2971
11;2025-11-26;19;2217
11;2025-11-26;20;1400
11;2025-11-26;21;820
11;2025-11-26;22;388
11;2025-11-26;23;234
11;2025-11-27;0;60
11;2025-11-27;1;0
11;2025-11-27;2;0
11;2025-11-27;3;0
11;2025-11-27;4;1
11;2025-11-27;5;248
11;2025-11-27;6;1310
11;2025-11-27;7;2411
11;2025-11-27;8;3194
11;2025-11-27;9;2399
11;2025-11-27;10;2022
11;2025-11-27;11;1910
11;2025-11-27;12;1995
11;2025-11-27;13;2063
11;2025-11-27;14;2046
11;2025-11-27;15;1980
11;2025-11-27;16;2269
11;2025-11-27;17;2821
11;2025-11-27;18;3164
11;2025-11-27;19;2303
11;2025-11-27;20;1443
11;2025-11-27;21;877
11;2025-11-27;22;401
11;2025-11-27;23;243
11;2025-11-28;0;71
11;2025-11-28;1;2
11;2025-11-28;2;0
11;2025-11-28;3;0
11;2025-11-28;4;1
11;2025-11-28;5;259
11;2025-11-28;6;1241
11;2025-11-28;7;2322
11;2025-11-28;8;3070
11;2025-11-28;9;2260
11;2025-11-28;10;1833
11;2025-11-28;11;1824
11;2025-11-28;12;1856
11;2025-11-28;13;1907
11;2025-11-28;14;1964
11;2025-11-28;15;2014
11;2025-11-28;16;2308
11;2025-11-28;17;2720
11;2025-11-28;18;2462
11;2025-11-28;19;1991
11;2025-11-28;20;1314
11;2025-11-28;21;828
11;2025-11-28;22;384
11;2025-11-28;23;294
11;2025-11-29;0;110
11;2025-11-29;1;2
11;2025-11-29;2;0
11;2025-11-29;3;0
11;2025-11-29;4;1
11;2025-11-29;5;168
11;2025-11-29;6;807
11;2025-11-29;7;769
11;2025-11-29;8;1033
11;2025-11-29;9;1201
11;2025-11-29;10;1389
11;2025-11-29;11;1717
11;2025-11-29;12;1889
11;2025-11-29;13;1899
11;2025-11-29;14;1994
11;2025-11-29;15;1886
11;2025-11-29;16;1858
11;2025-11-29;17;1891
11;2025-11-29;18;1569
11;2025-11-29;19;1442
11;2025-11-29;20;984
11;2025-11-29;21;726
11;2025-11-29;22;409
11;2025-11-29;23;276
11;2025-11-30;0;110
11;2025-11-30;1;15
11;2025-11-30;2;0
11;2025-11-30;3;1
11;2025-11-30;4;1
11;2025-11-30;5;103
11;2025-11-30;6;473
11;2025-11-30;7;484
11;2025-11-30;8;671
11;2025-11-30;9;894
11;2025-11-30;10;1014
11;2025-11-30;11;1407
11;2025-11-30;12;1546
11;2025-11-30;13;1553
11;2025-11-30;14;1617
11;2025-11-30;15;1551
11;2025-11-30;16;1564
11;2025-11-30;17;1632
11;2025-11-30;18;1252
11;2025-11-30;19;1031
11;2025-11-30;20;769
11;2025-11-30;21;582
11;2025-11-30;22;343
11;2025-11-30;23;233
11;2025-12-01;0;75
11;2025-12-01;1;11
11;2025-12-01;2;0
11;2025-12-01;3;0
11;2025-12-01;4;1
11;2025-12-01;5;249
11;2025-12-01;6;1287
11;2025-12-01;7;2317
11;2025-12-01;8;3088
11;2025-12-01;9;2284
11;2025-12-01;10;1827
11;2025-12-01;11;1821
11;2025-12-01;12;1827
11;2025-12-01;13;1858
11;2025-12-01;14;1888
11;2025-12-01;15;1955
11;2025-12-01;16;2171
11;2025-12-01;17;2701
11;2025-12-01;18;2891
11;2025-12-01;19;2186
11;2025-12-01;20;1278
11;2025-12-01;21;791
11;2025-12-01;22;338
11;2025-12-01;23;197
11;2025-12-02;0;53
11;2025-12-02;1;1
11;2025-12-02;2;0
11;2025-12-02;3;0
11;2025-12-02;4;1
11;2025-12-02;5;245
11;2025-12-02;6;1293
11;2025-12-02;7;2436
11;2025-12-02;8;3213
11;2025-12-02;9;2387
11;2025-12-02;10;1943
11;2025-12-02;11;1878
11;2025-12-02;12;1927
11;2025-12-02;13;2013
11;2025-12-02;14;1957
11;2025-12-02;15;1948
11;2025-12-02;16;2206
11;2025-12-02;17;2792
11;2025-12-02;18;3010
11;2025-12-02;19;2282
11;2025-12-02;20;1483
11;2025-12-02;21;834
11;2025-12-02;22;377
11;2025-12-02;23;230
11;2025-12-03;0;68
11;2025-12-03;1;0
11;2025-12-03;2;0
11;2025-12-03;3;0
11;2025-12-03;4;1
11;2025-12-03;5;255
11;2025-12-03;6;1232
11;2025-12-03;7;2372
11;2025-12-03;8;3137
11;2025-12-03;9;2331
11;2025-12-03;10;1880
11;2025-12-03;11;1896
11;2025-12-03;12;1904
11;2025-12-03;13;1974
11;2025-12-03;14;1944
11;2025-12-03;15;1931
11;2025-12-03;16;2131
11;2025-12-03;17;2691
11;2025-12-03;18;2972
11;2025-12-03;19;2218
11;2025-12-03;20;1401
11;2025-12-03;21;821
11;2025-12-03;22;389
11;2025-12-03;23;235
11;2025-12-04;0;59
11;2025-12-04;1;0
11;2025-12-04;2;0
11;2025-12-04;3;0
11;2025-12-04;4;1
11;2025-12-04;5;246
11;2025-12-04;6;1299
11;2025-12-04;7;2390
11;2025-12-04;8;3167
11;2025-12-04;9;2379
11;2025-12-04;10;2005
11;2025-12-04;11;1893
11;2025-12-04;12;1978
11;2025-12-04;13;2049
11;2025-12-04;14;2032
11;2025-12-04;15;1992
11;2025-12-04;16;2279
11;2025-12-04;17;2826
11;2025-12-04;18;3173
11;2025-12-04;19;2319
11;2025-12-04;20;1466
11;2025-12-04;21;905
11;2025-12-04;22;428
11;2025-12-04;23;272
11;2025-12-05;0;70
11;2025-12-05;1;2
11;2025-12-05;2;0
11;2025-12-05;3;0
11;2025-12-05;4;1
11;2025-12-05;5;257
11;2025-12-05;6;1229
11;2025-12-05;7;2300
11;2025-12-05;8;3042
11;2025-12-05;9;2239
11;2025-12-05;10;1816
11;2025-12-05;11;1807
11;2025-12-05;12;1839
11;2025-12-05;13;1892
11;2025-12-05;14;1949
11;2025-12-05;15;2021
11;2025-12-05;16;2312
11;2025-12-05;17;2722
11;2025-12-05;18;2476
11;2025-12-05;19;2011
11;2025-12-05;20;1339
11;2025-12-05;21;858
11;2025-12-05;22;415
11;2025-12-05;23;326
11;2025-12-06;0;110
11;2025-12-06;1;2
11;2025-12-06;2;0
11;2025-12-06;3;0
11;2025-12-06;4;1
11;2025-12-06;5;156
11;2025-12-06;6;794
11;2025-12-06;7;751
11;2025-12-06;8;1015
11;2025-12-06;9;1182
11;2025-12-06;10;1369
11;2025-12-06;11;1696
11;2025-12-06;12;1867
11;2025-12-06;13;1879
11;2025-12-06;14;1974
11;2025-12-06;15;1900
11;2025-12-06;16;1873
11;2025-12-06;17;1905
11;2025-12-06;18;1590
11;2025-12-06;19;1464
11;2025-12-06;20;1008
11;2025-12-06;21;750
11;2025-12-06;22;431
11;2025-12-06;23;299
11;2025-12-07;0;109
11;2025-12-07;1;15
11;2025-12-07;2;0
11;2025-12-07;3;1
11;2025-12-07;4;1
11;2025-12-07;5;94
11;2025-12-07;6;462
11;2025-12-07;7;471
11;2025-12-07;8;657
11;2025-12-07;9;878
11;2025-12-07;10;998
11;2025-12-07;11;1389
11;2025-12-07;12;1527
11;2025-12-07;13;1536
11;2025-12-07;14;1599
11;2025-12-07;15;1562
11;2025-12-07;16;1574
11;2025-12-07;17;1643
11;2025-12-07;18;1270
11;2025-12-07;19;1050
11;2025-12-07;20;790
11;2025-12-07;21;604
11;2025-12-07;22;363
11;2025-12-07;23;253
11;2025-12-08;0;75
11;2025-12-08;1;11
11;2025-12-08;2;0
11;2025-12-08;3;0
11;2025-12-08;4;1
11;2025-12-08;5;233
11;2025-12-08;6;1266
11;2025-12-08;7;2286
11;2025-12-08;8;3055
11;2025-12-08;9;2255
11;2025-12-08;10;1799
11;2025-12-08;11;1794
11;2025-12-08;12;1799
11;2025-12-08;13;1833
11;2025-12-08;14;1864
11;2025-12-08;15;1978
11;2025-12-08;16;2193
11;2025-12-08;17;2722
11;2025-12-08;18;2918
11;2025-12-08;19;2217
11;2025-12-08;20;1312
11;2025-12-08;21;827
11;2025-12-08;22;372
11;2025-12-08;23;231
11;2025-12-09;0;53
11;2025-12-09;1;1
11;2025-12-09;2;0
11;2025-12-09;3;0
11;2025-12-09;4;1
11;2025-12-09;5;228
11;2025-12-09;6;1274
11;2025-12-09;7;2408
11;2025-12-09;8;3184
11;2025-12-09;9;2359
11;2025-12-09;10;1916
11;2025-12-09;11;1851
11;2025-12-09;12;1900
11;2025-12-09;13;1989
11;2025-12-09;14;1933
11;2025-12-09;15;1973
11;2025-12-09;16;2230
11;2025-12-09;17;2814
11;2025-12-09;18;3038
11;2025-12-09;19;2311
11;2025-12-09;20;1514
11;2025-12-09;21;867
11;2025-12-09;22;406
11;2025-12-09;23;260
11;2025-12-10;0;68
11;2025-12-10;1;0
11;2025-12-10;2;0
11;2025-12-10;3;0
11;2025-12-10;4;1
11;2025-12-10;5;239
11;2025-12-10;6;1211
11;2025-12-10;7;2343
11;2025-12-10;8;3104
11;2025-12-10;9;2300
11;2025-12-10;10;1853
11;2025-12-10;11;1869
11;2025-12-10;12;1876
11;2025-12-10;13;1949
11;2025-12-10;14;1919
11;2025-12-10;15;1956
11;2025-12-10;16;2155
11;2025-12-10;17;2713
11;2025-12-10;18;2999
11;2025-12-10;19;2248
11;2025-12-10;20;1434
11;2025-12-10;21;856
11;2025-12-10;22;422
11;2025-12-10;23;268
11;2025-12-11;0;59
11;2025-12-11;1;0
11;2025-12-11;2;0
11;2025-12-11;3;0
11;2025-12-11;4;1
11;2025-12-11;5;230
11;2025-12-11;6;1290
11;2025-12-11;7;2382
11;2025-12-11;8;3163
11;2025-12-11;9;2371
11;2025-12-11;10;1994
11;2025-12-11;11;1883
11;2025-12-11;12;1967
11;2025-12-11;13;2038
11;2025-12-11;14;2021
11;2025-12-11;15;2005
11;2025-12-11;16;2293
11;2025-12-11;17;2844
11;2025-12-11;18;3192
11;2025-12-11;19;2333
11;2025-12-11;20;1476
11;2025-12-11;21;911
11;2025-12-11;22;431
11;2025-12-11;23;274
11;2025-12-12;0;70
11;2025-12-12;1;2
11;2025-12-12;2;0
11;2025-12-12;3;0
11;2025-12-12;4;1
11;2025-12-12;5;242
11;2025-12-12;6;1222
11;2025-12-12;7;2293
11;2025-12-12;8;3039
11;2025-12-12;9;2231
11;2025-12-12;10;1806
11;2025-12-12;11;1797
11;2025-12-12;12;1828
11;2025-12-12;13;1882
11;2025-12-12;14;1939
11;2025-12-12;15;2034
11;2025-12-12;16;2327
11;2025-12-12;17;2738
11;2025-12-12;18;2491
11;2025-12-12;19;2023
11;2025-12-12;20;1347
11;2025-12-12;21;864
11;2025-12-12;22;419
11;2025-12-12;23;328
11;2025-12-13;0;110
11;2025-12-13;1;2
11;2025-12-13;2;0
11;2025-12-13;3;0
11;2025-12-13;4;1
11;2025-12-13;5;156
11;2025-12-13;6;794
11;2025-12-13;7;751
11;2025-12-13;8;1015
11;2025-12-13;9;1182
11;2025-12-13;10;1369
11;2025-12-13;11;1696
11;2025-12-13;12;1867
11;2025-12-13;13;1879
11;2025-12-13;14;1974
11;2025-12-13;15;1900
11;2025-12-13;16;1873
11;2025-12-13;17;1905
11;2025-12-13;18;1590
11;2025-12-13;19;1464
11;2025-12-13;20;1008
11;2025-12-13;21;750
11;2025-12-13;22;431
11;2025-12-13;23;299
11;2025-12-14;0;109
11;2025-12-14;1;15
11;2025-12-14;2;0
11;2025-12-14;3;1
11;2025-12-14;4;1
11;2025-12-14;5;94
11;2025-12-14;6;462
11;2025-12-14;7;471
11;2025-12-14;8;657
11;2025-12-14;9;878
11;2025-12-14;10;998
11;2025-12-14;11;1389
11;2025-12-14;12;1527
11;2025-12-14;13;1536
11;2025-12-14;14;1599
11;2025-12-14;15;1562
11;2025-12-14;16;1574
11;2025-12-14;17;1643
11;2025-12-14;18;1270
11;2025-12-14;19;1050
11;2025-12-14;20;790
11;2025-12-14;21;604
11;2025-12-14;22;363
11;2025-12-14;23;253
11;2025-12-15;0;75
11;2025-12-15;1;11
11;2025-12-15;2;0
11;2025-12-15;3;0
11;2025-12-15;4;1
11;2025-12-15;5;233
11;2025-12-15;6;1266
11;2025-12-15;7;2286
11;2025-12-15;8;3055
11;2025-12-15;9;2255
11;2025-12-15;10;1799
11;2025-12-15;11;1794
11;2025-12-15;12;1799
11;2025-12-15;13;1833
11;2025-12-15;14;1864
11;2025-12-15;15;1978
11;2025-12-15;16;2193
11;2025-12-15;17;2722
11;2025-12-15;18;2918
11;2025-12-15;19;2217
11;2025-12-15;20;1312
11;2025-12-15;21;827
11;2025-12-15;22;372
11;2025-12-15;23;231
11;2025-12-16;0;53
11;2025-12-16;1;1
11;2025-12-16;2;0
11;2025-12-16;3;0
11;2025-12-16;4;1
11;2025-12-16;5;228
11;2025-12-16;6;1274
11;2025-12-16;7;2408
11;2025-12-16;8;3184
11;2025-12-16;9;2359
11;2025-12-16;10;1916
11;2025-12-16;11;1851
11;2025-12-16;12;1900
11;2025-12-16;13;1989
11;2025-12-16;14;1933
11;2025-12-16;15;1973
11;2025-12-16;16;2230
11;2025-12-16;17;2814
11;2025-12-16;18;3038
11;2025-12-16;19;2311
11;2025-12-16;20;1514
11;2025-12-16;21;867
11;2025-12-16;22;406
11;2025-12-16;23;260
11;2025-12-17;0;68
11;2025-12-17;1;0
11;2025-12-17;2;0
11;2025-12-17;3;0
11;2025-12-17;4;1
11;2025-12-17;5;239
11;2025-12-17;6;1211
11;2025-12-17;7;2343
11;2025-12-17;8;3104
11;2025-12-17;9;2300
11;2025-12-17;10;1853
11;2025-12-17;11;1869
11;2025-12-17;12;1876
11;2025-12-17;13;1949
11;2025-12-17;14;1919
11;2025-12-17;15;1956
11;2025-12-17;16;2155
11;2025-12-17;17;2713
11;2025-12-17;18;2999
11;2025-12-17;19;2248
11;2025-12-17;20;1434
11;2025-12-17;21;856
11;2025-12-17;22;422
11;2025-12-17;23;268
11;2025-12-18;0;59
11;2025-12-18;1;0
11;2025-12-18;2;0
11;2025-12-18;3;0
11;2025-12-18;4;1
11;2025-12-18;5;230
11;2025-12-18;6;1290
11;2025-12-18;7;2382
11;2025-12-18;8;3163
11;2025-12-18;9;2371
11;2025-12-18;10;1994
11;2025-12-18;11;1883
11;2025-12-18;12;1967
11;2025-12-18;13;2038
11;2025-12-18;14;2021
11;2025-12-18;15;2005
11;2025-12-18;16;2293
11;2025-12-18;17;2844
11;2025-12-18;18;3192
11;2025-12-18;19;2333
11;2025-12-18;20;1476
11;2025-12-18;21;911
11;2025-12-18;22;431
11;2025-12-18;23;274
11;2025-12-19;0;70
11;2025-12-19;1;2
11;2025-12-19;2;0
11;2025-12-19;3;0
11;2025-12-19;4;1
11;2025-12-19;5;242
11;2025-12-19;6;1222
11;2025-12-19;7;2293
11;2025-12-19;8;3039
11;2025-12-19;9;2231
11;2025-12-19;10;1806
11;2025-12-19;11;1797
11;2025-12-19;12;1828
11;2025-12-19;13;1882
11;2025-12-19;14;1939
11;2025-12-19;15;2034
11;2025-12-19;16;2327
11;2025-12-19;17;2738
11;2025-12-19;18;2491
11;2025-12-19;19;2023
11;2025-12-19;20;1347
11;2025-12-19;21;864
11;2025-12-19;22;419
11;2025-12-19;23;328
11;2025-12-20;0;110
11;2025-12-20;1;2
11;2025-12-20;2;0
11;2025-12-20;3;0
11;2025-12-20;4;1
11;2025-12-20;5;156
11;2025-12-20;6;794
11;2025-12-20;7;751
11;2025-12-20;8;1015
11;2025-12-20;9;1182
11;2025-12-20;10;1369
11;2025-12-20;11;1696
11;2025-12-20;12;1867
11;2025-12-20;13;1879
11;2025-12-20;14;1974
11;2025-12-20;15;1900
11;2025-12-20;16;1873
11;2025-12-20;17;1905
11;2025-12-20;18;1590
11;2025-12-20;19;1464
11;2025-12-20;20;1008
11;2025-12-20;21;750
11;2025-12-20;22;431
11;2025-12-20;23;299
11;2025-12-21;0;109
11;2025-12-21;1;15
11;2025-12-21;2;0
11;2025-12-21;3;1
11;2025-12-21;4;1
11;2025-12-21;5;94
11;2025-12-21;6;462
11;2025-12-21;7;471
11;2025-12-21;8;657
11;2025-12-21;9;878
11;2025-12-21;10;998
11;2025-12-21;11;1389
11;2025-12-21;12;1527
11;2025-12-21;13;1536
11;2025-12-21;14;1599
11;2025-12-21;15;1562
11;2025-12-21;16;1574
11;2025-12-21;17;1643
11;2025-12-21;18;1270
11;2025-12-21;19;1050
11;2025-12-21;20;790
11;2025-12-21;21;604
11;2025-12-21;22;363
11;2025-12-21;23;253
11;2025-12-22;0;75
11;2025-12-22;1;11
11;2025-12-22;2;0
11;2025-12-22;3;0
11;2025-12-22;4;1
11;2025-12-22;5;233
11;2025-12-22;6;1266
11;2025-12-22;7;2286
11;2025-12-22;8;3055
11;2025-12-22;9;2255
11;2025-12-22;10;1799
11;2025-12-22;11;1794
11;2025-12-22;12;1799
11;2025-12-22;13;1833
11;2025-12-22;14;1864
11;2025-12-22;15;1978
11;2025-12-22;16;2193
11;2025-12-22;17;2722
11;2025-12-22;18;2918
11;2025-12-22;19;2217
11;2025-12-22;20;1312
11;2025-12-22;21;827
11;2025-12-22;22;372
11;2025-12-22;23;231
11;2025-12-23;0;53
11;2025-12-23;1;1
11;2025-12-23;2;0
11;2025-12-23;3;0
11;2025-12-23;4;1
11;2025-12-23;5;228
11;2025-12-23;6;1274
11;2025-12-23;7;2408
11;2025-12-23;8;3184
11;2025-12-23;9;2359
11;2025-12-23;10;1916
11;2025-12-23;11;1851
11;2025-12-23;12;1900
11;2025-12-23;13;1989
11;2025-12-23;14;1933
11;2025-12-23;15;1973
11;2025-12-23;16;2230
11;2025-12-23;17;2814
11;2025-12-23;18;3038
11;2025-12-23;19;2311
11;2025-12-23;20;1514
11;2025-12-23;21;867
11;2025-12-23;22;406
11;2025-12-23;23;260
11;2025-12-24;0;68
11;2025-12-24;1;0
11;2025-12-24;2;0
11;2025-12-24;3;0
11;2025-12-24;4;1
11;2025-12-24;5;239
11;2025-12-24;6;1211
11;2025-12-24;7;2343
11;2025-12-24;8;3104
11;2025-12-24;9;2300
11;2025-12-24;10;1853
11;2025-12-24;11;1869
11;2025-12-24;12;1876
11;2025-12-24;13;1949
11;2025-12-24;14;1919
11;2025-12-24;15;1956
11;2025-12-24;16;2155
11;2025-12-24;17;2713
11;2025-12-24;18;2999
11;2025-12-24;19;2248
11;2025-12-24;20;1434
11;2025-12-24;21;856
11;2025-12-24;22;422
11;2025-12-24;23;268
11;2025-12-25;0;59
11;2025-12-25;1;0
11;2025-12-25;2;0
11;2025-12-25;3;0
11;2025-12-25;4;1
11;2025-12-25;5;230
11;2025-12-25;6;1290
11;2025-12-25;7;2382
11;2025-12-25;8;3163
11;2025-12-25;9;2371
11;2025-12-25;10;1994
11;2025-12-25;11;1883
11;2025-12-25;12;1967
11;2025-12-25;13;2038
11;2025-12-25;14;2021
11;2025-12-25;15;2005
11;2025-12-25;16;2293
11;2025-12-25;17;2844
11;2025-12-25;18;3192
11;2025-12-25;19;2333
11;2025-12-25;20;1476
11;2025-12-25;21;911
11;2025-12-25;22;431
11;2025-12-25;23;274
11;2025-12-26;0;70
11;2025-12-26;1;2
11;2025-12-26;2;0
11;2025-12-26;3;0
11;2025-12-26;4;1
11;2025-12-26;5;242
11;2025-12-26;6;1222
11;2025-12-26;7;2293
11;2025-12-26;8;3039
11;2025-12-26;9;2231
11;2025-12-26;10;1806
11;2025-12-26;11;1797
11;2025-12-26;12;1828
11;2025-12-26;13;1882
11;2025-12-26;14;1939
11;2025-12-26;15;2034
11;2025-12-26;16;2327
11;2025-12-26;17;2738
11;2025-12-26;18;2491
11;2025-12-26;19;2023
11;2025-12-26;20;1347
11;2025-12-26;21;864
11;2025-12-26;22;419
11;2025-12-26;23;328
11;2025-12-27;0;110
11;2025-12-27;1;2
11;2025-12-27;2;0
11;2025-12-27;3;0
11;2025-12-27;4;1
11;2025-12-27;5;156
11;2025-12-27;6;794
11;2025-12-27;7;751
11;2025-12-27;8;1015
11;2025-12-27;9;1182
11;2025-12-27;10;1369
11;2025-12-27;11;1696
11;2025-12-27;12;1867
11;2025-12-27;13;1879
11;2025-12-27;14;1974
11;2025-12-27;15;1900
11;2025-12-27;16;1873
11;2025-12-27;17;1905
11;2025-12-27;18;1590
11;2025-12-27;19;1464
11;2025-12-27;20;1008
11;2025-12-27;21;750
11;2025-12-27;22;431
11;2025-12-27;23;299
11;2025-12-28;0;109
11;2025-12-28;1;15
11;2025-12-28;2;0
11;2025-12-28;3;1
11;2025-12-28;4;1
11;2025-12-28;5;94
11;2025-12-28;6;462
11;2025-12-28;7;471
11;2025-12-28;8;657
11;2025-12-28;9;878
11;2025-12-28;10;998
11;2025-12-28;11;1389
11;2025-12-28;12;1527
11;2025-12-28;13;1536
11;2025-12-28;14;1599
11;2025-12-28;15;1562
11;2025-12-28;16;1574
11;2025-12-28;17;1643
11;2025-12-28;18;1270
11;2025-12-28;19;1050
11;2025-12-28;20;790
11;2025-12-28;21;604
11;2025-12-28;22;363
11;2025-12-28;23;253
11;2025-12-29;0;69
11;2025-12-29;1;10
11;2025-12-29;2;0
11;2025-12-29;3;0
11;2025-12-29;4;1
11;2025-12-29;5;235
11;2025-12-29;6;1264
11;2025-12-29;7;2236
11;2025-12-29;8;2946
11;2025-12-29;9;2214
11;2025-12-29;10;1733
11;2025-12-29;11;1743
11;2025-12-29;12;1675
11;2025-12-29;13;1765
11;2025-12-29;14;1838
11;2025-12-29;15;1926
11;2025-12-29;16;2087
11;2025-12-29;17;2616
11;2025-12-29;18;2785
11;2025-12-29;19;2030
11;2025-12-29;20;1162
11;2025-12-29;21;728
11;2025-12-29;22;328
11;2025-12-29;23;196
11;2025-12-30;0;50
11;2025-12-30;1;1
11;2025-12-30;2;0
11;2025-12-30;3;0
11;2025-12-30;4;1
11;2025-12-30;5;222
11;2025-12-30;6;1214
11;2025-12-30;7;2209
11;2025-12-30;8;2975
11;2025-12-30;9;2251
11;2025-12-30;10;1825
11;2025-12-30;11;1642
11;2025-12-30;12;1704
11;2025-12-30;13;1851
11;2025-12-30;14;1747
11;2025-12-30;15;1792
11;2025-12-30;16;1962
11;2025-12-30;17;2580
11;2025-12-30;18;2717
11;2025-12-30;19;2074
11;2025-12-30;20;1356
11;2025-12-30;21;738
11;2025-12-30;22;337
11;2025-12-30;23;210
11;2025-12-31;0;97
11;2025-12-31;1;9
11;2025-12-31;2;0
11;2025-12-31;3;0
11;2025-12-31;4;1
11;2025-12-31;5;121
11;2025-12-31;6;532
11;2025-12-31;7;510
11;2025-12-31;8;701
11;2025-12-31;9;892
11;2025-12-31;10;1005
11;2025-12-31;11;1391
11;2025-12-31;12;1490
11;2025-12-31;13;1444
11;2025-12-31;14;1534
11;2025-12-31;15;1488
11;2025-12-31;16;1406
11;2025-12-31;17;1534
11;2025-12-31;18;1190
11;2025-12-31;19;1023
11;2025-12-31;20;775
11;2025-12-31;21;569
11;2025-12-31;22;331
11;2025-12-31;23;230
12;2025-11-01;0;64
12;2025-11-01;1;2
12;2025-11-01;2;0
12;2025-11-01;3;0
12;2025-11-01;4;4
12;2025-11-01;5;288
12;2025-11-01;6;1162
12;2025-11-01;7;1954
12;2025-11-01;8;2389
12;2025-11-01;9;1975
12;2025-11-01;10;1730
12;2025-11-01;11;1744
12;2025-11-01;12;1793
12;2025-11-01;13;1990
12;2025-11-01;14;1847
12;2025-11-01;15;1989
12;2025-11-01;16;2407
12;2025-11-01;17;2385
12;2025-11-01;18;2172
12;2025-11-01;19;1848
12;2025-11-01;20;1233
12;2025-11-01;21;909
12;2025-11-01;22;479
12;2025-11-01;23;316
12;2025-11-02;0;80
12;2025-11-02;1;4
12;2025-11-02;2;0
12;2025-11-02;3;0
12;2025-11-02;4;3
12;2025-11-02;5;133
12;2025-11-02;6;494
12;2025-11-02;7;660
12;2025-11-02;8;697
12;2025-11-02;9;888
12;2025-11-02;10;1097
12;2025-11-02;11;1196
12;2025-11-02;12;1303
12;2025-11-02;13;1516
12;2025-11-02;14;1385
12;2025-11-02;15;1400
12;2025-11-02;16;1398
12;2025-11-02;17;1476
12;2025-11-02;18;1237
12;2025-11-02;19;951
12;2025-11-02;20;738
12;2025-11-02;21;574
12;2025-11-02;22;363
12;2025-11-02;23;192
12;2025-11-03;0;77
12;2025-11-03;1;4
12;2025-11-03;2;0
12;2025-11-03;3;0
12;2025-11-03;4;2
12;2025-11-03;5;154
12;2025-11-03;6;558
12;2025-11-03;7;705
12;2025-11-03;8;763
12;2025-11-03;9;955
12;2025-11-03;10;1165
12;2025-11-03;11;1248
12;2025-11-03;12;1336
12;2025-11-03;13;1548
12;2025-11-03;14;1412
12;2025-11-03;15;1411
12;2025-11-03;16;1438
12;2025-11-03;17;1480
12;2025-11-03;18;1291
12;2025-11-03;19;1037
12;2025-11-03;20;775
12;2025-11-03;21;610
12;2025-11-03;22;369
12;2025-11-03;23;214
12;2025-11-04;0;71
12;2025-11-04;1;3
12;2025-11-04;2;0
12;2025-11-04;3;0
12;2025-11-04;4;2
12;2025-11-04;5;132
12;2025-11-04;6;481
12;2025-11-04;7;620
12;2025-11-04;8;665
12;2025-11-04;9;838
12;2025-11-04;10;1027
12;2025-11-04;11;1108
12;2025-11-04;12;1194
12;2025-11-04;13;1386
12;2025-11-04;14;1265
12;2025-11-04;15;1270
12;2025-11-04;16;1284
12;2025-11-04;17;1334
12;2025-11-04;18;1146
12;2025-11-04;19;905
12;2025-11-04;20;686
12;2025-11-04;21;537
12;2025-11-04;22;331
12;2025-11-04;23;185
12;2025-11-05;0;58
12;2025-11-05;1;1
12;2025-11-05;2;0
12;2025-11-05;3;0
12;2025-11-05;4;7
12;2025-11-05;5;322
12;2025-11-05;6;1405
12;2025-11-05;7;2669
12;2025-11-05;8;3506
12;2025-11-05;9;2522
12;2025-11-05;10;2137
12;2025-11-05;11;2027
12;2025-11-05;12;2057
12;2025-11-05;13;2108
12;2025-11-05;14;2014
12;2025-11-05;15;2323
12;2025-11-05;16;2749
12;2025-11-05;17;3042
12;2025-11-05;18;3104
12;2025-11-05;19;2375
12;2025-11-05;20;1557
12;2025-11-05;21;976
12;2025-11-05;22;472
12;2025-11-05;23;249
12;2025-11-06;0;50
12;2025-11-06;1;2
12;2025-11-06;2;0
12;2025-11-06;3;0
12;2025-11-06;4;7
12;2025-11-06;5;301
12;2025-11-06;6;1357
12;2025-11-06;7;2639
12;2025-11-06;8;3483
12;2025-11-06;9;2472
12;2025-11-06;10;2062
12;2025-11-06;11;1940
12;2025-11-06;12;2014
12;2025-11-06;13;2078
12;2025-11-06;14;1997
12;2025-11-06;15;2259
12;2025-11-06;16;2674
12;2025-11-06;17;2987
12;2025-11-06;18;3151
12;2025-11-06;19;2360
12;2025-11-06;20;1524
12;2025-11-06;21;941
12;2025-11-06;22;465
12;2025-11-06;23;257
12;2025-11-07;0;55
12;2025-11-07;1;1
12;2025-11-07;2;0
12;2025-11-07;3;0
12;2025-11-07;4;4
12;2025-11-07;5;311
12;2025-11-07;6;1344
12;2025-11-07;7;2602
12;2025-11-07;8;3301
12;2025-11-07;9;2389
12;2025-11-07;10;1966
12;2025-11-07;11;1936
12;2025-11-07;12;1970
12;2025-11-07;13;2043
12;2025-11-07;14;1981
12;2025-11-07;15;2301
12;2025-11-07;16;2799
12;2025-11-07;17;2929
12;2025-11-07;18;2579
12;2025-11-07;19;2024
12;2025-11-07;20;1354
12;2025-11-07;21;904
12;2025-11-07;22;451
12;2025-11-07;23;300
12;2025-11-08;0;74
12;2025-11-08;1;3
12;2025-11-08;2;0
12;2025-11-08;3;0
12;2025-11-08;4;2
12;2025-11-08;5;215
12;2025-11-08;6;777
12;2025-11-08;7;883
12;2025-11-08;8;1024
12;2025-11-08;9;1218
12;2025-11-08;10;1437
12;2025-11-08;11;1542
12;2025-11-08;12;1591
12;2025-11-08;13;1766
12;2025-11-08;14;1678
12;2025-11-08;15;1624
12;2025-11-08;16;1742
12;2025-11-08;17;1664
12;2025-11-08;18;1505
12;2025-11-08;19;1313
12;2025-11-08;20;916
12;2025-11-08;21;723
12;2025-11-08;22;387
12;2025-11-08;23;282
12;2025-11-09;0;80
12;2025-11-09;1;4
12;2025-11-09;2;0
12;2025-11-09;3;0
12;2025-11-09;4;3
12;2025-11-09;5;127
12;2025-11-09;6;513
12;2025-11-09;7;676
12;2025-11-09;8;709
12;2025-11-09;9;915
12;2025-11-09;10;1147
12;2025-11-09;11;1269
12;2025-11-09;12;1334
12;2025-11-09;13;1527
12;2025-11-09;14;1496
12;2025-11-09;15;1506
12;2025-11-09;16;1539
12;2025-11-09;17;1490
12;2025-11-09;18;1306
12;2025-11-09;19;1025
12;2025-11-09;20;752
12;2025-11-09;21;583
12;2025-11-09;22;361
12;2025-11-09;23;206
12;2025-11-10;0;53
12;2025-11-10;1;3
12;2025-11-10;2;0
12;2025-11-10;3;0
12;2025-11-10;4;6
12;2025-11-10;5;304
12;2025-11-10;6;1367
12;2025-11-10;7;2627
12;2025-11-10;8;3390
12;2025-11-10;9;2440
12;2025-11-10;10;1995
12;2025-11-10;11;1932
12;2025-11-10;12;2006
12;2025-11-10;13;2011
12;2025-11-10;14;1958
12;2025-11-10;15;2245
12;2025-11-10;16;2659
12;2025-11-10;17;2972
12;2025-11-10;18;3144
12;2025-11-10;19;2287
12;2025-11-10;20;1513
12;2025-11-10;21;910
12;2025-11-10;22;433
12;2025-11-10;23;222
12;2025-11-11;0;49
12;2025-11-11;1;1
12;2025-11-11;2;0
12;2025-11-11;3;0
12;2025-11-11;4;6
12;2025-11-11;5;320
12;2025-11-11;6;1422
12;2025-11-11;7;2748
12;2025-11-11;8;3587
12;2025-11-11;9;2531
12;2025-11-11;10;2100
12;2025-11-11;11;1996
12;2025-11-11;12;2030
12;2025-11-11;13;2093
12;2025-11-11;14;2011
12;2025-11-11;15;2301
12;2025-11-11;16;2699
12;2025-11-11;17;3036
12;2025-11-11;18;3225
12;2025-11-11;19;2361
12;2025-11-11;20;1508
12;2025-11-11;21;923
12;2025-11-11;22;457
12;2025-11-11;23;244
12;2025-11-12;0;58
12;2025-11-12;1;1
12;2025-11-12;2;0
12;2025-11-12;3;0
12;2025-11-12;4;7
12;2025-11-12;5;322
12;2025-11-12;6;1405
12;2025-11-12;7;2669
12;2025-11-12;8;3506
12;2025-11-12;9;2522
12;2025-11-12;10;2138
12;2025-11-12;11;2027
12;2025-11-12;12;2057
12;2025-11-12;13;2108
12;2025-11-12;14;2014
12;2025-11-12;15;2323
12;2025-11-12;16;2749
12;2025-11-12;17;3042
12;2025-11-12;18;3104
12;2025-11-12;19;2375
12;2025-11-12;20;1557
12;2025-11-12;21;976
12;2025-11-12;22;472
12;2025-11-12;23;248
12;2025-11-13;0;50
12;2025-11-13;1;2
12;2025-11-13;2;0
12;2025-11-13;3;0
12;2025-11-13;4;7
12;2025-11-13;5;301
12;2025-11-13;6;1357
12;2025-11-13;7;2641
12;2025-11-13;8;3486
12;2025-11-13;9;2473
12;2025-11-13;10;2063
12;2025-11-13;11;1941
12;2025-11-13;12;2015
12;2025-11-13;13;2079
12;2025-11-13;14;1998
12;2025-11-13;15;2260
12;2025-11-13;16;2673
12;2025-11-13;17;2986
12;2025-11-13;18;3150
12;2025-11-13;19;2357
12;2025-11-13;20;1521
12;2025-11-13;21;939
12;2025-11-13;22;465
12;2025-11-13;23;257
12;2025-11-14;0;55
12;2025-11-14;1;1
12;2025-11-14;2;0
12;2025-11-14;3;0
12;2025-11-14;4;4
12;2025-11-14;5;311
12;2025-11-14;6;1344
12;2025-11-14;7;2602
12;2025-11-14;8;3301
12;2025-11-14;9;2389
12;2025-11-14;10;1966
12;2025-11-14;11;1936
12;2025-11-14;12;1970
12;2025-11-14;13;2043
12;2025-11-14;14;1981
12;2025-11-14;15;2301
12;2025-11-14;16;2799
12;2025-11-14;17;2929
12;2025-11-14;18;2579
12;2025-11-14;19;2024
12;2025-11-14;20;1354
12;2025-11-14;21;904
12;2025-11-14;22;451
12;2025-11-14;23;300
12;2025-11-15;0;73
12;2025-11-15;1;3
12;2025-11-15;2;0
12;2025-11-15;3;0
12;2025-11-15;4;2
12;2025-11-15;5;215
12;2025-11-15;6;778
12;2025-11-15;7;883
12;2025-11-15;8;1025
12;2025-11-15;9;1218
12;2025-11-15;10;1439
12;2025-11-15;11;1542
12;2025-11-15;12;1592
12;2025-11-15;13;1767
12;2025-11-15;14;1679
12;2025-11-15;15;1625
12;2025-11-15;16;1742
12;2025-11-15;17;1663
12;2025-11-15;18;1504
12;2025-11-15;19;1312
12;2025-11-15;20;914
12;2025-11-15;21;722
12;2025-11-15;22;386
12;2025-11-15;23;282
12;2025-11-16;0;79
12;2025-11-16;1;4
12;2025-11-16;2;0
12;2025-11-16;3;0
12;2025-11-16;4;3
12;2025-11-16;5;129
12;2025-11-16;6;513
12;2025-11-16;7;676
12;2025-11-16;8;709
12;2025-11-16;9;915
12;2025-11-16;10;1149
12;2025-11-16;11;1269
12;2025-11-16;12;1335
12;2025-11-16;13;1528
12;2025-11-16;14;1496
12;2025-11-16;15;1507
12;2025-11-16;16;1538
12;2025-11-16;17;1490
12;2025-11-16;18;1305
12;2025-11-16;19;1023
12;2025-11-16;20;751
12;2025-11-16;21;582
12;2025-11-16;22;361
12;2025-11-16;23;206
12;2025-11-17;0;53
12;2025-11-17;1;3
12;2025-11-17;2;0
12;2025-11-17;3;0
12;2025-11-17;4;6
12;2025-11-17;5;304
12;2025-11-17;6;1367
12;2025-11-17;7;2627
12;2025-11-17;8;3390
12;2025-11-17;9;2440
12;2025-11-17;10;1995
12;2025-11-17;11;1932
12;2025-11-17;12;2006
12;2025-11-17;13;2011
12;2025-11-17;14;1958
12;2025-11-17;15;2245
12;2025-11-17;16;2659
12;2025-11-17;17;2972
12;2025-11-17;18;3144
12;2025-11-17;19;2287
12;2025-11-17;20;1513
12;2025-11-17;21;910
12;2025-11-17;22;433
12;2025-11-17;23;222
12;2025-11-18;0;49
12;2025-11-18;1;1
12;2025-11-18;2;0
12;2025-11-18;3;0
12;2025-11-18;4;6
12;2025-11-18;5;320
12;2025-11-18;6;1423
12;2025-11-18;7;2749
12;2025-11-18;8;3588
12;2025-11-18;9;2532
12;2025-11-18;10;2101
12;2025-11-18;11;1997
12;2025-11-18;12;2030
12;2025-11-18;13;2094
12;2025-11-18;14;2011
12;2025-11-18;15;2301
12;2025-11-18;16;2699
12;2025-11-18;17;3036
12;2025-11-18;18;3225
12;2025-11-18;19;2360
12;2025-11-18;20;1507
12;2025-11-18;21;922
12;2025-11-18;22;456
12;2025-11-18;23;241
12;2025-11-19;0;58
12;2025-11-19;1;1
12;2025-11-19;2;0
12;2025-11-19;3;0
12;2025-11-19;4;7
12;2025-11-19;5;322
12;2025-11-19;6;1406
12;2025-11-19;7;2669
12;2025-11-19;8;3506
12;2025-11-19;9;2522
12;2025-11-19;10;2138
12;2025-11-19;11;2027
12;2025-11-19;12;2057
12;2025-11-19;13;2108
12;2025-11-19;14;2014
12;2025-11-19;15;2323
12;2025-11-19;16;2749
12;2025-11-19;17;3042
12;2025-11-19;18;3104
12;2025-11-19;19;2375
12;2025-11-19;20;1557
12;2025-11-19;21;976
12;2025-11-19;22;472
12;2025-11-19;23;247
12;2025-11-20;0;49
12;2025-11-20;1;2
12;2025-11-20;2;0
12;2025-11-20;3;0
12;2025-11-20;4;7
12;2025-11-20;5;301
12;2025-11-20;6;1358
12;2025-11-20;7;2641
12;2025-11-20;8;3487
12;2025-11-20;9;2474
12;2025-11-20;10;2064
12;2025-11-20;11;1941
12;2025-11-20;12;2016
12;2025-11-20;13;2080
12;2025-11-20;14;1999
12;2025-11-20;15;2261
12;2025-11-20;16;2673
12;2025-11-20;17;2987
12;2025-11-20;18;3149
12;2025-11-20;19;2356
12;2025-11-20;20;1520
12;2025-11-20;21;938
12;2025-11-20;22;463
12;2025-11-20;23;254
12;2025-11-21;0;54
12;2025-11-21;1;1
12;2025-11-21;2;0
12;2025-11-21;3;0
12;2025-11-21;4;4
12;2025-11-21;5;311
12;2025-11-21;6;1344
12;2025-11-21;7;2602
12;2025-11-21;8;3301
12;2025-11-21;9;2389
12;2025-11-21;10;1966
12;2025-11-21;11;1936
12;2025-11-21;12;1970
12;2025-11-21;13;2043
12;2025-11-21;14;1982
12;2025-11-21;15;2301
12;2025-11-21;16;2799
12;2025-11-21;17;2929
12;2025-11-21;18;2579
12;2025-11-21;19;2024
12;2025-11-21;20;1353
12;2025-11-21;21;903
12;2025-11-21;22;451
12;2025-11-21;23;298
12;2025-11-22;0;73
12;2025-11-22;1;3
12;2025-11-22;2;0
12;2025-11-22;3;0
12;2025-11-22;4;2
12;2025-11-22;5;215
12;2025-11-22;6;778
12;2025-11-22;7;884
12;2025-11-22;8;1025
12;2025-11-22;9;1219
12;2025-11-22;10;1439
12;2025-11-22;11;1543
12;2025-11-22;12;1592
12;2025-11-22;13;1768
12;2025-11-22;14;1679
12;2025-11-22;15;1625
12;2025-11-22;16;1742
12;2025-11-22;17;1663
12;2025-11-22;18;1504
12;2025-11-22;19;1311
12;2025-11-22;20;913
12;2025-11-22;21;721
12;2025-11-22;22;386
12;2025-11-22;23;281
12;2025-11-23;0;79
12;2025-11-23;1;4
12;2025-11-23;2;0
12;2025-11-23;3;0
12;2025-11-23;4;3
12;2025-11-23;5;129
12;2025-11-23;6;513
12;2025-11-23;7;676
12;2025-11-23;8;709
12;2025-11-23;9;915
12;2025-11-23;10;1149
12;2025-11-23;11;1269
12;2025-11-23;12;1335
12;2025-11-23;13;1528
12;2025-11-23;14;1496
12;2025-11-23;15;1507
12;2025-11-23;16;1539
12;2025-11-23;17;1490
12;2025-11-23;18;1305
12;2025-11-23;19;1023
12;2025-11-23;20;751
12;2025-11-23;21;582
12;2025-11-23;22;361
12;2025-11-23;23;206
12;2025-11-24;0;53
12;2025-11-24;1;3
12;2025-11-24;2;0
12;2025-11-24;3;0
12;2025-11-24;4;6
12;2025-11-24;5;304
12;2025-11-24;6;1367
12;2025-11-24;7;2627
12;2025-11-24;8;3390
12;2025-11-24;9;2440
12;2025-11-24;10;1995
12;2025-11-24;11;1932
12;2025-11-24;12;2006
12;2025-11-24;13;2011
12;2025-11-24;14;1958
12;2025-11-24;15;2245
12;2025-11-24;16;2659
12;2025-11-24;17;2972
12;2025-11-24;18;3144
12;2025-11-24;19;2287
12;2025-11-24;20;1513
12;2025-11-24;21;910
12;2025-11-24;22;433
12;2025-11-24;23;222
12;2025-11-25;0;49
12;2025-11-25;1;1
12;2025-11-25;2;0
12;2025-11-25;3;0
12;2025-11-25;4;6
12;2025-11-25;5;320
12;2025-11-25;6;1423
12;2025-11-25;7;2749
12;2025-11-25;8;3588
12;2025-11-25;9;2532
12;2025-11-25;10;2101
12;2025-11-25;11;1997
12;2025-11-25;12;2030
12;2025-11-25;13;2094
12;2025-11-25;14;2011
12;2025-11-25;15;2301
12;2025-11-25;16;2699
12;2025-11-25;17;3036
12;2025-11-25;18;3225
12;2025-11-25;19;2360
12;2025-11-25;20;1507
12;2025-11-25;21;922
12;2025-11-25;22;456
12;2025-11-25;23;241
12;2025-11-26;0;58
12;2025-11-26;1;1
12;2025-11-26;2;0
12;2025-11-26;3;0
12;2025-11-26;4;7
12;2025-11-26;5;322
12;2025-11-26;6;1406
12;2025-11-26;7;2669
12;2025-11-26;8;3506
12;2025-11-26;9;2522
12;2025-11-26;10;2138
12;2025-11-26;11;2027
12;2025-11-26;12;2057
12;2025-11-26;13;2108
12;2025-11-26;14;2014
12;2025-11-26;15;2323
12;2025-11-26;16;2749
12;2025-11-26;17;3042
12;2025-11-26;18;3104
12;2025-11-26;19;2375
12;2025-11-26;20;1557
12;2025-11-26;21;976
12;2025-11-26;22;472
12;2025-11-26;23;247
12;2025-11-27;0;49
12;2025-11-27;1;2
12;2025-11-27;2;0
12;2025-11-27;3;0
12;2025-11-27;4;7
12;2025-11-27;5;301
12;2025-11-27;6;1358
12;2025-11-27;7;2641
12;2025-11-27;8;3487
12;2025-11-27;9;2474
12;2025-11-27;10;2064
12;2025-11-27;11;1941
12;2025-11-27;12;2016
12;2025-11-27;13;2080
12;2025-11-27;14;1999
12;2025-11-27;15;2261
12;2025-11-27;16;2673
12;2025-11-27;17;2987
12;2025-11-27;18;3149
12;2025-11-27;19;2356
12;2025-11-27;20;1520
12;2025-11-27;21;938
12;2025-11-27;22;463
12;2025-11-27;23;254
12;2025-11-28;0;54
12;2025-11-28;1;1
12;2025-11-28;2;0
12;2025-11-28;3;0
12;2025-11-28;4;4
12;2025-11-28;5;311
12;2025-11-28;6;1344
12;2025-11-28;7;2602
12;2025-11-28;8;3301
12;2025-11-28;9;2389
12;2025-11-28;10;1966
12;2025-11-28;11;1936
12;2025-11-28;12;1970
12;2025-11-28;13;2043
12;2025-11-28;14;1982
12;2025-11-28;15;2301
12;2025-11-28;16;2799
12;2025-11-28;17;2929
12;2025-11-28;18;2579
12;2025-11-28;19;2024
12;2025-11-28;20;1353
12;2025-11-28;21;903
12;2025-11-28;22;451
12;2025-11-28;23;298
12;2025-11-29;0;73
12;2025-11-29;1;3
12;2025-11-29;2;0
12;2025-11-29;3;0
12;2025-11-29;4;2
12;2025-11-29;5;215
12;2025-11-29;6;778
12;2025-11-29;7;884
12;2025-11-29;8;1025
12;2025-11-29;9;1219
12;2025-11-29;10;1439
12;2025-11-29;11;1543
12;2025-11-29;12;1592
12;2025-11-29;13;1768
12;2025-11-29;14;1679
12;2025-11-29;15;1625
12;2025-11-29;16;1742
12;2025-11-29;17;1663
12;2025-11-29;18;1504
12;2025-11-29;19;1311
12;2025-11-29;20;913
12;2025-11-29;21;721
12;2025-11-29;22;386
12;2025-11-29;23;281
12;2025-11-30;0;79
12;2025-11-30;1;4
12;2025-11-30;2;0
12;2025-11-30;3;0
12;2025-11-30;4;3
12;2025-11-30;5;129
12;2025-11-30;6;513
12;2025-11-30;7;676
12;2025-11-30;8;709
12;2025-11-30;9;915
12;2025-11-30;10;1149
12;2025-11-30;11;1269
12;2025-11-30;12;1335
12;2025-11-30;13;1528
12;2025-11-30;14;1496
12;2025-11-30;15;1507
12;2025-11-30;16;1539
12;2025-11-30;17;1490
12;2025-11-30;18;1305
12;2025-11-30;19;1023
12;2025-11-30;20;751
12;2025-11-30;21;582
12;2025-11-30;22;361
12;2025-11-30;23;206
12;2025-12-01;0;53
12;2025-12-01;1;3
12;2025-12-01;2;0
12;2025-12-01;3;0
12;2025-12-01;4;6
12;2025-12-01;5;304
12;2025-12-01;6;1367
12;2025-12-01;7;2627
12;2025-12-01;8;3390
12;2025-12-01;9;2440
12;2025-12-01;10;1995
12;2025-12-01;11;1932
12;2025-12-01;12;2006
12;2025-12-01;13;2011
12;2025-12-01;14;1958
12;2025-12-01;15;2245
12;2025-12-01;16;2659
12;2025-12-01;17;2972
12;2025-12-01;18;3144
12;2025-12-01;19;2287
12;2025-12-01;20;1513
12;2025-12-01;21;910
12;2025-12-01;22;433
12;2025-12-01;23;222
12;2025-12-02;0;49
12;2025-12-02;1;1
12;2025-12-02;2;0
12;2025-12-02;3;0
12;2025-12-02;4;6
12;2025-12-02;5;320
12;2025-12-02;6;1423
12;2025-12-02;7;2749
12;2025-12-02;8;3588
12;2025-12-02;9;2532
12;2025-12-02;10;2101
12;2025-12-02;11;1997
12;2025-12-02;12;2030
12;2025-12-02;13;2094
12;2025-12-02;14;2011
12;2025-12-02;15;2301
12;2025-12-02;16;2699
12;2025-12-02;17;3036
12;2025-12-02;18;3225
12;2025-12-02;19;2360
12;2025-12-02;20;1507
12;2025-12-02;21;922
12;2025-12-02;22;456
12;2025-12-02;23;241
12;2025-12-03;0;58
12;2025-12-03;1;1
12;2025-12-03;2;0
12;2025-12-03;3;0
12;2025-12-03;4;7
12;2025-12-03;5;322
12;2025-12-03;6;1405
12;2025-12-03;7;2669
12;2025-12-03;8;3505
12;2025-12-03;9;2521
12;2025-12-03;10;2137
12;2025-12-03;11;2026
12;2025-12-03;12;2056
12;2025-12-03;13;2107
12;2025-12-03;14;2015
12;2025-12-03;15;2323
12;2025-12-03;16;2748
12;2025-12-03;17;3041
12;2025-12-03;18;3105
12;2025-12-03;19;2376
12;2025-12-03;20;1558
12;2025-12-03;21;977
12;2025-12-03;22;473
12;2025-12-03;23;249
12;2025-12-04;0;49
12;2025-12-04;1;2
12;2025-12-04;2;0
12;2025-12-04;3;0
12;2025-12-04;4;7
12;2025-12-04;5;299
12;2025-12-04;6;1352
12;2025-12-04;7;2629
12;2025-12-04;8;3470
12;2025-12-04;9;2463
12;2025-12-04;10;2055
12;2025-12-04;11;1932
12;2025-12-04;12;2007
12;2025-12-04;13;2074
12;2025-12-04;14;1993
12;2025-12-04;15;2261
12;2025-12-04;16;2672
12;2025-12-04;17;2983
12;2025-12-04;18;3151
12;2025-12-04;19;2362
12;2025-12-04;20;1529
12;2025-12-04;21;961
12;2025-12-04;22;488
12;2025-12-04;23;280
12;2025-12-05;0;54
12;2025-12-05;1;1
12;2025-12-05;2;0
12;2025-12-05;3;0
12;2025-12-05;4;4
12;2025-12-05;5;309
12;2025-12-05;6;1336
12;2025-12-05;7;2587
12;2025-12-05;8;3282
12;2025-12-05;9;2375
12;2025-12-05;10;1955
12;2025-12-05;11;1926
12;2025-12-05;12;1958
12;2025-12-05;13;2035
12;2025-12-05;14;1973
12;2025-12-05;15;2296
12;2025-12-05;16;2788
12;2025-12-05;17;2921
12;2025-12-05;18;2589
12;2025-12-05;19;2038
12;2025-12-05;20;1370
12;2025-12-05;21;933
12;2025-12-05;22;482
12;2025-12-05;23;330
12;2025-12-06;0;73
12;2025-12-06;1;3
12;2025-12-06;2;0
12;2025-12-06;3;0
12;2025-12-06;4;2
12;2025-12-06;5;208
12;2025-12-06;6;770
12;2025-12-06;7;875
12;2025-12-06;8;1016
12;2025-12-06;9;1209
12;2025-12-06;10;1430
12;2025-12-06;11;1533
12;2025-12-06;12;1582
12;2025-12-06;13;1759
12;2025-12-06;14;1671
12;2025-12-06;15;1627
12;2025-12-06;16;1744
12;2025-12-06;17;1666
12;2025-12-06;18;1513
12;2025-12-06;19;1320
12;2025-12-06;20;923
12;2025-12-06;21;738
12;2025-12-06;22;403
12;2025-12-06;23;299
12;2025-12-07;0;79
12;2025-12-07;1;4
12;2025-12-07;2;0
12;2025-12-07;3;0
12;2025-12-07;4;3
12;2025-12-07;5;122
12;2025-12-07;6;506
12;2025-12-07;7;669
12;2025-12-07;8;702
12;2025-12-07;9;907
12;2025-12-07;10;1139
12;2025-12-07;11;1260
12;2025-12-07;12;1325
12;2025-12-07;13;1519
12;2025-12-07;14;1487
12;2025-12-07;15;1508
12;2025-12-07;16;1538
12;2025-12-07;17;1491
12;2025-12-07;18;1314
12;2025-12-07;19;1033
12;2025-12-07;20;762
12;2025-12-07;21;598
12;2025-12-07;22;378
12;2025-12-07;23;224
12;2025-12-08;0;53
12;2025-12-08;1;3
12;2025-12-08;2;0
12;2025-12-08;3;0
12;2025-12-08;4;6
12;2025-12-08;5;294
12;2025-12-08;6;1353
12;2025-12-08;7;2608
12;2025-12-08;8;3369
12;2025-12-08;9;2422
12;2025-12-08;10;1978
12;2025-12-08;11;1916
12;2025-12-08;12;1990
12;2025-12-08;13;1998
12;2025-12-08;14;1947
12;2025-12-08;15;2252
12;2025-12-08;16;2665
12;2025-12-08;17;2976
12;2025-12-08;18;3157
12;2025-12-08;19;2302
12;2025-12-08;20;1531
12;2025-12-08;21;941
12;2025-12-08;22;464
12;2025-12-08;23;255
12;2025-12-09;0;49
12;2025-12-09;1;1
12;2025-12-09;2;0
12;2025-12-09;3;0
12;2025-12-09;4;6
12;2025-12-09;5;309
12;2025-12-09;6;1410
12;2025-12-09;7;2733
12;2025-12-09;8;3570
12;2025-12-09;9;2517
12;2025-12-09;10;2086
12;2025-12-09;11;1983
12;2025-12-09;12;2016
12;2025-12-09;13;2083
12;2025-12-09;14;2002
12;2025-12-09;15;2308
12;2025-12-09;16;2705
12;2025-12-09;17;3042
12;2025-12-09;18;3236
12;2025-12-09;19;2372
12;2025-12-09;20;1521
12;2025-12-09;21;948
12;2025-12-09;22;483
12;2025-12-09;23;269
12;2025-12-10;0;58
12;2025-12-10;1;1
12;2025-12-10;2;0
12;2025-12-10;3;0
12;2025-12-10;4;7
12;2025-12-10;5;311
12;2025-12-10;6;1391
12;2025-12-10;7;2651
12;2025-12-10;8;3485
12;2025-12-10;9;2504
12;2025-12-10;10;2121
12;2025-12-10;11;2010
12;2025-12-10;12;2040
12;2025-12-10;13;2094
12;2025-12-10;14;2003
12;2025-12-10;15;2330
12;2025-12-10;16;2755
12;2025-12-10;17;3048
12;2025-12-10;18;3117
12;2025-12-10;19;2390
12;2025-12-10;20;1574
12;2025-12-10;21;1006
12;2025-12-10;22;504
12;2025-12-10;23;280
12;2025-12-11;0;49
12;2025-12-11;1;2
12;2025-12-11;2;0
12;2025-12-11;3;0
12;2025-12-11;4;7
12;2025-12-11;5;290
12;2025-12-11;6;1345
12;2025-12-11;7;2626
12;2025-12-11;8;3469
12;2025-12-11;9;2459
12;2025-12-11;10;2050
12;2025-12-11;11;1927
12;2025-12-11;12;2002
12;2025-12-11;13;2069
12;2025-12-11;14;1990
12;2025-12-11;15;2267
12;2025-12-11;16;2679
12;2025-12-11;17;2991
12;2025-12-11;18;3160
12;2025-12-11;19;2368
12;2025-12-11;20;1534
12;2025-12-11;21;964
12;2025-12-11;22;490
12;2025-12-11;23;281
12;2025-12-12;0;54
12;2025-12-12;1;1
12;2025-12-12;2;0
12;2025-12-12;3;0
12;2025-12-12;4;4
12;2025-12-12;5;300
12;2025-12-12;6;1330
12;2025-12-12;7;2584
12;2025-12-12;8;3280
12;2025-12-12;9;2371
12;2025-12-12;10;1950
12;2025-12-12;11;1921
12;2025-12-12;12;1954
12;2025-12-12;13;2030
12;2025-12-12;14;1970
12;2025-12-12;15;2303
12;2025-12-12;16;2796
12;2025-12-12;17;2929
12;2025-12-12;18;2596
12;2025-12-12;19;2043
12;2025-12-12;20;1374
12;2025-12-12;21;935
12;2025-12-12;22;483
12;2025-12-12;23;331
12;2025-12-13;0;73
12;2025-12-13;1;3
12;2025-12-13;2;0
12;2025-12-13;3;0
12;2025-12-13;4;2
12;2025-12-13;5;208
12;2025-12-13;6;770
12;2025-12-13;7;875
12;2025-12-13;8;1016
12;2025-12-13;9;1209
12;2025-12-13;10;1430
12;2025-12-13;11;1533
12;2025-12-13;12;1582
12;2025-12-13;13;1759
12;2025-12-13;14;1671
12;2025-12-13;15;1627
12;2025-12-13;16;1744
12;2025-12-13;17;1666
12;2025-12-13;18;1513
12;2025-12-13;19;1320
12;2025-12-13;20;923
12;2025-12-13;21;738
12;2025-12-13;22;403
12;2025-12-13;23;299
12;2025-12-14;0;79
12;2025-12-14;1;4
12;2025-12-14;2;0
12;2025-12-14;3;0
12;2025-12-14;4;3
12;2025-12-14;5;122
12;2025-12-14;6;506
12;2025-12-14;7;669
12;2025-12-14;8;702
12;2025-12-14;9;907
12;2025-12-14;10;1139
12;2025-12-14;11;1260
12;2025-12-14;12;1325
12;2025-12-14;13;1519
12;2025-12-14;14;1487
12;2025-12-14;15;1508
12;2025-12-14;16;1538
12;2025-12-14;17;1491
12;2025-12-14;18;1314
12;2025-12-14;19;1033
12;2025-12-14;20;762
12;2025-12-14;21;598
12;2025-12-14;22;378
12;2025-12-14;23;224
12;2025-12-15;0;53
12;2025-12-15;1;3
12;2025-12-15;2;0
12;2025-12-15;3;0
12;2025-12-15;4;6
12;2025-12-15;5;294
12;2025-12-15;6;1353
12;2025-12-15;7;2608
12;2025-12-15;8;3369
12;2025-12-15;9;2422
12;2025-12-15;10;1978
12;2025-12-15;11;1916
12;2025-12-15;12;1990
12;2025-12-15;13;1998
12;2025-12-15;14;1947
12;2025-12-15;15;2252
12;2025-12-15;16;2665
12;2025-12-15;17;2976
12;2025-12-15;18;3157
12;2025-12-15;19;2302
12;2025-12-15;20;1531
12;2025-12-15;21;941
12;2025-12-15;22;464
12;2025-12-15;23;255
12;2025-12-16;0;49
12;2025-12-16;1;1
12;2025-12-16;2;0
12;2025-12-16;3;0
12;2025-12-16;4;6
12;2025-12-16;5;309
12;2025-12-16;6;1410
12;2025-12-16;7;2733
12;2025-12-16;8;3570
12;2025-12-16;9;2517
12;2025-12-16;10;2086
12;2025-12-16;11;1983
12;2025-12-16;12;2016
12;2025-12-16;13;2083
12;2025-12-16;14;2002
12;2025-12-16;15;2308
12;2025-12-16;16;2705
12;2025-12-16;17;3042
12;2025-12-16;18;3236
12;2025-12-16;19;2372
12;2025-12-16;20;1521
12;2025-12-16;21;948
12;2025-12-16;22;483
12;2025-12-16;23;269
12;2025-12-17;0;58
12;2025-12-17;1;1
12;2025-12-17;2;0
12;2025-12-17;3;0
12;2025-12-17;4;7
12;2025-12-17;5;311
12;2025-12-17;6;1391
12;2025-12-17;7;2651
12;2025-12-17;8;3485
12;2025-12-17;9;2504
12;2025-12-17;10;2121
12;2025-12-17;11;2010
12;2025-12-17;12;2040
12;2025-12-17;13;2094
12;2025-12-17;14;2003
12;2025-12-17;15;2330
12;2025-12-17;16;2755
12;2025-12-17;17;3048
12;2025-12-17;18;3117
12;2025-12-17;19;2390
12;2025-12-17;20;1574
12;2025-12-17;21;1006
12;2025-12-17;22;504
12;2025-12-17;23;280
12;2025-12-18;0;49
12;2025-12-18;1;2
12;2025-12-18;2;0
12;2025-12-18;3;0
12;2025-12-18;4;7
12;2025-12-18;5;290
12;2025-12-18;6;1345
12;2025-12-18;7;2626
12;2025-12-18;8;3469
12;2025-12-18;9;2459
12;2025-12-18;10;2050
12;2025-12-18;11;1927
12;2025-12-18;12;2002
12;2025-12-18;13;2069
12;2025-12-18;14;1990
12;2025-12-18;15;2267
12;2025-12-18;16;2679
12;2025-12-18;17;2991
12;2025-12-18;18;3160
12;2025-12-18;19;2368
12;2025-12-18;20;1534
12;2025-12-18;21;964
12;2025-12-18;22;490
12;2025-12-18;23;281
12;2025-12-19;0;54
12;2025-12-19;1;1
12;2025-12-19;2;0
12;2025-12-19;3;0
12;2025-12-19;4;4
12;2025-12-19;5;300
12;2025-12-19;6;1330
12;2025-12-19;7;2584
12;2025-12-19;8;3280
12;2025-12-19;9;2371
12;2025-12-19;10;1950
12;2025-12-19;11;1921
12;2025-12-19;12;1954
12;2025-12-19;13;2030
12;2025-12-19;14;1970
12;2025-12-19;15;2303
12;2025-12-19;16;2796
12;2025-12-19;17;2929
12;2025-12-19;18;2596
12;2025-12-19;19;2043
12;2025-12-19;20;1374
12;2025-12-19;21;935
12;2025-12-19;22;483
12;2025-12-19;23;331
12;2025-12-20;0;73
12;2025-12-20;1;3
12;2025-12-20;2;0
12;2025-12-20;3;0
12;2025-12-20;4;2
12;2025-12-20;5;208
12;2025-12-20;6;770
12;2025-12-20;7;875
12;2025-12-20;8;1016
12;2025-12-20;9;1209
12;2025-12-20;10;1430
12;2025-12-20;11;1533
12;2025-12-20;12;1582
12;2025-12-20;13;1759
12;2025-12-20;14;1671
12;2025-12-20;15;1627
12;2025-12-20;16;1744
12;2025-12-20;17;1666
12;2025-12-20;18;1513
12;2025-12-20;19;1320
12;2025-12-20;20;923
12;2025-12-20;21;738
12;2025-12-20;22;403
12;2025-12-20;23;299
12;2025-12-21;0;79
12;2025-12-21;1;4
12;2025-12-21;2;0
12;2025-12-21;3;0
12;2025-12-21;4;3
12;2025-12-21;5;122
12;2025-12-21;6;506
12;2025-12-21;7;669
12;2025-12-21;8;702
12;2025-12-21;9;907
12;2025-12-21;10;1139
12;2025-12-21;11;1260
12;2025-12-21;12;1325
12;2025-12-21;13;1519
12;2025-12-21;14;1487
12;2025-12-21;15;1508
12;2025-12-21;16;1538
12;2025-12-21;17;1491
12;2025-12-21;18;1314
12;2025-12-21;19;1033
12;2025-12-21;20;762
12;2025-12-21;21;598
12;2025-12-21;22;378
12;2025-12-21;23;224
12;2025-12-22;0;53
12;2025-12-22;1;3
12;2025-12-22;2;0
12;2025-12-22;3;0
12;2025-12-22;4;6
12;2025-12-22;5;294
12;2025-12-22;6;1353
12;2025-12-22;7;2608
12;2025-12-22;8;3369
12;2025-12-22;9;2422
12;2025-12-22;10;1978
12;2025-12-22;11;1916
12;2025-12-22;12;1990
12;2025-12-22;13;1998
12;2025-12-22;14;1947
12;2025-12-22;15;2252
12;2025-12-22;16;2665
12;2025-12-22;17;2976
12;2025-12-22;18;3157
12;2025-12-22;19;2302
12;2025-12-22;20;1531
12;2025-12-22;21;941
12;2025-12-22;22;464
12;2025-12-22;23;255
12;2025-12-23;0;49
12;2025-12-23;1;1
12;2025-12-23;2;0
12;2025-12-23;3;0
12;2025-12-23;4;6
12;2025-12-23;5;309
12;2025-12-23;6;1410
12;2025-12-23;7;2733
12;2025-12-23;8;3570
12;2025-12-23;9;2517
12;2025-12-23;10;2086
12;2025-12-23;11;1983
12;2025-12-23;12;2016
12;2025-12-23;13;2083
12;2025-12-23;14;2002
12;2025-12-23;15;2308
12;2025-12-23;16;2705
12;2025-12-23;17;3042
12;2025-12-23;18;3236
12;2025-12-23;19;2372
12;2025-12-23;20;1521
12;2025-12-23;21;948
12;2025-12-23;22;483
12;2025-12-23;23;269
12;2025-12-24;0;58
12;2025-12-24;1;1
12;2025-12-24;2;0
12;2025-12-24;3;0
12;2025-12-24;4;7
12;2025-12-24;5;311
12;2025-12-24;6;1391
12;2025-12-24;7;2651
12;2025-12-24;8;3485
12;2025-12-24;9;2504
12;2025-12-24;10;2121
12;2025-12-24;11;2010
12;2025-12-24;12;2040
12;2025-12-24;13;2094
12;2025-12-24;14;2003
12;2025-12-24;15;2330
12;2025-12-24;16;2755
12;2025-12-24;17;3048
12;2025-12-24;18;3117
12;2025-12-24;19;2390
12;2025-12-24;20;1574
12;2025-12-24;21;1006
12;2025-12-24;22;504
12;2025-12-24;23;280
12;2025-12-25;0;49
12;2025-12-25;1;2
12;2025-12-25;2;0
12;2025-12-25;3;0
12;2025-12-25;4;7
12;2025-12-25;5;290
12;2025-12-25;6;1345
12;2025-12-25;7;2626
12;2025-12-25;8;3469
12;2025-12-25;9;2459
12;2025-12-25;10;2050
12;2025-12-25;11;1927
12;2025-12-25;12;2002
12;2025-12-25;13;2069
12;2025-12-25;14;1990
12;2025-12-25;15;2267
12;2025-12-25;16;2679
12;2025-12-25;17;2991
12;2025-12-25;18;3160
12;2025-12-25;19;2368
12;2025-12-25;20;1534
12;2025-12-25;21;964
12;2025-12-25;22;490
12;2025-12-25;23;281
12;2025-12-26;0;54
12;2025-12-26;1;1
12;2025-12-26;2;0
12;2025-12-26;3;0
12;2025-12-26;4;4
12;2025-12-26;5;300
12;2025-12-26;6;1330
12;2025-12-26;7;2584
12;2025-12-26;8;3280
12;2025-12-26;9;2371
12;2025-12-26;10;1950
12;2025-12-26;11;1921
12;2025-12-26;12;1954
12;2025-12-26;13;2030
12;2025-12-26;14;1970
12;2025-12-26;15;2303
12;2025-12-26;16;2796
12;2025-12-26;17;2929
12;2025-12-26;18;2596
12;2025-12-26;19;2043
12;2025-12-26;20;1374
12;2025-12-26;21;935
12;2025-12-26;22;483
12;2025-12-26;23;331
12;2025-12-27;0;73
12;2025-12-27;1;3
12;2025-12-27;2;0
12;2025-12-27;3;0
12;2025-12-27;4;2
12;2025-12-27;5;208
12;2025-12-27;6;770
12;2025-12-27;7;875
12;2025-12-27;8;1016
12;2025-12-27;9;1209
12;2025-12-27;10;1430
12;2025-12-27;11;1533
12;2025-12-27;12;1582
12;2025-12-27;13;1759
12;2025-12-27;14;1671
12;2025-12-27;15;1627
12;2025-12-27;16;1744
12;2025-12-27;17;1666
12;2025-12-27;18;1513
12;2025-12-27;19;1320
12;2025-12-27;20;923
12;2025-12-27;21;738
12;2025-12-27;22;403
12;2025-12-27;23;299
12;2025-12-28;0;79
12;2025-12-28;1;4
12;2025-12-28;2;0
12;2025-12-28;3;0
12;2025-12-28;4;3
12;2025-12-28;5;122
12;2025-12-28;6;506
12;2025-12-28;7;669
12;2025-12-28;8;702
12;2025-12-28;9;907
12;2025-12-28;10;1139
12;2025-12-28;11;1260
12;2025-12-28;12;1325
12;2025-12-28;13;1519
12;2025-12-28;14;1487
12;2025-12-28;15;1508
12;2025-12-28;16;1538
12;2025-12-28;17;1491
12;2025-12-28;18;1314
12;2025-12-28;19;1033
12;2025-12-28;20;762
12;2025-12-28;21;598
12;2025-12-28;22;378
12;2025-12-28;23;224
12;2025-12-29;0;53
12;2025-12-29;1;3
12;2025-12-29;2;0
12;2025-12-29;3;0
12;2025-12-29;4;6
12;2025-12-29;5;297
12;2025-12-29;6;1358
12;2025-12-29;7;2511
12;2025-12-29;8;3360
12;2025-12-29;9;2353
12;2025-12-29;10;1807
12;2025-12-29;11;1742
12;2025-12-29;12;1913
12;2025-12-29;13;1818
12;2025-12-29;14;1853
12;2025-12-29;15;2036
12;2025-12-29;16;2536
12;2025-12-29;17;2806
12;2025-12-29;18;3006
12;2025-12-29;19;2219
12;2025-12-29;20;1503
12;2025-12-29;21;893
12;2025-12-29;22;433
12;2025-12-29;23;222
12;2025-12-30;0;43
12;2025-12-30;1;1
12;2025-12-30;2;0
12;2025-12-30;3;0
12;2025-12-30;4;5
12;2025-12-30;5;306
12;2025-12-30;6;1295
12;2025-12-30;7;2534
12;2025-12-30;8;3329
12;2025-12-30;9;2307
12;2025-12-30;10;1879
12;2025-12-30;11;1846
12;2025-12-30;12;1871
12;2025-12-30;13;1904
12;2025-12-30;14;1828
12;2025-12-30;15;1995
12;2025-12-30;16;2398
12;2025-12-30;17;2740
12;2025-12-30;18;2912
12;2025-12-30;19;2158
12;2025-12-30;20;1374
12;2025-12-30;21;830
12;2025-12-30;22;443
12;2025-12-30;23;230
12;2025-12-31;0;71
12;2025-12-31;1;3
12;2025-12-31;2;0
12;2025-12-31;3;0
12;2025-12-31;4;2
12;2025-12-31;5;150
12;2025-12-31;6;536
12;2025-12-31;7;665
12;2025-12-31;8;727
12;2025-12-31;9;903
12;2025-12-31;10;1096
12;2025-12-31;11;1168
12;2025-12-31;12;1242
12;2025-12-31;13;1436
12;2025-12-31;14;1310
12;2025-12-31;15;1303
12;2025-12-31;16;1338
12;2025-12-31;17;1363
12;2025-12-31;18;1208
12;2025-12-31;19;986
12;2025-12-31;20;727
12;2025-12-31;21;574
12;2025-12-31;22;343
12;2025-12-31;23;206
17;2025-11-01;0;175
17;2025-11-01;1;21
17;2025-11-01;2;0
17;2025-11-01;3;0
17;2025-11-01;4;17
17;2025-11-01;5;244
17;2025-11-01;6;1157
17;2025-11-01;7;3005
17;2025-11-01;8;3891
17;2025-11-01;9;3213
17;2025-11-01;10;2841
17;2025-11-01;11;3063
17;2025-11-01;12;3210
17;2025-11-01;13;3381
17;2025-11-01;14;3464
17;2025-11-01;15;3634
17;2025-11-01;16;4063
17;2025-11-01;17;4264
17;2025-11-01;18;3917
17;2025-11-01;19;2955
17;2025-11-01;20;2227
17;2025-11-01;21;1539
17;2025-11-01;22;836
17;2025-11-01;23;472
17;2025-11-02;0;181
17;2025-11-02;1;24
17;2025-11-02;2;0
17;2025-11-02;3;0
17;2025-11-02;4;3
17;2025-11-02;5;104
17;2025-11-02;6;419
17;2025-11-02;7;809
17;2025-11-02;8;1196
17;2025-11-02;9;1638
17;2025-11-02;10;1943
17;2025-11-02;11;2466
17;2025-11-02;12;2812
17;2025-11-02;13;3052
17;2025-11-02;14;3148
17;2025-11-02;15;3103
17;2025-11-02;16;3019
17;2025-11-02;17;2843
17;2025-11-02;18;2476
17;2025-11-02;19;2000
17;2025-11-02;20;1503
17;2025-11-02;21;1091
17;2025-11-02;22;677
17;2025-11-02;23;306
17;2025-11-03;0;186
17;2025-11-03;1;24
17;2025-11-03;2;0
17;2025-11-03;3;0
17;2025-11-03;4;3
17;2025-11-03;5;110
17;2025-11-03;6;450
17;2025-11-03;7;900
17;2025-11-03;8;1314
17;2025-11-03;9;1761
17;2025-11-03;10;2048
17;2025-11-03;11;2553
17;2025-11-03;12;2891
17;2025-11-03;13;3134
17;2025-11-03;14;3219
17;2025-11-03;15;3184
17;2025-11-03;16;3122
17;2025-11-03;17;2928
17;2025-11-03;18;2575
17;2025-11-03;19;2069
17;2025-11-03;20;1574
17;2025-11-03;21;1144
17;2025-11-03;22;709
17;2025-11-03;23;338
17;2025-11-04;0;166
17;2025-11-04;1;22
17;2025-11-04;2;0
17;2025-11-04;3;0
17;2025-11-04;4;3
17;2025-11-04;5;97
17;2025-11-04;6;395
17;2025-11-04;7;780
17;2025-11-04;8;1144
17;2025-11-04;9;1546
17;2025-11-04;10;1811
17;2025-11-04;11;2273
17;2025-11-04;12;2581
17;2025-11-04;13;2799
17;2025-11-04;14;2880
17;2025-11-04;15;2845
17;2025-11-04;16;2781
17;2025-11-04;17;2612
17;2025-11-04;18;2289
17;2025-11-04;19;1843
17;2025-11-04;20;1395
17;2025-11-04;21;1014
17;2025-11-04;22;630
17;2025-11-04;23;294
17;2025-11-05;0;122
17;2025-11-05;1;11
17;2025-11-05;2;0
17;2025-11-05;3;0
17;2025-11-05;4;26
17;2025-11-05;5;312
17;2025-11-05;6;1501
17;2025-11-05;7;4033
17;2025-11-05;8;5361
17;2025-11-05;9;3856
17;2025-11-05;10;3079
17;2025-11-05;11;3066
17;2025-11-05;12;3058
17;2025-11-05;13;3171
17;2025-11-05;14;3237
17;2025-11-05;15;3375
17;2025-11-05;16;3743
17;2025-11-05;17;4555
17;2025-11-05;18;4722
17;2025-11-05;19;3325
17;2025-11-05;20;2322
17;2025-11-05;21;1461
17;2025-11-05;22;743
17;2025-11-05;23;383
17;2025-11-06;0;133
17;2025-11-06;1;12
17;2025-11-06;2;0
17;2025-11-06;3;0
17;2025-11-06;4;26
17;2025-11-06;5;324
17;2025-11-06;6;1529
17;2025-11-06;7;4033
17;2025-11-06;8;5314
17;2025-11-06;9;3845
17;2025-11-06;10;3094
17;2025-11-06;11;3051
17;2025-11-06;12;3066
17;2025-11-06;13;3183
17;2025-11-06;14;3211
17;2025-11-06;15;3358
17;2025-11-06;16;3809
17;2025-11-06;17;4531
17;2025-11-06;18;4717
17;2025-11-06;19;3358
17;2025-11-06;20;2397
17;2025-11-06;21;1483
17;2025-11-06;22;748
17;2025-11-06;23;396
17;2025-11-07;0;147
17;2025-11-07;1;17
17;2025-11-07;2;0
17;2025-11-07;3;0
17;2025-11-07;4;24
17;2025-11-07;5;320
17;2025-11-07;6;1539
17;2025-11-07;7;4068
17;2025-11-07;8;5319
17;2025-11-07;9;3877
17;2025-11-07;10;3062
17;2025-11-07;11;3069
17;2025-11-07;12;3068
17;2025-11-07;13;3232
17;2025-11-07;14;3285
17;2025-11-07;15;3605
17;2025-11-07;16;4137
17;2025-11-07;17;4724
17;2025-11-07;18;4390
17;2025-11-07;19;3234
17;2025-11-07;20;2383
17;2025-11-07;21;1575
17;2025-11-07;22;793
17;2025-11-07;23;473
17;2025-11-08;0;209
17;2025-11-08;1;27
17;2025-11-08;2;0
17;2025-11-08;3;0
17;2025-11-08;4;5
17;2025-11-08;5;131
17;2025-11-08;6;588
17;2025-11-08;7;1289
17;2025-11-08;8;1845
17;2025-11-08;9;2310
17;2025-11-08;10;2568
17;2025-11-08;11;3058
17;2025-11-08;12;3387
17;2025-11-08;13;3640
17;2025-11-08;14;3645
17;2025-11-08;15;3547
17;2025-11-08;16;3629
17;2025-11-08;17;3390
17;2025-11-08;18;3034
17;2025-11-08;19;2422
17;2025-11-08;20;1858
17;2025-11-08;21;1359
17;2025-11-08;22;815
17;2025-11-08;23;464
17;2025-11-09;0;190
17;2025-11-09;1;25
17;2025-11-09;2;0
17;2025-11-09;3;0
17;2025-11-09;4;3
17;2025-11-09;5;95
17;2025-11-09;6;425
17;2025-11-09;7;848
17;2025-11-09;8;1210
17;2025-11-09;9;1667
17;2025-11-09;10;1981
17;2025-11-09;11;2548
17;2025-11-09;12;2946
17;2025-11-09;13;3194
17;2025-11-09;14;3298
17;2025-11-09;15;3219
17;2025-11-09;16;3184
17;2025-11-09;17;3062
17;2025-11-09;18;2628
17;2025-11-09;19;2040
17;2025-11-09;20;1526
17;2025-11-09;21;1134
17;2025-11-09;22;687
17;2025-11-09;23;343
17;2025-11-10;0;118
17;2025-11-10;1;13
17;2025-11-10;2;0
17;2025-11-10;3;0
17;2025-11-10;4;26
17;2025-11-10;5;303
17;2025-11-10;6;1480
17;2025-11-10;7;3952
17;2025-11-10;8;5228
17;2025-11-10;9;3760
17;2025-11-10;10;2902
17;2025-11-10;11;2901
17;2025-11-10;12;2895
17;2025-11-10;13;3015
17;2025-11-10;14;3038
17;2025-11-10;15;3181
17;2025-11-10;16;3559
17;2025-11-10;17;4328
17;2025-11-10;18;4605
17;2025-11-10;19;3197
17;2025-11-10;20;2234
17;2025-11-10;21;1366
17;2025-11-10;22;644
17;2025-11-10;23;317
17;2025-11-11;0;110
17;2025-11-11;1;10
17;2025-11-11;2;0
17;2025-11-11;3;0
17;2025-11-11;4;25
17;2025-11-11;5;330
17;2025-11-11;6;1531
17;2025-11-11;7;4044
17;2025-11-11;8;5364
17;2025-11-11;9;3841
17;2025-11-11;10;3012
17;2025-11-11;11;2981
17;2025-11-11;12;3005
17;2025-11-11;13;3125
17;2025-11-11;14;3165
17;2025-11-11;15;3319
17;2025-11-11;16;3645
17;2025-11-11;17;4550
17;2025-11-11;18;4779
17;2025-11-11;19;3347
17;2025-11-11;20;2330
17;2025-11-11;21;1444
17;2025-11-11;22;697
17;2025-11-11;23;368
17;2025-11-12;0;123
17;2025-11-12;1;11
17;2025-11-12;2;0
17;2025-11-12;3;0
17;2025-11-12;4;26
17;2025-11-12;5;313
17;2025-11-12;6;1502
17;2025-11-12;7;4034
17;2025-11-12;8;5363
17;2025-11-12;9;3857
17;2025-11-12;10;3077
17;2025-11-12;11;3064
17;2025-11-12;12;3054
17;2025-11-12;13;3169
17;2025-11-12;14;3234
17;2025-11-12;15;3376
17;2025-11-12;16;3744
17;2025-11-12;17;4557
17;2025-11-12;18;4723
17;2025-11-12;19;3326
17;2025-11-12;20;2322
17;2025-11-12;21;1461
17;2025-11-12;22;744
17;2025-11-12;23;382
17;2025-11-13;0;133
17;2025-11-13;1;12
17;2025-11-13;2;0
17;2025-11-13;3;0
17;2025-11-13;4;26
17;2025-11-13;5;324
17;2025-11-13;6;1529
17;2025-11-13;7;4033
17;2025-11-13;8;5314
17;2025-11-13;9;3845
17;2025-11-13;10;3094
17;2025-11-13;11;3051
17;2025-11-13;12;3066
17;2025-11-13;13;3183
17;2025-11-13;14;3211
17;2025-11-13;15;3358
17;2025-11-13;16;3809
17;2025-11-13;17;4531
17;2025-11-13;18;4717
17;2025-11-13;19;3358
17;2025-11-13;20;2397
17;2025-11-13;21;1483
17;2025-11-13;22;748
17;2025-11-13;23;396
17;2025-11-14;0;147
17;2025-11-14;1;17
17;2025-11-14;2;0
17;2025-11-14;3;0
17;2025-11-14;4;24
17;2025-11-14;5;320
17;2025-11-14;6;1539
17;2025-11-14;7;4068
17;2025-11-14;8;5318
17;2025-11-14;9;3877
17;2025-11-14;10;3063
17;2025-11-14;11;3070
17;2025-11-14;12;3069
17;2025-11-14;13;3232
17;2025-11-14;14;3285
17;2025-11-14;15;3605
17;2025-11-14;16;4136
17;2025-11-14;17;4724
17;2025-11-14;18;4390
17;2025-11-14;19;3234
17;2025-11-14;20;2383
17;2025-11-14;21;1574
17;2025-11-14;22;793
17;2025-11-14;23;473
17;2025-11-15;0;209
17;2025-11-15;1;27
17;2025-11-15;2;0
17;2025-11-15;3;0
17;2025-11-15;4;5
17;2025-11-15;5;131
17;2025-11-15;6;588
17;2025-11-15;7;1289
17;2025-11-15;8;1845
17;2025-11-15;9;2310
17;2025-11-15;10;2568
17;2025-11-15;11;3058
17;2025-11-15;12;3387
17;2025-11-15;13;3640
17;2025-11-15;14;3645
17;2025-11-15;15;3547
17;2025-11-15;16;3629
17;2025-11-15;17;3390
17;2025-11-15;18;3034
17;2025-11-15;19;2422
17;2025-11-15;20;1858
17;2025-11-15;21;1359
17;2025-11-15;22;815
17;2025-11-15;23;464
17;2025-11-16;0;190
17;2025-11-16;1;25
17;2025-11-16;2;0
17;2025-11-16;3;0
17;2025-11-16;4;3
17;2025-11-16;5;95
17;2025-11-16;6;425
17;2025-11-16;7;848
17;2025-11-16;8;1210
17;2025-11-16;9;1667
17;2025-11-16;10;1981
17;2025-11-16;11;2548
17;2025-11-16;12;2946
17;2025-11-16;13;3194
17;2025-11-16;14;3298
17;2025-11-16;15;3219
17;2025-11-16;16;3184
17;2025-11-16;17;3062
17;2025-11-16;18;2628
17;2025-11-16;19;2040
17;2025-11-16;20;1526
17;2025-11-16;21;1134
17;2025-11-16;22;687
17;2025-11-16;23;343
17;2025-11-17;0;118
17;2025-11-17;1;13
17;2025-11-17;2;0
17;2025-11-17;3;0
17;2025-11-17;4;26
17;2025-11-17;5;303
17;2025-11-17;6;1480
17;2025-11-17;7;3952
17;2025-11-17;8;5228
17;2025-11-17;9;3760
17;2025-11-17;10;2902
17;2025-11-17;11;2901
17;2025-11-17;12;2895
17;2025-11-17;13;3015
17;2025-11-17;14;3038
17;2025-11-17;15;3181
17;2025-11-17;16;3559
17;2025-11-17;17;4328
17;2025-11-17;18;4605
17;2025-11-17;19;3197
17;2025-11-17;20;2234
17;2025-11-17;21;1366
17;2025-11-17;22;644
17;2025-11-17;23;317
17;2025-11-18;0;110
17;2025-11-18;1;10
17;2025-11-18;2;0
17;2025-11-18;3;0
17;2025-11-18;4;24
17;2025-11-18;5;330
17;2025-11-18;6;1531
17;2025-11-18;7;4045
17;2025-11-18;8;5365
17;2025-11-18;9;3842
17;2025-11-18;10;3015
17;2025-11-18;11;2984
17;2025-11-18;12;3007
17;2025-11-18;13;3126
17;2025-11-18;14;3166
17;2025-11-18;15;3321
17;2025-11-18;16;3645
17;2025-11-18;17;4550
17;2025-11-18;18;4778
17;2025-11-18;19;3346
17;2025-11-18;20;2329
17;2025-11-18;21;1441
17;2025-11-18;22;695
17;2025-11-18;23;364
17;2025-11-19;0;123
17;2025-11-19;1;11
17;2025-11-19;2;0
17;2025-11-19;3;0
17;2025-11-19;4;26
17;2025-11-19;5;312
17;2025-11-19;6;1503
17;2025-11-19;7;4034
17;2025-11-19;8;5362
17;2025-11-19;9;3856
17;2025-11-19;10;3079
17;2025-11-19;11;3065
17;2025-11-19;12;3056
17;2025-11-19;13;3170
17;2025-11-19;14;3235
17;2025-11-19;15;3377
17;2025-11-19;16;3743
17;2025-11-19;17;4556
17;2025-11-19;18;4723
17;2025-11-19;19;3326
17;2025-11-19;20;2322
17;2025-11-19;21;1461
17;2025-11-19;22;743
17;2025-11-19;23;380
17;2025-11-20;0;132
17;2025-11-20;1;12
17;2025-11-20;2;0
17;2025-11-20;3;0
17;2025-11-20;4;26
17;2025-11-20;5;324
17;2025-11-20;6;1529
17;2025-11-20;7;4034
17;2025-11-20;8;5316
17;2025-11-20;9;3846
17;2025-11-20;10;3096
17;2025-11-20;11;3054
17;2025-11-20;12;3067
17;2025-11-20;13;3185
17;2025-11-20;14;3213
17;2025-11-20;15;3360
17;2025-11-20;16;3809
17;2025-11-20;17;4530
17;2025-11-20;18;4716
17;2025-11-20;19;3357
17;2025-11-20;20;2395
17;2025-11-20;21;1481
17;2025-11-20;22;745
17;2025-11-20;23;392
17;2025-11-21;0;145
17;2025-11-21;1;17
17;2025-11-21;2;0
17;2025-11-21;3;0
17;2025-11-21;4;24
17;2025-11-21;5;320
17;2025-11-21;6;1540
17;2025-11-21;7;4069
17;2025-11-21;8;5318
17;2025-11-21;9;3878
17;2025-11-21;10;3064
17;2025-11-21;11;3071
17;2025-11-21;12;3069
17;2025-11-21;13;3233
17;2025-11-21;14;3286
17;2025-11-21;15;3606
17;2025-11-21;16;4136
17;2025-11-21;17;4724
17;2025-11-21;18;4390
17;2025-11-21;19;3234
17;2025-11-21;20;2382
17;2025-11-21;21;1574
17;2025-11-21;22;793
17;2025-11-21;23;471
17;2025-11-22;0;208
17;2025-11-22;1;27
17;2025-11-22;2;0
17;2025-11-22;3;0
17;2025-11-22;4;5
17;2025-11-22;5;131
17;2025-11-22;6;589
17;2025-11-22;7;1290
17;2025-11-22;8;1846
17;2025-11-22;9;2310
17;2025-11-22;10;2569
17;2025-11-22;11;3059
17;2025-11-22;12;3388
17;2025-11-22;13;3641
17;2025-11-22;14;3647
17;2025-11-22;15;3548
17;2025-11-22;16;3630
17;2025-11-22;17;3390
17;2025-11-22;18;3034
17;2025-11-22;19;2421
17;2025-11-22;20;1857
17;2025-11-22;21;1357
17;2025-11-22;22;813
17;2025-11-22;23;461
17;2025-11-23;0;189
17;2025-11-23;1;25
17;2025-11-23;2;0
17;2025-11-23;3;0
17;2025-11-23;4;3
17;2025-11-23;5;95
17;2025-11-23;6;425
17;2025-11-23;7;848
17;2025-11-23;8;1210
17;2025-11-23;9;1667
17;2025-11-23;10;1980
17;2025-11-23;11;2548
17;2025-11-23;12;2946
17;2025-11-23;13;3195
17;2025-11-23;14;3298
17;2025-11-23;15;3219
17;2025-11-23;16;3184
17;2025-11-23;17;3062
17;2025-11-23;18;2628
17;2025-11-23;19;2040
17;2025-11-23;20;1527
17;2025-11-23;21;1134
17;2025-11-23;22;687
17;2025-11-23;23;343
17;2025-11-24;0;117
17;2025-11-24;1;13
17;2025-11-24;2;0
17;2025-11-24;3;0
17;2025-11-24;4;26
17;2025-11-24;5;303
17;2025-11-24;6;1480
17;2025-11-24;7;3952
17;2025-11-24;8;5228
17;2025-11-24;9;3759
17;2025-11-24;10;2902
17;2025-11-24;11;2901
17;2025-11-24;12;2895
17;2025-11-24;13;3016
17;2025-11-24;14;3038
17;2025-11-24;15;3182
17;2025-11-24;16;3559
17;2025-11-24;17;4329
17;2025-11-24;18;4605
17;2025-11-24;19;3197
17;2025-11-24;20;2235
17;2025-11-24;21;1366
17;2025-11-24;22;644
17;2025-11-24;23;317
17;2025-11-25;0;108
17;2025-11-25;1;10
17;2025-11-25;2;0
17;2025-11-25;3;0
17;2025-11-25;4;25
17;2025-11-25;5;330
17;2025-11-25;6;1531
17;2025-11-25;7;4045
17;2025-11-25;8;5365
17;2025-11-25;9;3842
17;2025-11-25;10;3015
17;2025-11-25;11;2984
17;2025-11-25;12;3007
17;2025-11-25;13;3126
17;2025-11-25;14;3167
17;2025-11-25;15;3321
17;2025-11-25;16;3645
17;2025-11-25;17;4550
17;2025-11-25;18;4778
17;2025-11-25;19;3346
17;2025-11-25;20;2329
17;2025-11-25;21;1441
17;2025-11-25;22;695
17;2025-11-25;23;364
17;2025-11-26;0;121
17;2025-11-26;1;11
17;2025-11-26;2;0
17;2025-11-26;3;0
17;2025-11-26;4;26
17;2025-11-26;5;312
17;2025-11-26;6;1503
17;2025-11-26;7;4034
17;2025-11-26;8;5362
17;2025-11-26;9;3857
17;2025-11-26;10;3079
17;2025-11-26;11;3065
17;2025-11-26;12;3056
17;2025-11-26;13;3170
17;2025-11-26;14;3235
17;2025-11-26;15;3377
17;2025-11-26;16;3744
17;2025-11-26;17;4556
17;2025-11-26;18;4723
17;2025-11-26;19;3326
17;2025-11-26;20;2322
17;2025-11-26;21;1461
17;2025-11-26;22;743
17;2025-11-26;23;380
17;2025-11-27;0;131
17;2025-11-27;1;12
17;2025-11-27;2;0
17;2025-11-27;3;0
17;2025-11-27;4;26
17;2025-11-27;5;324
17;2025-11-27;6;1529
17;2025-11-27;7;4034
17;2025-11-27;8;5316
17;2025-11-27;9;3846
17;2025-11-27;10;3096
17;2025-11-27;11;3054
17;2025-11-27;12;3068
17;2025-11-27;13;3185
17;2025-11-27;14;3213
17;2025-11-27;15;3360
17;2025-11-27;16;3809
17;2025-11-27;17;4530
17;2025-11-27;18;4717
17;2025-11-27;19;3357
17;2025-11-27;20;2395
17;2025-11-27;21;1481
17;2025-11-27;22;745
17;2025-11-27;23;392
17;2025-11-28;0;144
17;2025-11-28;1;17
17;2025-11-28;2;0
17;2025-11-28;3;0
17;2025-11-28;4;24
17;2025-11-28;5;320
17;2025-11-28;6;1540
17;2025-11-28;7;4069
17;2025-11-28;8;5319
17;2025-11-28;9;3878
17;2025-11-28;10;3064
17;2025-11-28;11;3071
17;2025-11-28;12;3069
17;2025-11-28;13;3233
17;2025-11-28;14;3286
17;2025-11-28;15;3606
17;2025-11-28;16;4136
17;2025-11-28;17;4724
17;2025-11-28;18;4390
17;2025-11-28;19;3234
17;2025-11-28;20;2382
17;2025-11-28;21;1574
17;2025-11-28;22;793
17;2025-11-28;23;471
17;2025-11-29;0;207
17;2025-11-29;1;27
17;2025-11-29;2;0
17;2025-11-29;3;0
17;2025-11-29;4;5
17;2025-11-29;5;131
17;2025-11-29;6;589
17;2025-11-29;7;1290
17;2025-11-29;8;1846
17;2025-11-29;9;2311
17;2025-11-29;10;2569
17;2025-11-29;11;3059
17;2025-11-29;12;3388
17;2025-11-29;13;3641
17;2025-11-29;14;3647
17;2025-11-29;15;3548
17;2025-11-29;16;3630
17;2025-11-29;17;3391
17;2025-11-29;18;3034
17;2025-11-29;19;2421
17;2025-11-29;20;1857
17;2025-11-29;21;1357
17;2025-11-29;22;813
17;2025-11-29;23;461
17;2025-11-30;0;188
17;2025-11-30;1;25
17;2025-11-30;2;0
17;2025-11-30;3;0
17;2025-11-30;4;3
17;2025-11-30;5;95
17;2025-11-30;6;425
17;2025-11-30;7;848
17;2025-11-30;8;1210
17;2025-11-30;9;1667
17;2025-11-30;10;1980
17;2025-11-30;11;2548
17;2025-11-30;12;2946
17;2025-11-30;13;3195
17;2025-11-30;14;3298
17;2025-11-30;15;3220
17;2025-11-30;16;3184
17;2025-11-30;17;3062
17;2025-11-30;18;2628
17;2025-11-30;19;2040
17;2025-11-30;20;1527
17;2025-11-30;21;1134
17;2025-11-30;22;687
17;2025-11-30;23;343
17;2025-12-01;0;116
17;2025-12-01;1;13
17;2025-12-01;2;0
17;2025-12-01;3;0
17;2025-12-01;4;26
17;2025-12-01;5;303
17;2025-12-01;6;1480
17;2025-12-01;7;3952
17;2025-12-01;8;5228
17;2025-12-01;9;3759
17;2025-12-01;10;2902
17;2025-12-01;11;2901
17;2025-12-01;12;2895
17;2025-12-01;13;3016
17;2025-12-01;14;3038
17;2025-12-01;15;3182
17;2025-12-01;16;3559
17;2025-12-01;17;4329
17;2025-12-01;18;4605
17;2025-12-01;19;3197
17;2025-12-01;20;2235
17;2025-12-01;21;1366
17;2025-12-01;22;644
17;2025-12-01;23;317
17;2025-12-02;0;107
17;2025-12-02;1;10
17;2025-12-02;2;0
17;2025-12-02;3;0
17;2025-12-02;4;25
17;2025-12-02;5;330
17;2025-12-02;6;1531
17;2025-12-02;7;4045
17;2025-12-02;8;5365
17;2025-12-02;9;3842
17;2025-12-02;10;3015
17;2025-12-02;11;2984
17;2025-12-02;12;3007
17;2025-12-02;13;3126
17;2025-12-02;14;3167
17;2025-12-02;15;3321
17;2025-12-02;16;3645
17;2025-12-02;17;4550
17;2025-12-02;18;4778
17;2025-12-02;19;3346
17;2025-12-02;20;2329
17;2025-12-02;21;1441
17;2025-12-02;22;695
17;2025-12-02;23;364
17;2025-12-03;0;121
17;2025-12-03;1;11
17;2025-12-03;2;0
17;2025-12-03;3;0
17;2025-12-03;4;26
17;2025-12-03;5;312
17;2025-12-03;6;1501
17;2025-12-03;7;4033
17;2025-12-03;8;5360
17;2025-12-03;9;3855
17;2025-12-03;10;3078
17;2025-12-03;11;3064
17;2025-12-03;12;3055
17;2025-12-03;13;3169
17;2025-12-03;14;3234
17;2025-12-03;15;3375
17;2025-12-03;16;3742
17;2025-12-03;17;4555
17;2025-12-03;18;4725
17;2025-12-03;19;3328
17;2025-12-03;20;2325
17;2025-12-03;21;1464
17;2025-12-03;22;746
17;2025-12-03;23;383
17;2025-12-04;0;130
17;2025-12-04;1;12
17;2025-12-04;2;0
17;2025-12-04;3;0
17;2025-12-04;4;26
17;2025-12-04;5;318
17;2025-12-04;6;1514
17;2025-12-04;7;3999
17;2025-12-04;8;5270
17;2025-12-04;9;3812
17;2025-12-04;10;3068
17;2025-12-04;11;3028
17;2025-12-04;12;3041
17;2025-12-04;13;3162
17;2025-12-04;14;3190
17;2025-12-04;15;3379
17;2025-12-04;16;3826
17;2025-12-04;17;4541
17;2025-12-04;18;4734
17;2025-12-04;19;3387
17;2025-12-04;20;2431
17;2025-12-04;21;1525
17;2025-12-04;22;787
17;2025-12-04;23;437
17;2025-12-05;0;143
17;2025-12-05;1;17
17;2025-12-05;2;0
17;2025-12-05;3;0
17;2025-12-05;4;24
17;2025-12-05;5;317
17;2025-12-05;6;1525
17;2025-12-05;7;4030
17;2025-12-05;8;5269
17;2025-12-05;9;3842
17;2025-12-05;10;3035
17;2025-12-05;11;3043
17;2025-12-05;12;3041
17;2025-12-05;13;3207
17;2025-12-05;14;3259
17;2025-12-05;15;3619
17;2025-12-05;16;4144
17;2025-12-05;17;4726
17;2025-12-05;18;4416
17;2025-12-05;19;3270
17;2025-12-05;20;2425
17;2025-12-05;21;1624
17;2025-12-05;22;843
17;2025-12-05;23;525
17;2025-12-06;0;207
17;2025-12-06;1;27
17;2025-12-06;2;0
17;2025-12-06;3;0
17;2025-12-06;4;5
17;2025-12-06;5;109
17;2025-12-06;6;566
17;2025-12-06;7;1258
17;2025-12-06;8;1813
17;2025-12-06;9;2275
17;2025-12-06;10;2531
17;2025-12-06;11;3021
17;2025-12-06;12;3349
17;2025-12-06;13;3605
17;2025-12-06;14;3610
17;2025-12-06;15;3573
17;2025-12-06;16;3658
17;2025-12-06;17;3419
17;2025-12-06;18;3075
17;2025-12-06;19;2464
17;2025-12-06;20;1900
17;2025-12-06;21;1401
17;2025-12-06;22;854
17;2025-12-06;23;503
17;2025-12-07;0;187
17;2025-12-07;1;25
17;2025-12-07;2;0
17;2025-12-07;3;0
17;2025-12-07;4;3
17;2025-12-07;5;76
17;2025-12-07;6;405
17;2025-12-07;7;822
17;2025-12-07;8;1181
17;2025-12-07;9;1637
17;2025-12-07;10;1947
17;2025-12-07;11;2514
17;2025-12-07;12;2909
17;2025-12-07;13;3160
17;2025-12-07;14;3263
17;2025-12-07;15;3238
17;2025-12-07;16;3206
17;2025-12-07;17;3084
17;2025-12-07;18;2664
17;2025-12-07;19;2078
17;2025-12-07;20;1567
17;2025-12-07;21;1176
17;2025-12-07;22;726
17;2025-12-07;23;383
17;2025-12-08;0;116
17;2025-12-08;1;13
17;2025-12-08;2;0
17;2025-12-08;3;0
17;2025-12-08;4;26
17;2025-12-08;5;277
17;2025-12-08;6;1449
17;2025-12-08;7;3903
17;2025-12-08;8;5175
17;2025-12-08;9;3711
17;2025-12-08;10;2857
17;2025-12-08;11;2858
17;2025-12-08;12;2851
17;2025-12-08;13;2976
17;2025-12-08;14;2998
17;2025-12-08;15;3220
17;2025-12-08;16;3595
17;2025-12-08;17;4362
17;2025-12-08;18;4649
17;2025-12-08;19;3246
17;2025-12-08;20;2289
17;2025-12-08;21;1423
17;2025-12-08;22;697
17;2025-12-08;23;370
17;2025-12-09;0;106
17;2025-12-09;1;10
17;2025-12-09;2;0
17;2025-12-09;3;0
17;2025-12-09;4;24
17;2025-12-09;5;301
17;2025-12-09;6;1499
17;2025-12-09;7;3999
17;2025-12-09;8;5316
17;2025-12-09;9;3795
17;2025-12-09;10;2970
17;2025-12-09;11;2943
17;2025-12-09;12;2965
17;2025-12-09;13;3089
17;2025-12-09;14;3128
17;2025-12-09;15;3360
17;2025-12-09;16;3683
17;2025-12-09;17;4587
17;2025-12-09;18;4825
17;2025-12-09;19;3395
17;2025-12-09;20;2380
17;2025-12-09;21;1494
17;2025-12-09;22;741
17;2025-12-09;23;411
17;2025-12-10;0;121
17;2025-12-10;1;11
17;2025-12-10;2;0
17;2025-12-10;3;0
17;2025-12-10;4;26
17;2025-12-10;5;283
17;2025-12-10;6;1469
17;2025-12-10;7;3984
17;2025-12-10;8;5309
17;2025-12-10;9;3806
17;2025-12-10;10;3029
17;2025-12-10;11;3017
17;2025-12-10;12;3007
17;2025-12-10;13;3125
17;2025-12-10;14;3191
17;2025-12-10;15;3414
17;2025-12-10;16;3783
17;2025-12-10;17;4593
17;2025-12-10;18;4772
17;2025-12-10;19;3381
17;2025-12-10;20;2381
17;2025-12-10;21;1523
17;2025-12-10;22;798
17;2025-12-10;23;438
17;2025-12-11;0;131
17;2025-12-11;1;12
17;2025-12-11;2;0
17;2025-12-11;3;0
17;2025-12-11;4;26
17;2025-12-11;5;294
17;2025-12-11;6;1497
17;2025-12-11;7;3988
17;2025-12-11;8;5266
17;2025-12-11;9;3800
17;2025-12-11;10;3051
17;2025-12-11;11;3012
17;2025-12-11;12;3024
17;2025-12-11;13;3146
17;2025-12-11;14;3174
17;2025-12-11;15;3400
17;2025-12-11;16;3848
17;2025-12-11;17;4568
17;2025-12-11;18;4763
17;2025-12-11;19;3408
17;2025-12-11;20;2446
17;2025-12-11;21;1534
17;2025-12-11;22;792
17;2025-12-11;23;440
17;2025-12-12;0;143
17;2025-12-12;1;17
17;2025-12-12;2;0
17;2025-12-12;3;0
17;2025-12-12;4;24
17;2025-12-12;5;292
17;2025-12-12;6;1508
17;2025-12-12;7;4018
17;2025-12-12;8;5264
17;2025-12-12;9;3829
17;2025-12-12;10;3018
17;2025-12-12;11;3026
17;2025-12-12;12;3023
17;2025-12-12;13;3191
17;2025-12-12;14;3243
17;2025-12-12;15;3641
17;2025-12-12;16;4169
17;2025-12-12;17;4755
17;2025-12-12;18;4441
17;2025-12-12;19;3290
17;2025-12-12;20;2439
17;2025-12-12;21;1633
17;2025-12-12;22;849
17;2025-12-12;23;529
17;2025-12-13;0;207
17;2025-12-13;1;27
17;2025-12-13;2;0
17;2025-12-13;3;0
17;2025-12-13;4;5
17;2025-12-13;5;109
17;2025-12-13;6;566
17;2025-12-13;7;1258
17;2025-12-13;8;1813
17;2025-12-13;9;2275
17;2025-12-13;10;2531
17;2025-12-13;11;3021
17;2025-12-13;12;3349
17;2025-12-13;13;3605
17;2025-12-13;14;3610
17;2025-12-13;15;3573
17;2025-12-13;16;3658
17;2025-12-13;17;3419
17;2025-12-13;18;3075
17;2025-12-13;19;2464
17;2025-12-13;20;1900
17;2025-12-13;21;1401
17;2025-12-13;22;854
17;2025-12-13;23;503
17;2025-12-14;0;187
17;2025-12-14;1;25
17;2025-12-14;2;0
17;2025-12-14;3;0
17;2025-12-14;4;3
17;2025-12-14;5;76
17;2025-12-14;6;405
17;2025-12-14;7;822
17;2025-12-14;8;1181
17;2025-12-14;9;1637
17;2025-12-14;10;1947
17;2025-12-14;11;2514
17;2025-12-14;12;2909
17;2025-12-14;13;3160
17;2025-12-14;14;3263
17;2025-12-14;15;3238
17;2025-12-14;16;3206
17;2025-12-14;17;3084
17;2025-12-14;18;2664
17;2025-12-14;19;2078
17;2025-12-14;20;1567
17;2025-12-14;21;1176
17;2025-12-14;22;726
17;2025-12-14;23;383
17;2025-12-15;0;116
17;2025-12-15;1;13
17;2025-12-15;2;0
17;2025-12-15;3;0
17;2025-12-15;4;26
17;2025-12-15;5;277
17;2025-12-15;6;1449
17;2025-12-15;7;3903
17;2025-12-15;8;5175
17;2025-12-15;9;3711
17;2025-12-15;10;2857
17;2025-12-15;11;2858
17;2025-12-15;12;2851
17;2025-12-15;13;2976
17;2025-12-15;14;2998
17;2025-12-15;15;3220
17;2025-12-15;16;3595
17;2025-12-15;17;4362
17;2025-12-15;18;4649
17;2025-12-15;19;3246
17;2025-12-15;20;2289
17;2025-12-15;21;1423
17;2025-12-15;22;697
17;2025-12-15;23;370
17;2025-12-16;0;106
17;2025-12-16;1;10
17;2025-12-16;2;0
17;2025-12-16;3;0
17;2025-12-16;4;24
17;2025-12-16;5;301
17;2025-12-16;6;1499
17;2025-12-16;7;3999
17;2025-12-16;8;5316
17;2025-12-16;9;3795
17;2025-12-16;10;2970
17;2025-12-16;11;2943
17;2025-12-16;12;2965
17;2025-12-16;13;3089
17;2025-12-16;14;3128
17;2025-12-16;15;3360
17;2025-12-16;16;3683
17;2025-12-16;17;4587
17;2025-12-16;18;4825
17;2025-12-16;19;3395
17;2025-12-16;20;2380
17;2025-12-16;21;1494
17;2025-12-16;22;741
17;2025-12-16;23;411
17;2025-12-17;0;121
17;2025-12-17;1;11
17;2025-12-17;2;0
17;2025-12-17;3;0
17;2025-12-17;4;26
17;2025-12-17;5;283
17;2025-12-17;6;1469
17;2025-12-17;7;3984
17;2025-12-17;8;5309
17;2025-12-17;9;3806
17;2025-12-17;10;3029
17;2025-12-17;11;3017
17;2025-12-17;12;3007
17;2025-12-17;13;3125
17;2025-12-17;14;3191
17;2025-12-17;15;3414
17;2025-12-17;16;3783
17;2025-12-17;17;4593
17;2025-12-17;18;4772
17;2025-12-17;19;3381
17;2025-12-17;20;2381
17;2025-12-17;21;1523
17;2025-12-17;22;798
17;2025-12-17;23;438
17;2025-12-18;0;131
17;2025-12-18;1;12
17;2025-12-18;2;0
17;2025-12-18;3;0
17;2025-12-18;4;26
17;2025-12-18;5;294
17;2025-12-18;6;1497
17;2025-12-18;7;3988
17;2025-12-18;8;5266
17;2025-12-18;9;3800
17;2025-12-18;10;3051
17;2025-12-18;11;3012
17;2025-12-18;12;3024
17;2025-12-18;13;3146
17;2025-12-18;14;3174
17;2025-12-18;15;3400
17;2025-12-18;16;3848
17;2025-12-18;17;4568
17;2025-12-18;18;4763
17;2025-12-18;19;3408
17;2025-12-18;20;2446
17;2025-12-18;21;1534
17;2025-12-18;22;792
17;2025-12-18;23;440
17;2025-12-19;0;143
17;2025-12-19;1;17
17;2025-12-19;2;0
17;2025-12-19;3;0
17;2025-12-19;4;24
17;2025-12-19;5;292
17;2025-12-19;6;1508
17;2025-12-19;7;4018
17;2025-12-19;8;5264
17;2025-12-19;9;3829
17;2025-12-19;10;3018
17;2025-12-19;11;3026
17;2025-12-19;12;3023
17;2025-12-19;13;3191
17;2025-12-19;14;3243
17;2025-12-19;15;3641
17;2025-12-19;16;4169
17;2025-12-19;17;4755
17;2025-12-19;18;4441
17;2025-12-19;19;3290
17;2025-12-19;20;2439
17;2025-12-19;21;1633
17;2025-12-19;22;849
17;2025-12-19;23;529
17;2025-12-20;0;207
17;2025-12-20;1;27
17;2025-12-20;2;0
17;2025-12-20;3;0
17;2025-12-20;4;5
17;2025-12-20;5;109
17;2025-12-20;6;566
17;2025-12-20;7;1258
17;2025-12-20;8;1813
17;2025-12-20;9;2275
17;2025-12-20;10;2531
17;2025-12-20;11;3021
17;2025-12-20;12;3349
17;2025-12-20;13;3605
17;2025-12-20;14;3610
17;2025-12-20;15;3573
17;2025-12-20;16;3658
17;2025-12-20;17;3419
17;2025-12-20;18;3075
17;2025-12-20;19;2464
17;2025-12-20;20;1900
17;2025-12-20;21;1401
17;2025-12-20;22;854
17;2025-12-20;23;503
17;2025-12-21;0;187
17;2025-12-21;1;25
17;2025-12-21;2;0
17;2025-12-21;3;0
17;2025-12-21;4;3
17;2025-12-21;5;76
17;2025-12-21;6;405
17;2025-12-21;7;822
17;2025-12-21;8;1181
17;2025-12-21;9;1637
17;2025-12-21;10;1947
17;2025-12-21;11;2514
17;2025-12-21;12;2909
17;2025-12-21;13;3160
17;2025-12-21;14;3263
17;2025-12-21;15;3238
17;2025-12-21;16;3206
17;2025-12-21;17;3084
17;2025-12-21;18;2664
17;2025-12-21;19;2078
17;2025-12-21;20;1567
17;2025-12-21;21;1176
17;2025-12-21;22;726
17;2025-12-21;23;383
17;2025-12-22;0;116
17;2025-12-22;1;13
17;2025-12-22;2;0
17;2025-12-22;3;0
17;2025-12-22;4;26
17;2025-12-22;5;277
17;2025-12-22;6;1449
17;2025-12-22;7;3903
17;2025-12-22;8;5175
17;2025-12-22;9;3711
17;2025-12-22;10;2857
17;2025-12-22;11;2858
17;2025-12-22;12;2851
17;2025-12-22;13;2976
17;2025-12-22;14;2998
17;2025-12-22;15;3220
17;2025-12-22;16;3595
17;2025-12-22;17;4362
17;2025-12-22;18;4649
17;2025-12-22;19;3246
17;2025-12-22;20;2289
17;2025-12-22;21;1423
17;2025-12-22;22;697
17;2025-12-22;23;370
17;2025-12-23;0;106
17;2025-12-23;1;10
17;2025-12-23;2;0
17;2025-12-23;3;0
17;2025-12-23;4;24
17;2025-12-23;5;301
17;2025-12-23;6;1499
17;2025-12-23;7;3999
17;2025-12-23;8;5316
17;2025-12-23;9;3795
17;2025-12-23;10;2970
17;2025-12-23;11;2943
17;2025-12-23;12;2965
17;2025-12-23;13;3089
17;2025-12-23;14;3128
17;2025-12-23;15;3360
17;2025-12-23;16;3683
17;2025-12-23;17;4587
17;2025-12-23;18;4825
17;2025-12-23;19;3395
17;2025-12-23;20;2380
17;2025-12-23;21;1494
17;2025-12-23;22;741
17;2025-12-23;23;411
17;2025-12-24;0;121
17;2025-12-24;1;11
17;2025-12-24;2;0
17;2025-12-24;3;0
17;2025-12-24;4;26
17;2025-12-24;5;283
17;2025-12-24;6;1469
17;2025-12-24;7;3984
17;2025-12-24;8;5309
17;2025-12-24;9;3806
17;2025-12-24;10;3029
17;2025-12-24;11;3017
17;2025-12-24;12;3007
17;2025-12-24;13;3125
17;2025-12-24;14;3191
17;2025-12-24;15;3414
17;2025-12-24;16;3783
17;2025-12-24;17;4593
17;2025-12-24;18;4772
17;2025-12-24;19;3381
17;2025-12-24;20;2381
17;2025-12-24;21;1523
17;2025-12-24;22;798
17;2025-12-24;23;438
17;2025-12-25;0;131
17;2025-12-25;1;12
17;2025-12-25;2;0
17;2025-12-25;3;0
17;2025-12-25;4;26
17;2025-12-25;5;294
17;2025-12-25;6;1497
17;2025-12-25;7;3988
17;2025-12-25;8;5266
17;2025-12-25;9;3800
17;2025-12-25;10;3051
17;2025-12-25;11;3012
17;2025-12-25;12;3024
17;2025-12-25;13;3146
17;2025-12-25;14;3174
17;2025-12-25;15;3400
17;2025-12-25;16;3848
17;2025-12-25;17;4568
17;2025-12-25;18;4763
17;2025-12-25;19;3408
17;2025-12-25;20;2446
17;2025-12-25;21;1534
17;2025-12-25;22;792
17;2025-12-25;23;440
17;2025-12-26;0;143
17;2025-12-26;1;17
17;2025-12-26;2;0
17;2025-12-26;3;0
17;2025-12-26;4;24
17;2025-12-26;5;292
17;2025-12-26;6;1508
17;2025-12-26;7;4018
17;2025-12-26;8;5264
17;2025-12-26;9;3829
17;2025-12-26;10;3018
17;2025-12-26;11;3026
17;2025-12-26;12;3023
17;2025-12-26;13;3191
17;2025-12-26;14;3243
17;2025-12-26;15;3641
17;2025-12-26;16;4169
17;2025-12-26;17;4755
17;2025-12-26;18;4441
17;2025-12-26;19;3290
17;2025-12-26;20;2439
17;2025-12-26;21;1633
17;2025-12-26;22;849
17;2025-12-26;23;529
17;2025-12-27;0;207
17;2025-12-27;1;27
17;2025-12-27;2;0
17;2025-12-27;3;0
17;2025-12-27;4;5
17;2025-12-27;5;109
17;2025-12-27;6;566
17;2025-12-27;7;1258
17;2025-12-27;8;1813
17;2025-12-27;9;2275
17;2025-12-27;10;2531
17;2025-12-27;11;3021
17;2025-12-27;12;3349
17;2025-12-27;13;3605
17;2025-12-27;14;3610
17;2025-12-27;15;3573
17;2025-12-27;16;3658
17;2025-12-27;17;3419
17;2025-12-27;18;3075
17;2025-12-27;19;2464
17;2025-12-27;20;1900
17;2025-12-27;21;1401
17;2025-12-27;22;854
17;2025-12-27;23;503
17;2025-12-28;0;187
17;2025-12-28;1;25
17;2025-12-28;2;0
17;2025-12-28;3;0
17;2025-12-28;4;3
17;2025-12-28;5;76
17;2025-12-28;6;405
17;2025-12-28;7;822
17;2025-12-28;8;1181
17;2025-12-28;9;1637
17;2025-12-28;10;1947
17;2025-12-28;11;2514
17;2025-12-28;12;2909
17;2025-12-28;13;3160
17;2025-12-28;14;3263
17;2025-12-28;15;3238
17;2025-12-28;16;3206
17;2025-12-28;17;3084
17;2025-12-28;18;2664
17;2025-12-28;19;2078
17;2025-12-28;20;1567
17;2025-12-28;21;1176
17;2025-12-28;22;726
17;2025-12-28;23;383
17;2025-12-29;0;111
17;2025-12-29;1;13
17;2025-12-29;2;0
17;2025-12-29;3;0
17;2025-12-29;4;25
17;2025-12-29;5;287
17;2025-12-29;6;1453
17;2025-12-29;7;3865
17;2025-12-29;8;5106
17;2025-12-29;9;3609
17;2025-12-29;10;2758
17;2025-12-29;11;2702
17;2025-12-29;12;2726
17;2025-12-29;13;2814
17;2025-12-29;14;2867
17;2025-12-29;15;2978
17;2025-12-29;16;3426
17;2025-12-29;17;4100
17;2025-12-29;18;4439
17;2025-12-29;19;2894
17;2025-12-29;20;2034
17;2025-12-29;21;1292
17;2025-12-29;22;618
17;2025-12-29;23;305
17;2025-12-30;0;97
17;2025-12-30;1;9
17;2025-12-30;2;0
17;2025-12-30;3;0
17;2025-12-30;4;22
17;2025-12-30;5;298
17;2025-12-30;6;1420
17;2025-12-30;7;3858
17;2025-12-30;8;4922
17;2025-12-30;9;3529
17;2025-12-30;10;2730
17;2025-12-30;11;2713
17;2025-12-30;12;2723
17;2025-12-30;13;2744
17;2025-12-30;14;2854
17;2025-12-30;15;2895
17;2025-12-30;16;3259
17;2025-12-30;17;4173
17;2025-12-30;18;4463
17;2025-12-30;19;3094
17;2025-12-30;20;2130
17;2025-12-30;21;1321
17;2025-12-30;22;630
17;2025-12-30;23;330
17;2025-12-31;0;174
17;2025-12-31;1;23
17;2025-12-31;2;0
17;2025-12-31;3;0
17;2025-12-31;4;3
17;2025-12-31;5;104
17;2025-12-31;6;425
17;2025-12-31;7;861
17;2025-12-31;8;1252
17;2025-12-31;9;1666
17;2025-12-31;10;1922
17;2025-12-31;11;2381
17;2025-12-31;12;2689
17;2025-12-31;13;2913
17;2025-12-31;14;2988
17;2025-12-31;15;2960
17;2025-12-31;16;2910
17;2025-12-31;17;2725
17;2025-12-31;18;2406
17;2025-12-31;19;1929
17;2025-12-31;20;1474
17;2025-12-31;21;1073
17;2025-12-31;22;666
17;2025-12-31;23;325
25;2025-11-01;0;2
25;2025-11-01;1;0
25;2025-11-01;2;0
25;2025-11-01;3;0
25;2025-11-01;4;0
25;2025-11-01;5;15
25;2025-11-01;6;204
25;2025-11-01;7;396
25;2025-11-01;8;655
25;2025-11-01;9;393
25;2025-11-01;10;370
25;2025-11-01;11;438
25;2025-11-01;12;435
25;2025-11-01;13;611
25;2025-11-01;14;575
25;2025-11-01;15;707
25;2025-11-01;16;781
25;2025-11-01;17;710
25;2025-11-01;18;635
25;2025-11-01;19;542
25;2025-11-01;20;309
25;2025-11-01;21;225
25;2025-11-01;22;125
25;2025-11-01;23;30
25;2025-11-02;0;16
25;2025-11-02;1;0
25;2025-11-02;2;0
25;2025-11-02;3;0
25;2025-11-02;4;0
25;2025-11-02;5;9
25;2025-11-02;6;95
25;2025-11-02;7;102
25;2025-11-02;8;194
25;2025-11-02;9;218
25;2025-11-02;10;221
25;2025-11-02;11;314
25;2025-11-02;12;370
25;2025-11-02;13;485
25;2025-11-02;14;553
25;2025-11-02;15;640
25;2025-11-02;16;536
25;2025-11-02;17;520
25;2025-11-02;18;419
25;2025-11-02;19;310
25;2025-11-02;20;238
25;2025-11-02;21;157
25;2025-11-02;22;99
25;2025-11-02;23;37
25;2025-11-03;0;13
25;2025-11-03;1;0
25;2025-11-03;2;0
25;2025-11-03;3;0
25;2025-11-03;4;0
25;2025-11-03;5;10
25;2025-11-03;6;101
25;2025-11-03;7;109
25;2025-11-03;8;221
25;2025-11-03;9;231
25;2025-11-03;10;236
25;2025-11-03;11;331
25;2025-11-03;12;375
25;2025-11-03;13;518
25;2025-11-03;14;573
25;2025-11-03;15;664
25;2025-11-03;16;569
25;2025-11-03;17;527
25;2025-11-03;18;438
25;2025-11-03;19;340
25;2025-11-03;20;240
25;2025-11-03;21;167
25;2025-11-03;22;103
25;2025-11-03;23;39
25;2025-11-04;0;13
25;2025-11-04;1;0
25;2025-11-04;2;0
25;2025-11-04;3;0
25;2025-11-04;4;0
25;2025-11-04;5;9
25;2025-11-04;6;89
25;2025-11-04;7;96
25;2025-11-04;8;190
25;2025-11-04;9;204
25;2025-11-04;10;207
25;2025-11-04;11;293
25;2025-11-04;12;336
25;2025-11-04;13;456
25;2025-11-04;14;510
25;2025-11-04;15;590
25;2025-11-04;16;502
25;2025-11-04;17;473
25;2025-11-04;18;389
25;2025-11-04;19;296
25;2025-11-04;20;216
25;2025-11-04;21;147
25;2025-11-04;22;92
25;2025-11-04;23;34
25;2025-11-05;0;0
25;2025-11-05;1;0
25;2025-11-05;2;0
25;2025-11-05;3;0
25;2025-11-05;4;0
25;2025-11-05;5;21
25;2025-11-05;6;250
25;2025-11-05;7;545
25;2025-11-05;8;928
25;2025-11-05;9;506
25;2025-11-05;10;419
25;2025-11-05;11;460
25;2025-11-05;12;466
25;2025-11-05;13;566
25;2025-11-05;14;470
25;2025-11-05;15;601
25;2025-11-05;16;688
25;2025-11-05;17;848
25;2025-11-05;18;869
25;2025-11-05;19;630
25;2025-11-05;20;358
25;2025-11-05;21;261
25;2025-11-05;22;113
25;2025-11-05;23;16
25;2025-11-06;0;2
25;2025-11-06;1;0
25;2025-11-06;2;0
25;2025-11-06;3;0
25;2025-11-06;4;0
25;2025-11-06;5;23
25;2025-11-06;6;248
25;2025-11-06;7;535
25;2025-11-06;8;880
25;2025-11-06;9;494
25;2025-11-06;10;417
25;2025-11-06;11;449
25;2025-11-06;12;454
25;2025-11-06;13;529
25;2025-11-06;14;501
25;2025-11-06;15;606
25;2025-11-06;16;686
25;2025-11-06;17;760
25;2025-11-06;18;803
25;2025-11-06;19;596
25;2025-11-06;20;318
25;2025-11-06;21;215
25;2025-11-06;22;97
25;2025-11-06;23;13
25;2025-11-07;0;1
25;2025-11-07;1;0
25;2025-11-07;2;0
25;2025-11-07;3;0
25;2025-11-07;4;0
25;2025-11-07;5;17
25;2025-11-07;6;253
25;2025-11-07;7;553
25;2025-11-07;8;883
25;2025-11-07;9;488
25;2025-11-07;10;407
25;2025-11-07;11;444
25;2025-11-07;12;448
25;2025-11-07;13;543
25;2025-11-07;14;487
25;2025-11-07;15;622
25;2025-11-07;16;751
25;2025-11-07;17;774
25;2025-11-07;18;732
25;2025-11-07;19;574
25;2025-11-07;20;352
25;2025-11-07;21;227
25;2025-11-07;22;110
25;2025-11-07;23;21
25;2025-11-08;0;10
25;2025-11-08;1;0
25;2025-11-08;2;0
25;2025-11-08;3;0
25;2025-11-08;4;0
25;2025-11-08;5;17
25;2025-11-08;6;130
25;2025-11-08;7;183
25;2025-11-08;8;323
25;2025-11-08;9;310
25;2025-11-08;10;309
25;2025-11-08;11;403
25;2025-11-08;12;447
25;2025-11-08;13;622
25;2025-11-08;14;612
25;2025-11-08;15;674
25;2025-11-08;16;676
25;2025-11-08;17;594
25;2025-11-08;18;532
25;2025-11-08;19;452
25;2025-11-08;20;281
25;2025-11-08;21;215
25;2025-11-08;22;122
25;2025-11-08;23;43
25;2025-11-09;0;17
25;2025-11-09;1;0
25;2025-11-09;2;0
25;2025-11-09;3;0
25;2025-11-09;4;0
25;2025-11-09;5;9
25;2025-11-09;6;97
25;2025-11-09;7;125
25;2025-11-09;8;195
25;2025-11-09;9;229
25;2025-11-09;10;242
25;2025-11-09;11;331
25;2025-11-09;12;396
25;2025-11-09;13;499
25;2025-11-09;14;542
25;2025-11-09;15;576
25;2025-11-09;16;553
25;2025-11-09;17;543
25;2025-11-09;18;453
25;2025-11-09;19;321
25;2025-11-09;20;232
25;2025-11-09;21;167
25;2025-11-09;22;103
25;2025-11-09;23;33
25;2025-11-10;0;7
25;2025-11-10;1;0
25;2025-11-10;2;0
25;2025-11-10;3;0
25;2025-11-10;4;0
25;2025-11-10;5;20
25;2025-11-10;6;242
25;2025-11-10;7;534
25;2025-11-10;8;918
25;2025-11-10;9;516
25;2025-11-10;10;369
25;2025-11-10;11;424
25;2025-11-10;12;436
25;2025-11-10;13;527
25;2025-11-10;14;470
25;2025-11-10;15;538
25;2025-11-10;16;672
25;2025-11-10;17;771
25;2025-11-10;18;784
25;2025-11-10;19;585
25;2025-11-10;20;341
25;2025-11-10;21;213
25;2025-11-10;22;94
25;2025-11-10;23;17
25;2025-11-11;0;4
25;2025-11-11;1;0
25;2025-11-11;2;0
25;2025-11-11;3;0
25;2025-11-11;4;0
25;2025-11-11;5;18
25;2025-11-11;6;242
25;2025-11-11;7;535
25;2025-11-11;8;908
25;2025-11-11;9;486
25;2025-11-11;10;384
25;2025-11-11;11;421
25;2025-11-11;12;432
25;2025-11-11;13;490
25;2025-11-11;14;470
25;2025-11-11;15;572
25;2025-11-11;16;654
25;2025-11-11;17;748
25;2025-11-11;18;764
25;2025-11-11;19;577
25;2025-11-11;20;328
25;2025-11-11;21;212
25;2025-11-11;22;92
25;2025-11-11;23;12
25;2025-11-12;0;0
25;2025-11-12;1;0
25;2025-11-12;2;0
25;2025-11-12;3;0
25;2025-11-12;4;0
25;2025-11-12;5;21
25;2025-11-12;6;250
25;2025-11-12;7;546
25;2025-11-12;8;928
25;2025-11-12;9;506
25;2025-11-12;10;419
25;2025-11-12;11;459
25;2025-11-12;12;465
25;2025-11-12;13;566
25;2025-11-12;14;470
25;2025-11-12;15;601
25;2025-11-12;16;688
25;2025-11-12;17;849
25;2025-11-12;18;869
25;2025-11-12;19;630
25;2025-11-12;20;358
25;2025-11-12;21;261
25;2025-11-12;22;113
25;2025-11-12;23;16
25;2025-11-13;0;2
25;2025-11-13;1;0
25;2025-11-13;2;0
25;2025-11-13;3;0
25;2025-11-13;4;0
25;2025-11-13;5;23
25;2025-11-13;6;249
25;2025-11-13;7;536
25;2025-11-13;8;881
25;2025-11-13;9;495
25;2025-11-13;10;417
25;2025-11-13;11;448
25;2025-11-13;12;454
25;2025-11-13;13;529
25;2025-11-13;14;501
25;2025-11-13;15;606
25;2025-11-13;16;686
25;2025-11-13;17;759
25;2025-11-13;18;802
25;2025-11-13;19;595
25;2025-11-13;20;318
25;2025-11-13;21;215
25;2025-11-13;22;97
25;2025-11-13;23;13
25;2025-11-14;0;1
25;2025-11-14;1;0
25;2025-11-14;2;0
25;2025-11-14;3;0
25;2025-11-14;4;0
25;2025-11-14;5;17
25;2025-11-14;6;254
25;2025-11-14;7;553
25;2025-11-14;8;883
25;2025-11-14;9;489
25;2025-11-14;10;406
25;2025-11-14;11;444
25;2025-11-14;12;448
25;2025-11-14;13;543
25;2025-11-14;14;487
25;2025-11-14;15;622
25;2025-11-14;16;751
25;2025-11-14;17;774
25;2025-11-14;18;731
25;2025-11-14;19;574
25;2025-11-14;20;352
25;2025-11-14;21;227
25;2025-11-14;22;110
25;2025-11-14;23;21
25;2025-11-15;0;10
25;2025-11-15;1;0
25;2025-11-15;2;0
25;2025-11-15;3;0
25;2025-11-15;4;0
25;2025-11-15;5;17
25;2025-11-15;6;130
25;2025-11-15;7;183
25;2025-11-15;8;323
25;2025-11-15;9;310
25;2025-11-15;10;309
25;2025-11-15;11;403
25;2025-11-15;12;447
25;2025-11-15;13;622
25;2025-11-15;14;612
25;2025-11-15;15;674
25;2025-11-15;16;676
25;2025-11-15;17;594
25;2025-11-15;18;532
25;2025-11-15;19;452
25;2025-11-15;20;281
25;2025-11-15;21;215
25;2025-11-15;22;122
25;2025-11-15;23;43
25;2025-11-16;0;17
25;2025-11-16;1;0
25;2025-11-16;2;0
25;2025-11-16;3;0
25;2025-11-16;4;0
25;2025-11-16;5;9
25;2025-11-16;6;97
25;2025-11-16;7;125
25;2025-11-16;8;195
25;2025-11-16;9;229
25;2025-11-16;10;242
25;2025-11-16;11;331
25;2025-11-16;12;396
25;2025-11-16;13;499
25;2025-11-16;14;542
25;2025-11-16;15;576
25;2025-11-16;16;553
25;2025-11-16;17;543
25;2025-11-16;18;453
25;2025-11-16;19;321
25;2025-11-16;20;232
25;2025-11-16;21;167
25;2025-11-16;22;103
25;2025-11-16;23;33
25;2025-11-17;0;7
25;2025-11-17;1;0
25;2025-11-17;2;0
25;2025-11-17;3;0
25;2025-11-17;4;0
25;2025-11-17;5;20
25;2025-11-17;6;242
25;2025-11-17;7;534
25;2025-11-17;8;918
25;2025-11-17;9;516
25;2025-11-17;10;369
25;2025-11-17;11;424
25;2025-11-17;12;436
25;2025-11-17;13;527
25;2025-11-17;14;470
25;2025-11-17;15;538
25;2025-11-17;16;672
25;2025-11-17;17;771
25;2025-11-17;18;784
25;2025-11-17;19;585
25;2025-11-17;20;341
25;2025-11-17;21;213
25;2025-11-17;22;94
25;2025-11-17;23;17
25;2025-11-18;0;4
25;2025-11-18;1;0
25;2025-11-18;2;0
25;2025-11-18;3;0
25;2025-11-18;4;0
25;2025-11-18;5;18
25;2025-11-18;6;242
25;2025-11-18;7;535
25;2025-11-18;8;908
25;2025-11-18;9;486
25;2025-11-18;10;384
25;2025-11-18;11;421
25;2025-11-18;12;432
25;2025-11-18;13;490
25;2025-11-18;14;470
25;2025-11-18;15;572
25;2025-11-18;16;654
25;2025-11-18;17;748
25;2025-11-18;18;764
25;2025-11-18;19;577
25;2025-11-18;20;328
25;2025-11-18;21;212
25;2025-11-18;22;92
25;2025-11-18;23;12
25;2025-11-19;0;0
25;2025-11-19;1;0
25;2025-11-19;2;0
25;2025-11-19;3;0
25;2025-11-19;4;0
25;2025-11-19;5;21
25;2025-11-19;6;250
25;2025-11-19;7;546
25;2025-11-19;8;928
25;2025-11-19;9;506
25;2025-11-19;10;419
25;2025-11-19;11;460
25;2025-11-19;12;465
25;2025-11-19;13;566
25;2025-11-19;14;470
25;2025-11-19;15;601
25;2025-11-19;16;688
25;2025-11-19;17;848
25;2025-11-19;18;869
25;2025-11-19;19;630
25;2025-11-19;20;358
25;2025-11-19;21;261
25;2025-11-19;22;113
25;2025-11-19;23;16
25;2025-11-20;0;2
25;2025-11-20;1;0
25;2025-11-20;2;0
25;2025-11-20;3;0
25;2025-11-20;4;0
25;2025-11-20;5;23
25;2025-11-20;6;249
25;2025-11-20;7;536
25;2025-11-20;8;881
25;2025-11-20;9;495
25;2025-11-20;10;417
25;2025-11-20;11;449
25;2025-11-20;12;454
25;2025-11-20;13;529
25;2025-11-20;14;501
25;2025-11-20;15;606
25;2025-11-20;16;686
25;2025-11-20;17;759
25;2025-11-20;18;802
25;2025-11-20;19;595
25;2025-11-20;20;318
25;2025-11-20;21;214
25;2025-11-20;22;97
25;2025-11-20;23;13
25;2025-11-21;0;0
25;2025-11-21;1;0
25;2025-11-21;2;0
25;2025-11-21;3;0
25;2025-11-21;4;0
25;2025-11-21;5;17
25;2025-11-21;6;254
25;2025-11-21;7;553
25;2025-11-21;8;883
25;2025-11-21;9;489
25;2025-11-21;10;406
25;2025-11-21;11;444
25;2025-11-21;12;449
25;2025-11-21;13;544
25;2025-11-21;14;488
25;2025-11-21;15;622
25;2025-11-21;16;751
25;2025-11-21;17;774
25;2025-11-21;18;731
25;2025-11-21;19;574
25;2025-11-21;20;351
25;2025-11-21;21;227
25;2025-11-21;22;109
25;2025-11-21;23;20
25;2025-11-22;0;10
25;2025-11-22;1;0
25;2025-11-22;2;0
25;2025-11-22;3;0
25;2025-11-22;4;0
25;2025-11-22;5;17
25;2025-11-22;6;130
25;2025-11-22;7;183
25;2025-11-22;8;323
25;2025-11-22;9;311
25;2025-11-22;10;309
25;2025-11-22;11;403
25;2025-11-22;12;447
25;2025-11-22;13;622
25;2025-11-22;14;612
25;2025-11-22;15;675
25;2025-11-22;16;676
25;2025-11-22;17;594
25;2025-11-22;18;532
25;2025-11-22;19;452
25;2025-11-22;20;280
25;2025-11-22;21;215
25;2025-11-22;22;122
25;2025-11-22;23;42
25;2025-11-23;0;17
25;2025-11-23;1;0
25;2025-11-23;2;0
25;2025-11-23;3;0
25;2025-11-23;4;0
25;2025-11-23;5;9
25;2025-11-23;6;97
25;2025-11-23;7;125
25;2025-11-23;8;195
25;2025-11-23;9;229
25;2025-11-23;10;242
25;2025-11-23;11;331
25;2025-11-23;12;396
25;2025-11-23;13;499
25;2025-11-23;14;542
25;2025-11-23;15;576
25;2025-11-23;16;553
25;2025-11-23;17;543
25;2025-11-23;18;453
25;2025-11-23;19;321
25;2025-11-23;20;232
25;2025-11-23;21;167
25;2025-11-23;22;103
25;2025-11-23;23;33
25;2025-11-24;0;7
25;2025-11-24;1;0
25;2025-11-24;2;0
25;2025-11-24;3;0
25;2025-11-24;4;0
25;2025-11-24;5;20
25;2025-11-24;6;242
25;2025-11-24;7;534
25;2025-11-24;8;918
25;2025-11-24;9;516
25;2025-11-24;10;369
25;2025-11-24;11;424
25;2025-11-24;12;436
25;2025-11-24;13;527
25;2025-11-24;14;470
25;2025-11-24;15;538
25;2025-11-24;16;672
25;2025-11-24;17;771
25;2025-11-24;18;784
25;2025-11-24;19;585
25;2025-11-24;20;341
25;2025-11-24;21;213
25;2025-11-24;22;94
25;2025-11-24;23;17
25;2025-11-25;0;4
25;2025-11-25;1;0
25;2025-11-25;2;0
25;2025-11-25;3;0
25;2025-11-25;4;0
25;2025-11-25;5;18
25;2025-11-25;6;242
25;2025-11-25;7;535
25;2025-11-25;8;908
25;2025-11-25;9;486
25;2025-11-25;10;384
25;2025-11-25;11;421
25;2025-11-25;12;432
25;2025-11-25;13;490
25;2025-11-25;14;470
25;2025-11-25;15;572
25;2025-11-25;16;654
25;2025-11-25;17;748
25;2025-11-25;18;764
25;2025-11-25;19;577
25;2025-11-25;20;328
25;2025-11-25;21;212
25;2025-11-25;22;92
25;2025-11-25;23;12
25;2025-11-26;0;0
25;2025-11-26;1;0
25;2025-11-26;2;0
25;2025-11-26;3;0
25;2025-11-26;4;0
25;2025-11-26;5;21
25;2025-11-26;6;250
25;2025-11-26;7;546
25;2025-11-26;8;928
25;2025-11-26;9;506
25;2025-11-26;10;419
25;2025-11-26;11;460
25;2025-11-26;12;465
25;2025-11-26;13;566
25;2025-11-26;14;470
25;2025-11-26;15;601
25;2025-11-26;16;688
25;2025-11-26;17;848
25;2025-11-26;18;869
25;2025-11-26;19;630
25;2025-11-26;20;358
25;2025-11-26;21;261
25;2025-11-26;22;113
25;2025-11-26;23;16
25;2025-11-27;0;2
25;2025-11-27;1;0
25;2025-11-27;2;0
25;2025-11-27;3;0
25;2025-11-27;4;0
25;2025-11-27;5;23
25;2025-11-27;6;249
25;2025-11-27;7;536
25;2025-11-27;8;881
25;2025-11-27;9;495
25;2025-11-27;10;417
25;2025-11-27;11;449
25;2025-11-27;12;454
25;2025-11-27;13;529
25;2025-11-27;14;501
25;2025-11-27;15;606
25;2025-11-27;16;686
25;2025-11-27;17;759
25;2025-11-27;18;802
25;2025-11-27;19;595
25;2025-11-27;20;318
25;2025-11-27;21;214
25;2025-11-27;22;97
25;2025-11-27;23;13
25;2025-11-28;0;0
25;2025-11-28;1;0
25;2025-11-28;2;0
25;2025-11-28;3;0
25;2025-11-28;4;0
25;2025-11-28;5;17
25;2025-11-28;6;254
25;2025-11-28;7;553
25;2025-11-28;8;883
25;2025-11-28;9;489
25;2025-11-28;10;406
25;2025-11-28;11;444
25;2025-11-28;12;449
25;2025-11-28;13;544
25;2025-11-28;14;488
25;2025-11-28;15;622
25;2025-11-28;16;751
25;2025-11-28;17;774
25;2025-11-28;18;731
25;2025-11-28;19;574
25;2025-11-28;20;351
25;2025-11-28;21;227
25;2025-11-28;22;109
25;2025-11-28;23;20
25;2025-11-29;0;9
25;2025-11-29;1;0
25;2025-11-29;2;0
25;2025-11-29;3;0
25;2025-11-29;4;0
25;2025-11-29;5;17
25;2025-11-29;6;130
25;2025-11-29;7;183
25;2025-11-29;8;323
25;2025-11-29;9;311
25;2025-11-29;10;309
25;2025-11-29;11;403
25;2025-11-29;12;447
25;2025-11-29;13;622
25;2025-11-29;14;612
25;2025-11-29;15;675
25;2025-11-29;16;676
25;2025-11-29;17;594
25;2025-11-29;18;532
25;2025-11-29;19;452
25;2025-11-29;20;280
25;2025-11-29;21;215
25;2025-11-29;22;122
25;2025-11-29;23;42
25;2025-11-30;0;17
25;2025-11-30;1;0
25;2025-11-30;2;0
25;2025-11-30;3;0
25;2025-11-30;4;0
25;2025-11-30;5;9
25;2025-11-30;6;97
25;2025-11-30;7;125
25;2025-11-30;8;195
25;2025-11-30;9;229
25;2025-11-30;10;242
25;2025-11-30;11;331
25;2025-11-30;12;396
25;2025-11-30;13;499
25;2025-11-30;14;542
25;2025-11-30;15;576
25;2025-11-30;16;553
25;2025-11-30;17;543
25;2025-11-30;18;453
25;2025-11-30;19;321
25;2025-11-30;20;232
25;2025-11-30;21;167
25;2025-11-30;22;103
25;2025-11-30;23;33
25;2025-12-01;0;7
25;2025-12-01;1;0
25;2025-12-01;2;0
25;2025-12-01;3;0
25;2025-12-01;4;0
25;2025-12-01;5;20
25;2025-12-01;6;242
25;2025-12-01;7;534
25;2025-12-01;8;919
25;2025-12-01;9;516
25;2025-12-01;10;369
25;2025-12-01;11;424
25;2025-12-01;12;435
25;2025-12-01;13;527
25;2025-12-01;14;470
25;2025-12-01;15;538
25;2025-12-01;16;672
25;2025-12-01;17;770
25;2025-12-01;18;784
25;2025-12-01;19;585
25;2025-12-01;20;341
25;2025-12-01;21;213
25;2025-12-01;22;94
25;2025-12-01;23;17
25;2025-12-02;0;4
25;2025-12-02;1;0
25;2025-12-02;2;0
25;2025-12-02;3;0
25;2025-12-02;4;0
25;2025-12-02;5;18
25;2025-12-02;6;242
25;2025-12-02;7;535
25;2025-12-02;8;908
25;2025-12-02;9;486
25;2025-12-02;10;384
25;2025-12-02;11;421
25;2025-12-02;12;432
25;2025-12-02;13;490
25;2025-12-02;14;470
25;2025-12-02;15;572
25;2025-12-02;16;654
25;2025-12-02;17;748
25;2025-12-02;18;764
25;2025-12-02;19;577
25;2025-12-02;20;328
25;2025-12-02;21;212
25;2025-12-02;22;92
25;2025-12-02;23;12
25;2025-12-03;0;0
25;2025-12-03;1;0
25;2025-12-03;2;0
25;2025-12-03;3;0
25;2025-12-03;4;0
25;2025-12-03;5;21
25;2025-12-03;6;250
25;2025-12-03;7;546
25;2025-12-03;8;928
25;2025-12-03;9;506
25;2025-12-03;10;419
25;2025-12-03;11;460
25;2025-12-03;12;465
25;2025-12-03;13;566
25;2025-12-03;14;470
25;2025-12-03;15;600
25;2025-12-03;16;688
25;2025-12-03;17;848
25;2025-12-03;18;868
25;2025-12-03;19;630
25;2025-12-03;20;358
25;2025-12-03;21;262
25;2025-12-03;22;114
25;2025-12-03;23;16
25;2025-12-04;0;2
25;2025-12-04;1;0
25;2025-12-04;2;0
25;2025-12-04;3;0
25;2025-12-04;4;0
25;2025-12-04;5;23
25;2025-12-04;6;247
25;2025-12-04;7;531
25;2025-12-04;8;873
25;2025-12-04;9;489
25;2025-12-04;10;414
25;2025-12-04;11;445
25;2025-12-04;12;450
25;2025-12-04;13;525
25;2025-12-04;14;497
25;2025-12-04;15;609
25;2025-12-04;16;688
25;2025-12-04;17;760
25;2025-12-04;18;804
25;2025-12-04;19;599
25;2025-12-04;20;324
25;2025-12-04;21;222
25;2025-12-04;22;104
25;2025-12-04;23;20
25;2025-12-05;0;0
25;2025-12-05;1;0
25;2025-12-05;2;0
25;2025-12-05;3;0
25;2025-12-05;4;0
25;2025-12-05;5;17
25;2025-12-05;6;252
25;2025-12-05;7;548
25;2025-12-05;8;874
25;2025-12-05;9;485
25;2025-12-05;10;402
25;2025-12-05;11;440
25;2025-12-05;12;444
25;2025-12-05;13;539
25;2025-12-05;14;483
25;2025-12-05;15;623
25;2025-12-05;16;750
25;2025-12-05;17;774
25;2025-12-05;18;735
25;2025-12-05;19;579
25;2025-12-05;20;359
25;2025-12-05;21;236
25;2025-12-05;22;117
25;2025-12-05;23;29
25;2025-12-06;0;9
25;2025-12-06;1;0
25;2025-12-06;2;0
25;2025-12-06;3;0
25;2025-12-06;4;0
25;2025-12-06;5;14
25;2025-12-06;6;127
25;2025-12-06;7;177
25;2025-12-06;8;317
25;2025-12-06;9;306
25;2025-12-06;10;304
25;2025-12-06;11;398
25;2025-12-06;12;442
25;2025-12-06;13;614
25;2025-12-06;14;605
25;2025-12-06;15;678
25;2025-12-06;16;680
25;2025-12-06;17;597
25;2025-12-06;18;538
25;2025-12-06;19;458
25;2025-12-06;20;287
25;2025-12-06;21;223
25;2025-12-06;22;129
25;2025-12-06;23;49
25;2025-12-07;0;17
25;2025-12-07;1;0
25;2025-12-07;2;0
25;2025-12-07;3;0
25;2025-12-07;4;0
25;2025-12-07;5;6
25;2025-12-07;6;95
25;2025-12-07;7;122
25;2025-12-07;8;190
25;2025-12-07;9;225
25;2025-12-07;10;238
25;2025-12-07;11;326
25;2025-12-07;12;391
25;2025-12-07;13;492
25;2025-12-07;14;536
25;2025-12-07;15;579
25;2025-12-07;16;555
25;2025-12-07;17;546
25;2025-12-07;18;458
25;2025-12-07;19;327
25;2025-12-07;20;238
25;2025-12-07;21;173
25;2025-12-07;22;109
25;2025-12-07;23;39
25;2025-12-08;0;7
25;2025-12-08;1;0
25;2025-12-08;2;0
25;2025-12-08;3;0
25;2025-12-08;4;0
25;2025-12-08;5;16
25;2025-12-08;6;237
25;2025-12-08;7;526
25;2025-12-08;8;909
25;2025-12-08;9;510
25;2025-12-08;10;364
25;2025-12-08;11;418
25;2025-12-08;12;430
25;2025-12-08;13;518
25;2025-12-08;14;463
25;2025-12-08;15;544
25;2025-12-08;16;677
25;2025-12-08;17;775
25;2025-12-08;18;791
25;2025-12-08;19;593
25;2025-12-08;20;349
25;2025-12-08;21;222
25;2025-12-08;22;102
25;2025-12-08;23;26
25;2025-12-09;0;4
25;2025-12-09;1;0
25;2025-12-09;2;0
25;2025-12-09;3;0
25;2025-12-09;4;0
25;2025-12-09;5;14
25;2025-12-09;6;237
25;2025-12-09;7;528
25;2025-12-09;8;900
25;2025-12-09;9;480
25;2025-12-09;10;379
25;2025-12-09;11;416
25;2025-12-09;12;426
25;2025-12-09;13;481
25;2025-12-09;14;464
25;2025-12-09;15;578
25;2025-12-09;16;659
25;2025-12-09;17;753
25;2025-12-09;18;770
25;2025-12-09;19;584
25;2025-12-09;20;336
25;2025-12-09;21;220
25;2025-12-09;22;100
25;2025-12-09;23;19
25;2025-12-10;0;0
25;2025-12-10;1;0
25;2025-12-10;2;0
25;2025-12-10;3;0
25;2025-12-10;4;0
25;2025-12-10;5;17
25;2025-12-10;6;245
25;2025-12-10;7;537
25;2025-12-10;8;918
25;2025-12-10;9;500
25;2025-12-10;10;413
25;2025-12-10;11;454
25;2025-12-10;12;459
25;2025-12-10;13;557
25;2025-12-10;14;463
25;2025-12-10;15;607
25;2025-12-10;16;694
25;2025-12-10;17;854
25;2025-12-10;18;875
25;2025-12-10;19;637
25;2025-12-10;20;367
25;2025-12-10;21;271
25;2025-12-10;22;122
25;2025-12-10;23;25
25;2025-12-11;0;2
25;2025-12-11;1;0
25;2025-12-11;2;0
25;2025-12-11;3;0
25;2025-12-11;4;0
25;2025-12-11;5;19
25;2025-12-11;6;244
25;2025-12-11;7;529
25;2025-12-11;8;872
25;2025-12-11;9;489
25;2025-12-11;10;412
25;2025-12-11;11;444
25;2025-12-11;12;449
25;2025-12-11;13;520
25;2025-12-11;14;493
25;2025-12-11;15;612
25;2025-12-11;16;692
25;2025-12-11;17;764
25;2025-12-11;18;809
25;2025-12-11;19;602
25;2025-12-11;20;326
25;2025-12-11;21;223
25;2025-12-11;22;104
25;2025-12-11;23;21
25;2025-12-12;0;0
25;2025-12-12;1;0
25;2025-12-12;2;0
25;2025-12-12;3;0
25;2025-12-12;4;0
25;2025-12-12;5;13
25;2025-12-12;6;249
25;2025-12-12;7;545
25;2025-12-12;8;874
25;2025-12-12;9;483
25;2025-12-12;10;401
25;2025-12-12;11;439
25;2025-12-12;12;442
25;2025-12-12;13;534
25;2025-12-12;14;479
25;2025-12-12;15;627
25;2025-12-12;16;754
25;2025-12-12;17;778
25;2025-12-12;18;740
25;2025-12-12;19;582
25;2025-12-12;20;361
25;2025-12-12;21;237
25;2025-12-12;22;118
25;2025-12-12;23;29
25;2025-12-13;0;9
25;2025-12-13;1;0
25;2025-12-13;2;0
25;2025-12-13;3;0
25;2025-12-13;4;0
25;2025-12-13;5;14
25;2025-12-13;6;127
25;2025-12-13;7;177
25;2025-12-13;8;317
25;2025-12-13;9;306
25;2025-12-13;10;304
25;2025-12-13;11;398
25;2025-12-13;12;442
25;2025-12-13;13;614
25;2025-12-13;14;605
25;2025-12-13;15;678
25;2025-12-13;16;680
25;2025-12-13;17;597
25;2025-12-13;18;538
25;2025-12-13;19;458
25;2025-12-13;20;287
25;2025-12-13;21;223
25;2025-12-13;22;129
25;2025-12-13;23;49
25;2025-12-14;0;17
25;2025-12-14;1;0
25;2025-12-14;2;0
25;2025-12-14;3;0
25;2025-12-14;4;0
25;2025-12-14;5;6
25;2025-12-14;6;95
25;2025-12-14;7;122
25;2025-12-14;8;190
25;2025-12-14;9;225
25;2025-12-14;10;238
25;2025-12-14;11;326
25;2025-12-14;12;391
25;2025-12-14;13;492
25;2025-12-14;14;536
25;2025-12-14;15;579
25;2025-12-14;16;555
25;2025-12-14;17;546
25;2025-12-14;18;458
25;2025-12-14;19;327
25;2025-12-14;20;238
25;2025-12-14;21;173
25;2025-12-14;22;109
25;2025-12-14;23;39
25;2025-12-15;0;7
25;2025-12-15;1;0
25;2025-12-15;2;0
25;2025-12-15;3;0
25;2025-12-15;4;0
25;2025-12-15;5;16
25;2025-12-15;6;237
25;2025-12-15;7;526
25;2025-12-15;8;909
25;2025-12-15;9;510
25;2025-12-15;10;364
25;2025-12-15;11;418
25;2025-12-15;12;430
25;2025-12-15;13;518
25;2025-12-15;14;463
25;2025-12-15;15;544
25;2025-12-15;16;677
25;2025-12-15;17;775
25;2025-12-15;18;791
25;2025-12-15;19;593
25;2025-12-15;20;349
25;2025-12-15;21;222
25;2025-12-15;22;102
25;2025-12-15;23;26
25;2025-12-16;0;4
25;2025-12-16;1;0
25;2025-12-16;2;0
25;2025-12-16;3;0
25;2025-12-16;4;0
25;2025-12-16;5;14
25;2025-12-16;6;237
25;2025-12-16;7;528
25;2025-12-16;8;900
25;2025-12-16;9;480
25;2025-12-16;10;379
25;2025-12-16;11;416
25;2025-12-16;12;426
25;2025-12-16;13;481
25;2025-12-16;14;464
25;2025-12-16;15;578
25;2025-12-16;16;659
25;2025-12-16;17;753
25;2025-12-16;18;770
25;2025-12-16;19;584
25;2025-12-16;20;336
25;2025-12-16;21;220
25;2025-12-16;22;100
25;2025-12-16;23;19
25;2025-12-17;0;0
25;2025-12-17;1;0
25;2025-12-17;2;0
25;2025-12-17;3;0
25;2025-12-17;4;0
25;2025-12-17;5;17
25;2025-12-17;6;245
25;2025-12-17;7;537
25;2025-12-17;8;918
25;2025-12-17;9;500
25;2025-12-17;10;413
25;2025-12-17;11;454
25;2025-12-17;12;459
25;2025-12-17;13;557
25;2025-12-17;14;463
25;2025-12-17;15;607
25;2025-12-17;16;694
25;2025-12-17;17;854
25;2025-12-17;18;875
25;2025-12-17;19;637
25;2025-12-17;20;367
25;2025-12-17;21;271
25;2025-12-17;22;122
25;2025-12-17;23;25
25;2025-12-18;0;2
25;2025-12-18;1;0
25;2025-12-18;2;0
25;2025-12-18;3;0
25;2025-12-18;4;0
25;2025-12-18;5;19
25;2025-12-18;6;244
25;2025-12-18;7;529
25;2025-12-18;8;872
25;2025-12-18;9;489
25;2025-12-18;10;412
25;2025-12-18;11;444
25;2025-12-18;12;449
25;2025-12-18;13;520
25;2025-12-18;14;493
25;2025-12-18;15;612
25;2025-12-18;16;692
25;2025-12-18;17;764
25;2025-12-18;18;809
25;2025-12-18;19;602
25;2025-12-18;20;326
25;2025-12-18;21;223
25;2025-12-18;22;104
25;2025-12-18;23;21
25;2025-12-19;0;0
25;2025-12-19;1;0
25;2025-12-19;2;0
25;2025-12-19;3;0
25;2025-12-19;4;0
25;2025-12-19;5;13
25;2025-12-19;6;249
25;2025-12-19;7;545
25;2025-12-19;8;874
25;2025-12-19;9;483
25;2025-12-19;10;401
25;2025-12-19;11;439
25;2025-12-19;12;442
25;2025-12-19;13;534
25;2025-12-19;14;479
25;2025-12-19;15;627
25;2025-12-19;16;754
25;2025-12-19;17;778
25;2025-12-19;18;740
25;2025-12-19;19;582
25;2025-12-19;20;361
25;2025-12-19;21;237
25;2025-12-19;22;118
25;2025-12-19;23;29
25;2025-12-20;0;9
25;2025-12-20;1;0
25;2025-12-20;2;0
25;2025-12-20;3;0
25;2025-12-20;4;0
25;2025-12-20;5;14
25;2025-12-20;6;127
25;2025-12-20;7;177
25;2025-12-20;8;317
25;2025-12-20;9;306
25;2025-12-20;10;304
25;2025-12-20;11;398
25;2025-12-20;12;442
25;2025-12-20;13;614
25;2025-12-20;14;605
25;2025-12-20;15;678
25;2025-12-20;16;680
25;2025-12-20;17;597
25;2025-12-20;18;538
25;2025-12-20;19;458
25;2025-12-20;20;287
25;2025-12-20;21;223
25;2025-12-20;22;129
25;2025-12-20;23;49
25;2025-12-21;0;17
25;2025-12-21;1;0
25;2025-12-21;2;0
25;2025-12-21;3;0
25;2025-12-21;4;0
25;2025-12-21;5;6
25;2025-12-21;6;95
25;2025-12-21;7;122
25;2025-12-21;8;190
25;2025-12-21;9;225
25;2025-12-21;10;238
25;2025-12-21;11;326
25;2025-12-21;12;391
25;2025-12-21;13;492
25;2025-12-21;14;536
25;2025-12-21;15;579
25;2025-12-21;16;555
25;2025-12-21;17;546
25;2025-12-21;18;458
25;2025-12-21;19;327
25;2025-12-21;20;238
25;2025-12-21;21;173
25;2025-12-21;22;109
25;2025-12-21;23;39
25;2025-12-22;0;7
25;2025-12-22;1;0
25;2025-12-22;2;0
25;2025-12-22;3;0
25;2025-12-22;4;0
25;2025-12-22;5;16
25;2025-12-22;6;237
25;2025-12-22;7;526
25;2025-12-22;8;909
25;2025-12-22;9;510
25;2025-12-22;10;364
25;2025-12-22;11;418
25;2025-12-22;12;430
25;2025-12-22;13;518
25;2025-12-22;14;463
25;2025-12-22;15;544
25;2025-12-22;16;677
25;2025-12-22;17;775
25;2025-12-22;18;791
25;2025-12-22;19;593
25;2025-12-22;20;349
25;2025-12-22;21;222
25;2025-12-22;22;102
25;2025-12-22;23;26
25;2025-12-23;0;4
25;2025-12-23;1;0
25;2025-12-23;2;0
25;2025-12-23;3;0
25;2025-12-23;4;0
25;2025-12-23;5;14
25;2025-12-23;6;237
25;2025-12-23;7;528
25;2025-12-23;8;900
25;2025-12-23;9;480
25;2025-12-23;10;379
25;2025-12-23;11;416
25;2025-12-23;12;426
25;2025-12-23;13;481
25;2025-12-23;14;464
25;2025-12-23;15;578
25;2025-12-23;16;659
25;2025-12-23;17;753
25;2025-12-23;18;770
25;2025-12-23;19;584
25;2025-12-23;20;336
25;2025-12-23;21;220
25;2025-12-23;22;100
25;2025-12-23;23;19
25;2025-12-24;0;0
25;2025-12-24;1;0
25;2025-12-24;2;0
25;2025-12-24;3;0
25;2025-12-24;4;0
25;2025-12-24;5;17
25;2025-12-24;6;245
25;2025-12-24;7;537
25;2025-12-24;8;918
25;2025-12-24;9;500
25;2025-12-24;10;413
25;2025-12-24;11;454
25;2025-12-24;12;459
25;2025-12-24;13;557
25;2025-12-24;14;463
25;2025-12-24;15;607
25;2025-12-24;16;694
25;2025-12-24;17;854
25;2025-12-24;18;875
25;2025-12-24;19;637
25;2025-12-24;20;367
25;2025-12-24;21;271
25;2025-12-24;22;122
25;2025-12-24;23;25
25;2025-12-25;0;2
25;2025-12-25;1;0
25;2025-12-25;2;0
25;2025-12-25;3;0
25;2025-12-25;4;0
25;2025-12-25;5;19
25;2025-12-25;6;244
25;2025-12-25;7;529
25;2025-12-25;8;872
25;2025-12-25;9;489
25;2025-12-25;10;412
25;2025-12-25;11;444
25;2025-12-25;12;449
25;2025-12-25;13;520
25;2025-12-25;14;493
25;2025-12-25;15;612
25;2025-12-25;16;692
25;2025-12-25;17;764
25;2025-12-25;18;809
25;2025-12-25;19;602
25;2025-12-25;20;326
25;2025-12-25;21;223
25;2025-12-25;22;104
25;2025-12-25;23;21
25;2025-12-26;0;0
25;2025-12-26;1;0
25;2025-12-26;2;0
25;2025-12-26;3;0
25;2025-12-26;4;0
25;2025-12-26;5;13
25;2025-12-26;6;249
25;2025-12-26;7;545
25;2025-12-26;8;874
25;2025-12-26;9;483
25;2025-12-26;10;401
25;2025-12-26;11;439
25;2025-12-26;12;442
25;2025-12-26;13;534
25;2025-12-26;14;479
25;2025-12-26;15;627
25;2025-12-26;16;754
25;2025-12-26;17;778
25;2025-12-26;18;740
25;2025-12-26;19;582
25;2025-12-26;20;361
25;2025-12-26;21;237
25;2025-12-26;22;118
25;2025-12-26;23;29
25;2025-12-27;0;9
25;2025-12-27;1;0
25;2025-12-27;2;0
25;2025-12-27;3;0
25;2025-12-27;4;0
25;2025-12-27;5;14
25;2025-12-27;6;127
25;2025-12-27;7;177
25;2025-12-27;8;317
25;2025-12-27;9;306
25;2025-12-27;10;304
25;2025-12-27;11;398
25;2025-12-27;12;442
25;2025-12-27;13;614
25;2025-12-27;14;605
25;2025-12-27;15;678
25;2025-12-27;16;680
25;2025-12-27;17;597
25;2025-12-27;18;538
25;2025-12-27;19;458
25;2025-12-27;20;287
25;2025-12-27;21;223
25;2025-12-27;22;129
25;2025-12-27;23;49
25;2025-12-28;0;17
25;2025-12-28;1;0
25;2025-12-28;2;0
25;2025-12-28;3;0
25;2025-12-28;4;0
25;2025-12-28;5;6
25;2025-12-28;6;95
25;2025-12-28;7;122
25;2025-12-28;8;190
25;2025-12-28;9;225
25;2025-12-28;10;238
25;2025-12-28;11;326
25;2025-12-28;12;391
25;2025-12-28;13;492
25;2025-12-28;14;536
25;2025-12-28;15;579
25;2025-12-28;16;555
25;2025-12-28;17;546
25;2025-12-28;18;458
25;2025-12-28;19;327
25;2025-12-28;20;238
25;2025-12-28;21;173
25;2025-12-28;22;109
25;2025-12-28;23;39
25;2025-12-29;0;9
25;2025-12-29;1;0
25;2025-12-29;2;0
25;2025-12-29;3;0
25;2025-12-29;4;0
25;2025-12-29;5;18
25;2025-12-29;6;231
25;2025-12-29;7;525
25;2025-12-29;8;920
25;2025-12-29;9;513
25;2025-12-29;10;337
25;2025-12-29;11;396
25;2025-12-29;12;391
25;2025-12-29;13;543
25;2025-12-29;14;451
25;2025-12-29;15;477
25;2025-12-29;16;663
25;2025-12-29;17;715
25;2025-12-29;18;716
25;2025-12-29;19;544
25;2025-12-29;20;301
25;2025-12-29;21;187
25;2025-12-29;22;85
25;2025-12-29;23;9
25;2025-12-30;0;2
25;2025-12-30;1;0
25;2025-12-30;2;0
25;2025-12-30;3;0
25;2025-12-30;4;0
25;2025-12-30;5;14
25;2025-12-30;6;225
25;2025-12-30;7;490
25;2025-12-30;8;856
25;2025-12-30;9;432
25;2025-12-30;10;343
25;2025-12-30;11;388
25;2025-12-30;12;382
25;2025-12-30;13;442
25;2025-12-30;14;414
25;2025-12-30;15;509
25;2025-12-30;16;602
25;2025-12-30;17;667
25;2025-12-30;18;685
25;2025-12-30;19;515
25;2025-12-30;20;301
25;2025-12-30;21;199
25;2025-12-30;22;85
25;2025-12-30;23;7
25;2025-12-31;0;11
25;2025-12-31;1;0
25;2025-12-31;2;0
25;2025-12-31;3;0
25;2025-12-31;4;0
25;2025-12-31;5;10
25;2025-12-31;6;95
25;2025-12-31;7;103
25;2025-12-31;8;213
25;2025-12-31;9;218
25;2025-12-31;10;222
25;2025-12-31;11;310
25;2025-12-31;12;346
25;2025-12-31;13;489
25;2025-12-31;14;535
25;2025-12-31;15;619
25;2025-12-31;16;536
25;2025-12-31;17;487
25;2025-12-31;18;410
25;2025-12-31;19;324
25;2025-12-31;20;222
25;2025-12-31;21;157
25;2025-12-31;22;97
25;2025-12-31;23;37
26;2025-11-01;0;38
26;2025-11-01;1;1
26;2025-11-01;2;0
26;2025-11-01;3;0
26;2025-11-01;4;2
26;2025-11-01;5;70
26;2025-11-01;6;396
26;2025-11-01;7;768
26;2025-11-01;8;1547
26;2025-11-01;9;1106
26;2025-11-01;10;1072
26;2025-11-01;11;1072
26;2025-11-01;12;1099
26;2025-11-01;13;1125
26;2025-11-01;14;1236
26;2025-11-01;15;1213
26;2025-11-01;16;1404
26;2025-11-01;17;1439
26;2025-11-01;18;1151
26;2025-11-01;19;941
26;2025-11-01;20;624
26;2025-11-01;21;424
26;2025-11-01;22;213
26;2025-11-01;23;156
26;2025-11-02;0;46
26;2025-11-02;1;4
26;2025-11-02;2;0
26;2025-11-02;3;0
26;2025-11-02;4;2
26;2025-11-02;5;23
26;2025-11-02;6;149
26;2025-11-02;7;242
26;2025-11-02;8;370
26;2025-11-02;9;497
26;2025-11-02;10;561
26;2025-11-02;11;783
26;2025-11-02;12;775
26;2025-11-02;13;823
26;2025-11-02;14;817
26;2025-11-02;15;744
26;2025-11-02;16;706
26;2025-11-02;17;724
26;2025-11-02;18;655
26;2025-11-02;19;493
26;2025-11-02;20;381
26;2025-11-02;21;264
26;2025-11-02;22;160
26;2025-11-02;23;97
26;2025-11-03;0;46
26;2025-11-03;1;3
26;2025-11-03;2;0
26;2025-11-03;3;0
26;2025-11-03;4;2
26;2025-11-03;5;29
26;2025-11-03;6;169
26;2025-11-03;7;267
26;2025-11-03;8;421
26;2025-11-03;9;530
26;2025-11-03;10;614
26;2025-11-03;11;818
26;2025-11-03;12;830
26;2025-11-03;13;860
26;2025-11-03;14;865
26;2025-11-03;15;786
26;2025-11-03;16;768
26;2025-11-03;17;762
26;2025-11-03;18;696
26;2025-11-03;19;549
26;2025-11-03;20;410
26;2025-11-03;21;280
26;2025-11-03;22;169
26;2025-11-03;23;109
26;2025-11-04;0;42
26;2025-11-04;1;3
26;2025-11-04;2;0
26;2025-11-04;3;0
26;2025-11-04;4;1
26;2025-11-04;5;24
26;2025-11-04;6;145
26;2025-11-04;7;232
26;2025-11-04;8;362
26;2025-11-04;9;467
26;2025-11-04;10;535
26;2025-11-04;11;726
26;2025-11-04;12;730
26;2025-11-04;13;763
26;2025-11-04;14;764
26;2025-11-04;15;694
26;2025-11-04;16;671
26;2025-11-04;17;674
26;2025-11-04;18;613
26;2025-11-04;19;475
26;2025-11-04;20;360
26;2025-11-04;21;247
26;2025-11-04;22;149
26;2025-11-04;23;94
26;2025-11-05;0;31
26;2025-11-05;1;2
26;2025-11-05;2;0
26;2025-11-05;3;0
26;2025-11-05;4;6
26;2025-11-05;5;105
26;2025-11-05;6;489
26;2025-11-05;7;1086
26;2025-11-05;8;2229
26;2025-11-05;9;1449
26;2025-11-05;10;1229
26;2025-11-05;11;1124
26;2025-11-05;12;1190
26;2025-11-05;13;1223
26;2025-11-05;14;1313
26;2025-11-05;15;1373
26;2025-11-05;16;1497
26;2025-11-05;17;1726
26;2025-11-05;18;1837
26;2025-11-05;19;1248
26;2025-11-05;20;775
26;2025-11-05;21;527
26;2025-11-05;22;216
26;2025-11-05;23;130
26;2025-11-06;0;41
26;2025-11-06;1;1
26;2025-11-06;2;0
26;2025-11-06;3;0
26;2025-11-06;4;2
26;2025-11-06;5;97
26;2025-11-06;6;492
26;2025-11-06;7;1081
26;2025-11-06;8;2183
26;2025-11-06;9;1442
26;2025-11-06;10;1222
26;2025-11-06;11;1144
26;2025-11-06;12;1188
26;2025-11-06;13;1227
26;2025-11-06;14;1324
26;2025-11-06;15;1367
26;2025-11-06;16;1505
26;2025-11-06;17;1712
26;2025-11-06;18;1848
26;2025-11-06;19;1221
26;2025-11-06;20;754
26;2025-11-06;21;492
26;2025-11-06;22;207
26;2025-11-06;23;132
26;2025-11-07;0;35
26;2025-11-07;1;1
26;2025-11-07;2;0
26;2025-11-07;3;0
26;2025-11-07;4;1
26;2025-11-07;5;89
26;2025-11-07;6;487
26;2025-11-07;7;1051
26;2025-11-07;8;2108
26;2025-11-07;9;1383
26;2025-11-07;10;1198
26;2025-11-07;11;1114
26;2025-11-07;12;1131
26;2025-11-07;13;1195
26;2025-11-07;14;1297
26;2025-11-07;15;1365
26;2025-11-07;16;1555
26;2025-11-07;17;1717
26;2025-11-07;18;1449
26;2025-11-07;19;1078
26;2025-11-07;20;678
26;2025-11-07;21;455
26;2025-11-07;22;199
26;2025-11-07;23;151
26;2025-11-08;0;53
26;2025-11-08;1;2
26;2025-11-08;2;0
26;2025-11-08;3;0
26;2025-11-08;4;2
26;2025-11-08;5;48
26;2025-11-08;6;230
26;2025-11-08;7;371
26;2025-11-08;8;614
26;2025-11-08;9;683
26;2025-11-08;10;824
26;2025-11-08;11;978
26;2025-11-08;12;1047
26;2025-11-08;13;1072
26;2025-11-08;14;1086
26;2025-11-08;15;991
26;2025-11-08;16;1050
26;2025-11-08;17;984
26;2025-11-08;18;875
26;2025-11-08;19;738
26;2025-11-08;20;521
26;2025-11-08;21;363
26;2025-11-08;22;208
26;2025-11-08;23;154
26;2025-11-09;0;50
26;2025-11-09;1;4
26;2025-11-09;2;0
26;2025-11-09;3;0
26;2025-11-09;4;2
26;2025-11-09;5;23
26;2025-11-09;6;147
26;2025-11-09;7;254
26;2025-11-09;8;375
26;2025-11-09;9;502
26;2025-11-09;10;574
26;2025-11-09;11;769
26;2025-11-09;12;820
26;2025-11-09;13;858
26;2025-11-09;14;868
26;2025-11-09;15;793
26;2025-11-09;16;787
26;2025-11-09;17;793
26;2025-11-09;18;680
26;2025-11-09;19;516
26;2025-11-09;20;382
26;2025-11-09;21;281
26;2025-11-09;22;163
26;2025-11-09;23;111
26;2025-11-10;0;31
26;2025-11-10;1;2
26;2025-11-10;2;0
26;2025-11-10;3;0
26;2025-11-10;4;2
26;2025-11-10;5;94
26;2025-11-10;6;491
26;2025-11-10;7;1089
26;2025-11-10;8;2144
26;2025-11-10;9;1425
26;2025-11-10;10;1198
26;2025-11-10;11;1092
26;2025-11-10;12;1120
26;2025-11-10;13;1187
26;2025-11-10;14;1257
26;2025-11-10;15;1312
26;2025-11-10;16;1441
26;2025-11-10;17;1696
26;2025-11-10;18;1829
26;2025-11-10;19;1198
26;2025-11-10;20;743
26;2025-11-10;21;464
26;2025-11-10;22;194
26;2025-11-10;23;106
26;2025-11-11;0;32
26;2025-11-11;1;1
26;2025-11-11;2;0
26;2025-11-11;3;1
26;2025-11-11;4;2
26;2025-11-11;5;92
26;2025-11-11;6;499
26;2025-11-11;7;1110
26;2025-11-11;8;2249
26;2025-11-11;9;1432
26;2025-11-11;10;1256
26;2025-11-11;11;1163
26;2025-11-11;12;1164
26;2025-11-11;13;1202
26;2025-11-11;14;1280
26;2025-11-11;15;1349
26;2025-11-11;16;1485
26;2025-11-11;17;1760
26;2025-11-11;18;1873
26;2025-11-11;19;1254
26;2025-11-11;20;742
26;2025-11-11;21;483
26;2025-11-11;22;210
26;2025-11-11;23;115
26;2025-11-12;0;31
26;2025-11-12;1;2
26;2025-11-12;2;0
26;2025-11-12;3;0
26;2025-11-12;4;6
26;2025-11-12;5;105
26;2025-11-12;6;491
26;2025-11-12;7;1088
26;2025-11-12;8;2231
26;2025-11-12;9;1451
26;2025-11-12;10;1228
26;2025-11-12;11;1122
26;2025-11-12;12;1188
26;2025-11-12;13;1221
26;2025-11-12;14;1312
26;2025-11-12;15;1372
26;2025-11-12;16;1497
26;2025-11-12;17;1726
26;2025-11-12;18;1837
26;2025-11-12;19;1248
26;2025-11-12;20;775
26;2025-11-12;21;527
26;2025-11-12;22;216
26;2025-11-12;23;130
26;2025-11-13;0;41
26;2025-11-13;1;1
26;2025-11-13;2;0
26;2025-11-13;3;0
26;2025-11-13;4;2
26;2025-11-13;5;97
26;2025-11-13;6;494
26;2025-11-13;7;1083
26;2025-11-13;8;2185
26;2025-11-13;9;1444
26;2025-11-13;10;1222
26;2025-11-13;11;1144
26;2025-11-13;12;1188
26;2025-11-13;13;1227
26;2025-11-13;14;1324
26;2025-11-13;15;1366
26;2025-11-13;16;1505
26;2025-11-13;17;1711
26;2025-11-13;18;1848
26;2025-11-13;19;1219
26;2025-11-13;20;752
26;2025-11-13;21;490
26;2025-11-13;22;207
26;2025-11-13;23;132
26;2025-11-14;0;35
26;2025-11-14;1;1
26;2025-11-14;2;0
26;2025-11-14;3;0
26;2025-11-14;4;1
26;2025-11-14;5;89
26;2025-11-14;6;489
26;2025-11-14;7;1053
26;2025-11-14;8;2109
26;2025-11-14;9;1384
26;2025-11-14;10;1196
26;2025-11-14;11;1113
26;2025-11-14;12;1132
26;2025-11-14;13;1194
26;2025-11-14;14;1298
26;2025-11-14;15;1365
26;2025-11-14;16;1554
26;2025-11-14;17;1717
26;2025-11-14;18;1448
26;2025-11-14;19;1077
26;2025-11-14;20;677
26;2025-11-14;21;454
26;2025-11-14;22;199
26;2025-11-14;23;151
26;2025-11-15;0;53
26;2025-11-15;1;2
26;2025-11-15;2;0
26;2025-11-15;3;0
26;2025-11-15;4;2
26;2025-11-15;5;48
26;2025-11-15;6;230
26;2025-11-15;7;371
26;2025-11-15;8;614
26;2025-11-15;9;683
26;2025-11-15;10;824
26;2025-11-15;11;978
26;2025-11-15;12;1047
26;2025-11-15;13;1072
26;2025-11-15;14;1087
26;2025-11-15;15;991
26;2025-11-15;16;1050
26;2025-11-15;17;985
26;2025-11-15;18;875
26;2025-11-15;19;738
26;2025-11-15;20;521
26;2025-11-15;21;363
26;2025-11-15;22;208
26;2025-11-15;23;154
26;2025-11-16;0;50
26;2025-11-16;1;4
26;2025-11-16;2;0
26;2025-11-16;3;0
26;2025-11-16;4;2
26;2025-11-16;5;23
26;2025-11-16;6;147
26;2025-11-16;7;254
26;2025-11-16;8;375
26;2025-11-16;9;502
26;2025-11-16;10;574
26;2025-11-16;11;769
26;2025-11-16;12;820
26;2025-11-16;13;858
26;2025-11-16;14;868
26;2025-11-16;15;794
26;2025-11-16;16;787
26;2025-11-16;17;793
26;2025-11-16;18;680
26;2025-11-16;19;516
26;2025-11-16;20;382
26;2025-11-16;21;281
26;2025-11-16;22;163
26;2025-11-16;23;111
26;2025-11-17;0;31
26;2025-11-17;1;2
26;2025-11-17;2;0
26;2025-11-17;3;0
26;2025-11-17;4;2
26;2025-11-17;5;94
26;2025-11-17;6;491
26;2025-11-17;7;1089
26;2025-11-17;8;2144
26;2025-11-17;9;1425
26;2025-11-17;10;1198
26;2025-11-17;11;1092
26;2025-11-17;12;1120
26;2025-11-17;13;1187
26;2025-11-17;14;1257
26;2025-11-17;15;1312
26;2025-11-17;16;1441
26;2025-11-17;17;1696
26;2025-11-17;18;1829
26;2025-11-17;19;1198
26;2025-11-17;20;743
26;2025-11-17;21;464
26;2025-11-17;22;194
26;2025-11-17;23;106
26;2025-11-18;0;32
26;2025-11-18;1;1
26;2025-11-18;2;0
26;2025-11-18;3;1
26;2025-11-18;4;2
26;2025-11-18;5;92
26;2025-11-18;6;499
26;2025-11-18;7;1110
26;2025-11-18;8;2249
26;2025-11-18;9;1432
26;2025-11-18;10;1257
26;2025-11-18;11;1164
26;2025-11-18;12;1165
26;2025-11-18;13;1203
26;2025-11-18;14;1280
26;2025-11-18;15;1349
26;2025-11-18;16;1484
26;2025-11-18;17;1760
26;2025-11-18;18;1873
26;2025-11-18;19;1254
26;2025-11-18;20;742
26;2025-11-18;21;482
26;2025-11-18;22;210
26;2025-11-18;23;114
26;2025-11-19;0;31
26;2025-11-19;1;2
26;2025-11-19;2;0
26;2025-11-19;3;0
26;2025-11-19;4;6
26;2025-11-19;5;105
26;2025-11-19;6;490
26;2025-11-19;7;1088
26;2025-11-19;8;2231
26;2025-11-19;9;1450
26;2025-11-19;10;1228
26;2025-11-19;11;1123
26;2025-11-19;12;1189
26;2025-11-19;13;1222
26;2025-11-19;14;1312
26;2025-11-19;15;1373
26;2025-11-19;16;1497
26;2025-11-19;17;1726
26;2025-11-19;18;1836
26;2025-11-19;19;1248
26;2025-11-19;20;775
26;2025-11-19;21;527
26;2025-11-19;22;216
26;2025-11-19;23;129
26;2025-11-20;0;41
26;2025-11-20;1;1
26;2025-11-20;2;0
26;2025-11-20;3;0
26;2025-11-20;4;2
26;2025-11-20;5;97
26;2025-11-20;6;494
26;2025-11-20;7;1083
26;2025-11-20;8;2185
26;2025-11-20;9;1444
26;2025-11-20;10;1223
26;2025-11-20;11;1145
26;2025-11-20;12;1188
26;2025-11-20;13;1227
26;2025-11-20;14;1324
26;2025-11-20;15;1367
26;2025-11-20;16;1505
26;2025-11-20;17;1711
26;2025-11-20;18;1847
26;2025-11-20;19;1219
26;2025-11-20;20;751
26;2025-11-20;21;489
26;2025-11-20;22;207
26;2025-11-20;23;131
26;2025-11-21;0;35
26;2025-11-21;1;1
26;2025-11-21;2;0
26;2025-11-21;3;0
26;2025-11-21;4;1
26;2025-11-21;5;89
26;2025-11-21;6;489
26;2025-11-21;7;1053
26;2025-11-21;8;2109
26;2025-11-21;9;1385
26;2025-11-21;10;1196
26;2025-11-21;11;1113
26;2025-11-21;12;1132
26;2025-11-21;13;1195
26;2025-11-21;14;1298
26;2025-11-21;15;1365
26;2025-11-21;16;1554
26;2025-11-21;17;1717
26;2025-11-21;18;1448
26;2025-11-21;19;1076
26;2025-11-21;20;677
26;2025-11-21;21;454
26;2025-11-21;22;199
26;2025-11-21;23;150
26;2025-11-22;0;53
26;2025-11-22;1;2
26;2025-11-22;2;0
26;2025-11-22;3;0
26;2025-11-22;4;2
26;2025-11-22;5;48
26;2025-11-22;6;230
26;2025-11-22;7;371
26;2025-11-22;8;614
26;2025-11-22;9;684
26;2025-11-22;10;824
26;2025-11-22;11;978
26;2025-11-22;12;1047
26;2025-11-22;13;1072
26;2025-11-22;14;1087
26;2025-11-22;15;992
26;2025-11-22;16;1050
26;2025-11-22;17;984
26;2025-11-22;18;875
26;2025-11-22;19;738
26;2025-11-22;20;521
26;2025-11-22;21;362
26;2025-11-22;22;208
26;2025-11-22;23;154
26;2025-11-23;0;50
26;2025-11-23;1;4
26;2025-11-23;2;0
26;2025-11-23;3;0
26;2025-11-23;4;2
26;2025-11-23;5;23
26;2025-11-23;6;147
26;2025-11-23;7;254
26;2025-11-23;8;375
26;2025-11-23;9;502
26;2025-11-23;10;574
26;2025-11-23;11;769
26;2025-11-23;12;820
26;2025-11-23;13;858
26;2025-11-23;14;868
26;2025-11-23;15;794
26;2025-11-23;16;787
26;2025-11-23;17;793
26;2025-11-23;18;680
26;2025-11-23;19;516
26;2025-11-23;20;382
26;2025-11-23;21;281
26;2025-11-23;22;163
26;2025-11-23;23;111
26;2025-11-24;0;31
26;2025-11-24;1;2
26;2025-11-24;2;0
26;2025-11-24;3;0
26;2025-11-24;4;2
26;2025-11-24;5;94
26;2025-11-24;6;491
26;2025-11-24;7;1089
26;2025-11-24;8;2144
26;2025-11-24;9;1425
26;2025-11-24;10;1198
26;2025-11-24;11;1092
26;2025-11-24;12;1120
26;2025-11-24;13;1187
26;2025-11-24;14;1257
26;2025-11-24;15;1312
26;2025-11-24;16;1441
26;2025-11-24;17;1696
26;2025-11-24;18;1829
26;2025-11-24;19;1198
26;2025-11-24;20;743
26;2025-11-24;21;464
26;2025-11-24;22;194
26;2025-11-24;23;106
26;2025-11-25;0;32
26;2025-11-25;1;1
26;2025-11-25;2;0
26;2025-11-25;3;1
26;2025-11-25;4;2
26;2025-11-25;5;92
26;2025-11-25;6;499
26;2025-11-25;7;1110
26;2025-11-25;8;2249
26;2025-11-25;9;1432
26;2025-11-25;10;1257
26;2025-11-25;11;1164
26;2025-11-25;12;1165
26;2025-11-25;13;1203
26;2025-11-25;14;1280
26;2025-11-25;15;1349
26;2025-11-25;16;1484
26;2025-11-25;17;1760
26;2025-11-25;18;1873
26;2025-11-25;19;1254
26;2025-11-25;20;742
26;2025-11-25;21;482
26;2025-11-25;22;210
26;2025-11-25;23;114
26;2025-11-26;0;31
26;2025-11-26;1;2
26;2025-11-26;2;0
26;2025-11-26;3;0
26;2025-11-26;4;6
26;2025-11-26;5;105
26;2025-11-26;6;490
26;2025-11-26;7;1088
26;2025-11-26;8;2231
26;2025-11-26;9;1450
26;2025-11-26;10;1228
26;2025-11-26;11;1123
26;2025-11-26;12;1189
26;2025-11-26;13;1222
26;2025-11-26;14;1312
26;2025-11-26;15;1373
26;2025-11-26;16;1497
26;2025-11-26;17;1726
26;2025-11-26;18;1836
26;2025-11-26;19;1248
26;2025-11-26;20;775
26;2025-11-26;21;527
26;2025-11-26;22;216
26;2025-11-26;23;129
26;2025-11-27;0;41
26;2025-11-27;1;1
26;2025-11-27;2;0
26;2025-11-27;3;0
26;2025-11-27;4;2
26;2025-11-27;5;97
26;2025-11-27;6;494
26;2025-11-27;7;1083
26;2025-11-27;8;2185
26;2025-11-27;9;1444
26;2025-11-27;10;1223
26;2025-11-27;11;1145
26;2025-11-27;12;1188
26;2025-11-27;13;1227
26;2025-11-27;14;1324
26;2025-11-27;15;1367
26;2025-11-27;16;1505
26;2025-11-27;17;1711
26;2025-11-27;18;1847
26;2025-11-27;19;1219
26;2025-11-27;20;751
26;2025-11-27;21;489
26;2025-11-27;22;207
26;2025-11-27;23;131
26;2025-11-28;0;34
26;2025-11-28;1;1
26;2025-11-28;2;0
26;2025-11-28;3;0
26;2025-11-28;4;1
26;2025-11-28;5;89
26;2025-11-28;6;489
26;2025-11-28;7;1053
26;2025-11-28;8;2109
26;2025-11-28;9;1385
26;2025-11-28;10;1196
26;2025-11-28;11;1113
26;2025-11-28;12;1132
26;2025-11-28;13;1195
26;2025-11-28;14;1298
26;2025-11-28;15;1365
26;2025-11-28;16;1554
26;2025-11-28;17;1717
26;2025-11-28;18;1448
26;2025-11-28;19;1076
26;2025-11-28;20;677
26;2025-11-28;21;454
26;2025-11-28;22;199
26;2025-11-28;23;151
26;2025-11-29;0;53
26;2025-11-29;1;2
26;2025-11-29;2;0
26;2025-11-29;3;0
26;2025-11-29;4;2
26;2025-11-29;5;48
26;2025-11-29;6;230
26;2025-11-29;7;371
26;2025-11-29;8;614
26;2025-11-29;9;684
26;2025-11-29;10;824
26;2025-11-29;11;978
26;2025-11-29;12;1047
26;2025-11-29;13;1072
26;2025-11-29;14;1087
26;2025-11-29;15;992
26;2025-11-29;16;1050
26;2025-11-29;17;985
26;2025-11-29;18;875
26;2025-11-29;19;737
26;2025-11-29;20;521
26;2025-11-29;21;362
26;2025-11-29;22;208
26;2025-11-29;23;154
26;2025-11-30;0;50
26;2025-11-30;1;4
26;2025-11-30;2;0
26;2025-11-30;3;0
26;2025-11-30;4;2
26;2025-11-30;5;23
26;2025-11-30;6;147
26;2025-11-30;7;254
26;2025-11-30;8;375
26;2025-11-30;9;502
26;2025-11-30;10;574
26;2025-11-30;11;769
26;2025-11-30;12;820
26;2025-11-30;13;858
26;2025-11-30;14;868
26;2025-11-30;15;794
26;2025-11-30;16;787
26;2025-11-30;17;793
26;2025-11-30;18;680
26;2025-11-30;19;516
26;2025-11-30;20;382
26;2025-11-30;21;281
26;2025-11-30;22;163
26;2025-11-30;23;111
26;2025-12-01;0;31
26;2025-12-01;1;2
26;2025-12-01;2;0
26;2025-12-01;3;0
26;2025-12-01;4;2
26;2025-12-01;5;94
26;2025-12-01;6;491
26;2025-12-01;7;1089
26;2025-12-01;8;2144
26;2025-12-01;9;1425
26;2025-12-01;10;1198
26;2025-12-01;11;1092
26;2025-12-01;12;1120
26;2025-12-01;13;1187
26;2025-12-01;14;1257
26;2025-12-01;15;1312
26;2025-12-01;16;1441
26;2025-12-01;17;1696
26;2025-12-01;18;1829
26;2025-12-01;19;1198
26;2025-12-01;20;743
26;2025-12-01;21;464
26;2025-12-01;22;194
26;2025-12-01;23;106
26;2025-12-02;0;32
26;2025-12-02;1;1
26;2025-12-02;2;0
26;2025-12-02;3;1
26;2025-12-02;4;2
26;2025-12-02;5;92
26;2025-12-02;6;499
26;2025-12-02;7;1110
26;2025-12-02;8;2249
26;2025-12-02;9;1432
26;2025-12-02;10;1257
26;2025-12-02;11;1164
26;2025-12-02;12;1165
26;2025-12-02;13;1203
26;2025-12-02;14;1280
26;2025-12-02;15;1349
26;2025-12-02;16;1484
26;2025-12-02;17;1760
26;2025-12-02;18;1873
26;2025-12-02;19;1254
26;2025-12-02;20;742
26;2025-12-02;21;482
26;2025-12-02;22;210
26;2025-12-02;23;114
26;2025-12-03;0;31
26;2025-12-03;1;2
26;2025-12-03;2;0
26;2025-12-03;3;0
26;2025-12-03;4;6
26;2025-12-03;5;105
26;2025-12-03;6;490
26;2025-12-03;7;1087
26;2025-12-03;8;2230
26;2025-12-03;9;1450
26;2025-12-03;10;1229
26;2025-12-03;11;1122
26;2025-12-03;12;1188
26;2025-12-03;13;1221
26;2025-12-03;14;1311
26;2025-12-03;15;1372
26;2025-12-03;16;1496
26;2025-12-03;17;1725
26;2025-12-03;18;1837
26;2025-12-03;19;1249
26;2025-12-03;20;776
26;2025-12-03;21;528
26;2025-12-03;22;217
26;2025-12-03;23;130
26;2025-12-04;0;41
26;2025-12-04;1;1
26;2025-12-04;2;0
26;2025-12-04;3;0
26;2025-12-04;4;2
26;2025-12-04;5;95
26;2025-12-04;6;489
26;2025-12-04;7;1074
26;2025-12-04;8;2167
26;2025-12-04;9;1431
26;2025-12-04;10;1212
26;2025-12-04;11;1134
26;2025-12-04;12;1178
26;2025-12-04;13;1218
26;2025-12-04;14;1314
26;2025-12-04;15;1372
26;2025-12-04;16;1511
26;2025-12-04;17;1715
26;2025-12-04;18;1853
26;2025-12-04;19;1229
26;2025-12-04;20;766
26;2025-12-04;21;507
26;2025-12-04;22;223
26;2025-12-04;23;149
26;2025-12-05;0;34
26;2025-12-05;1;1
26;2025-12-05;2;0
26;2025-12-05;3;0
26;2025-12-05;4;1
26;2025-12-05;5;88
26;2025-12-05;6;484
26;2025-12-05;7;1042
26;2025-12-05;8;2089
26;2025-12-05;9;1371
26;2025-12-05;10;1186
26;2025-12-05;11;1103
26;2025-12-05;12;1121
26;2025-12-05;13;1186
26;2025-12-05;14;1287
26;2025-12-05;15;1368
26;2025-12-05;16;1556
26;2025-12-05;17;1718
26;2025-12-05;18;1458
26;2025-12-05;19;1090
26;2025-12-05;20;694
26;2025-12-05;21;473
26;2025-12-05;22;217
26;2025-12-05;23;170
26;2025-12-06;0;53
26;2025-12-06;1;2
26;2025-12-06;2;0
26;2025-12-06;3;0
26;2025-12-06;4;2
26;2025-12-06;5;43
26;2025-12-06;6;224
26;2025-12-06;7;362
26;2025-12-06;8;605
26;2025-12-06;9;673
26;2025-12-06;10;813
26;2025-12-06;11;967
26;2025-12-06;12;1036
26;2025-12-06;13;1061
26;2025-12-06;14;1076
26;2025-12-06;15;998
26;2025-12-06;16;1057
26;2025-12-06;17;992
26;2025-12-06;18;886
26;2025-12-06;19;750
26;2025-12-06;20;534
26;2025-12-06;21;376
26;2025-12-06;22;220
26;2025-12-06;23;166
26;2025-12-07;0;50
26;2025-12-07;1;4
26;2025-12-07;2;0
26;2025-12-07;3;0
26;2025-12-07;4;2
26;2025-12-07;5;19
26;2025-12-07;6;143
26;2025-12-07;7;248
26;2025-12-07;8;367
26;2025-12-07;9;494
26;2025-12-07;10;565
26;2025-12-07;11;759
26;2025-12-07;12;810
26;2025-12-07;13;848
26;2025-12-07;14;859
26;2025-12-07;15;798
26;2025-12-07;16;792
26;2025-12-07;17;798
26;2025-12-07;18;690
26;2025-12-07;19;526
26;2025-12-07;20;393
26;2025-12-07;21;292
26;2025-12-07;22;173
26;2025-12-07;23;122
26;2025-12-08;0;31
26;2025-12-08;1;2
26;2025-12-08;2;0
26;2025-12-08;3;0
26;2025-12-08;4;2
26;2025-12-08;5;86
26;2025-12-08;6;481
26;2025-12-08;7;1072
26;2025-12-08;8;2124
26;2025-12-08;9;1407
26;2025-12-08;10;1181
26;2025-12-08;11;1076
26;2025-12-08;12;1104
26;2025-12-08;13;1172
26;2025-12-08;14;1243
26;2025-12-08;15;1325
26;2025-12-08;16;1453
26;2025-12-08;17;1707
26;2025-12-08;18;1844
26;2025-12-08;19;1216
26;2025-12-08;20;763
26;2025-12-08;21;485
26;2025-12-08;22;213
26;2025-12-08;23;127
26;2025-12-09;0;32
26;2025-12-09;1;1
26;2025-12-09;2;0
26;2025-12-09;3;1
26;2025-12-09;4;2
26;2025-12-09;5;83
26;2025-12-09;6;489
26;2025-12-09;7;1095
26;2025-12-09;8;2232
26;2025-12-09;9;1415
26;2025-12-09;10;1241
26;2025-12-09;11;1149
26;2025-12-09;12;1148
26;2025-12-09;13;1189
26;2025-12-09;14;1266
26;2025-12-09;15;1362
26;2025-12-09;16;1498
26;2025-12-09;17;1773
26;2025-12-09;18;1888
26;2025-12-09;19;1271
26;2025-12-09;20;761
26;2025-12-09;21;502
26;2025-12-09;22;228
26;2025-12-09;23;132
26;2025-12-10;0;31
26;2025-12-10;1;2
26;2025-12-10;2;0
26;2025-12-10;3;0
26;2025-12-10;4;6
26;2025-12-10;5;96
26;2025-12-10;6;480
26;2025-12-10;7;1072
26;2025-12-10;8;2210
26;2025-12-10;9;1432
26;2025-12-10;10;1211
26;2025-12-10;11;1106
26;2025-12-10;12;1171
26;2025-12-10;13;1206
26;2025-12-10;14;1296
26;2025-12-10;15;1385
26;2025-12-10;16;1510
26;2025-12-10;17;1738
26;2025-12-10;18;1853
26;2025-12-10;19;1267
26;2025-12-10;20;796
26;2025-12-10;21;549
26;2025-12-10;22;237
26;2025-12-10;23;150
26;2025-12-11;0;41
26;2025-12-11;1;1
26;2025-12-11;2;0
26;2025-12-11;3;0
26;2025-12-11;4;2
26;2025-12-11;5;88
26;2025-12-11;6;483
26;2025-12-11;7;1069
26;2025-12-11;8;2166
26;2025-12-11;9;1427
26;2025-12-11;10;1207
26;2025-12-11;11;1129
26;2025-12-11;12;1172
26;2025-12-11;13;1213
26;2025-12-11;14;1310
26;2025-12-11;15;1379
26;2025-12-11;16;1518
26;2025-12-11;17;1724
26;2025-12-11;18;1863
26;2025-12-11;19;1236
26;2025-12-11;20;770
26;2025-12-11;21;509
26;2025-12-11;22;224
26;2025-12-11;23;150
26;2025-12-12;0;34
26;2025-12-12;1;1
26;2025-12-12;2;0
26;2025-12-12;3;0
26;2025-12-12;4;1
26;2025-12-12;5;81
26;2025-12-12;6;479
26;2025-12-12;7;1037
26;2025-12-12;8;2089
26;2025-12-12;9;1367
26;2025-12-12;10;1180
26;2025-12-12;11;1098
26;2025-12-12;12;1116
26;2025-12-12;13;1180
26;2025-12-12;14;1283
26;2025-12-12;15;1375
26;2025-12-12;16;1564
26;2025-12-12;17;1726
26;2025-12-12;18;1466
26;2025-12-12;19;1096
26;2025-12-12;20;698
26;2025-12-12;21;476
26;2025-12-12;22;219
26;2025-12-12;23;171
26;2025-12-13;0;53
26;2025-12-13;1;2
26;2025-12-13;2;0
26;2025-12-13;3;0
26;2025-12-13;4;2
26;2025-12-13;5;43
26;2025-12-13;6;224
26;2025-12-13;7;362
26;2025-12-13;8;605
26;2025-12-13;9;673
26;2025-12-13;10;813
26;2025-12-13;11;967
26;2025-12-13;12;1036
26;2025-12-13;13;1061
26;2025-12-13;14;1076
26;2025-12-13;15;998
26;2025-12-13;16;1057
26;2025-12-13;17;992
26;2025-12-13;18;886
26;2025-12-13;19;750
26;2025-12-13;20;534
26;2025-12-13;21;376
26;2025-12-13;22;220
26;2025-12-13;23;166
26;2025-12-14;0;50
26;2025-12-14;1;4
26;2025-12-14;2;0
26;2025-12-14;3;0
26;2025-12-14;4;2
26;2025-12-14;5;19
26;2025-12-14;6;143
26;2025-12-14;7;248
26;2025-12-14;8;367
26;2025-12-14;9;494
26;2025-12-14;10;565
26;2025-12-14;11;759
26;2025-12-14;12;810
26;2025-12-14;13;848
26;2025-12-14;14;859
26;2025-12-14;15;798
26;2025-12-14;16;792
26;2025-12-14;17;798
26;2025-12-14;18;690
26;2025-12-14;19;526
26;2025-12-14;20;393
26;2025-12-14;21;292
26;2025-12-14;22;173
26;2025-12-14;23;122
26;2025-12-15;0;31
26;2025-12-15;1;2
26;2025-12-15;2;0
26;2025-12-15;3;0
26;2025-12-15;4;2
26;2025-12-15;5;86
26;2025-12-15;6;481
26;2025-12-15;7;1072
26;2025-12-15;8;2124
26;2025-12-15;9;1407
26;2025-12-15;10;1181
26;2025-12-15;11;1076
26;2025-12-15;12;1104
26;2025-12-15;13;1172
26;2025-12-15;14;1243
26;2025-12-15;15;1325
26;2025-12-15;16;1453
26;2025-12-15;17;1707
26;2025-12-15;18;1844
26;2025-12-15;19;1216
26;2025-12-15;20;763
26;2025-12-15;21;485
26;2025-12-15;22;213
26;2025-12-15;23;127
26;2025-12-16;0;32
26;2025-12-16;1;1
26;2025-12-16;2;0
26;2025-12-16;3;1
26;2025-12-16;4;2
26;2025-12-16;5;83
26;2025-12-16;6;489
26;2025-12-16;7;1095
26;2025-12-16;8;2232
26;2025-12-16;9;1415
26;2025-12-16;10;1241
26;2025-12-16;11;1149
26;2025-12-16;12;1148
26;2025-12-16;13;1189
26;2025-12-16;14;1266
26;2025-12-16;15;1362
26;2025-12-16;16;1498
26;2025-12-16;17;1773
26;2025-12-16;18;1888
26;2025-12-16;19;1271
26;2025-12-16;20;761
26;2025-12-16;21;502
26;2025-12-16;22;228
26;2025-12-16;23;132
26;2025-12-17;0;31
26;2025-12-17;1;2
26;2025-12-17;2;0
26;2025-12-17;3;0
26;2025-12-17;4;6
26;2025-12-17;5;96
26;2025-12-17;6;480
26;2025-12-17;7;1072
26;2025-12-17;8;2210
26;2025-12-17;9;1432
26;2025-12-17;10;1211
26;2025-12-17;11;1106
26;2025-12-17;12;1171
26;2025-12-17;13;1206
26;2025-12-17;14;1296
26;2025-12-17;15;1385
26;2025-12-17;16;1510
26;2025-12-17;17;1738
26;2025-12-17;18;1853
26;2025-12-17;19;1267
26;2025-12-17;20;796
26;2025-12-17;21;549
26;2025-12-17;22;237
26;2025-12-17;23;150
26;2025-12-18;0;41
26;2025-12-18;1;1
26;2025-12-18;2;0
26;2025-12-18;3;0
26;2025-12-18;4;2
26;2025-12-18;5;88
26;2025-12-18;6;483
26;2025-12-18;7;1069
26;2025-12-18;8;2166
26;2025-12-18;9;1427
26;2025-12-18;10;1207
26;2025-12-18;11;1129
26;2025-12-18;12;1172
26;2025-12-18;13;1213
26;2025-12-18;14;1310
26;2025-12-18;15;1379
26;2025-12-18;16;1518
26;2025-12-18;17;1724
26;2025-12-18;18;1863
26;2025-12-18;19;1236
26;2025-12-18;20;770
26;2025-12-18;21;509
26;2025-12-18;22;224
26;2025-12-18;23;150
26;2025-12-19;0;34
26;2025-12-19;1;1
26;2025-12-19;2;0
26;2025-12-19;3;0
26;2025-12-19;4;1
26;2025-12-19;5;81
26;2025-12-19;6;479
26;2025-12-19;7;1037
26;2025-12-19;8;2089
26;2025-12-19;9;1367
26;2025-12-19;10;1180
26;2025-12-19;11;1098
26;2025-12-19;12;1116
26;2025-12-19;13;1180
26;2025-12-19;14;1283
26;2025-12-19;15;1375
26;2025-12-19;16;1564
26;2025-12-19;17;1726
26;2025-12-19;18;1466
26;2025-12-19;19;1096
26;2025-12-19;20;698
26;2025-12-19;21;476
26;2025-12-19;22;219
26;2025-12-19;23;171
26;2025-12-20;0;53
26;2025-12-20;1;2
26;2025-12-20;2;0
26;2025-12-20;3;0
26;2025-12-20;4;2
26;2025-12-20;5;43
26;2025-12-20;6;224
26;2025-12-20;7;362
26;2025-12-20;8;605
26;2025-12-20;9;673
26;2025-12-20;10;813
26;2025-12-20;11;967
26;2025-12-20;12;1036
26;2025-12-20;13;1061
26;2025-12-20;14;1076
26;2025-12-20;15;998
26;2025-12-20;16;1057
26;2025-12-20;17;992
26;2025-12-20;18;886
26;2025-12-20;19;750
26;2025-12-20;20;534
26;2025-12-20;21;376
26;2025-12-20;22;220
26;2025-12-20;23;166
26;2025-12-21;0;50
26;2025-12-21;1;4
26;2025-12-21;2;0
26;2025-12-21;3;0
26;2025-12-21;4;2
26;2025-12-21;5;19
26;2025-12-21;6;143
26;2025-12-21;7;248
26;2025-12-21;8;367
26;2025-12-21;9;494
26;2025-12-21;10;565
26;2025-12-21;11;759
26;2025-12-21;12;810
26;2025-12-21;13;848
26;2025-12-21;14;859
26;2025-12-21;15;798
26;2025-12-21;16;792
26;2025-12-21;17;798
26;2025-12-21;18;690
26;2025-12-21;19;526
26;2025-12-21;20;393
26;2025-12-21;21;292
26;2025-12-21;22;173
26;2025-12-21;23;122
26;2025-12-22;0;31
26;2025-12-22;1;2
26;2025-12-22;2;0
26;2025-12-22;3;0
26;2025-12-22;4;2
26;2025-12-22;5;86
26;2025-12-22;6;481
26;2025-12-22;7;1072
26;2025-12-22;8;2124
26;2025-12-22;9;1407
26;2025-12-22;10;1181
26;2025-12-22;11;1076
26;2025-12-22;12;1104
26;2025-12-22;13;1172
26;2025-12-22;14;1243
26;2025-12-22;15;1325
26;2025-12-22;16;1453
26;2025-12-22;17;1707
26;2025-12-22;18;1844
26;2025-12-22;19;1216
26;2025-12-22;20;763
26;2025-12-22;21;485
26;2025-12-22;22;213
26;2025-12-22;23;127
26;2025-12-23;0;32
26;2025-12-23;1;1
26;2025-12-23;2;0
26;2025-12-23;3;1
26;2025-12-23;4;2
26;2025-12-23;5;83
26;2025-12-23;6;489
26;2025-12-23;7;1095
26;2025-12-23;8;2232
26;2025-12-23;9;1415
26;2025-12-23;10;1241
26;2025-12-23;11;1149
26;2025-12-23;12;1148
26;2025-12-23;13;1189
26;2025-12-23;14;1266
26;2025-12-23;15;1362
26;2025-12-23;16;1498
26;2025-12-23;17;1773
26;2025-12-23;18;1888
26;2025-12-23;19;1271
26;2025-12-23;20;761
26;2025-12-23;21;502
26;2025-12-23;22;228
26;2025-12-23;23;132
26;2025-12-24;0;31
26;2025-12-24;1;2
26;2025-12-24;2;0
26;2025-12-24;3;0
26;2025-12-24;4;6
26;2025-12-24;5;96
26;2025-12-24;6;480
26;2025-12-24;7;1072
26;2025-12-24;8;2210
26;2025-12-24;9;1432
26;2025-12-24;10;1211
26;2025-12-24;11;1106
26;2025-12-24;12;1171
26;2025-12-24;13;1206
26;2025-12-24;14;1296
26;2025-12-24;15;1385
26;2025-12-24;16;1510
26;2025-12-24;17;1738
26;2025-12-24;18;1853
26;2025-12-24;19;1267
26;2025-12-24;20;796
26;2025-12-24;21;549
26;2025-12-24;22;237
26;2025-12-24;23;150
26;2025-12-25;0;41
26;2025-12-25;1;1
26;2025-12-25;2;0
26;2025-12-25;3;0
26;2025-12-25;4;2
26;2025-12-25;5;88
26;2025-12-25;6;483
26;2025-12-25;7;1069
26;2025-12-25;8;2166
26;2025-12-25;9;1427
26;2025-12-25;10;1207
26;2025-12-25;11;1129
26;2025-12-25;12;1172
26;2025-12-25;13;1213
26;2025-12-25;14;1310
26;2025-12-25;15;1379
26;2025-12-25;16;1518
26;2025-12-25;17;1724
26;2025-12-25;18;1863
26;2025-12-25;19;1236
26;2025-12-25;20;770
26;2025-12-25;21;509
26;2025-12-25;22;224
26;2025-12-25;23;150
26;2025-12-26;0;34
26;2025-12-26;1;1
26;2025-12-26;2;0
26;2025-12-26;3;0
26;2025-12-26;4;1
26;2025-12-26;5;81
26;2025-12-26;6;479
26;2025-12-26;7;1037
26;2025-12-26;8;2089
26;2025-12-26;9;1367
26;2025-12-26;10;1180
26;2025-12-26;11;1098
26;2025-12-26;12;1116
26;2025-12-26;13;1180
26;2025-12-26;14;1283
26;2025-12-26;15;1375
26;2025-12-26;16;1564
26;2025-12-26;17;1726
26;2025-12-26;18;1466
26;2025-12-26;19;1096
26;2025-12-26;20;698
26;2025-12-26;21;476
26;2025-12-26;22;219
26;2025-12-26;23;171
26;2025-12-27;0;53
26;2025-12-27;1;2
26;2025-12-27;2;0
26;2025-12-27;3;0
26;2025-12-27;4;2
26;2025-12-27;5;43
26;2025-12-27;6;224
26;2025-12-27;7;362
26;2025-12-27;8;605
26;2025-12-27;9;673
26;2025-12-27;10;813
26;2025-12-27;11;967
26;2025-12-27;12;1036
26;2025-12-27;13;1061
26;2025-12-27;14;1076
26;2025-12-27;15;998
26;2025-12-27;16;1057
26;2025-12-27;17;992
26;2025-12-27;18;886
26;2025-12-27;19;750
26;2025-12-27;20;534
26;2025-12-27;21;376
26;2025-12-27;22;220
26;2025-12-27;23;166
26;2025-12-28;0;50
26;2025-12-28;1;4
26;2025-12-28;2;0
26;2025-12-28;3;0
26;2025-12-28;4;2
26;2025-12-28;5;19
26;2025-12-28;6;143
26;2025-12-28;7;248
26;2025-12-28;8;367
26;2025-12-28;9;494
26;2025-12-28;10;565
26;2025-12-28;11;759
26;2025-12-28;12;810
26;2025-12-28;13;848
26;2025-12-28;14;859
26;2025-12-28;15;798
26;2025-12-28;16;792
26;2025-12-28;17;798
26;2025-12-28;18;690
26;2025-12-28;19;526
26;2025-12-28;20;393
26;2025-12-28;21;292
26;2025-12-28;22;173
26;2025-12-28;23;122
26;2025-12-29;0;24
26;2025-12-29;1;2
26;2025-12-29;2;0
26;2025-12-29;3;0
26;2025-12-29;4;2
26;2025-12-29;5;86
26;2025-12-29;6;452
26;2025-12-29;7;1060
26;2025-12-29;8;2094
26;2025-12-29;9;1357
26;2025-12-29;10;1159
26;2025-12-29;11;991
26;2025-12-29;12;1026
26;2025-12-29;13;1088
26;2025-12-29;14;1184
26;2025-12-29;15;1237
26;2025-12-29;16;1370
26;2025-12-29;17;1607
26;2025-12-29;18;1773
26;2025-12-29;19;1158
26;2025-12-29;20;707
26;2025-12-29;21;439
26;2025-12-29;22;194
26;2025-12-29;23;102
26;2025-12-30;0;27
26;2025-12-30;1;1
26;2025-12-30;2;0
26;2025-12-30;3;1
26;2025-12-30;4;2
26;2025-12-30;5;83
26;2025-12-30;6;445
26;2025-12-30;7;1021
26;2025-12-30;8;2066
26;2025-12-30;9;1334
26;2025-12-30;10;1148
26;2025-12-30;11;1049
26;2025-12-30;12;1081
26;2025-12-30;13;1056
26;2025-12-30;14;1125
26;2025-12-30;15;1230
26;2025-12-30;16;1361
26;2025-12-30;17;1606
26;2025-12-30;18;1783
26;2025-12-30;19;1197
26;2025-12-30;20;682
26;2025-12-30;21;422
26;2025-12-30;22;192
26;2025-12-30;23;108
26;2025-12-31;0;43
26;2025-12-31;1;3
26;2025-12-31;2;0
26;2025-12-31;3;0
26;2025-12-31;4;1
26;2025-12-31;5;29
26;2025-12-31;6;163
26;2025-12-31;7;255
26;2025-12-31;8;405
26;2025-12-31;9;500
26;2025-12-31;10;584
26;2025-12-31;11;765
26;2025-12-31;12;784
26;2025-12-31;13;805
26;2025-12-31;14;814
26;2025-12-31;15;738
26;2025-12-31;16;730
26;2025-12-31;17;715
26;2025-12-31;18;655
26;2025-12-31;19;526
26;2025-12-31;20;389
26;2025-12-31;21;264
26;2025-12-31;22;159
26;2025-12-31;23;105
28;2025-11-01;0;1
28;2025-11-01;1;0
28;2025-11-01;2;0
28;2025-11-01;3;0
28;2025-11-01;4;1
28;2025-11-01;5;62
28;2025-11-01;6;209
28;2025-11-01;7;594
28;2025-11-01;8;928
28;2025-11-01;9;692
28;2025-11-01;10;584
28;2025-11-01;11;571
28;2025-11-01;12;714
28;2025-11-01;13;680
28;2025-11-01;14;661
28;2025-11-01;15;683
28;2025-11-01;16;821
28;2025-11-01;17;835
28;2025-11-01;18;736
28;2025-11-01;19;540
28;2025-11-01;20;388
28;2025-11-01;21;312
28;2025-11-01;22;123
28;2025-11-01;23;19
28;2025-11-02;0;3
28;2025-11-02;1;1
28;2025-11-02;2;0
28;2025-11-02;3;1
28;2025-11-02;4;0
28;2025-11-02;5;28
28;2025-11-02;6;74
28;2025-11-02;7;153
28;2025-11-02;8;243
28;2025-11-02;9;328
28;2025-11-02;10;370
28;2025-11-02;11;410
28;2025-11-02;12;430
28;2025-11-02;13;511
28;2025-11-02;14;487
28;2025-11-02;15;487
28;2025-11-02;16;442
28;2025-11-02;17;454
28;2025-11-02;18;404
28;2025-11-02;19;354
28;2025-11-02;20;278
28;2025-11-02;21;224
28;2025-11-02;22;104
28;2025-11-02;23;12
28;2025-11-03;0;2
28;2025-11-03;1;1
28;2025-11-03;2;0
28;2025-11-03;3;0
28;2025-11-03;4;0
28;2025-11-03;5;30
28;2025-11-03;6;80
28;2025-11-03;7;168
28;2025-11-03;8;275
28;2025-11-03;9;354
28;2025-11-03;10;393
28;2025-11-03;11;425
28;2025-11-03;12;461
28;2025-11-03;13;525
28;2025-11-03;14;495
28;2025-11-03;15;504
28;2025-11-03;16;470
28;2025-11-03;17;475
28;2025-11-03;18;421
28;2025-11-03;19;356
28;2025-11-03;20;275
28;2025-11-03;21;228
28;2025-11-03;22;104
28;2025-11-03;23;12
28;2025-11-04;0;2
28;2025-11-04;1;1
28;2025-11-04;2;0
28;2025-11-04;3;0
28;2025-11-04;4;0
28;2025-11-04;5;27
28;2025-11-04;6;70
28;2025-11-04;7;146
28;2025-11-04;8;237
28;2025-11-04;9;310
28;2025-11-04;10;347
28;2025-11-04;11;378
28;2025-11-04;12;405
28;2025-11-04;13;469
28;2025-11-04;14;444
28;2025-11-04;15;449
28;2025-11-04;16;414
28;2025-11-04;17;421
28;2025-11-04;18;374
28;2025-11-04;19;321
28;2025-11-04;20;249
28;2025-11-04;21;204
28;2025-11-04;22;94
28;2025-11-04;23;11
28;2025-11-05;0;0
28;2025-11-05;1;0
28;2025-11-05;2;0
28;2025-11-05;3;0
28;2025-11-05;4;2
28;2025-11-05;5;80
28;2025-11-05;6;263
28;2025-11-05;7;788
28;2025-11-05;8;1253
28;2025-11-05;9;845
28;2025-11-05;10;646
28;2025-11-05;11;608
28;2025-11-05;12;724
28;2025-11-05;13;742
28;2025-11-05;14;705
28;2025-11-05;15;728
28;2025-11-05;16;872
28;2025-11-05;17;1050
28;2025-11-05;18;1042
28;2025-11-05;19;762
28;2025-11-05;20;533
28;2025-11-05;21;325
28;2025-11-05;22;123
28;2025-11-05;23;11
28;2025-11-06;0;0
28;2025-11-06;1;1
28;2025-11-06;2;0
28;2025-11-06;3;0
28;2025-11-06;4;1
28;2025-11-06;5;85
28;2025-11-06;6;263
28;2025-11-06;7;808
28;2025-11-06;8;1225
28;2025-11-06;9;823
28;2025-11-06;10;636
28;2025-11-06;11;605
28;2025-11-06;12;691
28;2025-11-06;13;731
28;2025-11-06;14;695
28;2025-11-06;15;746
28;2025-11-06;16;849
28;2025-11-06;17;1084
28;2025-11-06;18;1062
28;2025-11-06;19;753
28;2025-11-06;20;535
28;2025-11-06;21;338
28;2025-11-06;22;136
28;2025-11-06;23;14
28;2025-11-07;0;0
28;2025-11-07;1;0
28;2025-11-07;2;0
28;2025-11-07;3;0
28;2025-11-07;4;2
28;2025-11-07;5;80
28;2025-11-07;6;283
28;2025-11-07;7;813
28;2025-11-07;8;1269
28;2025-11-07;9;818
28;2025-11-07;10;639
28;2025-11-07;11;600
28;2025-11-07;12;715
28;2025-11-07;13;725
28;2025-11-07;14;704
28;2025-11-07;15;750
28;2025-11-07;16;888
28;2025-11-07;17;1030
28;2025-11-07;18;880
28;2025-11-07;19;672
28;2025-11-07;20;459
28;2025-11-07;21;321
28;2025-11-07;22;126
28;2025-11-07;23;13
28;2025-11-08;0;1
28;2025-11-08;1;0
28;2025-11-08;2;0
28;2025-11-08;3;0
28;2025-11-08;4;1
28;2025-11-08;5;37
28;2025-11-08;6;108
28;2025-11-08;7;234
28;2025-11-08;8;390
28;2025-11-08;9;440
28;2025-11-08;10;476
28;2025-11-08;11;505
28;2025-11-08;12;591
28;2025-11-08;13;617
28;2025-11-08;14;600
28;2025-11-08;15;595
28;2025-11-08;16;615
28;2025-11-08;17;588
28;2025-11-08;18;499
28;2025-11-08;19;390
28;2025-11-08;20;300
28;2025-11-08;21;248
28;2025-11-08;22;118
28;2025-11-08;23;19
28;2025-11-09;0;0
28;2025-11-09;1;1
28;2025-11-09;2;0
28;2025-11-09;3;1
28;2025-11-09;4;0
28;2025-11-09;5;27
28;2025-11-09;6;73
28;2025-11-09;7;173
28;2025-11-09;8;254
28;2025-11-09;9;347
28;2025-11-09;10;391
28;2025-11-09;11;434
28;2025-11-09;12;475
28;2025-11-09;13;540
28;2025-11-09;14;528
28;2025-11-09;15;515
28;2025-11-09;16;494
28;2025-11-09;17;516
28;2025-11-09;18;429
28;2025-11-09;19;370
28;2025-11-09;20;277
28;2025-11-09;21;217
28;2025-11-09;22;110
28;2025-11-09;23;16
28;2025-11-10;0;0
28;2025-11-10;1;0
28;2025-11-10;2;0
28;2025-11-10;3;0
28;2025-11-10;4;2
28;2025-11-10;5;78
28;2025-11-10;6;258
28;2025-11-10;7;736
28;2025-11-10;8;1162
28;2025-11-10;9;762
28;2025-11-10;10;600
28;2025-11-10;11;543
28;2025-11-10;12;636
28;2025-11-10;13;659
28;2025-11-10;14;639
28;2025-11-10;15;664
28;2025-11-10;16;796
28;2025-11-10;17;981
28;2025-11-10;18;961
28;2025-11-10;19;687
28;2025-11-10;20;467
28;2025-11-10;21;293
28;2025-11-10;22;111
28;2025-11-10;23;7
28;2025-11-11;0;0
28;2025-11-11;1;0
28;2025-11-11;2;0
28;2025-11-11;3;0
28;2025-11-11;4;1
28;2025-11-11;5;76
28;2025-11-11;6;261
28;2025-11-11;7;777
28;2025-11-11;8;1236
28;2025-11-11;9;798
28;2025-11-11;10;628
28;2025-11-11;11;583
28;2025-11-11;12;662
28;2025-11-11;13;690
28;2025-11-11;14;673
28;2025-11-11;15;702
28;2025-11-11;16;788
28;2025-11-11;17;977
28;2025-11-11;18;987
28;2025-11-11;19;696
28;2025-11-11;20;474
28;2025-11-11;21;306
28;2025-11-11;22;119
28;2025-11-11;23;10
28;2025-11-12;0;0
28;2025-11-12;1;0
28;2025-11-12;2;0
28;2025-11-12;3;0
28;2025-11-12;4;2
28;2025-11-12;5;79
28;2025-11-12;6;264
28;2025-11-12;7;789
28;2025-11-12;8;1253
28;2025-11-12;9;846
28;2025-11-12;10;645
28;2025-11-12;11;608
28;2025-11-12;12;724
28;2025-11-12;13;742
28;2025-11-12;14;704
28;2025-11-12;15;728
28;2025-11-12;16;873
28;2025-11-12;17;1049
28;2025-11-12;18;1041
28;2025-11-12;19;761
28;2025-11-12;20;533
28;2025-11-12;21;325
28;2025-11-12;22;123
28;2025-11-12;23;11
28;2025-11-13;0;0
28;2025-11-13;1;1
28;2025-11-13;2;0
28;2025-11-13;3;0
28;2025-11-13;4;1
28;2025-11-13;5;85
28;2025-11-13;6;264
28;2025-11-13;7;810
28;2025-11-13;8;1226
28;2025-11-13;9;824
28;2025-11-13;10;635
28;2025-11-13;11;605
28;2025-11-13;12;691
28;2025-11-13;13;731
28;2025-11-13;14;694
28;2025-11-13;15;746
28;2025-11-13;16;848
28;2025-11-13;17;1083
28;2025-11-13;18;1061
28;2025-11-13;19;753
28;2025-11-13;20;534
28;2025-11-13;21;338
28;2025-11-13;22;136
28;2025-11-13;23;14
28;2025-11-14;0;0
28;2025-11-14;1;0
28;2025-11-14;2;0
28;2025-11-14;3;0
28;2025-11-14;4;2
28;2025-11-14;5;80
28;2025-11-14;6;284
28;2025-11-14;7;814
28;2025-11-14;8;1269
28;2025-11-14;9;819
28;2025-11-14;10;638
28;2025-11-14;11;599
28;2025-11-14;12;715
28;2025-11-14;13;725
28;2025-11-14;14;704
28;2025-11-14;15;750
28;2025-11-14;16;888
28;2025-11-14;17;1030
28;2025-11-14;18;879
28;2025-11-14;19;672
28;2025-11-14;20;459
28;2025-11-14;21;321
28;2025-11-14;22;126
28;2025-11-14;23;13
28;2025-11-15;0;1
28;2025-11-15;1;0
28;2025-11-15;2;0
28;2025-11-15;3;0
28;2025-11-15;4;1
28;2025-11-15;5;37
28;2025-11-15;6;108
28;2025-11-15;7;234
28;2025-11-15;8;390
28;2025-11-15;9;440
28;2025-11-15;10;476
28;2025-11-15;11;506
28;2025-11-15;12;591
28;2025-11-15;13;617
28;2025-11-15;14;601
28;2025-11-15;15;595
28;2025-11-15;16;615
28;2025-11-15;17;587
28;2025-11-15;18;499
28;2025-11-15;19;390
28;2025-11-15;20;299
28;2025-11-15;21;248
28;2025-11-15;22;118
28;2025-11-15;23;19
28;2025-11-16;0;0
28;2025-11-16;1;1
28;2025-11-16;2;0
28;2025-11-16;3;1
28;2025-11-16;4;0
28;2025-11-16;5;27
28;2025-11-16;6;73
28;2025-11-16;7;173
28;2025-11-16;8;254
28;2025-11-16;9;347
28;2025-11-16;10;391
28;2025-11-16;11;434
28;2025-11-16;12;475
28;2025-11-16;13;540
28;2025-11-16;14;528
28;2025-11-16;15;515
28;2025-11-16;16;494
28;2025-11-16;17;516
28;2025-11-16;18;429
28;2025-11-16;19;370
28;2025-11-16;20;277
28;2025-11-16;21;217
28;2025-11-16;22;110
28;2025-11-16;23;16
28;2025-11-17;0;0
28;2025-11-17;1;0
28;2025-11-17;2;0
28;2025-11-17;3;0
28;2025-11-17;4;2
28;2025-11-17;5;78
28;2025-11-17;6;258
28;2025-11-17;7;736
28;2025-11-17;8;1162
28;2025-11-17;9;762
28;2025-11-17;10;600
28;2025-11-17;11;543
28;2025-11-17;12;636
28;2025-11-17;13;659
28;2025-11-17;14;639
28;2025-11-17;15;664
28;2025-11-17;16;796
28;2025-11-17;17;981
28;2025-11-17;18;961
28;2025-11-17;19;687
28;2025-11-17;20;467
28;2025-11-17;21;293
28;2025-11-17;22;111
28;2025-11-17;23;7
28;2025-11-18;0;0
28;2025-11-18;1;0
28;2025-11-18;2;0
28;2025-11-18;3;0
28;2025-11-18;4;1
28;2025-11-18;5;76
28;2025-11-18;6;261
28;2025-11-18;7;777
28;2025-11-18;8;1236
28;2025-11-18;9;799
28;2025-11-18;10;628
28;2025-11-18;11;582
28;2025-11-18;12;663
28;2025-11-18;13;691
28;2025-11-18;14;673
28;2025-11-18;15;702
28;2025-11-18;16;788
28;2025-11-18;17;977
28;2025-11-18;18;987
28;2025-11-18;19;695
28;2025-11-18;20;474
28;2025-11-18;21;305
28;2025-11-18;22;119
28;2025-11-18;23;10
28;2025-11-19;0;0
28;2025-11-19;1;0
28;2025-11-19;2;0
28;2025-11-19;3;0
28;2025-11-19;4;2
28;2025-11-19;5;79
28;2025-11-19;6;264
28;2025-11-19;7;789
28;2025-11-19;8;1254
28;2025-11-19;9;846
28;2025-11-19;10;645
28;2025-11-19;11;608
28;2025-11-19;12;724
28;2025-11-19;13;742
28;2025-11-19;14;704
28;2025-11-19;15;728
28;2025-11-19;16;873
28;2025-11-19;17;1049
28;2025-11-19;18;1041
28;2025-11-19;19;761
28;2025-11-19;20;533
28;2025-11-19;21;325
28;2025-11-19;22;123
28;2025-11-19;23;11
28;2025-11-20;0;0
28;2025-11-20;1;1
28;2025-11-20;2;0
28;2025-11-20;3;0
28;2025-11-20;4;1
28;2025-11-20;5;85
28;2025-11-20;6;264
28;2025-11-20;7;810
28;2025-11-20;8;1227
28;2025-11-20;9;824
28;2025-11-20;10;636
28;2025-11-20;11;605
28;2025-11-20;12;691
28;2025-11-20;13;732
28;2025-11-20;14;695
28;2025-11-20;15;747
28;2025-11-20;16;848
28;2025-11-20;17;1083
28;2025-11-20;18;1061
28;2025-11-20;19;752
28;2025-11-20;20;534
28;2025-11-20;21;338
28;2025-11-20;22;135
28;2025-11-20;23;12
28;2025-11-21;0;0
28;2025-11-21;1;0
28;2025-11-21;2;0
28;2025-11-21;3;0
28;2025-11-21;4;2
28;2025-11-21;5;80
28;2025-11-21;6;285
28;2025-11-21;7;814
28;2025-11-21;8;1270
28;2025-11-21;9;819
28;2025-11-21;10;638
28;2025-11-21;11;599
28;2025-11-21;12;715
28;2025-11-21;13;725
28;2025-11-21;14;704
28;2025-11-21;15;750
28;2025-11-21;16;887
28;2025-11-21;17;1030
28;2025-11-21;18;879
28;2025-11-21;19;671
28;2025-11-21;20;459
28;2025-11-21;21;321
28;2025-11-21;22;126
28;2025-11-21;23;13
28;2025-11-22;0;1
28;2025-11-22;1;0
28;2025-11-22;2;0
28;2025-11-22;3;0
28;2025-11-22;4;1
28;2025-11-22;5;37
28;2025-11-22;6;108
28;2025-11-22;7;234
28;2025-11-22;8;390
28;2025-11-22;9;440
28;2025-11-22;10;476
28;2025-11-22;11;506
28;2025-11-22;12;591
28;2025-11-22;13;617
28;2025-11-22;14;601
28;2025-11-22;15;595
28;2025-11-22;16;615
28;2025-11-22;17;587
28;2025-11-22;18;499
28;2025-11-22;19;390
28;2025-11-22;20;299
28;2025-11-22;21;248
28;2025-11-22;22;118
28;2025-11-22;23;19
28;2025-11-23;0;0
28;2025-11-23;1;1
28;2025-11-23;2;0
28;2025-11-23;3;1
28;2025-11-23;4;0
28;2025-11-23;5;27
28;2025-11-23;6;73
28;2025-11-23;7;173
28;2025-11-23;8;254
28;2025-11-23;9;347
28;2025-11-23;10;391
28;2025-11-23;11;434
28;2025-11-23;12;475
28;2025-11-23;13;540
28;2025-11-23;14;528
28;2025-11-23;15;515
28;2025-11-23;16;494
28;2025-11-23;17;516
28;2025-11-23;18;429
28;2025-11-23;19;370
28;2025-11-23;20;277
28;2025-11-23;21;217
28;2025-11-23;22;110
28;2025-11-23;23;16
28;2025-11-24;0;0
28;2025-11-24;1;0
28;2025-11-24;2;0
28;2025-11-24;3;0
28;2025-11-24;4;2
28;2025-11-24;5;78
28;2025-11-24;6;258
28;2025-11-24;7;736
28;2025-11-24;8;1162
28;2025-11-24;9;762
28;2025-11-24;10;600
28;2025-11-24;11;543
28;2025-11-24;12;636
28;2025-11-24;13;659
28;2025-11-24;14;639
28;2025-11-24;15;664
28;2025-11-24;16;796
28;2025-11-24;17;981
28;2025-11-24;18;961
28;2025-11-24;19;687
28;2025-11-24;20;467
28;2025-11-24;21;293
28;2025-11-24;22;111
28;2025-11-24;23;7
28;2025-11-25;0;0
28;2025-11-25;1;0
28;2025-11-25;2;0
28;2025-11-25;3;0
28;2025-11-25;4;1
28;2025-11-25;5;76
28;2025-11-25;6;261
28;2025-11-25;7;777
28;2025-11-25;8;1236
28;2025-11-25;9;799
28;2025-11-25;10;628
28;2025-11-25;11;582
28;2025-11-25;12;663
28;2025-11-25;13;691
28;2025-11-25;14;673
28;2025-11-25;15;702
28;2025-11-25;16;788
28;2025-11-25;17;977
28;2025-11-25;18;987
28;2025-11-25;19;695
28;2025-11-25;20;474
28;2025-11-25;21;305
28;2025-11-25;22;119
28;2025-11-25;23;10
28;2025-11-26;0;0
28;2025-11-26;1;0
28;2025-11-26;2;0
28;2025-11-26;3;0
28;2025-11-26;4;2
28;2025-11-26;5;79
28;2025-11-26;6;264
28;2025-11-26;7;789
28;2025-11-26;8;1254
28;2025-11-26;9;846
28;2025-11-26;10;645
28;2025-11-26;11;608
28;2025-11-26;12;724
28;2025-11-26;13;742
28;2025-11-26;14;704
28;2025-11-26;15;728
28;2025-11-26;16;873
28;2025-11-26;17;1049
28;2025-11-26;18;1041
28;2025-11-26;19;761
28;2025-11-26;20;533
28;2025-11-26;21;325
28;2025-11-26;22;123
28;2025-11-26;23;11
28;2025-11-27;0;0
28;2025-11-27;1;1
28;2025-11-27;2;0
28;2025-11-27;3;0
28;2025-11-27;4;1
28;2025-11-27;5;85
28;2025-11-27;6;264
28;2025-11-27;7;810
28;2025-11-27;8;1227
28;2025-11-27;9;824
28;2025-11-27;10;636
28;2025-11-27;11;605
28;2025-11-27;12;691
28;2025-11-27;13;732
28;2025-11-27;14;695
28;2025-11-27;15;747
28;2025-11-27;16;848
28;2025-11-27;17;1083
28;2025-11-27;18;1061
28;2025-11-27;19;752
28;2025-11-27;20;534
28;2025-11-27;21;338
28;2025-11-27;22;135
28;2025-11-27;23;12
28;2025-11-28;0;0
28;2025-11-28;1;0
28;2025-11-28;2;0
28;2025-11-28;3;0
28;2025-11-28;4;2
28;2025-11-28;5;80
28;2025-11-28;6;285
28;2025-11-28;7;814
28;2025-11-28;8;1270
28;2025-11-28;9;819
28;2025-11-28;10;638
28;2025-11-28;11;599
28;2025-11-28;12;715
28;2025-11-28;13;725
28;2025-11-28;14;704
28;2025-11-28;15;750
28;2025-11-28;16;887
28;2025-11-28;17;1030
28;2025-11-28;18;879
28;2025-11-28;19;671
28;2025-11-28;20;459
28;2025-11-28;21;321
28;2025-11-28;22;126
28;2025-11-28;23;13
28;2025-11-29;0;1
28;2025-11-29;1;0
28;2025-11-29;2;0
28;2025-11-29;3;0
28;2025-11-29;4;1
28;2025-11-29;5;37
28;2025-11-29;6;108
28;2025-11-29;7;234
28;2025-11-29;8;390
28;2025-11-29;9;440
28;2025-11-29;10;476
28;2025-11-29;11;506
28;2025-11-29;12;591
28;2025-11-29;13;617
28;2025-11-29;14;601
28;2025-11-29;15;595
28;2025-11-29;16;615
28;2025-11-29;17;587
28;2025-11-29;18;499
28;2025-11-29;19;390
28;2025-11-29;20;299
28;2025-11-29;21;248
28;2025-11-29;22;118
28;2025-11-29;23;19
28;2025-11-30;0;0
28;2025-11-30;1;1
28;2025-11-30;2;0
28;2025-11-30;3;1
28;2025-11-30;4;0
28;2025-11-30;5;27
28;2025-11-30;6;73
28;2025-11-30;7;173
28;2025-11-30;8;254
28;2025-11-30;9;347
28;2025-11-30;10;391
28;2025-11-30;11;434
28;2025-11-30;12;475
28;2025-11-30;13;540
28;2025-11-30;14;528
28;2025-11-30;15;515
28;2025-11-30;16;494
28;2025-11-30;17;516
28;2025-11-30;18;429
28;2025-11-30;19;370
28;2025-11-30;20;277
28;2025-11-30;21;217
28;2025-11-30;22;110
28;2025-11-30;23;16
28;2025-12-01;0;0
28;2025-12-01;1;0
28;2025-12-01;2;0
28;2025-12-01;3;0
28;2025-12-01;4;2
28;2025-12-01;5;78
28;2025-12-01;6;258
28;2025-12-01;7;736
28;2025-12-01;8;1162
28;2025-12-01;9;762
28;2025-12-01;10;600
28;2025-12-01;11;543
28;2025-12-01;12;636
28;2025-12-01;13;659
28;2025-12-01;14;639
28;2025-12-01;15;664
28;2025-12-01;16;796
28;2025-12-01;17;981
28;2025-12-01;18;961
28;2025-12-01;19;687
28;2025-12-01;20;467
28;2025-12-01;21;293
28;2025-12-01;22;111
28;2025-12-01;23;7
28;2025-12-02;0;0
28;2025-12-02;1;0
28;2025-12-02;2;0
28;2025-12-02;3;0
28;2025-12-02;4;1
28;2025-12-02;5;76
28;2025-12-02;6;261
28;2025-12-02;7;777
28;2025-12-02;8;1236
28;2025-12-02;9;799
28;2025-12-02;10;628
28;2025-12-02;11;582
28;2025-12-02;12;663
28;2025-12-02;13;691
28;2025-12-02;14;673
28;2025-12-02;15;702
28;2025-12-02;16;788
28;2025-12-02;17;977
28;2025-12-02;18;987
28;2025-12-02;19;695
28;2025-12-02;20;474
28;2025-12-02;21;305
28;2025-12-02;22;119
28;2025-12-02;23;10
28;2025-12-03;0;0
28;2025-12-03;1;0
28;2025-12-03;2;0
28;2025-12-03;3;0
28;2025-12-03;4;2
28;2025-12-03;5;79
28;2025-12-03;6;264
28;2025-12-03;7;789
28;2025-12-03;8;1253
28;2025-12-03;9;846
28;2025-12-03;10;645
28;2025-12-03;11;608
28;2025-12-03;12;723
28;2025-12-03;13;742
28;2025-12-03;14;704
28;2025-12-03;15;728
28;2025-12-03;16;872
28;2025-12-03;17;1049
28;2025-12-03;18;1042
28;2025-12-03;19;762
28;2025-12-03;20;533
28;2025-12-03;21;326
28;2025-12-03;22;123
28;2025-12-03;23;11
28;2025-12-04;0;0
28;2025-12-04;1;1
28;2025-12-04;2;0
28;2025-12-04;3;0
28;2025-12-04;4;1
28;2025-12-04;5;85
28;2025-12-04;6;262
28;2025-12-04;7;803
28;2025-12-04;8;1218
28;2025-12-04;9;819
28;2025-12-04;10;631
28;2025-12-04;11;601
28;2025-12-04;12;687
28;2025-12-04;13;727
28;2025-12-04;14;691
28;2025-12-04;15;749
28;2025-12-04;16;850
28;2025-12-04;17;1084
28;2025-12-04;18;1064
28;2025-12-04;19;757
28;2025-12-04;20;540
28;2025-12-04;21;345
28;2025-12-04;22;144
28;2025-12-04;23;23
28;2025-12-05;0;0
28;2025-12-05;1;0
28;2025-12-05;2;0
28;2025-12-05;3;0
28;2025-12-05;4;2
28;2025-12-05;5;80
28;2025-12-05;6;282
28;2025-12-05;7;807
28;2025-12-05;8;1260
28;2025-12-05;9;813
28;2025-12-05;10;633
28;2025-12-05;11;594
28;2025-12-05;12;709
28;2025-12-05;13;720
28;2025-12-05;14;700
28;2025-12-05;15;751
28;2025-12-05;16;887
28;2025-12-05;17;1029
28;2025-12-05;18;884
28;2025-12-05;19;678
28;2025-12-05;20;467
28;2025-12-05;21;330
28;2025-12-05;22;137
28;2025-12-05;23;24
28;2025-12-06;0;1
28;2025-12-06;1;0
28;2025-12-06;2;0
28;2025-12-06;3;0
28;2025-12-06;4;1
28;2025-12-06;5;34
28;2025-12-06;6;105
28;2025-12-06;7;230
28;2025-12-06;8;385
28;2025-12-06;9;435
28;2025-12-06;10;471
28;2025-12-06;11;501
28;2025-12-06;12;586
28;2025-12-06;13;612
28;2025-12-06;14;597
28;2025-12-06;15;599
28;2025-12-06;16;618
28;2025-12-06;17;591
28;2025-12-06;18;504
28;2025-12-06;19;396
28;2025-12-06;20;305
28;2025-12-06;21;254
28;2025-12-06;22;124
28;2025-12-06;23;25
28;2025-12-07;0;0
28;2025-12-07;1;1
28;2025-12-07;2;0
28;2025-12-07;3;1
28;2025-12-07;4;0
28;2025-12-07;5;25
28;2025-12-07;6;71
28;2025-12-07;7;170
28;2025-12-07;8;250
28;2025-12-07;9;342
28;2025-12-07;10;386
28;2025-12-07;11;429
28;2025-12-07;12;469
28;2025-12-07;13;535
28;2025-12-07;14;523
28;2025-12-07;15;518
28;2025-12-07;16;497
28;2025-12-07;17;519
28;2025-12-07;18;434
28;2025-12-07;19;375
28;2025-12-07;20;283
28;2025-12-07;21;223
28;2025-12-07;22;116
28;2025-12-07;23;22
28;2025-12-08;0;0
28;2025-12-08;1;0
28;2025-12-08;2;0
28;2025-12-08;3;0
28;2025-12-08;4;2
28;2025-12-08;5;73
28;2025-12-08;6;253
28;2025-12-08;7;727
28;2025-12-08;8;1153
28;2025-12-08;9;753
28;2025-12-08;10;592
28;2025-12-08;11;535
28;2025-12-08;12;628
28;2025-12-08;13;652
28;2025-12-08;14;632
28;2025-12-08;15;670
28;2025-12-08;16;802
28;2025-12-08;17;987
28;2025-12-08;18;969
28;2025-12-08;19;696
28;2025-12-08;20;476
28;2025-12-08;21;303
28;2025-12-08;22;121
28;2025-12-08;23;18
28;2025-12-09;0;0
28;2025-12-09;1;0
28;2025-12-09;2;0
28;2025-12-09;3;0
28;2025-12-09;4;1
28;2025-12-09;5;72
28;2025-12-09;6;256
28;2025-12-09;7;770
28;2025-12-09;8;1228
28;2025-12-09;9;791
28;2025-12-09;10;620
28;2025-12-09;11;575
28;2025-12-09;12;655
28;2025-12-09;13;684
28;2025-12-09;14;666
28;2025-12-09;15;709
28;2025-12-09;16;793
28;2025-12-09;17;983
28;2025-12-09;18;994
28;2025-12-09;19;704
28;2025-12-09;20;482
28;2025-12-09;21;314
28;2025-12-09;22;128
28;2025-12-09;23;19
28;2025-12-10;0;0
28;2025-12-10;1;0
28;2025-12-10;2;0
28;2025-12-10;3;0
28;2025-12-10;4;2
28;2025-12-10;5;75
28;2025-12-10;6;259
28;2025-12-10;7;779
28;2025-12-10;8;1242
28;2025-12-10;9;837
28;2025-12-10;10;637
28;2025-12-10;11;599
28;2025-12-10;12;715
28;2025-12-10;13;734
28;2025-12-10;14;696
28;2025-12-10;15;735
28;2025-12-10;16;878
28;2025-12-10;17;1055
28;2025-12-10;18;1050
28;2025-12-10;19;771
28;2025-12-10;20;543
28;2025-12-10;21;336
28;2025-12-10;22;134
28;2025-12-10;23;22
28;2025-12-11;0;0
28;2025-12-11;1;1
28;2025-12-11;2;0
28;2025-12-11;3;0
28;2025-12-11;4;1
28;2025-12-11;5;81
28;2025-12-11;6;259
28;2025-12-11;7;801
28;2025-12-11;8;1218
28;2025-12-11;9;816
28;2025-12-11;10;628
28;2025-12-11;11;597
28;2025-12-11;12;684
28;2025-12-11;13;724
28;2025-12-11;14;688
28;2025-12-11;15;753
28;2025-12-11;16;854
28;2025-12-11;17;1089
28;2025-12-11;18;1069
28;2025-12-11;19;761
28;2025-12-11;20;542
28;2025-12-11;21;346
28;2025-12-11;22;145
28;2025-12-11;23;23
28;2025-12-12;0;0
28;2025-12-12;1;0
28;2025-12-12;2;0
28;2025-12-12;3;0
28;2025-12-12;4;2
28;2025-12-12;5;76
28;2025-12-12;6;279
28;2025-12-12;7;805
28;2025-12-12;8;1259
28;2025-12-12;9;810
28;2025-12-12;10;629
28;2025-12-12;11;591
28;2025-12-12;12;706
28;2025-12-12;13;717
28;2025-12-12;14;697
28;2025-12-12;15;755
28;2025-12-12;16;892
28;2025-12-12;17;1034
28;2025-12-12;18;889
28;2025-12-12;19;681
28;2025-12-12;20;470
28;2025-12-12;21;333
28;2025-12-12;22;137
28;2025-12-12;23;25
28;2025-12-13;0;1
28;2025-12-13;1;0
28;2025-12-13;2;0
28;2025-12-13;3;0
28;2025-12-13;4;1
28;2025-12-13;5;34
28;2025-12-13;6;105
28;2025-12-13;7;230
28;2025-12-13;8;385
28;2025-12-13;9;435
28;2025-12-13;10;471
28;2025-12-13;11;501
28;2025-12-13;12;586
28;2025-12-13;13;612
28;2025-12-13;14;597
28;2025-12-13;15;599
28;2025-12-13;16;618
28;2025-12-13;17;591
28;2025-12-13;18;504
28;2025-12-13;19;396
28;2025-12-13;20;305
28;2025-12-13;21;254
28;2025-12-13;22;124
28;2025-12-13;23;25
28;2025-12-14;0;0
28;2025-12-14;1;1
28;2025-12-14;2;0
28;2025-12-14;3;1
28;2025-12-14;4;0
28;2025-12-14;5;25
28;2025-12-14;6;71
28;2025-12-14;7;170
28;2025-12-14;8;250
28;2025-12-14;9;342
28;2025-12-14;10;386
28;2025-12-14;11;429
28;2025-12-14;12;469
28;2025-12-14;13;535
28;2025-12-14;14;523
28;2025-12-14;15;518
28;2025-12-14;16;497
28;2025-12-14;17;519
28;2025-12-14;18;434
28;2025-12-14;19;375
28;2025-12-14;20;283
28;2025-12-14;21;223
28;2025-12-14;22;116
28;2025-12-14;23;22
28;2025-12-15;0;0
28;2025-12-15;1;0
28;2025-12-15;2;0
28;2025-12-15;3;0
28;2025-12-15;4;2
28;2025-12-15;5;73
28;2025-12-15;6;253
28;2025-12-15;7;727
28;2025-12-15;8;1153
28;2025-12-15;9;753
28;2025-12-15;10;592
28;2025-12-15;11;535
28;2025-12-15;12;628
28;2025-12-15;13;652
28;2025-12-15;14;632
28;2025-12-15;15;670
28;2025-12-15;16;802
28;2025-12-15;17;987
28;2025-12-15;18;969
28;2025-12-15;19;696
28;2025-12-15;20;476
28;2025-12-15;21;303
28;2025-12-15;22;121
28;2025-12-15;23;18
28;2025-12-16;0;0
28;2025-12-16;1;0
28;2025-12-16;2;0
28;2025-12-16;3;0
28;2025-12-16;4;1
28;2025-12-16;5;72
28;2025-12-16;6;256
28;2025-12-16;7;770
28;2025-12-16;8;1228
28;2025-12-16;9;791
28;2025-12-16;10;620
28;2025-12-16;11;575
28;2025-12-16;12;655
28;2025-12-16;13;684
28;2025-12-16;14;666
28;2025-12-16;15;709
28;2025-12-16;16;793
28;2025-12-16;17;983
28;2025-12-16;18;994
28;2025-12-16;19;704
28;2025-12-16;20;482
28;2025-12-16;21;314
28;2025-12-16;22;128
28;2025-12-16;23;19
28;2025-12-17;0;0
28;2025-12-17;1;0
28;2025-12-17;2;0
28;2025-12-17;3;0
28;2025-12-17;4;2
28;2025-12-17;5;75
28;2025-12-17;6;259
28;2025-12-17;7;779
28;2025-12-17;8;1242
28;2025-12-17;9;837
28;2025-12-17;10;637
28;2025-12-17;11;599
28;2025-12-17;12;715
28;2025-12-17;13;734
28;2025-12-17;14;696
28;2025-12-17;15;735
28;2025-12-17;16;878
28;2025-12-17;17;1055
28;2025-12-17;18;1050
28;2025-12-17;19;771
28;2025-12-17;20;543
28;2025-12-17;21;336
28;2025-12-17;22;134
28;2025-12-17;23;22
28;2025-12-18;0;0
28;2025-12-18;1;1
28;2025-12-18;2;0
28;2025-12-18;3;0
28;2025-12-18;4;1
28;2025-12-18;5;81
28;2025-12-18;6;259
28;2025-12-18;7;801
28;2025-12-18;8;1218
28;2025-12-18;9;816
28;2025-12-18;10;628
28;2025-12-18;11;597
28;2025-12-18;12;684
28;2025-12-18;13;724
28;2025-12-18;14;688
28;2025-12-18;15;753
28;2025-12-18;16;854
28;2025-12-18;17;1089
28;2025-12-18;18;1069
28;2025-12-18;19;761
28;2025-12-18;20;542
28;2025-12-18;21;346
28;2025-12-18;22;145
28;2025-12-18;23;23
28;2025-12-19;0;0
28;2025-12-19;1;0
28;2025-12-19;2;0
28;2025-12-19;3;0
28;2025-12-19;4;2
28;2025-12-19;5;76
28;2025-12-19;6;279
28;2025-12-19;7;805
28;2025-12-19;8;1259
28;2025-12-19;9;810
28;2025-12-19;10;629
28;2025-12-19;11;591
28;2025-12-19;12;706
28;2025-12-19;13;717
28;2025-12-19;14;697
28;2025-12-19;15;755
28;2025-12-19;16;892
28;2025-12-19;17;1034
28;2025-12-19;18;889
28;2025-12-19;19;681
28;2025-12-19;20;470
28;2025-12-19;21;333
28;2025-12-19;22;137
28;2025-12-19;23;25
28;2025-12-20;0;1
28;2025-12-20;1;0
28;2025-12-20;2;0
28;2025-12-20;3;0
28;2025-12-20;4;1
28;2025-12-20;5;34
28;2025-12-20;6;105
28;2025-12-20;7;230
28;2025-12-20;8;385
28;2025-12-20;9;435
28;2025-12-20;10;471
28;2025-12-20;11;501
28;2025-12-20;12;586
28;2025-12-20;13;612
28;2025-12-20;14;597
28;2025-12-20;15;599
28;2025-12-20;16;618
28;2025-12-20;17;591
28;2025-12-20;18;504
28;2025-12-20;19;396
28;2025-12-20;20;305
28;2025-12-20;21;254
28;2025-12-20;22;124
28;2025-12-20;23;25
28;2025-12-21;0;0
28;2025-12-21;1;1
28;2025-12-21;2;0
28;2025-12-21;3;1
28;2025-12-21;4;0
28;2025-12-21;5;25
28;2025-12-21;6;71
28;2025-12-21;7;170
28;2025-12-21;8;250
28;2025-12-21;9;342
28;2025-12-21;10;386
28;2025-12-21;11;429
28;2025-12-21;12;469
28;2025-12-21;13;535
28;2025-12-21;14;523
28;2025-12-21;15;518
28;2025-12-21;16;497
28;2025-12-21;17;519
28;2025-12-21;18;434
28;2025-12-21;19;375
28;2025-12-21;20;283
28;2025-12-21;21;223
28;2025-12-21;22;116
28;2025-12-21;23;22
28;2025-12-22;0;0
28;2025-12-22;1;0
28;2025-12-22;2;0
28;2025-12-22;3;0
28;2025-12-22;4;2
28;2025-12-22;5;73
28;2025-12-22;6;253
28;2025-12-22;7;727
28;2025-12-22;8;1153
28;2025-12-22;9;753
28;2025-12-22;10;592
28;2025-12-22;11;535
28;2025-12-22;12;628
28;2025-12-22;13;652
28;2025-12-22;14;632
28;2025-12-22;15;670
28;2025-12-22;16;802
28;2025-12-22;17;987
28;2025-12-22;18;969
28;2025-12-22;19;696
28;2025-12-22;20;476
28;2025-12-22;21;303
28;2025-12-22;22;121
28;2025-12-22;23;18
28;2025-12-23;0;0
28;2025-12-23;1;0
28;2025-12-23;2;0
28;2025-12-23;3;0
28;2025-12-23;4;1
28;2025-12-23;5;72
28;2025-12-23;6;256
28;2025-12-23;7;770
28;2025-12-23;8;1228
28;2025-12-23;9;791
28;2025-12-23;10;620
28;2025-12-23;11;575
28;2025-12-23;12;655
28;2025-12-23;13;684
28;2025-12-23;14;666
28;2025-12-23;15;709
28;2025-12-23;16;793
28;2025-12-23;17;983
28;2025-12-23;18;994
28;2025-12-23;19;704
28;2025-12-23;20;482
28;2025-12-23;21;314
28;2025-12-23;22;128
28;2025-12-23;23;19
28;2025-12-24;0;0
28;2025-12-24;1;0
28;2025-12-24;2;0
28;2025-12-24;3;0
28;2025-12-24;4;2
28;2025-12-24;5;75
28;2025-12-24;6;259
28;2025-12-24;7;779
28;2025-12-24;8;1242
28;2025-12-24;9;837
28;2025-12-24;10;637
28;2025-12-24;11;599
28;2025-12-24;12;715
28;2025-12-24;13;734
28;2025-12-24;14;696
28;2025-12-24;15;735
28;2025-12-24;16;878
28;2025-12-24;17;1055
28;2025-12-24;18;1050
28;2025-12-24;19;771
28;2025-12-24;20;543
28;2025-12-24;21;336
28;2025-12-24;22;134
28;2025-12-24;23;22
28;2025-12-25;0;0
28;2025-12-25;1;1
28;2025-12-25;2;0
28;2025-12-25;3;0
28;2025-12-25;4;1
28;2025-12-25;5;81
28;2025-12-25;6;259
28;2025-12-25;7;801
28;2025-12-25;8;1218
28;2025-12-25;9;816
28;2025-12-25;10;628
28;2025-12-25;11;597
28;2025-12-25;12;684
28;2025-12-25;13;724
28;2025-12-25;14;688
28;2025-12-25;15;753
28;2025-12-25;16;854
28;2025-12-25;17;1089
28;2025-12-25;18;1069
28;2025-12-25;19;761
28;2025-12-25;20;542
28;2025-12-25;21;346
28;2025-12-25;22;145
28;2025-12-25;23;23
28;2025-12-26;0;0
28;2025-12-26;1;0
28;2025-12-26;2;0
28;2025-12-26;3;0
28;2025-12-26;4;2
28;2025-12-26;5;76
28;2025-12-26;6;279
28;2025-12-26;7;805
28;2025-12-26;8;1259
28;2025-12-26;9;810
28;2025-12-26;10;629
28;2025-12-26;11;591
28;2025-12-26;12;706
28;2025-12-26;13;717
28;2025-12-26;14;697
28;2025-12-26;15;755
28;2025-12-26;16;892
28;2025-12-26;17;1034
28;2025-12-26;18;889
28;2025-12-26;19;681
28;2025-12-26;20;470
28;2025-12-26;21;333
28;2025-12-26;22;137
28;2025-12-26;23;25
28;2025-12-27;0;1
28;2025-12-27;1;0
28;2025-12-27;2;0
28;2025-12-27;3;0
28;2025-12-27;4;1
28;2025-12-27;5;34
28;2025-12-27;6;105
28;2025-12-27;7;230
28;2025-12-27;8;385
28;2025-12-27;9;435
28;2025-12-27;10;471
28;2025-12-27;11;501
28;2025-12-27;12;586
28;2025-12-27;13;612
28;2025-12-27;14;597
28;2025-12-27;15;599
28;2025-12-27;16;618
28;2025-12-27;17;591
28;2025-12-27;18;504
28;2025-12-27;19;396
28;2025-12-27;20;305
28;2025-12-27;21;254
28;2025-12-27;22;124
28;2025-12-27;23;25
28;2025-12-28;0;0
28;2025-12-28;1;1
28;2025-12-28;2;0
28;2025-12-28;3;1
28;2025-12-28;4;0
28;2025-12-28;5;25
28;2025-12-28;6;71
28;2025-12-28;7;170
28;2025-12-28;8;250
28;2025-12-28;9;342
28;2025-12-28;10;386
28;2025-12-28;11;429
28;2025-12-28;12;469
28;2025-12-28;13;535
28;2025-12-28;14;523
28;2025-12-28;15;518
28;2025-12-28;16;497
28;2025-12-28;17;519
28;2025-12-28;18;434
28;2025-12-28;19;375
28;2025-12-28;20;283
28;2025-12-28;21;223
28;2025-12-28;22;116
28;2025-12-28;23;22
28;2025-12-29;0;0
28;2025-12-29;1;0
28;2025-12-29;2;0
28;2025-12-29;3;0
28;2025-12-29;4;2
28;2025-12-29;5;71
28;2025-12-29;6;249
28;2025-12-29;7;698
28;2025-12-29;8;1172
28;2025-12-29;9;788
28;2025-12-29;10;582
28;2025-12-29;11;506
28;2025-12-29;12;640
28;2025-12-29;13;646
28;2025-12-29;14;580
28;2025-12-29;15;579
28;2025-12-29;16;832
28;2025-12-29;17;921
28;2025-12-29;18;896
28;2025-12-29;19;673
28;2025-12-29;20;439
28;2025-12-29;21;280
28;2025-12-29;22;101
28;2025-12-29;23;5
28;2025-12-30;0;0
28;2025-12-30;1;0
28;2025-12-30;2;0
28;2025-12-30;3;0
28;2025-12-30;4;1
28;2025-12-30;5;67
28;2025-12-30;6;231
28;2025-12-30;7;708
28;2025-12-30;8;1200
28;2025-12-30;9;739
28;2025-12-30;10;608
28;2025-12-30;11;517
28;2025-12-30;12;623
28;2025-12-30;13;627
28;2025-12-30;14;598
28;2025-12-30;15;616
28;2025-12-30;16;703
28;2025-12-30;17;899
28;2025-12-30;18;853
28;2025-12-30;19;627
28;2025-12-30;20;441
28;2025-12-30;21;288
28;2025-12-30;22;108
28;2025-12-30;23;11
28;2025-12-31;0;2
28;2025-12-31;1;1
28;2025-12-31;2;0
28;2025-12-31;3;0
28;2025-12-31;4;1
28;2025-12-31;5;29
28;2025-12-31;6;76
28;2025-12-31;7;160
28;2025-12-31;8;265
28;2025-12-31;9;334
28;2025-12-31;10;370
28;2025-12-31;11;396
28;2025-12-31;12;436
28;2025-12-31;13;488
28;2025-12-31;14;459
28;2025-12-31;15;470
28;2025-12-31;16;442
28;2025-12-31;17;445
28;2025-12-31;18;394
28;2025-12-31;19;328
28;2025-12-31;20;252
28;2025-12-31;21;211
28;2025-12-31;22;97
28;2025-12-31;23;12
50;2025-11-01;0;38
50;2025-11-01;1;2
50;2025-11-01;2;0
50;2025-11-01;3;0
50;2025-11-01;4;2
50;2025-11-01;5;49
50;2025-11-01;6;368
50;2025-11-01;7;1241
50;2025-11-01;8;1924
50;2025-11-01;9;1510
50;2025-11-01;10;1080
50;2025-11-01;11;1096
50;2025-11-01;12;1032
50;2025-11-01;13;1084
50;2025-11-01;14;1032
50;2025-11-01;15;1257
50;2025-11-01;16;1559
50;2025-11-01;17;1517
50;2025-11-01;18;1156
50;2025-11-01;19;846
50;2025-11-01;20;611
50;2025-11-01;21;395
50;2025-11-01;22;199
50;2025-11-01;23;121
50;2025-11-02;0;2
50;2025-11-02;1;0
50;2025-11-02;2;0
50;2025-11-02;3;0
50;2025-11-02;4;0
50;2025-11-02;5;1
50;2025-11-02;6;4
50;2025-11-02;7;7
50;2025-11-02;8;11
50;2025-11-02;9;12
50;2025-11-02;10;23
50;2025-11-02;11;46
50;2025-11-02;12;38
50;2025-11-02;13;48
50;2025-11-02;14;82
50;2025-11-02;15;70
50;2025-11-02;16;94
50;2025-11-02;17;80
50;2025-11-02;18;50
50;2025-11-02;19;47
50;2025-11-02;20;38
50;2025-11-02;21;26
50;2025-11-02;22;29
50;2025-11-02;23;8
50;2025-11-03;0;11
50;2025-11-03;1;1
50;2025-11-03;2;0
50;2025-11-03;3;0
50;2025-11-03;4;0
50;2025-11-03;5;1
50;2025-11-03;6;4
50;2025-11-03;7;8
50;2025-11-03;8;13
50;2025-11-03;9;17
50;2025-11-03;10;22
50;2025-11-03;11;42
50;2025-11-03;12;43
50;2025-11-03;13;47
50;2025-11-03;14;73
50;2025-11-03;15;69
50;2025-11-03;16;82
50;2025-11-03;17;70
50;2025-11-03;18;41
50;2025-11-03;19;38
50;2025-11-03;20;31
50;2025-11-03;21;21
50;2025-11-03;22;23
50;2025-11-03;23;6
50;2025-11-04;0;7
50;2025-11-04;1;1
50;2025-11-04;2;0
50;2025-11-04;3;0
50;2025-11-04;4;0
50;2025-11-04;5;1
50;2025-11-04;6;4
50;2025-11-04;7;7
50;2025-11-04;8;11
50;2025-11-04;9;14
50;2025-11-04;10;20
50;2025-11-04;11;39
50;2025-11-04;12;37
50;2025-11-04;13;42
50;2025-11-04;14;69
50;2025-11-04;15;63
50;2025-11-04;16;78
50;2025-11-04;17;67
50;2025-11-04;18;40
50;2025-11-04;19;37
50;2025-11-04;20;31
50;2025-11-04;21;21
50;2025-11-04;22;23
50;2025-11-04;23;6
50;2025-11-05;0;24
50;2025-11-05;1;4
50;2025-11-05;2;0
50;2025-11-05;3;0
50;2025-11-05;4;3
50;2025-11-05;5;82
50;2025-11-05;6;537
50;2025-11-05;7;1757
50;2025-11-05;8;2902
50;2025-11-05;9;2190
50;2025-11-05;10;1676
50;2025-11-05;11;1530
50;2025-11-05;12;1524
50;2025-11-05;13;1500
50;2025-11-05;14;1475
50;2025-11-05;15;1643
50;2025-11-05;16;1736
50;2025-11-05;17;2354
50;2025-11-05;18;2507
50;2025-11-05;19;1484
50;2025-11-05;20;928
50;2025-11-05;21;630
50;2025-11-05;22;257
50;2025-11-05;23;150
50;2025-11-06;0;36
50;2025-11-06;1;2
50;2025-11-06;2;0
50;2025-11-06;3;0
50;2025-11-06;4;3
50;2025-11-06;5;71
50;2025-11-06;6;515
50;2025-11-06;7;1701
50;2025-11-06;8;2724
50;2025-11-06;9;2154
50;2025-11-06;10;1648
50;2025-11-06;11;1482
50;2025-11-06;12;1504
50;2025-11-06;13;1458
50;2025-11-06;14;1446
50;2025-11-06;15;1618
50;2025-11-06;16;1708
50;2025-11-06;17;2279
50;2025-11-06;18;2438
50;2025-11-06;19;1479
50;2025-11-06;20;967
50;2025-11-06;21;648
50;2025-11-06;22;255
50;2025-11-06;23;153
50;2025-11-07;0;40
50;2025-11-07;1;1
50;2025-11-07;2;0
50;2025-11-07;3;0
50;2025-11-07;4;3
50;2025-11-07;5;73
50;2025-11-07;6;525
50;2025-11-07;7;1735
50;2025-11-07;8;2741
50;2025-11-07;9;2136
50;2025-11-07;10;1566
50;2025-11-07;11;1466
50;2025-11-07;12;1473
50;2025-11-07;13;1483
50;2025-11-07;14;1477
50;2025-11-07;15;1689
50;2025-11-07;16;1992
50;2025-11-07;17;2143
50;2025-11-07;18;1764
50;2025-11-07;19;1296
50;2025-11-07;20;888
50;2025-11-07;21;573
50;2025-11-07;22;246
50;2025-11-07;23;157
50;2025-11-08;0;18
50;2025-11-08;1;5
50;2025-11-08;2;0
50;2025-11-08;3;1
50;2025-11-08;4;0
50;2025-11-08;5;1
50;2025-11-08;6;27
50;2025-11-08;7;13
50;2025-11-08;8;44
50;2025-11-08;9;22
50;2025-11-08;10;33
50;2025-11-08;11;54
50;2025-11-08;12;54
50;2025-11-08;13;54
50;2025-11-08;14;83
50;2025-11-08;15;47
50;2025-11-08;16;56
50;2025-11-08;17;86
50;2025-11-08;18;60
50;2025-11-08;19;42
50;2025-11-08;20;30
50;2025-11-08;21;12
50;2025-11-08;22;12
50;2025-11-08;23;10
50;2025-11-09;0;9
50;2025-11-09;1;0
50;2025-11-09;2;0
50;2025-11-09;3;0
50;2025-11-09;4;0
50;2025-11-09;5;0
50;2025-11-09;6;18
50;2025-11-09;7;5
50;2025-11-09;8;7
50;2025-11-09;9;8
50;2025-11-09;10;9
50;2025-11-09;11;15
50;2025-11-09;12;22
50;2025-11-09;13;24
50;2025-11-09;14;40
50;2025-11-09;15;39
50;2025-11-09;16;32
50;2025-11-09;17;40
50;2025-11-09;18;16
50;2025-11-09;19;10
50;2025-11-09;20;9
50;2025-11-09;21;6
50;2025-11-09;22;4
50;2025-11-09;23;2
50;2025-11-10;0;17
50;2025-11-10;1;3
50;2025-11-10;2;1
50;2025-11-10;3;0
50;2025-11-10;4;3
50;2025-11-10;5;70
50;2025-11-10;6;539
50;2025-11-10;7;1738
50;2025-11-10;8;2794
50;2025-11-10;9;2197
50;2025-11-10;10;1613
50;2025-11-10;11;1465
50;2025-11-10;12;1441
50;2025-11-10;13;1446
50;2025-11-10;14;1433
50;2025-11-10;15;1625
50;2025-11-10;16;1691
50;2025-11-10;17;2257
50;2025-11-10;18;2472
50;2025-11-10;19;1425
50;2025-11-10;20;882
50;2025-11-10;21;598
50;2025-11-10;22;233
50;2025-11-10;23;125
50;2025-11-11;0;28
50;2025-11-11;1;2
50;2025-11-11;2;0
50;2025-11-11;3;0
50;2025-11-11;4;2
50;2025-11-11;5;79
50;2025-11-11;6;565
50;2025-11-11;7;1837
50;2025-11-11;8;2831
50;2025-11-11;9;2224
50;2025-11-11;10;1690
50;2025-11-11;11;1526
50;2025-11-11;12;1501
50;2025-11-11;13;1500
50;2025-11-11;14;1470
50;2025-11-11;15;1669
50;2025-11-11;16;1759
50;2025-11-11;17;2391
50;2025-11-11;18;2475
50;2025-11-11;19;1479
50;2025-11-11;20;953
50;2025-11-11;21;618
50;2025-11-11;22;244
50;2025-11-11;23;139
50;2025-11-12;0;24
50;2025-11-12;1;4
50;2025-11-12;2;0
50;2025-11-12;3;0
50;2025-11-12;4;3
50;2025-11-12;5;82
50;2025-11-12;6;537
50;2025-11-12;7;1757
50;2025-11-12;8;2902
50;2025-11-12;9;2190
50;2025-11-12;10;1676
50;2025-11-12;11;1530
50;2025-11-12;12;1524
50;2025-11-12;13;1500
50;2025-11-12;14;1475
50;2025-11-12;15;1643
50;2025-11-12;16;1736
50;2025-11-12;17;2354
50;2025-11-12;18;2507
50;2025-11-12;19;1484
50;2025-11-12;20;928
50;2025-11-12;21;630
50;2025-11-12;22;257
50;2025-11-12;23;149
50;2025-11-13;0;36
50;2025-11-13;1;2
50;2025-11-13;2;0
50;2025-11-13;3;0
50;2025-11-13;4;3
50;2025-11-13;5;71
50;2025-11-13;6;515
50;2025-11-13;7;1702
50;2025-11-13;8;2727
50;2025-11-13;9;2155
50;2025-11-13;10;1649
50;2025-11-13;11;1484
50;2025-11-13;12;1505
50;2025-11-13;13;1459
50;2025-11-13;14;1447
50;2025-11-13;15;1619
50;2025-11-13;16;1707
50;2025-11-13;17;2278
50;2025-11-13;18;2438
50;2025-11-13;19;1476
50;2025-11-13;20;964
50;2025-11-13;21;645
50;2025-11-13;22;255
50;2025-11-13;23;152
50;2025-11-14;0;40
50;2025-11-14;1;1
50;2025-11-14;2;0
50;2025-11-14;3;0
50;2025-11-14;4;3
50;2025-11-14;5;73
50;2025-11-14;6;525
50;2025-11-14;7;1735
50;2025-11-14;8;2742
50;2025-11-14;9;2136
50;2025-11-14;10;1567
50;2025-11-14;11;1467
50;2025-11-14;12;1473
50;2025-11-14;13;1484
50;2025-11-14;14;1477
50;2025-11-14;15;1689
50;2025-11-14;16;1992
50;2025-11-14;17;2143
50;2025-11-14;18;1764
50;2025-11-14;19;1295
50;2025-11-14;20;886
50;2025-11-14;21;572
50;2025-11-14;22;246
50;2025-11-14;23;157
50;2025-11-15;0;56
50;2025-11-15;1;5
50;2025-11-15;2;0
50;2025-11-15;3;0
50;2025-11-15;4;1
50;2025-11-15;5;32
50;2025-11-15;6;172
50;2025-11-15;7;403
50;2025-11-15;8;626
50;2025-11-15;9;601
50;2025-11-15;10;660
50;2025-11-15;11;767
50;2025-11-15;12;789
50;2025-11-15;13;822
50;2025-11-15;14;879
50;2025-11-15;15;780
50;2025-11-15;16;808
50;2025-11-15;17;881
50;2025-11-15;18;807
50;2025-11-15;19;672
50;2025-11-15;20;537
50;2025-11-15;21;386
50;2025-11-15;22;223
50;2025-11-15;23;137
50;2025-11-16;0;44
50;2025-11-16;1;9
50;2025-11-16;2;2
50;2025-11-16;3;2
50;2025-11-16;4;2
50;2025-11-16;5;27
50;2025-11-16;6;142
50;2025-11-16;7;279
50;2025-11-16;8;443
50;2025-11-16;9;511
50;2025-11-16;10;532
50;2025-11-16;11;683
50;2025-11-16;12;720
50;2025-11-16;13;755
50;2025-11-16;14;798
50;2025-11-16;15;759
50;2025-11-16;16;749
50;2025-11-16;17;812
50;2025-11-16;18;710
50;2025-11-16;19;590
50;2025-11-16;20;483
50;2025-11-16;21;377
50;2025-11-16;22;201
50;2025-11-16;23;112
50;2025-11-17;0;17
50;2025-11-17;1;3
50;2025-11-17;2;1
50;2025-11-17;3;0
50;2025-11-17;4;3
50;2025-11-17;5;70
50;2025-11-17;6;539
50;2025-11-17;7;1738
50;2025-11-17;8;2794
50;2025-11-17;9;2197
50;2025-11-17;10;1613
50;2025-11-17;11;1465
50;2025-11-17;12;1441
50;2025-11-17;13;1446
50;2025-11-17;14;1433
50;2025-11-17;15;1625
50;2025-11-17;16;1691
50;2025-11-17;17;2257
50;2025-11-17;18;2472
50;2025-11-17;19;1425
50;2025-11-17;20;882
50;2025-11-17;21;598
50;2025-11-17;22;233
50;2025-11-17;23;125
50;2025-11-18;0;28
50;2025-11-18;1;2
50;2025-11-18;2;0
50;2025-11-18;3;0
50;2025-11-18;4;2
50;2025-11-18;5;79
50;2025-11-18;6;565
50;2025-11-18;7;1837
50;2025-11-18;8;2831
50;2025-11-18;9;2225
50;2025-11-18;10;1691
50;2025-11-18;11;1527
50;2025-11-18;12;1501
50;2025-11-18;13;1501
50;2025-11-18;14;1471
50;2025-11-18;15;1670
50;2025-11-18;16;1758
50;2025-11-18;17;2391
50;2025-11-18;18;2475
50;2025-11-18;19;1478
50;2025-11-18;20;953
50;2025-11-18;21;617
50;2025-11-18;22;242
50;2025-11-18;23;137
50;2025-11-19;0;24
50;2025-11-19;1;4
50;2025-11-19;2;0
50;2025-11-19;3;0
50;2025-11-19;4;3
50;2025-11-19;5;82
50;2025-11-19;6;537
50;2025-11-19;7;1756
50;2025-11-19;8;2902
50;2025-11-19;9;2190
50;2025-11-19;10;1677
50;2025-11-19;11;1531
50;2025-11-19;12;1525
50;2025-11-19;13;1500
50;2025-11-19;14;1475
50;2025-11-19;15;1644
50;2025-11-19;16;1736
50;2025-11-19;17;2354
50;2025-11-19;18;2507
50;2025-11-19;19;1484
50;2025-11-19;20;928
50;2025-11-19;21;630
50;2025-11-19;22;257
50;2025-11-19;23;148
50;2025-11-20;0;35
50;2025-11-20;1;2
50;2025-11-20;2;0
50;2025-11-20;3;0
50;2025-11-20;4;3
50;2025-11-20;5;71
50;2025-11-20;6;515
50;2025-11-20;7;1702
50;2025-11-20;8;2727
50;2025-11-20;9;2156
50;2025-11-20;10;1650
50;2025-11-20;11;1485
50;2025-11-20;12;1506
50;2025-11-20;13;1460
50;2025-11-20;14;1448
50;2025-11-20;15;1620
50;2025-11-20;16;1707
50;2025-11-20;17;2278
50;2025-11-20;18;2438
50;2025-11-20;19;1475
50;2025-11-20;20;963
50;2025-11-20;21;644
50;2025-11-20;22;253
50;2025-11-20;23;150
50;2025-11-21;0;39
50;2025-11-21;1;1
50;2025-11-21;2;0
50;2025-11-21;3;0
50;2025-11-21;4;3
50;2025-11-21;5;73
50;2025-11-21;6;525
50;2025-11-21;7;1735
50;2025-11-21;8;2742
50;2025-11-21;9;2136
50;2025-11-21;10;1568
50;2025-11-21;11;1467
50;2025-11-21;12;1474
50;2025-11-21;13;1484
50;2025-11-21;14;1478
50;2025-11-21;15;1689
50;2025-11-21;16;1992
50;2025-11-21;17;2143
50;2025-11-21;18;1764
50;2025-11-21;19;1294
50;2025-11-21;20;886
50;2025-11-21;21;572
50;2025-11-21;22;246
50;2025-11-21;23;156
50;2025-11-22;0;55
50;2025-11-22;1;5
50;2025-11-22;2;0
50;2025-11-22;3;0
50;2025-11-22;4;1
50;2025-11-22;5;32
50;2025-11-22;6;173
50;2025-11-22;7;403
50;2025-11-22;8;626
50;2025-11-22;9;601
50;2025-11-22;10;660
50;2025-11-22;11;767
50;2025-11-22;12;789
50;2025-11-22;13;822
50;2025-11-22;14;879
50;2025-11-22;15;780
50;2025-11-22;16;808
50;2025-11-22;17;881
50;2025-11-22;18;807
50;2025-11-22;19;672
50;2025-11-22;20;537
50;2025-11-22;21;385
50;2025-11-22;22;222
50;2025-11-22;23;136
50;2025-11-23;0;44
50;2025-11-23;1;9
50;2025-11-23;2;2
50;2025-11-23;3;2
50;2025-11-23;4;2
50;2025-11-23;5;27
50;2025-11-23;6;142
50;2025-11-23;7;279
50;2025-11-23;8;443
50;2025-11-23;9;511
50;2025-11-23;10;532
50;2025-11-23;11;683
50;2025-11-23;12;720
50;2025-11-23;13;755
50;2025-11-23;14;798
50;2025-11-23;15;759
50;2025-11-23;16;750
50;2025-11-23;17;812
50;2025-11-23;18;710
50;2025-11-23;19;590
50;2025-11-23;20;483
50;2025-11-23;21;377
50;2025-11-23;22;201
50;2025-11-23;23;112
50;2025-11-24;0;16
50;2025-11-24;1;3
50;2025-11-24;2;1
50;2025-11-24;3;0
50;2025-11-24;4;3
50;2025-11-24;5;70
50;2025-11-24;6;539
50;2025-11-24;7;1738
50;2025-11-24;8;2794
50;2025-11-24;9;2197
50;2025-11-24;10;1613
50;2025-11-24;11;1465
50;2025-11-24;12;1441
50;2025-11-24;13;1446
50;2025-11-24;14;1433
50;2025-11-24;15;1625
50;2025-11-24;16;1691
50;2025-11-24;17;2257
50;2025-11-24;18;2473
50;2025-11-24;19;1425
50;2025-11-24;20;882
50;2025-11-24;21;598
50;2025-11-24;22;233
50;2025-11-24;23;125
50;2025-11-25;0;27
50;2025-11-25;1;2
50;2025-11-25;2;0
50;2025-11-25;3;0
50;2025-11-25;4;2
50;2025-11-25;5;79
50;2025-11-25;6;565
50;2025-11-25;7;1837
50;2025-11-25;8;2832
50;2025-11-25;9;2224
50;2025-11-25;10;1691
50;2025-11-25;11;1527
50;2025-11-25;12;1502
50;2025-11-25;13;1501
50;2025-11-25;14;1471
50;2025-11-25;15;1670
50;2025-11-25;16;1759
50;2025-11-25;17;2392
50;2025-11-25;18;2475
50;2025-11-25;19;1478
50;2025-11-25;20;953
50;2025-11-25;21;617
50;2025-11-25;22;242
50;2025-11-25;23;137
50;2025-11-26;0;23
50;2025-11-26;1;4
50;2025-11-26;2;0
50;2025-11-26;3;0
50;2025-11-26;4;3
50;2025-11-26;5;82
50;2025-11-26;6;537
50;2025-11-26;7;1757
50;2025-11-26;8;2902
50;2025-11-26;9;2190
50;2025-11-26;10;1677
50;2025-11-26;11;1531
50;2025-11-26;12;1525
50;2025-11-26;13;1501
50;2025-11-26;14;1475
50;2025-11-26;15;1644
50;2025-11-26;16;1736
50;2025-11-26;17;2354
50;2025-11-26;18;2507
50;2025-11-26;19;1484
50;2025-11-26;20;928
50;2025-11-26;21;630
50;2025-11-26;22;257
50;2025-11-26;23;148
50;2025-11-27;0;35
50;2025-11-27;1;2
50;2025-11-27;2;0
50;2025-11-27;3;0
50;2025-11-27;4;3
50;2025-11-27;5;71
50;2025-11-27;6;515
50;2025-11-27;7;1702
50;2025-11-27;8;2727
50;2025-11-27;9;2156
50;2025-11-27;10;1650
50;2025-11-27;11;1485
50;2025-11-27;12;1506
50;2025-11-27;13;1460
50;2025-11-27;14;1448
50;2025-11-27;15;1620
50;2025-11-27;16;1707
50;2025-11-27;17;2278
50;2025-11-27;18;2438
50;2025-11-27;19;1475
50;2025-11-27;20;963
50;2025-11-27;21;644
50;2025-11-27;22;253
50;2025-11-27;23;150
50;2025-11-28;0;38
50;2025-11-28;1;1
50;2025-11-28;2;0
50;2025-11-28;3;0
50;2025-11-28;4;3
50;2025-11-28;5;73
50;2025-11-28;6;525
50;2025-11-28;7;1736
50;2025-11-28;8;2742
50;2025-11-28;9;2137
50;2025-11-28;10;1568
50;2025-11-28;11;1468
50;2025-11-28;12;1474
50;2025-11-28;13;1484
50;2025-11-28;14;1478
50;2025-11-28;15;1689
50;2025-11-28;16;1992
50;2025-11-28;17;2143
50;2025-11-28;18;1764
50;2025-11-28;19;1294
50;2025-11-28;20;886
50;2025-11-28;21;572
50;2025-11-28;22;246
50;2025-11-28;23;156
50;2025-11-29;0;55
50;2025-11-29;1;5
50;2025-11-29;2;0
50;2025-11-29;3;0
50;2025-11-29;4;1
50;2025-11-29;5;32
50;2025-11-29;6;173
50;2025-11-29;7;403
50;2025-11-29;8;626
50;2025-11-29;9;601
50;2025-11-29;10;660
50;2025-11-29;11;767
50;2025-11-29;12;789
50;2025-11-29;13;822
50;2025-11-29;14;879
50;2025-11-29;15;780
50;2025-11-29;16;808
50;2025-11-29;17;881
50;2025-11-29;18;807
50;2025-11-29;19;672
50;2025-11-29;20;537
50;2025-11-29;21;385
50;2025-11-29;22;222
50;2025-11-29;23;136
50;2025-11-30;0;43
50;2025-11-30;1;9
50;2025-11-30;2;2
50;2025-11-30;3;2
50;2025-11-30;4;2
50;2025-11-30;5;27
50;2025-11-30;6;142
50;2025-11-30;7;279
50;2025-11-30;8;443
50;2025-11-30;9;511
50;2025-11-30;10;532
50;2025-11-30;11;683
50;2025-11-30;12;720
50;2025-11-30;13;755
50;2025-11-30;14;798
50;2025-11-30;15;759
50;2025-11-30;16;750
50;2025-11-30;17;812
50;2025-11-30;18;710
50;2025-11-30;19;590
50;2025-11-30;20;483
50;2025-11-30;21;377
50;2025-11-30;22;201
50;2025-11-30;23;112
50;2025-12-01;0;16
50;2025-12-01;1;3
50;2025-12-01;2;1
50;2025-12-01;3;0
50;2025-12-01;4;3
50;2025-12-01;5;70
50;2025-12-01;6;539
50;2025-12-01;7;1738
50;2025-12-01;8;2794
50;2025-12-01;9;2197
50;2025-12-01;10;1613
50;2025-12-01;11;1465
50;2025-12-01;12;1441
50;2025-12-01;13;1446
50;2025-12-01;14;1433
50;2025-12-01;15;1625
50;2025-12-01;16;1691
50;2025-12-01;17;2257
50;2025-12-01;18;2473
50;2025-12-01;19;1425
50;2025-12-01;20;882
50;2025-12-01;21;598
50;2025-12-01;22;233
50;2025-12-01;23;125
50;2025-12-02;0;27
50;2025-12-02;1;2
50;2025-12-02;2;0
50;2025-12-02;3;0
50;2025-12-02;4;2
50;2025-12-02;5;79
50;2025-12-02;6;565
50;2025-12-02;7;1837
50;2025-12-02;8;2832
50;2025-12-02;9;2224
50;2025-12-02;10;1691
50;2025-12-02;11;1527
50;2025-12-02;12;1502
50;2025-12-02;13;1501
50;2025-12-02;14;1471
50;2025-12-02;15;1670
50;2025-12-02;16;1759
50;2025-12-02;17;2392
50;2025-12-02;18;2475
50;2025-12-02;19;1478
50;2025-12-02;20;953
50;2025-12-02;21;617
50;2025-12-02;22;242
50;2025-12-02;23;137
50;2025-12-03;0;23
50;2025-12-03;1;4
50;2025-12-03;2;0
50;2025-12-03;3;0
50;2025-12-03;4;3
50;2025-12-03;5;82
50;2025-12-03;6;537
50;2025-12-03;7;1756
50;2025-12-03;8;2901
50;2025-12-03;9;2189
50;2025-12-03;10;1677
50;2025-12-03;11;1531
50;2025-12-03;12;1524
50;2025-12-03;13;1500
50;2025-12-03;14;1475
50;2025-12-03;15;1643
50;2025-12-03;16;1735
50;2025-12-03;17;2353
50;2025-12-03;18;2508
50;2025-12-03;19;1485
50;2025-12-03;20;929
50;2025-12-03;21;631
50;2025-12-03;22;257
50;2025-12-03;23;150
50;2025-12-04;0;35
50;2025-12-04;1;2
50;2025-12-04;2;0
50;2025-12-04;3;0
50;2025-12-04;4;3
50;2025-12-04;5;70
50;2025-12-04;6;512
50;2025-12-04;7;1695
50;2025-12-04;8;2716
50;2025-12-04;9;2146
50;2025-12-04;10;1641
50;2025-12-04;11;1478
50;2025-12-04;12;1499
50;2025-12-04;13;1455
50;2025-12-04;14;1443
50;2025-12-04;15;1620
50;2025-12-04;16;1707
50;2025-12-04;17;2276
50;2025-12-04;18;2439
50;2025-12-04;19;1481
50;2025-12-04;20;971
50;2025-12-04;21;660
50;2025-12-04;22;272
50;2025-12-04;23;169
50;2025-12-05;0;38
50;2025-12-05;1;1
50;2025-12-05;2;0
50;2025-12-05;3;0
50;2025-12-05;4;3
50;2025-12-05;5;73
50;2025-12-05;6;522
50;2025-12-05;7;1726
50;2025-12-05;8;2728
50;2025-12-05;9;2125
50;2025-12-05;10;1559
50;2025-12-05;11;1459
50;2025-12-05;12;1466
50;2025-12-05;13;1478
50;2025-12-05;14;1472
50;2025-12-05;15;1686
50;2025-12-05;16;1986
50;2025-12-05;17;2138
50;2025-12-05;18;1771
50;2025-12-05;19;1304
50;2025-12-05;20;898
50;2025-12-05;21;592
50;2025-12-05;22;267
50;2025-12-05;23;178
50;2025-12-06;0;55
50;2025-12-06;1;5
50;2025-12-06;2;0
50;2025-12-06;3;0
50;2025-12-06;4;1
50;2025-12-06;5;29
50;2025-12-06;6;169
50;2025-12-06;7;399
50;2025-12-06;8;622
50;2025-12-06;9;597
50;2025-12-06;10;655
50;2025-12-06;11;762
50;2025-12-06;12;784
50;2025-12-06;13;818
50;2025-12-06;14;875
50;2025-12-06;15;781
50;2025-12-06;16;810
50;2025-12-06;17;882
50;2025-12-06;18;812
50;2025-12-06;19;677
50;2025-12-06;20;542
50;2025-12-06;21;394
50;2025-12-06;22;231
50;2025-12-06;23;145
50;2025-12-07;0;43
50;2025-12-07;1;9
50;2025-12-07;2;2
50;2025-12-07;3;2
50;2025-12-07;4;2
50;2025-12-07;5;23
50;2025-12-07;6;138
50;2025-12-07;7;275
50;2025-12-07;8;439
50;2025-12-07;9;506
50;2025-12-07;10;526
50;2025-12-07;11;678
50;2025-12-07;12;714
50;2025-12-07;13;750
50;2025-12-07;14;794
50;2025-12-07;15;759
50;2025-12-07;16;749
50;2025-12-07;17;813
50;2025-12-07;18;716
50;2025-12-07;19;596
50;2025-12-07;20;489
50;2025-12-07;21;386
50;2025-12-07;22;210
50;2025-12-07;23;122
50;2025-12-08;0;16
50;2025-12-08;1;3
50;2025-12-08;2;1
50;2025-12-08;3;0
50;2025-12-08;4;3
50;2025-12-08;5;63
50;2025-12-08;6;531
50;2025-12-08;7;1725
50;2025-12-08;8;2778
50;2025-12-08;9;2183
50;2025-12-08;10;1600
50;2025-12-08;11;1454
50;2025-12-08;12;1430
50;2025-12-08;13;1437
50;2025-12-08;14;1425
50;2025-12-08;15;1630
50;2025-12-08;16;1695
50;2025-12-08;17;2260
50;2025-12-08;18;2481
50;2025-12-08;19;1436
50;2025-12-08;20;895
50;2025-12-08;21;620
50;2025-12-08;22;255
50;2025-12-08;23;149
50;2025-12-09;0;27
50;2025-12-09;1;2
50;2025-12-09;2;0
50;2025-12-09;3;0
50;2025-12-09;4;2
50;2025-12-09;5;71
50;2025-12-09;6;556
50;2025-12-09;7;1826
50;2025-12-09;8;2820
50;2025-12-09;9;2212
50;2025-12-09;10;1679
50;2025-12-09;11;1517
50;2025-12-09;12;1491
50;2025-12-09;13;1493
50;2025-12-09;14;1464
50;2025-12-09;15;1675
50;2025-12-09;16;1764
50;2025-12-09;17;2396
50;2025-12-09;18;2483
50;2025-12-09;19;1488
50;2025-12-09;20;963
50;2025-12-09;21;636
50;2025-12-09;22;262
50;2025-12-09;23;157
50;2025-12-10;0;23
50;2025-12-10;1;4
50;2025-12-10;2;0
50;2025-12-10;3;0
50;2025-12-10;4;3
50;2025-12-10;5;73
50;2025-12-10;6;527
50;2025-12-10;7;1744
50;2025-12-10;8;2888
50;2025-12-10;9;2175
50;2025-12-10;10;1663
50;2025-12-10;11;1518
50;2025-12-10;12;1511
50;2025-12-10;13;1491
50;2025-12-10;14;1465
50;2025-12-10;15;1648
50;2025-12-10;16;1741
50;2025-12-10;17;2358
50;2025-12-10;18;2517
50;2025-12-10;19;1496
50;2025-12-10;20;942
50;2025-12-10;21;652
50;2025-12-10;22;279
50;2025-12-10;23;171
50;2025-12-11;0;35
50;2025-12-11;1;2
50;2025-12-11;2;0
50;2025-12-11;3;0
50;2025-12-11;4;3
50;2025-12-11;5;63
50;2025-12-11;6;506
50;2025-12-11;7;1692
50;2025-12-11;8;2715
50;2025-12-11;9;2144
50;2025-12-11;10;1638
50;2025-12-11;11;1474
50;2025-12-11;12;1496
50;2025-12-11;13;1452
50;2025-12-11;14;1441
50;2025-12-11;15;1624
50;2025-12-11;16;1712
50;2025-12-11;17;2283
50;2025-12-11;18;2446
50;2025-12-11;19;1484
50;2025-12-11;20;973
50;2025-12-11;21;662
50;2025-12-11;22;273
50;2025-12-11;23;170
50;2025-12-12;0;38
50;2025-12-12;1;1
50;2025-12-12;2;0
50;2025-12-12;3;0
50;2025-12-12;4;3
50;2025-12-12;5;66
50;2025-12-12;6;517
50;2025-12-12;7;1723
50;2025-12-12;8;2727
50;2025-12-12;9;2124
50;2025-12-12;10;1556
50;2025-12-12;11;1456
50;2025-12-12;12;1463
50;2025-12-12;13;1475
50;2025-12-12;14;1470
50;2025-12-12;15;1691
50;2025-12-12;16;1991
50;2025-12-12;17;2144
50;2025-12-12;18;1776
50;2025-12-12;19;1308
50;2025-12-12;20;900
50;2025-12-12;21;593
50;2025-12-12;22;268
50;2025-12-12;23;179
50;2025-12-13;0;55
50;2025-12-13;1;5
50;2025-12-13;2;0
50;2025-12-13;3;0
50;2025-12-13;4;1
50;2025-12-13;5;29
50;2025-12-13;6;169
50;2025-12-13;7;399
50;2025-12-13;8;622
50;2025-12-13;9;597
50;2025-12-13;10;655
50;2025-12-13;11;762
50;2025-12-13;12;784
50;2025-12-13;13;818
50;2025-12-13;14;875
50;2025-12-13;15;781
50;2025-12-13;16;810
50;2025-12-13;17;882
50;2025-12-13;18;812
50;2025-12-13;19;677
50;2025-12-13;20;542
50;2025-12-13;21;394
50;2025-12-13;22;231
50;2025-12-13;23;145
50;2025-12-14;0;43
50;2025-12-14;1;9
50;2025-12-14;2;2
50;2025-12-14;3;2
50;2025-12-14;4;2
50;2025-12-14;5;23
50;2025-12-14;6;138
50;2025-12-14;7;275
50;2025-12-14;8;439
50;2025-12-14;9;506
50;2025-12-14;10;526
50;2025-12-14;11;678
50;2025-12-14;12;714
50;2025-12-14;13;750
50;2025-12-14;14;794
50;2025-12-14;15;759
50;2025-12-14;16;749
50;2025-12-14;17;813
50;2025-12-14;18;716
50;2025-12-14;19;596
50;2025-12-14;20;489
50;2025-12-14;21;386
50;2025-12-14;22;210
50;2025-12-14;23;122
50;2025-12-15;0;16
50;2025-12-15;1;3
50;2025-12-15;2;1
50;2025-12-15;3;0
50;2025-12-15;4;3
50;2025-12-15;5;63
50;2025-12-15;6;531
50;2025-12-15;7;1725
50;2025-12-15;8;2778
50;2025-12-15;9;2183
50;2025-12-15;10;1600
50;2025-12-15;11;1454
50;2025-12-15;12;1430
50;2025-12-15;13;1437
50;2025-12-15;14;1425
50;2025-12-15;15;1630
50;2025-12-15;16;1695
50;2025-12-15;17;2260
50;2025-12-15;18;2481
50;2025-12-15;19;1436
50;2025-12-15;20;895
50;2025-12-15;21;620
50;2025-12-15;22;255
50;2025-12-15;23;149
50;2025-12-16;0;27
50;2025-12-16;1;2
50;2025-12-16;2;0
50;2025-12-16;3;0
50;2025-12-16;4;2
50;2025-12-16;5;71
50;2025-12-16;6;556
50;2025-12-16;7;1826
50;2025-12-16;8;2820
50;2025-12-16;9;2212
50;2025-12-16;10;1679
50;2025-12-16;11;1517
50;2025-12-16;12;1491
50;2025-12-16;13;1493
50;2025-12-16;14;1464
50;2025-12-16;15;1675
50;2025-12-16;16;1764
50;2025-12-16;17;2396
50;2025-12-16;18;2483
50;2025-12-16;19;1488
50;2025-12-16;20;963
50;2025-12-16;21;636
50;2025-12-16;22;262
50;2025-12-16;23;157
50;2025-12-17;0;23
50;2025-12-17;1;4
50;2025-12-17;2;0
50;2025-12-17;3;0
50;2025-12-17;4;3
50;2025-12-17;5;73
50;2025-12-17;6;527
50;2025-12-17;7;1744
50;2025-12-17;8;2888
50;2025-12-17;9;2175
50;2025-12-17;10;1663
50;2025-12-17;11;1518
50;2025-12-17;12;1511
50;2025-12-17;13;1491
50;2025-12-17;14;1465
50;2025-12-17;15;1648
50;2025-12-17;16;1741
50;2025-12-17;17;2358
50;2025-12-17;18;2517
50;2025-12-17;19;1496
50;2025-12-17;20;942
50;2025-12-17;21;652
50;2025-12-17;22;279
50;2025-12-17;23;171
50;2025-12-18;0;35
50;2025-12-18;1;2
50;2025-12-18;2;0
50;2025-12-18;3;0
50;2025-12-18;4;3
50;2025-12-18;5;63
50;2025-12-18;6;506
50;2025-12-18;7;1692
50;2025-12-18;8;2715
50;2025-12-18;9;2144
50;2025-12-18;10;1638
50;2025-12-18;11;1474
50;2025-12-18;12;1496
50;2025-12-18;13;1452
50;2025-12-18;14;1441
50;2025-12-18;15;1624
50;2025-12-18;16;1712
50;2025-12-18;17;2283
50;2025-12-18;18;2446
50;2025-12-18;19;1484
50;2025-12-18;20;973
50;2025-12-18;21;662
50;2025-12-18;22;273
50;2025-12-18;23;170
50;2025-12-19;0;38
50;2025-12-19;1;1
50;2025-12-19;2;0
50;2025-12-19;3;0
50;2025-12-19;4;3
50;2025-12-19;5;66
50;2025-12-19;6;517
50;2025-12-19;7;1723
50;2025-12-19;8;2727
50;2025-12-19;9;2124
50;2025-12-19;10;1556
50;2025-12-19;11;1456
50;2025-12-19;12;1463
50;2025-12-19;13;1475
50;2025-12-19;14;1470
50;2025-12-19;15;1691
50;2025-12-19;16;1991
50;2025-12-19;17;2144
50;2025-12-19;18;1776
50;2025-12-19;19;1308
50;2025-12-19;20;900
50;2025-12-19;21;593
50;2025-12-19;22;268
50;2025-12-19;23;179
50;2025-12-20;0;55
50;2025-12-20;1;5
50;2025-12-20;2;0
50;2025-12-20;3;0
50;2025-12-20;4;1
50;2025-12-20;5;29
50;2025-12-20;6;169
50;2025-12-20;7;399
50;2025-12-20;8;622
50;2025-12-20;9;597
50;2025-12-20;10;655
50;2025-12-20;11;762
50;2025-12-20;12;784
50;2025-12-20;13;818
50;2025-12-20;14;875
50;2025-12-20;15;781
50;2025-12-20;16;810
50;2025-12-20;17;882
50;2025-12-20;18;812
50;2025-12-20;19;677
50;2025-12-20;20;542
50;2025-12-20;21;394
50;2025-12-20;22;231
50;2025-12-20;23;145
50;2025-12-21;0;43
50;2025-12-21;1;9
50;2025-12-21;2;2
50;2025-12-21;3;2
50;2025-12-21;4;2
50;2025-12-21;5;23
50;2025-12-21;6;138
50;2025-12-21;7;275
50;2025-12-21;8;439
50;2025-12-21;9;506
50;2025-12-21;10;526
50;2025-12-21;11;678
50;2025-12-21;12;714
50;2025-12-21;13;750
50;2025-12-21;14;794
50;2025-12-21;15;759
50;2025-12-21;16;749
50;2025-12-21;17;813
50;2025-12-21;18;716
50;2025-12-21;19;596
50;2025-12-21;20;489
50;2025-12-21;21;386
50;2025-12-21;22;210
50;2025-12-21;23;122
50;2025-12-22;0;16
50;2025-12-22;1;3
50;2025-12-22;2;1
50;2025-12-22;3;0
50;2025-12-22;4;3
50;2025-12-22;5;63
50;2025-12-22;6;531
50;2025-12-22;7;1725
50;2025-12-22;8;2778
50;2025-12-22;9;2183
50;2025-12-22;10;1600
50;2025-12-22;11;1454
50;2025-12-22;12;1430
50;2025-12-22;13;1437
50;2025-12-22;14;1425
50;2025-12-22;15;1630
50;2025-12-22;16;1695
50;2025-12-22;17;2260
50;2025-12-22;18;2481
50;2025-12-22;19;1436
50;2025-12-22;20;895
50;2025-12-22;21;620
50;2025-12-22;22;255
50;2025-12-22;23;149
50;2025-12-23;0;27
50;2025-12-23;1;2
50;2025-12-23;2;0
50;2025-12-23;3;0
50;2025-12-23;4;2
50;2025-12-23;5;71
50;2025-12-23;6;556
50;2025-12-23;7;1826
50;2025-12-23;8;2820
50;2025-12-23;9;2212
50;2025-12-23;10;1679
50;2025-12-23;11;1517
50;2025-12-23;12;1491
50;2025-12-23;13;1493
50;2025-12-23;14;1464
50;2025-12-23;15;1675
50;2025-12-23;16;1764
50;2025-12-23;17;2396
50;2025-12-23;18;2483
50;2025-12-23;19;1488
50;2025-12-23;20;963
50;2025-12-23;21;636
50;2025-12-23;22;262
50;2025-12-23;23;157
50;2025-12-24;0;23
50;2025-12-24;1;4
50;2025-12-24;2;0
50;2025-12-24;3;0
50;2025-12-24;4;3
50;2025-12-24;5;73
50;2025-12-24;6;527
50;2025-12-24;7;1744
50;2025-12-24;8;2888
50;2025-12-24;9;2175
50;2025-12-24;10;1663
50;2025-12-24;11;1518
50;2025-12-24;12;1511
50;2025-12-24;13;1491
50;2025-12-24;14;1465
50;2025-12-24;15;1648
50;2025-12-24;16;1741
50;2025-12-24;17;2358
50;2025-12-24;18;2517
50;2025-12-24;19;1496
50;2025-12-24;20;942
50;2025-12-24;21;652
50;2025-12-24;22;279
50;2025-12-24;23;171
50;2025-12-25;0;35
50;2025-12-25;1;2
50;2025-12-25;2;0
50;2025-12-25;3;0
50;2025-12-25;4;3
50;2025-12-25;5;63
50;2025-12-25;6;506
50;2025-12-25;7;1692
50;2025-12-25;8;2715
50;2025-12-25;9;2144
50;2025-12-25;10;1638
50;2025-12-25;11;1474
50;2025-12-25;12;1496
50;2025-12-25;13;1452
50;2025-12-25;14;1441
50;2025-12-25;15;1624
50;2025-12-25;16;1712
50;2025-12-25;17;2283
50;2025-12-25;18;2446
50;2025-12-25;19;1484
50;2025-12-25;20;973
50;2025-12-25;21;662
50;2025-12-25;22;273
50;2025-12-25;23;170
50;2025-12-26;0;38
50;2025-12-26;1;1
50;2025-12-26;2;0
50;2025-12-26;3;0
50;2025-12-26;4;3
50;2025-12-26;5;66
50;2025-12-26;6;517
50;2025-12-26;7;1723
50;2025-12-26;8;2727
50;2025-12-26;9;2124
50;2025-12-26;10;1556
50;2025-12-26;11;1456
50;2025-12-26;12;1463
50;2025-12-26;13;1475
50;2025-12-26;14;1470
50;2025-12-26;15;1691
50;2025-12-26;16;1991
50;2025-12-26;17;2144
50;2025-12-26;18;1776
50;2025-12-26;19;1308
50;2025-12-26;20;900
50;2025-12-26;21;593
50;2025-12-26;22;268
50;2025-12-26;23;179
50;2025-12-27;0;55
50;2025-12-27;1;5
50;2025-12-27;2;0
50;2025-12-27;3;0
50;2025-12-27;4;1
50;2025-12-27;5;29
50;2025-12-27;6;169
50;2025-12-27;7;399
50;2025-12-27;8;622
50;2025-12-27;9;597
50;2025-12-27;10;655
50;2025-12-27;11;762
50;2025-12-27;12;784
50;2025-12-27;13;818
50;2025-12-27;14;875
50;2025-12-27;15;781
50;2025-12-27;16;810
50;2025-12-27;17;882
50;2025-12-27;18;812
50;2025-12-27;19;677
50;2025-12-27;20;542
50;2025-12-27;21;394
50;2025-12-27;22;231
50;2025-12-27;23;145
50;2025-12-28;0;43
50;2025-12-28;1;9
50;2025-12-28;2;2
50;2025-12-28;3;2
50;2025-12-28;4;2
50;2025-12-28;5;23
50;2025-12-28;6;138
50;2025-12-28;7;275
50;2025-12-28;8;439
50;2025-12-28;9;506
50;2025-12-28;10;526
50;2025-12-28;11;678
50;2025-12-28;12;714
50;2025-12-28;13;750
50;2025-12-28;14;794
50;2025-12-28;15;759
50;2025-12-28;16;749
50;2025-12-28;17;813
50;2025-12-28;18;716
50;2025-12-28;19;596
50;2025-12-28;20;489
50;2025-12-28;21;386
50;2025-12-28;22;210
50;2025-12-28;23;122
50;2025-12-29;0;13
50;2025-12-29;1;3
50;2025-12-29;2;1
50;2025-12-29;3;0
50;2025-12-29;4;3
50;2025-12-29;5;64
50;2025-12-29;6;486
50;2025-12-29;7;1624
50;2025-12-29;8;2626
50;2025-12-29;9;2121
50;2025-12-29;10;1561
50;2025-12-29;11;1372
50;2025-12-29;12;1238
50;2025-12-29;13;1381
50;2025-12-29;14;1310
50;2025-12-29;15;1545
50;2025-12-29;16;1535
50;2025-12-29;17;2200
50;2025-12-29;18;2371
50;2025-12-29;19;1254
50;2025-12-29;20;836
50;2025-12-29;21;596
50;2025-12-29;22;218
50;2025-12-29;23;113
50;2025-12-30;0;25
50;2025-12-30;1;2
50;2025-12-30;2;0
50;2025-12-30;3;0
50;2025-12-30;4;2
50;2025-12-30;5;70
50;2025-12-30;6;526
50;2025-12-30;7;1641
50;2025-12-30;8;2586
50;2025-12-30;9;2032
50;2025-12-30;10;1605
50;2025-12-30;11;1399
50;2025-12-30;12;1259
50;2025-12-30;13;1390
50;2025-12-30;14;1287
50;2025-12-30;15;1526
50;2025-12-30;16;1591
50;2025-12-30;17;2298
50;2025-12-30;18;2305
50;2025-12-30;19;1367
50;2025-12-30;20;901
50;2025-12-30;21;553
50;2025-12-30;22;226
50;2025-12-30;23;135
50;2025-12-31;0;52
50;2025-12-31;1;6
50;2025-12-31;2;1
50;2025-12-31;3;1
50;2025-12-31;4;1
50;2025-12-31;5;26
50;2025-12-31;6;133
50;2025-12-31;7;266
50;2025-12-31;8;401
50;2025-12-31;9;472
50;2025-12-31;10;493
50;2025-12-31;11;622
50;2025-12-31;12;668
50;2025-12-31;13;717
50;2025-12-31;14;743
50;2025-12-31;15;684
50;2025-12-31;16;671
50;2025-12-31;17;672
50;2025-12-31;18;605
50;2025-12-31;19;537
50;2025-12-31;20;431
50;2025-12-31;21;341
50;2025-12-31;22;203
50;2025-12-31;23;117
