route;date;hour;prediction
1;2025-11-01;0;5
1;2025-11-01;1;0
1;2025-11-01;2;0
1;2025-11-01;3;0
1;2025-11-01;4;4
1;2025-11-01;5;95
1;2025-11-01;6;367
1;2025-11-01;7;1065
1;2025-11-01;8;1297
1;2025-11-01;9;1181
1;2025-11-01;10;1152
1;2025-11-01;11;1196
1;2025-11-01;12;1259
1;2025-11-01;13;1309
1;2025-11-01;14;1244
1;2025-11-01;15;1292
1;2025-11-01;16;1301
1;2025-11-01;17;1393
1;2025-11-01;18;1167
1;2025-11-01;19;978
1;2025-11-01;20;663
1;2025-11-01;21;422
1;2025-11-01;22;173
1;2025-11-01;23;40
1;2025-11-02;0;1
1;2025-11-02;1;0
1;2025-11-02;2;0
1;2025-11-02;3;0
1;2025-11-02;4;0
1;2025-11-02;5;22
1;2025-11-02;6;115
1;2025-11-02;7;253
1;2025-11-02;8;347
1;2025-11-02;9;585
1;2025-11-02;10;670
1;2025-11-02;11;698
1;2025-11-02;12;808
1;2025-11-02;13;831
1;2025-11-02;14;782
1;2025-11-02;15;694
1;2025-11-02;16;636
1;2025-11-02;17;565
1;2025-11-02;18;501
1;2025-11-02;19;438
1;2025-11-02;20;326
1;2025-11-02;21;261
1;2025-11-02;22;98
1;2025-11-02;23;27
1;2025-11-03;0;2
1;2025-11-03;1;0
1;2025-11-03;2;0
1;2025-11-03;3;0
1;2025-11-03;4;0
1;2025-11-03;5;24
1;2025-11-03;6;124
1;2025-11-03;7;274
1;2025-11-03;8;378
1;2025-11-03;9;617
1;2025-11-03;10;719
1;2025-11-03;11;734
1;2025-11-03;12;859
1;2025-11-03;13;889
1;2025-11-03;14;831
1;2025-11-03;15;734
1;2025-11-03;16;662
1;2025-11-03;17;597
1;2025-11-03;18;528
1;2025-11-03;19;461
1;2025-11-03;20;347
1;2025-11-03;21;268
1;2025-11-03;22;104
1;2025-11-03;23;27
1;2025-11-04;0;2
1;2025-11-04;1;0
1;2025-11-04;2;0
1;2025-11-04;3;0
1;2025-11-04;4;0
1;2025-11-04;5;21
1;2025-11-04;6;109
1;2025-11-04;7;240
1;2025-11-04;8;330
1;2025-11-04;9;545
1;2025-11-04;10;631
1;2025-11-04;11;650
1;2025-11-04;12;757
1;2025-11-04;13;782
1;2025-11-04;14;733
1;2025-11-04;15;648
1;2025-11-04;16;589
1;2025-11-04;17;527
1;2025-11-04;18;467
1;2025-11-04;19;408
1;2025-11-04;20;306
1;2025-11-04;21;240
1;2025-11-04;22;92
1;2025-11-04;23;25
1;2025-11-05;0;3
1;2025-11-05;1;0
1;2025-11-05;2;0
1;2025-11-05;3;0
1;2025-11-05;4;8
1;2025-11-05;5;135
1;2025-11-05;6;565
1;2025-11-05;7;1497
1;2025-11-05;8;2039
1;2025-11-05;9;1473
1;2025-11-05;10;1369
1;2025-11-05;11;1343
1;2025-11-05;12;1417
1;2025-11-05;13;1495
1;2025-11-05;14;1411
1;2025-11-05;15;1577
1;2025-11-05;16;1532
1;2025-11-05;17;1805
1;2025-11-05;18;1820
1;2025-11-05;19;1353
1;2025-11-05;20;912
1;2025-11-05;21;498
1;2025-11-05;22;213
1;2025-11-05;23;38
1;2025-11-06;0;6
1;2025-11-06;1;0
1;2025-11-06;2;0
1;2025-11-06;3;0
1;2025-11-06;4;10
1;2025-11-06;5;115
1;2025-11-06;6;487
1;2025-11-06;7;1502
1;2025-11-06;8;1992
1;2025-11-06;9;1489
1;2025-11-06;10;1391
1;2025-11-06;11;1392
1;2025-11-06;12;1433
1;2025-11-06;13;1436
1;2025-11-06;14;1441
1;2025-11-06;15;1534
1;2025-11-06;16;1544
1;2025-11-06;17;1776
1;2025-11-06;18;1851
1;2025-11-06;19;1326
1;2025-11-06;20;909
1;2025-11-06;21;476
1;2025-11-06;22;198
1;2025-11-06;23;41
1;2025-11-07;0;4
1;2025-11-07;1;0
1;2025-11-07;2;0
1;2025-11-07;3;0
1;2025-11-07;4;7
1;2025-11-07;5;136
1;2025-11-07;6;500
1;2025-11-07;7;1529
1;2025-11-07;8;1818
1;2025-11-07;9;1452
1;2025-11-07;10;1295
1;2025-11-07;11;1386
1;2025-11-07;12;1367
1;2025-11-07;13;1416
1;2025-11-07;14;1365
1;2025-11-07;15;1534
1;2025-11-07;16;1630
1;2025-11-07;17;1819
1;2025-11-07;18;1502
1;2025-11-07;19;1246
1;2025-11-07;20;808
1;2025-11-07;21;495
1;2025-11-07;22;203
1;2025-11-07;23;48
1;2025-11-08;0;6
1;2025-11-08;1;0
1;2025-11-08;2;0
1;2025-11-08;3;0
1;2025-11-08;4;0
1;2025-11-08;5;33
1;2025-11-08;6;164
1;2025-11-08;7;365
1;2025-11-08;8;509
1;2025-11-08;9;770
1;2025-11-08;10;935
1;2025-11-08;11;908
1;2025-11-08;12;1096
1;2025-11-08;13;1147
1;2025-11-08;14;1060
1;2025-11-08;15;924
1;2025-11-08;16;802
1;2025-11-08;17;749
1;2025-11-08;18;660
1;2025-11-08;19;572
1;2025-11-08;20;443
1;2025-11-08;21;312
1;2025-11-08;22;128
1;2025-11-08;23;29
1;2025-11-09;0;1
1;2025-11-09;1;0
1;2025-11-09;2;0
1;2025-11-09;3;0
1;2025-11-09;4;0
1;2025-11-09;5;23
1;2025-11-09;6;121
1;2025-11-09;7;267
1;2025-11-09;8;366
1;2025-11-09;9;618
1;2025-11-09;10;708
1;2025-11-09;11;738
1;2025-11-09;12;853
1;2025-11-09;13;878
1;2025-11-09;14;825
1;2025-11-09;15;733
1;2025-11-09;16;672
1;2025-11-09;17;596
1;2025-11-09;18;529
1;2025-11-09;19;463
1;2025-11-09;20;345
1;2025-11-09;21;276
1;2025-11-09;22;104
1;2025-11-09;23;29
1;2025-11-10;0;0
1;2025-11-10;1;0
1;2025-11-10;2;0
1;2025-11-10;3;0
1;2025-11-10;4;9
1;2025-11-10;5;137
1;2025-11-10;6;516
1;2025-11-10;7;1499
1;2025-11-10;8;1978
1;2025-11-10;9;1485
1;2025-11-10;10;1285
1;2025-11-10;11;1284
1;2025-11-10;12;1387
1;2025-11-10;13;1443
1;2025-11-10;14;1454
1;2025-11-10;15;1582
1;2025-11-10;16;1631
1;2025-11-10;17;1893
1;2025-11-10;18;2009
1;2025-11-10;19;1463
1;2025-11-10;20;920
1;2025-11-10;21;463
1;2025-11-10;22;182
1;2025-11-10;23;47
1;2025-11-11;0;6
1;2025-11-11;1;0
1;2025-11-11;2;0
1;2025-11-11;3;1
1;2025-11-11;4;11
1;2025-11-11;5;111
1;2025-11-11;6;522
1;2025-11-11;7;1581
1;2025-11-11;8;1969
1;2025-11-11;9;1537
1;2025-11-11;10;1390
1;2025-11-11;11;1364
1;2025-11-11;12;1378
1;2025-11-11;13;1432
1;2025-11-11;14;1294
1;2025-11-11;15;1428
1;2025-11-11;16;1482
1;2025-11-11;17;1793
1;2025-11-11;18;1820
1;2025-11-11;19;1441
1;2025-11-11;20;894
1;2025-11-11;21;492
1;2025-11-11;22;193
1;2025-11-11;23;41
1;2025-11-12;0;3
1;2025-11-12;1;0
1;2025-11-12;2;0
1;2025-11-12;3;0
1;2025-11-12;4;8
1;2025-11-12;5;135
1;2025-11-12;6;561
1;2025-11-12;7;1487
1;2025-11-12;8;2026
1;2025-11-12;9;1463
1;2025-11-12;10;1360
1;2025-11-12;11;1334
1;2025-11-12;12;1407
1;2025-11-12;13;1485
1;2025-11-12;14;1401
1;2025-11-12;15;1566
1;2025-11-12;16;1522
1;2025-11-12;17;1792
1;2025-11-12;18;1808
1;2025-11-12;19;1344
1;2025-11-12;20;906
1;2025-11-12;21;495
1;2025-11-12;22;212
1;2025-11-12;23;38
1;2025-11-13;0;6
1;2025-11-13;1;0
1;2025-11-13;2;0
1;2025-11-13;3;0
1;2025-11-13;4;10
1;2025-11-13;5;116
1;2025-11-13;6;490
1;2025-11-13;7;1512
1;2025-11-13;8;2005
1;2025-11-13;9;1498
1;2025-11-13;10;1399
1;2025-11-13;11;1401
1;2025-11-13;12;1442
1;2025-11-13;13;1444
1;2025-11-13;14;1450
1;2025-11-13;15;1543
1;2025-11-13;16;1554
1;2025-11-13;17;1787
1;2025-11-13;18;1862
1;2025-11-13;19;1334
1;2025-11-13;20;915
1;2025-11-13;21;479
1;2025-11-13;22;198
1;2025-11-13;23;41
1;2025-11-14;0;4
1;2025-11-14;1;0
1;2025-11-14;2;0
1;2025-11-14;3;0
1;2025-11-14;4;7
1;2025-11-14;5;136
1;2025-11-14;6;502
1;2025-11-14;7;1533
1;2025-11-14;8;1823
1;2025-11-14;9;1456
1;2025-11-14;10;1298
1;2025-11-14;11;1390
1;2025-11-14;12;1371
1;2025-11-14;13;1420
1;2025-11-14;14;1369
1;2025-11-14;15;1539
1;2025-11-14;16;1635
1;2025-11-14;17;1824
1;2025-11-14;18;1507
1;2025-11-14;19;1250
1;2025-11-14;20;810
1;2025-11-14;21;496
1;2025-11-14;22;203
1;2025-11-14;23;48
1;2025-11-15;0;6
1;2025-11-15;1;0
1;2025-11-15;2;0
1;2025-11-15;3;0
1;2025-11-15;4;0
1;2025-11-15;5;33
1;2025-11-15;6;159
1;2025-11-15;7;353
1;2025-11-15;8;492
1;2025-11-15;9;744
1;2025-11-15;10;904
1;2025-11-15;11;878
1;2025-11-15;12;1060
1;2025-11-15;13;1109
1;2025-11-15;14;1025
1;2025-11-15;15;894
1;2025-11-15;16;775
1;2025-11-15;17;725
1;2025-11-15;18;638
1;2025-11-15;19;553
1;2025-11-15;20;428
1;2025-11-15;21;302
1;2025-11-15;22;126
1;2025-11-15;23;29
1;2025-11-16;0;1
1;2025-11-16;1;0
1;2025-11-16;2;0
1;2025-11-16;3;0
1;2025-11-16;4;0
1;2025-11-16;5;23
1;2025-11-16;6;120
1;2025-11-16;7;265
1;2025-11-16;8;363
1;2025-11-16;9;613
1;2025-11-16;10;702
1;2025-11-16;11;732
1;2025-11-16;12;846
1;2025-11-16;13;871
1;2025-11-16;14;819
1;2025-11-16;15;728
1;2025-11-16;16;667
1;2025-11-16;17;592
1;2025-11-16;18;525
1;2025-11-16;19;459
1;2025-11-16;20;342
1;2025-11-16;21;274
1;2025-11-16;22;103
1;2025-11-16;23;29
1;2025-11-17;0;0
1;2025-11-17;1;0
1;2025-11-17;2;0
1;2025-11-17;3;0
1;2025-11-17;4;9
1;2025-11-17;5;136
1;2025-11-17;6;509
1;2025-11-17;7;1480
1;2025-11-17;8;1953
1;2025-11-17;9;1467
1;2025-11-17;10;1269
1;2025-11-17;11;1268
1;2025-11-17;12;1370
1;2025-11-17;13;1425
1;2025-11-17;14;1436
1;2025-11-17;15;1562
1;2025-11-17;16;1611
1;2025-11-17;17;1870
1;2025-11-17;18;1983
1;2025-11-17;19;1444
1;2025-11-17;20;908
1;2025-11-17;21;458
1;2025-11-17;22;181
1;2025-11-17;23;47
1;2025-11-18;0;6
1;2025-11-18;1;0
1;2025-11-18;2;0
1;2025-11-18;3;1
1;2025-11-18;4;11
1;2025-11-18;5;110
1;2025-11-18;6;514
1;2025-11-18;7;1556
1;2025-11-18;8;1937
1;2025-11-18;9;1512
1;2025-11-18;10;1368
1;2025-11-18;11;1343
1;2025-11-18;12;1357
1;2025-11-18;13;1409
1;2025-11-18;14;1274
1;2025-11-18;15;1405
1;2025-11-18;16;1458
1;2025-11-18;17;1764
1;2025-11-18;18;1791
1;2025-11-18;19;1418
1;2025-11-18;20;880
1;2025-11-18;21;484
1;2025-11-18;22;192
1;2025-11-18;23;41
1;2025-11-19;0;3
1;2025-11-19;1;0
1;2025-11-19;2;0
1;2025-11-19;3;0
1;2025-11-19;4;8
1;2025-11-19;5;135
1;2025-11-19;6;563
1;2025-11-19;7;1494
1;2025-11-19;8;2035
1;2025-11-19;9;1470
1;2025-11-19;10;1366
1;2025-11-19;11;1340
1;2025-11-19;12;1413
1;2025-11-19;13;1491
1;2025-11-19;14;1408
1;2025-11-19;15;1573
1;2025-11-19;16;1529
1;2025-11-19;17;1801
1;2025-11-19;18;1816
1;2025-11-19;19;1350
1;2025-11-19;20;910
1;2025-11-19;21;497
1;2025-11-19;22;212
1;2025-11-19;23;38
1;2025-11-20;0;6
1;2025-11-20;1;0
1;2025-11-20;2;0
1;2025-11-20;3;0
1;2025-11-20;4;10
1;2025-11-20;5;116
1;2025-11-20;6;489
1;2025-11-20;7;1508
1;2025-11-20;8;2000
1;2025-11-20;9;1494
1;2025-11-20;10;1396
1;2025-11-20;11;1398
1;2025-11-20;12;1439
1;2025-11-20;13;1441
1;2025-11-20;14;1447
1;2025-11-20;15;1540
1;2025-11-20;16;1550
1;2025-11-20;17;1782
1;2025-11-20;18;1858
1;2025-11-20;19;1331
1;2025-11-20;20;912
1;2025-11-20;21;478
1;2025-11-20;22;198
1;2025-11-20;23;41
1;2025-11-21;0;4
1;2025-11-21;1;0
1;2025-11-21;2;0
1;2025-11-21;3;0
1;2025-11-21;4;7
1;2025-11-21;5;136
1;2025-11-21;6;499
1;2025-11-21;7;1525
1;2025-11-21;8;1813
1;2025-11-21;9;1449
1;2025-11-21;10;1292
1;2025-11-21;11;1383
1;2025-11-21;12;1363
1;2025-11-21;13;1413
1;2025-11-21;14;1362
1;2025-11-21;15;1530
1;2025-11-21;16;1626
1;2025-11-21;17;1814
1;2025-11-21;18;1499
1;2025-11-21;19;1243
1;2025-11-21;20;806
1;2025-11-21;21;494
1;2025-11-21;22;203
1;2025-11-21;23;48
1;2025-11-22;0;6
1;2025-11-22;1;0
1;2025-11-22;2;0
1;2025-11-22;3;0
1;2025-11-22;4;0
1;2025-11-22;5;33
1;2025-11-22;6;161
1;2025-11-22;7;357
1;2025-11-22;8;498
1;2025-11-22;9;753
1;2025-11-22;10;915
1;2025-11-22;11;889
1;2025-11-22;12;1073
1;2025-11-22;13;1123
1;2025-11-22;14;1038
1;2025-11-22;15;904
1;2025-11-22;16;785
1;2025-11-22;17;733
1;2025-11-22;18;646
1;2025-11-22;19;559
1;2025-11-22;20;433
1;2025-11-22;21;306
1;2025-11-22;22;127
1;2025-11-22;23;29
1;2025-11-23;0;1
1;2025-11-23;1;0
1;2025-11-23;2;0
1;2025-11-23;3;0
1;2025-11-23;4;0
1;2025-11-23;5;23
1;2025-11-23;6;121
1;2025-11-23;7;266
1;2025-11-23;8;365
1;2025-11-23;9;616
1;2025-11-23;10;705
1;2025-11-23;11;735
1;2025-11-23;12;849
1;2025-11-23;13;875
1;2025-11-23;14;822
1;2025-11-23;15;730
1;2025-11-23;16;669
1;2025-11-23;17;594
1;2025-11-23;18;527
1;2025-11-23;19;461
1;2025-11-23;20;343
1;2025-11-23;21;275
1;2025-11-23;22;103
1;2025-11-23;23;29
1;2025-11-24;0;0
1;2025-11-24;1;0
1;2025-11-24;2;0
1;2025-11-24;3;0
1;2025-11-24;4;9
1;2025-11-24;5;136
1;2025-11-24;6;506
1;2025-11-24;7;1469
1;2025-11-24;8;1939
1;2025-11-24;9;1456
1;2025-11-24;10;1260
1;2025-11-24;11;1259
1;2025-11-24;12;1360
1;2025-11-24;13;1415
1;2025-11-24;14;1426
1;2025-11-24;15;1551
1;2025-11-24;16;1599
1;2025-11-24;17;1856
1;2025-11-24;18;1969
1;2025-11-24;19;1434
1;2025-11-24;20;902
1;2025-11-24;21;454
1;2025-11-24;22;181
1;2025-11-24;23;47
1;2025-11-25;0;6
1;2025-11-25;1;0
1;2025-11-25;2;0
1;2025-11-25;3;1
1;2025-11-25;4;11
1;2025-11-25;5;111
1;2025-11-25;6;522
1;2025-11-25;7;1581
1;2025-11-25;8;1968
1;2025-11-25;9;1536
1;2025-11-25;10;1389
1;2025-11-25;11;1364
1;2025-11-25;12;1378
1;2025-11-25;13;1431
1;2025-11-25;14;1294
1;2025-11-25;15;1428
1;2025-11-25;16;1481
1;2025-11-25;17;1792
1;2025-11-25;18;1819
1;2025-11-25;19;1440
1;2025-11-25;20;894
1;2025-11-25;21;491
1;2025-11-25;22;193
1;2025-11-25;23;41
1;2025-11-26;0;3
1;2025-11-26;1;0
1;2025-11-26;2;0
1;2025-11-26;3;0
1;2025-11-26;4;8
1;2025-11-26;5;134
1;2025-11-26;6;551
1;2025-11-26;7;1462
1;2025-11-26;8;1991
1;2025-11-26;9;1438
1;2025-11-26;10;1337
1;2025-11-26;11;1311
1;2025-11-26;12;1383
1;2025-11-26;13;1459
1;2025-11-26;14;1377
1;2025-11-26;15;1540
1;2025-11-26;16;1496
1;2025-11-26;17;1762
1;2025-11-26;18;1777
1;2025-11-26;19;1321
1;2025-11-26;20;891
1;2025-11-26;21;486
1;2025-11-26;22;210
1;2025-11-26;23;38
1;2025-11-27;0;6
1;2025-11-27;1;0
1;2025-11-27;2;0
1;2025-11-27;3;0
1;2025-11-27;4;10
1;2025-11-27;5;115
1;2025-11-27;6;483
1;2025-11-27;7;1491
1;2025-11-27;8;1977
1;2025-11-27;9;1477
1;2025-11-27;10;1380
1;2025-11-27;11;1382
1;2025-11-27;12;1423
1;2025-11-27;13;1425
1;2025-11-27;14;1430
1;2025-11-27;15;1522
1;2025-11-27;16;1532
1;2025-11-27;17;1762
1;2025-11-27;18;1836
1;2025-11-27;19;1316
1;2025-11-27;20;902
1;2025-11-27;21;472
1;2025-11-27;22;197
1;2025-11-27;23;41
1;2025-11-28;0;4
1;2025-11-28;1;0
1;2025-11-28;2;0
1;2025-11-28;3;0
1;2025-11-28;4;7
1;2025-11-28;5;136
1;2025-11-28;6;497
1;2025-11-28;7;1519
1;2025-11-28;8;1806
1;2025-11-28;9;1443
1;2025-11-28;10;1287
1;2025-11-28;11;1378
1;2025-11-28;12;1358
1;2025-11-28;13;1407
1;2025-11-28;14;1357
1;2025-11-28;15;1525
1;2025-11-28;16;1620
1;2025-11-28;17;1807
1;2025-11-28;18;1493
1;2025-11-28;19;1239
1;2025-11-28;20;803
1;2025-11-28;21;492
1;2025-11-28;22;203
1;2025-11-28;23;48
1;2025-11-29;0;6
1;2025-11-29;1;0
1;2025-11-29;2;0
1;2025-11-29;3;0
1;2025-11-29;4;0
1;2025-11-29;5;33
1;2025-11-29;6;164
1;2025-11-29;7;364
1;2025-11-29;8;507
1;2025-11-29;9;767
1;2025-11-29;10;932
1;2025-11-29;11;905
1;2025-11-29;12;1092
1;2025-11-29;13;1143
1;2025-11-29;14;1056
1;2025-11-29;15;921
1;2025-11-29;16;799
1;2025-11-29;17;747
1;2025-11-29;18;657
1;2025-11-29;19;570
1;2025-11-29;20;441
1;2025-11-29;21;311
1;2025-11-29;22;128
1;2025-11-29;23;29
1;2025-11-30;0;1
1;2025-11-30;1;0
1;2025-11-30;2;0
1;2025-11-30;3;0
1;2025-11-30;4;0
1;2025-11-30;5;23
1;2025-11-30;6;121
1;2025-11-30;7;267
1;2025-11-30;8;365
1;2025-11-30;9;617
1;2025-11-30;10;706
1;2025-11-30;11;736
1;2025-11-30;12;851
1;2025-11-30;13;876
1;2025-11-30;14;824
1;2025-11-30;15;732
1;2025-11-30;16;671
1;2025-11-30;17;595
1;2025-11-30;18;528
1;2025-11-30;19;462
1;2025-11-30;20;344
1;2025-11-30;21;275
1;2025-11-30;22;103
1;2025-11-30;23;29
1;2025-12-01;0;0
1;2025-12-01;1;0
1;2025-12-01;2;0
1;2025-12-01;3;0
1;2025-12-01;4;9
1;2025-12-01;5;137
1;2025-12-01;6;516
1;2025-12-01;7;1500
1;2025-12-01;8;1980
1;2025-12-01;9;1486
1;2025-12-01;10;1286
1;2025-12-01;11;1285
1;2025-12-01;12;1388
1;2025-12-01;13;1444
1;2025-12-01;14;1456
1;2025-12-01;15;1583
1;2025-12-01;16;1632
1;2025-12-01;17;1895
1;2025-12-01;18;2010
1;2025-12-01;19;1464
1;2025-12-01;20;920
1;2025-12-01;21;464
1;2025-12-01;22;182
1;2025-12-01;23;47
1;2025-12-02;0;6
1;2025-12-02;1;0
1;2025-12-02;2;0
1;2025-12-02;3;1
1;2025-12-02;4;11
1;2025-12-02;5;111
1;2025-12-02;6;522
1;2025-12-02;7;1581
1;2025-12-02;8;1968
1;2025-12-02;9;1536
1;2025-12-02;10;1389
1;2025-12-02;11;1364
1;2025-12-02;12;1378
1;2025-12-02;13;1431
1;2025-12-02;14;1294
1;2025-12-02;15;1427
1;2025-12-02;16;1481
1;2025-12-02;17;1792
1;2025-12-02;18;1819
1;2025-12-02;19;1440
1;2025-12-02;20;894
1;2025-12-02;21;491
1;2025-12-02;22;193
1;2025-12-02;23;41
1;2025-12-03;0;3
1;2025-12-03;1;0
1;2025-12-03;2;0
1;2025-12-03;3;0
1;2025-12-03;4;8
1;2025-12-03;5;135
1;2025-12-03;6;564
1;2025-12-03;7;1496
1;2025-12-03;8;2038
1;2025-12-03;9;1472
1;2025-12-03;10;1368
1;2025-12-03;11;1342
1;2025-12-03;12;1415
1;2025-12-03;13;1493
1;2025-12-03;14;1410
1;2025-12-03;15;1576
1;2025-12-03;16;1531
1;2025-12-03;17;1803
1;2025-12-03;18;1818
1;2025-12-03;19;1352
1;2025-12-03;20;911
1;2025-12-03;21;498
1;2025-12-03;22;212
1;2025-12-03;23;38
1;2025-12-04;0;6
1;2025-12-04;1;0
1;2025-12-04;2;0
1;2025-12-04;3;0
1;2025-12-04;4;10
1;2025-12-04;5;116
1;2025-12-04;6;490
1;2025-12-04;7;1513
1;2025-12-04;8;2006
1;2025-12-04;9;1499
1;2025-12-04;10;1400
1;2025-12-04;11;1402
1;2025-12-04;12;1443
1;2025-12-04;13;1446
1;2025-12-04;14;1451
1;2025-12-04;15;1545
1;2025-12-04;16;1555
1;2025-12-04;17;1788
1;2025-12-04;18;1864
1;2025-12-04;19;1335
1;2025-12-04;20;915
1;2025-12-04;21;479
1;2025-12-04;22;198
1;2025-12-04;23;41
1;2025-12-05;0;4
1;2025-12-05;1;0
1;2025-12-05;2;0
1;2025-12-05;3;0
1;2025-12-05;4;7
1;2025-12-05;5;136
1;2025-12-05;6;503
1;2025-12-05;7;1537
1;2025-12-05;8;1828
1;2025-12-05;9;1461
1;2025-12-05;10;1302
1;2025-12-05;11;1394
1;2025-12-05;12;1375
1;2025-12-05;13;1424
1;2025-12-05;14;1373
1;2025-12-05;15;1543
1;2025-12-05;16;1640
1;2025-12-05;17;1829
1;2025-12-05;18;1511
1;2025-12-05;19;1254
1;2025-12-05;20;812
1;2025-12-05;21;498
1;2025-12-05;22;204
1;2025-12-05;23;48
1;2025-12-06;0;6
1;2025-12-06;1;0
1;2025-12-06;2;0
1;2025-12-06;3;0
1;2025-12-06;4;0
1;2025-12-06;5;33
1;2025-12-06;6;164
1;2025-12-06;7;365
1;2025-12-06;8;509
1;2025-12-06;9;770
1;2025-12-06;10;935
1;2025-12-06;11;908
1;2025-12-06;12;1096
1;2025-12-06;13;1147
1;2025-12-06;14;1060
1;2025-12-06;15;924
1;2025-12-06;16;801
1;2025-12-06;17;749
1;2025-12-06;18;659
1;2025-12-06;19;571
1;2025-12-06;20;443
1;2025-12-06;21;312
1;2025-12-06;22;128
1;2025-12-06;23;29
1;2025-12-07;0;1
1;2025-12-07;1;0
1;2025-12-07;2;0
1;2025-12-07;3;0
1;2025-12-07;4;0
1;2025-12-07;5;23
1;2025-12-07;6;121
1;2025-12-07;7;267
1;2025-12-07;8;366
1;2025-12-07;9;618
1;2025-12-07;10;707
1;2025-12-07;11;737
1;2025-12-07;12;852
1;2025-12-07;13;877
1;2025-12-07;14;825
1;2025-12-07;15;733
1;2025-12-07;16;672
1;2025-12-07;17;596
1;2025-12-07;18;529
1;2025-12-07;19;463
1;2025-12-07;20;344
1;2025-12-07;21;276
1;2025-12-07;22;104
1;2025-12-07;23;29
1;2025-12-08;0;0
1;2025-12-08;1;0
1;2025-12-08;2;0
1;2025-12-08;3;0
1;2025-12-08;4;9
1;2025-12-08;5;137
1;2025-12-08;6;517
1;2025-12-08;7;1501
1;2025-12-08;8;1981
1;2025-12-08;9;1487
1;2025-12-08;10;1287
1;2025-12-08;11;1286
1;2025-12-08;12;1389
1;2025-12-08;13;1445
1;2025-12-08;14;1457
1;2025-12-08;15;1584
1;2025-12-08;16;1633
1;2025-12-08;17;1896
1;2025-12-08;18;2011
1;2025-12-08;19;1465
1;2025-12-08;20;921
1;2025-12-08;21;464
1;2025-12-08;22;183
1;2025-12-08;23;47
1;2025-12-09;0;6
1;2025-12-09;1;0
1;2025-12-09;2;0
1;2025-12-09;3;1
1;2025-12-09;4;11
1;2025-12-09;5;111
1;2025-12-09;6;521
1;2025-12-09;7;1576
1;2025-12-09;8;1962
1;2025-12-09;9;1532
1;2025-12-09;10;1385
1;2025-12-09;11;1360
1;2025-12-09;12;1374
1;2025-12-09;13;1427
1;2025-12-09;14;1290
1;2025-12-09;15;1423
1;2025-12-09;16;1477
1;2025-12-09;17;1786
1;2025-12-09;18;1814
1;2025-12-09;19;1436
1;2025-12-09;20;891
1;2025-12-09;21;490
1;2025-12-09;22;193
1;2025-12-09;23;41
1;2025-12-10;0;3
1;2025-12-10;1;0
1;2025-12-10;2;0
1;2025-12-10;3;0
1;2025-12-10;4;8
1;2025-12-10;5;134
1;2025-12-10;6;557
1;2025-12-10;7;1476
1;2025-12-10;8;2011
1;2025-12-10;9;1453
1;2025-12-10;10;1350
1;2025-12-10;11;1324
1;2025-12-10;12;1397
1;2025-12-10;13;1474
1;2025-12-10;14;1391
1;2025-12-10;15;1555
1;2025-12-10;16;1511
1;2025-12-10;17;1779
1;2025-12-10;18;1795
1;2025-12-10;19;1334
1;2025-12-10;20;900
1;2025-12-10;21;491
1;2025-12-10;22;211
1;2025-12-10;23;38
1;2025-12-11;0;6
1;2025-12-11;1;0
1;2025-12-11;2;0
1;2025-12-11;3;0
1;2025-12-11;4;10
1;2025-12-11;5;115
1;2025-12-11;6;484
1;2025-12-11;7;1495
1;2025-12-11;8;1982
1;2025-12-11;9;1481
1;2025-12-11;10;1384
1;2025-12-11;11;1385
1;2025-12-11;12;1426
1;2025-12-11;13;1428
1;2025-12-11;14;1434
1;2025-12-11;15;1526
1;2025-12-11;16;1536
1;2025-12-11;17;1767
1;2025-12-11;18;1841
1;2025-12-11;19;1319
1;2025-12-11;20;904
1;2025-12-11;21;474
1;2025-12-11;22;197
1;2025-12-11;23;41
1;2025-12-12;0;4
1;2025-12-12;1;0
1;2025-12-12;2;0
1;2025-12-12;3;0
1;2025-12-12;4;7
1;2025-12-12;5;135
1;2025-12-12;6;496
1;2025-12-12;7;1515
1;2025-12-12;8;1802
1;2025-12-12;9;1439
1;2025-12-12;10;1283
1;2025-12-12;11;1374
1;2025-12-12;12;1355
1;2025-12-12;13;1404
1;2025-12-12;14;1353
1;2025-12-12;15;1521
1;2025-12-12;16;1616
1;2025-12-12;17;1803
1;2025-12-12;18;1489
1;2025-12-12;19;1236
1;2025-12-12;20;801
1;2025-12-12;21;490
1;2025-12-12;22;202
1;2025-12-12;23;48
1;2025-12-13;0;6
1;2025-12-13;1;0
1;2025-12-13;2;0
1;2025-12-13;3;0
1;2025-12-13;4;0
1;2025-12-13;5;33
1;2025-12-13;6;162
1;2025-12-13;7;360
1;2025-12-13;8;502
1;2025-12-13;9;760
1;2025-12-13;10;923
1;2025-12-13;11;896
1;2025-12-13;12;1081
1;2025-12-13;13;1132
1;2025-12-13;14;1046
1;2025-12-13;15;912
1;2025-12-13;16;791
1;2025-12-13;17;739
1;2025-12-13;18;651
1;2025-12-13;19;564
1;2025-12-13;20;437
1;2025-12-13;21;308
1;2025-12-13;22;127
1;2025-12-13;23;29
1;2025-12-14;0;1
1;2025-12-14;1;0
1;2025-12-14;2;0
1;2025-12-14;3;0
1;2025-12-14;4;0
1;2025-12-14;5;23
1;2025-12-14;6;120
1;2025-12-14;7;265
1;2025-12-14;8;362
1;2025-12-14;9;611
1;2025-12-14;10;700
1;2025-12-14;11;730
1;2025-12-14;12;844
1;2025-12-14;13;868
1;2025-12-14;14;816
1;2025-12-14;15;725
1;2025-12-14;16;665
1;2025-12-14;17;590
1;2025-12-14;18;524
1;2025-12-14;19;458
1;2025-12-14;20;341
1;2025-12-14;21;273
1;2025-12-14;22;103
1;2025-12-14;23;29
1;2025-12-15;0;0
1;2025-12-15;1;0
1;2025-12-15;2;0
1;2025-12-15;3;0
1;2025-12-15;4;9
1;2025-12-15;5;137
1;2025-12-15;6;513
1;2025-12-15;7;1490
1;2025-12-15;8;1967
1;2025-12-15;9;1477
1;2025-12-15;10;1277
1;2025-12-15;11;1277
1;2025-12-15;12;1379
1;2025-12-15;13;1435
1;2025-12-15;14;1446
1;2025-12-15;15;1573
1;2025-12-15;16;1622
1;2025-12-15;17;1882
1;2025-12-15;18;1997
1;2025-12-15;19;1454
1;2025-12-15;20;914
1;2025-12-15;21;461
1;2025-12-15;22;182
1;2025-12-15;23;47
1;2025-12-16;0;6
1;2025-12-16;1;0
1;2025-12-16;2;0
1;2025-12-16;3;1
1;2025-12-16;4;11
1;2025-12-16;5;111
1;2025-12-16;6;517
1;2025-12-16;7;1566
1;2025-12-16;8;1950
1;2025-12-16;9;1522
1;2025-12-16;10;1377
1;2025-12-16;11;1351
1;2025-12-16;12;1365
1;2025-12-16;13;1418
1;2025-12-16;14;1282
1;2025-12-16;15;1415
1;2025-12-16;16;1468
1;2025-12-16;17;1776
1;2025-12-16;18;1803
1;2025-12-16;19;1427
1;2025-12-16;20;886
1;2025-12-16;21;487
1;2025-12-16;22;192
1;2025-12-16;23;41
1;2025-12-17;0;3
1;2025-12-17;1;0
1;2025-12-17;2;0
1;2025-12-17;3;0
1;2025-12-17;4;8
1;2025-12-17;5;136
1;2025-12-17;6;566
1;2025-12-17;7;1500
1;2025-12-17;8;2043
1;2025-12-17;9;1476
1;2025-12-17;10;1371
1;2025-12-17;11;1346
1;2025-12-17;12;1419
1;2025-12-17;13;1497
1;2025-12-17;14;1413
1;2025-12-17;15;1580
1;2025-12-17;16;1535
1;2025-12-17;17;1808
1;2025-12-17;18;1823
1;2025-12-17;19;1356
1;2025-12-17;20;914
1;2025-12-17;21;499
1;2025-12-17;22;213
1;2025-12-17;23;38
1;2025-12-18;0;6
1;2025-12-18;1;0
1;2025-12-18;2;0
1;2025-12-18;3;0
1;2025-12-18;4;10
1;2025-12-18;5;116
1;2025-12-18;6;491
1;2025-12-18;7;1515
1;2025-12-18;8;2009
1;2025-12-18;9;1501
1;2025-12-18;10;1402
1;2025-12-18;11;1404
1;2025-12-18;12;1445
1;2025-12-18;13;1447
1;2025-12-18;14;1453
1;2025-12-18;15;1547
1;2025-12-18;16;1557
1;2025-12-18;17;1790
1;2025-12-18;18;1866
1;2025-12-18;19;1337
1;2025-12-18;20;917
1;2025-12-18;21;480
1;2025-12-18;22;198
1;2025-12-18;23;41
1;2025-12-19;0;4
1;2025-12-19;1;0
1;2025-12-19;2;0
1;2025-12-19;3;0
1;2025-12-19;4;7
1;2025-12-19;5;136
1;2025-12-19;6;503
1;2025-12-19;7;1536
1;2025-12-19;8;1827
1;2025-12-19;9;1459
1;2025-12-19;10;1301
1;2025-12-19;11;1393
1;2025-12-19;12;1373
1;2025-12-19;13;1423
1;2025-12-19;14;1372
1;2025-12-19;15;1542
1;2025-12-19;16;1638
1;2025-12-19;17;1828
1;2025-12-19;18;1510
1;2025-12-19;19;1253
1;2025-12-19;20;812
1;2025-12-19;21;497
1;2025-12-19;22;204
1;2025-12-19;23;48
1;2025-12-20;0;6
1;2025-12-20;1;0
1;2025-12-20;2;0
1;2025-12-20;3;0
1;2025-12-20;4;0
1;2025-12-20;5;33
1;2025-12-20;6;164
1;2025-12-20;7;365
1;2025-12-20;8;508
1;2025-12-20;9;769
1;2025-12-20;10;934
1;2025-12-20;11;907
1;2025-12-20;12;1095
1;2025-12-20;13;1146
1;2025-12-20;14;1059
1;2025-12-20;15;923
1;2025-12-20;16;801
1;2025-12-20;17;749
1;2025-12-20;18;659
1;2025-12-20;19;571
1;2025-12-20;20;442
1;2025-12-20;21;312
1;2025-12-20;22;128
1;2025-12-20;23;29
1;2025-12-21;0;1
1;2025-12-21;1;0
1;2025-12-21;2;0
1;2025-12-21;3;0
1;2025-12-21;4;0
1;2025-12-21;5;23
1;2025-12-21;6;121
1;2025-12-21;7;267
1;2025-12-21;8;365
1;2025-12-21;9;616
1;2025-12-21;10;706
1;2025-12-21;11;736
1;2025-12-21;12;851
1;2025-12-21;13;876
1;2025-12-21;14;823
1;2025-12-21;15;731
1;2025-12-21;16;670
1;2025-12-21;17;595
1;2025-12-21;18;528
1;2025-12-21;19;462
1;2025-12-21;20;344
1;2025-12-21;21;275
1;2025-12-21;22;103
1;2025-12-21;23;29
1;2025-12-22;0;0
1;2025-12-22;1;0
1;2025-12-22;2;0
1;2025-12-22;3;0
1;2025-12-22;4;9
1;2025-12-22;5;137
1;2025-12-22;6;513
1;2025-12-22;7;1489
1;2025-12-22;8;1966
1;2025-12-22;9;1476
1;2025-12-22;10;1277
1;2025-12-22;11;1276
1;2025-12-22;12;1378
1;2025-12-22;13;1434
1;2025-12-22;14;1445
1;2025-12-22;15;1572
1;2025-12-22;16;1621
1;2025-12-22;17;1881
1;2025-12-22;18;1996
1;2025-12-22;19;1453
1;2025-12-22;20;914
1;2025-12-22;21;460
1;2025-12-22;22;182
1;2025-12-22;23;47
1;2025-12-23;0;6
1;2025-12-23;1;0
1;2025-12-23;2;0
1;2025-12-23;3;1
1;2025-12-23;4;11
1;2025-12-23;5;111
1;2025-12-23;6;518
1;2025-12-23;7;1569
1;2025-12-23;8;1953
1;2025-12-23;9;1525
1;2025-12-23;10;1379
1;2025-12-23;11;1354
1;2025-12-23;12;1368
1;2025-12-23;13;1421
1;2025-12-23;14;1284
1;2025-12-23;15;1417
1;2025-12-23;16;1470
1;2025-12-23;17;1779
1;2025-12-23;18;1806
1;2025-12-23;19;1430
1;2025-12-23;20;887
1;2025-12-23;21;488
1;2025-12-23;22;193
1;2025-12-23;23;41
1;2025-12-24;0;3
1;2025-12-24;1;0
1;2025-12-24;2;0
1;2025-12-24;3;0
1;2025-12-24;4;8
1;2025-12-24;5;134
1;2025-12-24;6;556
1;2025-12-24;7;1474
1;2025-12-24;8;2008
1;2025-12-24;9;1450
1;2025-12-24;10;1348
1;2025-12-24;11;1322
1;2025-12-24;12;1395
1;2025-12-24;13;1472
1;2025-12-24;14;1389
1;2025-12-24;15;1553
1;2025-12-24;16;1508
1;2025-12-24;17;1777
1;2025-12-24;18;1792
1;2025-12-24;19;1332
1;2025-12-24;20;898
1;2025-12-24;21;490
1;2025-12-24;22;211
1;2025-12-24;23;38
1;2025-12-25;0;6
1;2025-12-25;1;0
1;2025-12-25;2;0
1;2025-12-25;3;0
1;2025-12-25;4;10
1;2025-12-25;5;115
1;2025-12-25;6;481
1;2025-12-25;7;1486
1;2025-12-25;8;1971
1;2025-12-25;9;1472
1;2025-12-25;10;1375
1;2025-12-25;11;1377
1;2025-12-25;12;1418
1;2025-12-25;13;1420
1;2025-12-25;14;1425
1;2025-12-25;15;1517
1;2025-12-25;16;1527
1;2025-12-25;17;1756
1;2025-12-25;18;1831
1;2025-12-25;19;1312
1;2025-12-25;20;899
1;2025-12-25;21;471
1;2025-12-25;22;196
1;2025-12-25;23;41
1;2025-12-26;0;4
1;2025-12-26;1;0
1;2025-12-26;2;0
1;2025-12-26;3;0
1;2025-12-26;4;7
1;2025-12-26;5;135
1;2025-12-26;6;491
1;2025-12-26;7;1499
1;2025-12-26;8;1783
1;2025-12-26;9;1424
1;2025-12-26;10;1270
1;2025-12-26;11;1360
1;2025-12-26;12;1340
1;2025-12-26;13;1389
1;2025-12-26;14;1339
1;2025-12-26;15;1505
1;2025-12-26;16;1599
1;2025-12-26;17;1784
1;2025-12-26;18;1473
1;2025-12-26;19;1223
1;2025-12-26;20;792
1;2025-12-26;21;485
1;2025-12-26;22;201
1;2025-12-26;23;48
1;2025-12-27;0;6
1;2025-12-27;1;0
1;2025-12-27;2;0
1;2025-12-27;3;0
1;2025-12-27;4;0
1;2025-12-27;5;33
1;2025-12-27;6;163
1;2025-12-27;7;362
1;2025-12-27;8;505
1;2025-12-27;9;764
1;2025-12-27;10;928
1;2025-12-27;11;901
1;2025-12-27;12;1088
1;2025-12-27;13;1139
1;2025-12-27;14;1052
1;2025-12-27;15;917
1;2025-12-27;16;796
1;2025-12-27;17;744
1;2025-12-27;18;655
1;2025-12-27;19;567
1;2025-12-27;20;439
1;2025-12-27;21;310
1;2025-12-27;22;127
1;2025-12-27;23;29
1;2025-12-28;0;1
1;2025-12-28;1;0
1;2025-12-28;2;0
1;2025-12-28;3;0
1;2025-12-28;4;0
1;2025-12-28;5;23
1;2025-12-28;6;119
1;2025-12-28;7;263
1;2025-12-28;8;360
1;2025-12-28;9;608
1;2025-12-28;10;697
1;2025-12-28;11;726
1;2025-12-28;12;840
1;2025-12-28;13;864
1;2025-12-28;14;813
1;2025-12-28;15;722
1;2025-12-28;16;662
1;2025-12-28;17;587
1;2025-12-28;18;521
1;2025-12-28;19;456
1;2025-12-28;20;339
1;2025-12-28;21;272
1;2025-12-28;22;103
1;2025-12-28;23;29
1;2025-12-29;0;0
1;2025-12-29;1;0
1;2025-12-29;2;0
1;2025-12-29;3;0
1;2025-12-29;4;9
1;2025-12-29;5;131
1;2025-12-29;6;489
1;2025-12-29;7;1421
1;2025-12-29;8;1876
1;2025-12-29;9;1409
1;2025-12-29;10;1219
1;2025-12-29;11;1218
1;2025-12-29;12;1316
1;2025-12-29;13;1369
1;2025-12-29;14;1379
1;2025-12-29;15;1500
1;2025-12-29;16;1547
1;2025-12-29;17;1796
1;2025-12-29;18;1905
1;2025-12-29;19;1387
1;2025-12-29;20;872
1;2025-12-29;21;439
1;2025-12-29;22;174
1;2025-12-29;23;45
1;2025-12-30;0;5
1;2025-12-30;1;0
1;2025-12-30;2;0
1;2025-12-30;3;1
1;2025-12-30;4;10
1;2025-12-30;5;101
1;2025-12-30;6;471
1;2025-12-30;7;1425
1;2025-12-30;8;1775
1;2025-12-30;9;1386
1;2025-12-30;10;1253
1;2025-12-30;11;1230
1;2025-12-30;12;1243
1;2025-12-30;13;1291
1;2025-12-30;14;1167
1;2025-12-30;15;1287
1;2025-12-30;16;1336
1;2025-12-30;17;1616
1;2025-12-30;18;1641
1;2025-12-30;19;1299
1;2025-12-30;20;806
1;2025-12-30;21;443
1;2025-12-30;22;176
1;2025-12-30;23;38
1;2025-12-31;0;3
1;2025-12-31;1;0
1;2025-12-31;2;0
1;2025-12-31;3;0
1;2025-12-31;4;0
1;2025-12-31;5;23
1;2025-12-31;6;118
1;2025-12-31;7;260
1;2025-12-31;8;359
1;2025-12-31;9;579
1;2025-12-31;10;679
1;2025-12-31;11;688
1;2025-12-31;12;809
1;2025-12-31;13;839
1;2025-12-31;14;783
1;2025-12-31;15;690
1;2025-12-31;16;619
1;2025-12-31;17;561
1;2025-12-31;18;496
1;2025-12-31;19;432
1;2025-12-31;20;327
1;2025-12-31;21;249
1;2025-12-31;22;98
1;2025-12-31;23;25
5;2025-11-01;0;0
5;2025-11-01;1;0
5;2025-11-01;2;0
5;2025-11-01;3;0
5;2025-11-01;4;0
5;2025-11-01;5;0
5;2025-11-01;6;0
5;2025-11-01;7;0
5;2025-11-01;8;0
5;2025-11-01;9;0
5;2025-11-01;10;0
5;2025-11-01;11;0
5;2025-11-01;12;0
5;2025-11-01;13;0
5;2025-11-01;14;0
5;2025-11-01;15;0
5;2025-11-01;16;0
5;2025-11-01;17;0
5;2025-11-01;18;0
5;2025-11-01;19;0
5;2025-11-01;20;0
5;2025-11-01;21;0
5;2025-11-01;22;0
5;2025-11-01;23;0
5;2025-11-02;0;0
5;2025-11-02;1;0
5;2025-11-02;2;0
5;2025-11-02;3;0
5;2025-11-02;4;0
5;2025-11-02;5;0
5;2025-11-02;6;0
5;2025-11-02;7;0
5;2025-11-02;8;0
5;2025-11-02;9;0
5;2025-11-02;10;0
5;2025-11-02;11;0
5;2025-11-02;12;0
5;2025-11-02;13;0
5;2025-11-02;14;0
5;2025-11-02;15;0
5;2025-11-02;16;0
5;2025-11-02;17;0
5;2025-11-02;18;0
5;2025-11-02;19;0
5;2025-11-02;20;0
5;2025-11-02;21;0
5;2025-11-02;22;0
5;2025-11-02;23;0
5;2025-11-03;0;0
5;2025-11-03;1;0
5;2025-11-03;2;0
5;2025-11-03;3;0
5;2025-11-03;4;0
5;2025-11-03;5;0
5;2025-11-03;6;0
5;2025-11-03;7;0
5;2025-11-03;8;0
5;2025-11-03;9;0
5;2025-11-03;10;0
5;2025-11-03;11;0
5;2025-11-03;12;0
5;2025-11-03;13;0
5;2025-11-03;14;0
5;2025-11-03;15;0
5;2025-11-03;16;0
5;2025-11-03;17;0
5;2025-11-03;18;0
5;2025-11-03;19;0
5;2025-11-03;20;0
5;2025-11-03;21;0
5;2025-11-03;22;0
5;2025-11-03;23;0
5;2025-11-04;0;0
5;2025-11-04;1;0
5;2025-11-04;2;0
5;2025-11-04;3;0
5;2025-11-04;4;0
5;2025-11-04;5;0
5;2025-11-04;6;0
5;2025-11-04;7;0
5;2025-11-04;8;0
5;2025-11-04;9;0
5;2025-11-04;10;0
5;2025-11-04;11;0
5;2025-11-04;12;0
5;2025-11-04;13;0
5;2025-11-04;14;0
5;2025-11-04;15;0
5;2025-11-04;16;0
5;2025-11-04;17;0
5;2025-11-04;18;0
5;2025-11-04;19;0
5;2025-11-04;20;0
5;2025-11-04;21;0
5;2025-11-04;22;0
5;2025-11-04;23;0
5;2025-11-05;0;0
5;2025-11-05;1;0
5;2025-11-05;2;0
5;2025-11-05;3;0
5;2025-11-05;4;0
5;2025-11-05;5;0
5;2025-11-05;6;0
5;2025-11-05;7;0
5;2025-11-05;8;0
5;2025-11-05;9;0
5;2025-11-05;10;0
5;2025-11-05;11;0
5;2025-11-05;12;0
5;2025-11-05;13;0
5;2025-11-05;14;0
5;2025-11-05;15;0
5;2025-11-05;16;0
5;2025-11-05;17;0
5;2025-11-05;18;0
5;2025-11-05;19;0
5;2025-11-05;20;0
5;2025-11-05;21;0
5;2025-11-05;22;0
5;2025-11-05;23;0
5;2025-11-06;0;0
5;2025-11-06;1;0
5;2025-11-06;2;0
5;2025-11-06;3;0
5;2025-11-06;4;0
5;2025-11-06;5;0
5;2025-11-06;6;0
5;2025-11-06;7;0
5;2025-11-06;8;0
5;2025-11-06;9;0
5;2025-11-06;10;0
5;2025-11-06;11;0
5;2025-11-06;12;0
5;2025-11-06;13;0
5;2025-11-06;14;0
5;2025-11-06;15;0
5;2025-11-06;16;0
5;2025-11-06;17;0
5;2025-11-06;18;0
5;2025-11-06;19;0
5;2025-11-06;20;0
5;2025-11-06;21;0
5;2025-11-06;22;0
5;2025-11-06;23;0
5;2025-11-07;0;0
5;2025-11-07;1;0
5;2025-11-07;2;0
5;2025-11-07;3;0
5;2025-11-07;4;0
5;2025-11-07;5;0
5;2025-11-07;6;0
5;2025-11-07;7;0
5;2025-11-07;8;0
5;2025-11-07;9;0
5;2025-11-07;10;0
5;2025-11-07;11;0
5;2025-11-07;12;0
5;2025-11-07;13;0
5;2025-11-07;14;0
5;2025-11-07;15;0
5;2025-11-07;16;0
5;2025-11-07;17;0
5;2025-11-07;18;0
5;2025-11-07;19;0
5;2025-11-07;20;0
5;2025-11-07;21;0
5;2025-11-07;22;0
5;2025-11-07;23;0
5;2025-11-08;0;0
5;2025-11-08;1;0
5;2025-11-08;2;0
5;2025-11-08;3;0
5;2025-11-08;4;0
5;2025-11-08;5;0
5;2025-11-08;6;0
5;2025-11-08;7;0
5;2025-11-08;8;0
5;2025-11-08;9;0
5;2025-11-08;10;0
5;2025-11-08;11;0
5;2025-11-08;12;0
5;2025-11-08;13;0
5;2025-11-08;14;0
5;2025-11-08;15;0
5;2025-11-08;16;0
5;2025-11-08;17;0
5;2025-11-08;18;0
5;2025-11-08;19;0
5;2025-11-08;20;0
5;2025-11-08;21;0
5;2025-11-08;22;0
5;2025-11-08;23;0
5;2025-11-09;0;0
5;2025-11-09;1;0
5;2025-11-09;2;0
5;2025-11-09;3;0
5;2025-11-09;4;0
5;2025-11-09;5;0
5;2025-11-09;6;0
5;2025-11-09;7;0
5;2025-11-09;8;0
5;2025-11-09;9;0
5;2025-11-09;10;0
5;2025-11-09;11;0
5;2025-11-09;12;0
5;2025-11-09;13;0
5;2025-11-09;14;0
5;2025-11-09;15;0
5;2025-11-09;16;0
5;2025-11-09;17;0
5;2025-11-09;18;0
5;2025-11-09;19;0
5;2025-11-09;20;0
5;2025-11-09;21;0
5;2025-11-09;22;0
5;2025-11-09;23;0
5;2025-11-10;0;0
5;2025-11-10;1;0
5;2025-11-10;2;0
5;2025-11-10;3;0
5;2025-11-10;4;0
5;2025-11-10;5;0
5;2025-11-10;6;0
5;2025-11-10;7;0
5;2025-11-10;8;0
5;2025-11-10;9;0
5;2025-11-10;10;0
5;2025-11-10;11;0
5;2025-11-10;12;0
5;2025-11-10;13;0
5;2025-11-10;14;0
5;2025-11-10;15;0
5;2025-11-10;16;0
5;2025-11-10;17;0
5;2025-11-10;18;0
5;2025-11-10;19;0
5;2025-11-10;20;0
5;2025-11-10;21;0
5;2025-11-10;22;0
5;2025-11-10;23;0
5;2025-11-11;0;0
5;2025-11-11;1;0
5;2025-11-11;2;0
5;2025-11-11;3;0
5;2025-11-11;4;0
5;2025-11-11;5;0
5;2025-11-11;6;0
5;2025-11-11;7;0
5;2025-11-11;8;0
5;2025-11-11;9;0
5;2025-11-11;10;0
5;2025-11-11;11;0
5;2025-11-11;12;0
5;2025-11-11;13;0
5;2025-11-11;14;0
5;2025-11-11;15;0
5;2025-11-11;16;0
5;2025-11-11;17;0
5;2025-11-11;18;0
5;2025-11-11;19;0
5;2025-11-11;20;0
5;2025-11-11;21;0
5;2025-11-11;22;0
5;2025-11-11;23;0
5;2025-11-12;0;0
5;2025-11-12;1;0
5;2025-11-12;2;0
5;2025-11-12;3;0
5;2025-11-12;4;0
5;2025-11-12;5;0
5;2025-11-12;6;0
5;2025-11-12;7;0
5;2025-11-12;8;0
5;2025-11-12;9;0
5;2025-11-12;10;0
5;2025-11-12;11;0
5;2025-11-12;12;0
5;2025-11-12;13;0
5;2025-11-12;14;0
5;2025-11-12;15;0
5;2025-11-12;16;0
5;2025-11-12;17;0
5;2025-11-12;18;0
5;2025-11-12;19;0
5;2025-11-12;20;0
5;2025-11-12;21;0
5;2025-11-12;22;0
5;2025-11-12;23;0
5;2025-11-13;0;0
5;2025-11-13;1;0
5;2025-11-13;2;0
5;2025-11-13;3;0
5;2025-11-13;4;0
5;2025-11-13;5;0
5;2025-11-13;6;0
5;2025-11-13;7;0
5;2025-11-13;8;0
5;2025-11-13;9;0
5;2025-11-13;10;0
5;2025-11-13;11;0
5;2025-11-13;12;0
5;2025-11-13;13;0
5;2025-11-13;14;0
5;2025-11-13;15;0
5;2025-11-13;16;0
5;2025-11-13;17;0
5;2025-11-13;18;0
5;2025-11-13;19;0
5;2025-11-13;20;0
5;2025-11-13;21;0
5;2025-11-13;22;0
5;2025-11-13;23;0
5;2025-11-14;0;0
5;2025-11-14;1;0
5;2025-11-14;2;0
5;2025-11-14;3;0
5;2025-11-14;4;0
5;2025-11-14;5;0
5;2025-11-14;6;0
5;2025-11-14;7;0
5;2025-11-14;8;0
5;2025-11-14;9;0
5;2025-11-14;10;0
5;2025-11-14;11;0
5;2025-11-14;12;0
5;2025-11-14;13;0
5;2025-11-14;14;0
5;2025-11-14;15;0
5;2025-11-14;16;0
5;2025-11-14;17;0
5;2025-11-14;18;0
5;2025-11-14;19;0
5;2025-11-14;20;0
5;2025-11-14;21;0
5;2025-11-14;22;0
5;2025-11-14;23;0
5;2025-11-15;0;0
5;2025-11-15;1;0
5;2025-11-15;2;0
5;2025-11-15;3;0
5;2025-11-15;4;0
5;2025-11-15;5;0
5;2025-11-15;6;0
5;2025-11-15;7;0
5;2025-11-15;8;0
5;2025-11-15;9;0
5;2025-11-15;10;0
5;2025-11-15;11;0
5;2025-11-15;12;0
5;2025-11-15;13;0
5;2025-11-15;14;0
5;2025-11-15;15;0
5;2025-11-15;16;0
5;2025-11-15;17;0
5;2025-11-15;18;0
5;2025-11-15;19;0
5;2025-11-15;20;0
5;2025-11-15;21;0
5;2025-11-15;22;0
5;2025-11-15;23;0
5;2025-11-16;0;0
5;2025-11-16;1;0
5;2025-11-16;2;0
5;2025-11-16;3;0
5;2025-11-16;4;0
5;2025-11-16;5;0
5;2025-11-16;6;0
5;2025-11-16;7;0
5;2025-11-16;8;0
5;2025-11-16;9;0
5;2025-11-16;10;0
5;2025-11-16;11;0
5;2025-11-16;12;0
5;2025-11-16;13;0
5;2025-11-16;14;0
5;2025-11-16;15;0
5;2025-11-16;16;0
5;2025-11-16;17;0
5;2025-11-16;18;0
5;2025-11-16;19;0
5;2025-11-16;20;0
5;2025-11-16;21;0
5;2025-11-16;22;0
5;2025-11-16;23;0
5;2025-11-17;0;0
5;2025-11-17;1;0
5;2025-11-17;2;0
5;2025-11-17;3;0
5;2025-11-17;4;0
5;2025-11-17;5;0
5;2025-11-17;6;0
5;2025-11-17;7;0
5;2025-11-17;8;0
5;2025-11-17;9;0
5;2025-11-17;10;0
5;2025-11-17;11;0
5;2025-11-17;12;0
5;2025-11-17;13;0
5;2025-11-17;14;0
5;2025-11-17;15;0
5;2025-11-17;16;0
5;2025-11-17;17;0
5;2025-11-17;18;0
5;2025-11-17;19;0
5;2025-11-17;20;0
5;2025-11-17;21;0
5;2025-11-17;22;0
5;2025-11-17;23;0
5;2025-11-18;0;0
5;2025-11-18;1;0
5;2025-11-18;2;0
5;2025-11-18;3;0
5;2025-11-18;4;0
5;2025-11-18;5;0
5;2025-11-18;6;0
5;2025-11-18;7;0
5;2025-11-18;8;0
5;2025-11-18;9;0
5;2025-11-18;10;0
5;2025-11-18;11;0
5;2025-11-18;12;0
5;2025-11-18;13;0
5;2025-11-18;14;0
5;2025-11-18;15;0
5;2025-11-18;16;0
5;2025-11-18;17;0
5;2025-11-18;18;0
5;2025-11-18;19;0
5;2025-11-18;20;0
5;2025-11-18;21;0
5;2025-11-18;22;0
5;2025-11-18;23;0
5;2025-11-19;0;0
5;2025-11-19;1;0
5;2025-11-19;2;0
5;2025-11-19;3;0
5;2025-11-19;4;0
5;2025-11-19;5;0
5;2025-11-19;6;0
5;2025-11-19;7;0
5;2025-11-19;8;0
5;2025-11-19;9;0
5;2025-11-19;10;0
5;2025-11-19;11;0
5;2025-11-19;12;0
5;2025-11-19;13;0
5;2025-11-19;14;0
5;2025-11-19;15;0
5;2025-11-19;16;0
5;2025-11-19;17;0
5;2025-11-19;18;0
5;2025-11-19;19;0
5;2025-11-19;20;0
5;2025-11-19;21;0
5;2025-11-19;22;0
5;2025-11-19;23;0
5;2025-11-20;0;0
5;2025-11-20;1;0
5;2025-11-20;2;0
5;2025-11-20;3;0
5;2025-11-20;4;0
5;2025-11-20;5;0
5;2025-11-20;6;0
5;2025-11-20;7;0
5;2025-11-20;8;0
5;2025-11-20;9;0
5;2025-11-20;10;0
5;2025-11-20;11;0
5;2025-11-20;12;0
5;2025-11-20;13;0
5;2025-11-20;14;0
5;2025-11-20;15;0
5;2025-11-20;16;0
5;2025-11-20;17;0
5;2025-11-20;18;0
5;2025-11-20;19;0
5;2025-11-20;20;0
5;2025-11-20;21;0
5;2025-11-20;22;0
5;2025-11-20;23;0
5;2025-11-21;0;0
5;2025-11-21;1;0
5;2025-11-21;2;0
5;2025-11-21;3;0
5;2025-11-21;4;0
5;2025-11-21;5;0
5;2025-11-21;6;0
5;2025-11-21;7;0
5;2025-11-21;8;0
5;2025-11-21;9;0
5;2025-11-21;10;0
5;2025-11-21;11;0
5;2025-11-21;12;0
5;2025-11-21;13;0
5;2025-11-21;14;0
5;2025-11-21;15;0
5;2025-11-21;16;0
5;2025-11-21;17;0
5;2025-11-21;18;0
5;2025-11-21;19;0
5;2025-11-21;20;0
5;2025-11-21;21;0
5;2025-11-21;22;0
5;2025-11-21;23;0
5;2025-11-22;0;0
5;2025-11-22;1;0
5;2025-11-22;2;0
5;2025-11-22;3;0
5;2025-11-22;4;0
5;2025-11-22;5;0
5;2025-11-22;6;0
5;2025-11-22;7;0
5;2025-11-22;8;0
5;2025-11-22;9;0
5;2025-11-22;10;0
5;2025-11-22;11;0
5;2025-11-22;12;0
5;2025-11-22;13;0
5;2025-11-22;14;0
5;2025-11-22;15;0
5;2025-11-22;16;0
5;2025-11-22;17;0
5;2025-11-22;18;0
5;2025-11-22;19;0
5;2025-11-22;20;0
5;2025-11-22;21;0
5;2025-11-22;22;0
5;2025-11-22;23;0
5;2025-11-23;0;0
5;2025-11-23;1;0
5;2025-11-23;2;0
5;2025-11-23;3;0
5;2025-11-23;4;0
5;2025-11-23;5;0
5;2025-11-23;6;0
5;2025-11-23;7;0
5;2025-11-23;8;0
5;2025-11-23;9;0
5;2025-11-23;10;0
5;2025-11-23;11;0
5;2025-11-23;12;0
5;2025-11-23;13;0
5;2025-11-23;14;0
5;2025-11-23;15;0
5;2025-11-23;16;0
5;2025-11-23;17;0
5;2025-11-23;18;0
5;2025-11-23;19;0
5;2025-11-23;20;0
5;2025-11-23;21;0
5;2025-11-23;22;0
5;2025-11-23;23;0
5;2025-11-24;0;0
5;2025-11-24;1;0
5;2025-11-24;2;0
5;2025-11-24;3;0
5;2025-11-24;4;0
5;2025-11-24;5;0
5;2025-11-24;6;0
5;2025-11-24;7;0
5;2025-11-24;8;0
5;2025-11-24;9;0
5;2025-11-24;10;0
5;2025-11-24;11;0
5;2025-11-24;12;0
5;2025-11-24;13;0
5;2025-11-24;14;0
5;2025-11-24;15;0
5;2025-11-24;16;0
5;2025-11-24;17;0
5;2025-11-24;18;0
5;2025-11-24;19;0
5;2025-11-24;20;0
5;2025-11-24;21;0
5;2025-11-24;22;0
5;2025-11-24;23;0
5;2025-11-25;0;0
5;2025-11-25;1;0
5;2025-11-25;2;0
5;2025-11-25;3;0
5;2025-11-25;4;0
5;2025-11-25;5;0
5;2025-11-25;6;0
5;2025-11-25;7;0
5;2025-11-25;8;0
5;2025-11-25;9;0
5;2025-11-25;10;0
5;2025-11-25;11;0
5;2025-11-25;12;0
5;2025-11-25;13;0
5;2025-11-25;14;0
5;2025-11-25;15;0
5;2025-11-25;16;0
5;2025-11-25;17;0
5;2025-11-25;18;0
5;2025-11-25;19;0
5;2025-11-25;20;0
5;2025-11-25;21;0
5;2025-11-25;22;0
5;2025-11-25;23;0
5;2025-11-26;0;0
5;2025-11-26;1;0
5;2025-11-26;2;0
5;2025-11-26;3;0
5;2025-11-26;4;0
5;2025-11-26;5;0
5;2025-11-26;6;0
5;2025-11-26;7;0
5;2025-11-26;8;0
5;2025-11-26;9;0
5;2025-11-26;10;0
5;2025-11-26;11;0
5;2025-11-26;12;0
5;2025-11-26;13;0
5;2025-11-26;14;0
5;2025-11-26;15;0
5;2025-11-26;16;0
5;2025-11-26;17;0
5;2025-11-26;18;0
5;2025-11-26;19;0
5;2025-11-26;20;0
5;2025-11-26;21;0
5;2025-11-26;22;0
5;2025-11-26;23;0
5;2025-11-27;0;0
5;2025-11-27;1;0
5;2025-11-27;2;0
5;2025-11-27;3;0
5;2025-11-27;4;0
5;2025-11-27;5;0
5;2025-11-27;6;0
5;2025-11-27;7;0
5;2025-11-27;8;0
5;2025-11-27;9;0
5;2025-11-27;10;0
5;2025-11-27;11;0
5;2025-11-27;12;0
5;2025-11-27;13;0
5;2025-11-27;14;0
5;2025-11-27;15;0
5;2025-11-27;16;0
5;2025-11-27;17;0
5;2025-11-27;18;0
5;2025-11-27;19;0
5;2025-11-27;20;0
5;2025-11-27;21;0
5;2025-11-27;22;0
5;2025-11-27;23;0
5;2025-11-28;0;0
5;2025-11-28;1;0
5;2025-11-28;2;0
5;2025-11-28;3;0
5;2025-11-28;4;0
5;2025-11-28;5;0
5;2025-11-28;6;0
5;2025-11-28;7;0
5;2025-11-28;8;0
5;2025-11-28;9;0
5;2025-11-28;10;0
5;2025-11-28;11;0
5;2025-11-28;12;0
5;2025-11-28;13;0
5;2025-11-28;14;0
5;2025-11-28;15;0
5;2025-11-28;16;0
5;2025-11-28;17;0
5;2025-11-28;18;0
5;2025-11-28;19;0
5;2025-11-28;20;0
5;2025-11-28;21;0
5;2025-11-28;22;0
5;2025-11-28;23;0
5;2025-11-29;0;0
5;2025-11-29;1;0
5;2025-11-29;2;0
5;2025-11-29;3;0
5;2025-11-29;4;0
5;2025-11-29;5;0
5;2025-11-29;6;0
5;2025-11-29;7;0
5;2025-11-29;8;0
5;2025-11-29;9;0
5;2025-11-29;10;0
5;2025-11-29;11;0
5;2025-11-29;12;0
5;2025-11-29;13;0
5;2025-11-29;14;0
5;2025-11-29;15;0
5;2025-11-29;16;0
5;2025-11-29;17;0
5;2025-11-29;18;0
5;2025-11-29;19;0
5;2025-11-29;20;0
5;2025-11-29;21;0
5;2025-11-29;22;0
5;2025-11-29;23;0
5;2025-11-30;0;0
5;2025-11-30;1;0
5;2025-11-30;2;0
5;2025-11-30;3;0
5;2025-11-30;4;0
5;2025-11-30;5;0
5;2025-11-30;6;0
5;2025-11-30;7;0
5;2025-11-30;8;0
5;2025-11-30;9;0
5;2025-11-30;10;0
5;2025-11-30;11;0
5;2025-11-30;12;0
5;2025-11-30;13;0
5;2025-11-30;14;0
5;2025-11-30;15;0
5;2025-11-30;16;0
5;2025-11-30;17;0
5;2025-11-30;18;0
5;2025-11-30;19;0
5;2025-11-30;20;0
5;2025-11-30;21;0
5;2025-11-30;22;0
5;2025-11-30;23;0
5;2025-12-01;0;0
5;2025-12-01;1;0
5;2025-12-01;2;0
5;2025-12-01;3;0
5;2025-12-01;4;0
5;2025-12-01;5;0
5;2025-12-01;6;0
5;2025-12-01;7;0
5;2025-12-01;8;0
5;2025-12-01;9;0
5;2025-12-01;10;0
5;2025-12-01;11;0
5;2025-12-01;12;0
5;2025-12-01;13;0
5;2025-12-01;14;0
5;2025-12-01;15;0
5;2025-12-01;16;0
5;2025-12-01;17;0
5;2025-12-01;18;0
5;2025-12-01;19;0
5;2025-12-01;20;0
5;2025-12-01;21;0
5;2025-12-01;22;0
5;2025-12-01;23;0
5;2025-12-02;0;0
5;2025-12-02;1;0
5;2025-12-02;2;0
5;2025-12-02;3;0
5;2025-12-02;4;0
5;2025-12-02;5;0
5;2025-12-02;6;0
5;2025-12-02;7;0
5;2025-12-02;8;0
5;2025-12-02;9;0
5;2025-12-02;10;0
5;2025-12-02;11;0
5;2025-12-02;12;0
5;2025-12-02;13;0
5;2025-12-02;14;0
5;2025-12-02;15;0
5;2025-12-02;16;0
5;2025-12-02;17;0
5;2025-12-02;18;0
5;2025-12-02;19;0
5;2025-12-02;20;0
5;2025-12-02;21;0
5;2025-12-02;22;0
5;2025-12-02;23;0
5;2025-12-03;0;0
5;2025-12-03;1;0
5;2025-12-03;2;0
5;2025-12-03;3;0
5;2025-12-03;4;0
5;2025-12-03;5;0
5;2025-12-03;6;0
5;2025-12-03;7;0
5;2025-12-03;8;0
5;2025-12-03;9;0
5;2025-12-03;10;0
5;2025-12-03;11;0
5;2025-12-03;12;0
5;2025-12-03;13;0
5;2025-12-03;14;0
5;2025-12-03;15;0
5;2025-12-03;16;0
5;2025-12-03;17;0
5;2025-12-03;18;0
5;2025-12-03;19;0
5;2025-12-03;20;0
5;2025-12-03;21;0
5;2025-12-03;22;0
5;2025-12-03;23;0
5;2025-12-04;0;0
5;2025-12-04;1;0
5;2025-12-04;2;0
5;2025-12-04;3;0
5;2025-12-04;4;0
5;2025-12-04;5;0
5;2025-12-04;6;0
5;2025-12-04;7;0
5;2025-12-04;8;0
5;2025-12-04;9;0
5;2025-12-04;10;0
5;2025-12-04;11;0
5;2025-12-04;12;0
5;2025-12-04;13;0
5;2025-12-04;14;0
5;2025-12-04;15;0
5;2025-12-04;16;0
5;2025-12-04;17;0
5;2025-12-04;18;0
5;2025-12-04;19;0
5;2025-12-04;20;0
5;2025-12-04;21;0
5;2025-12-04;22;0
5;2025-12-04;23;0
5;2025-12-05;0;0
5;2025-12-05;1;0
5;2025-12-05;2;0
5;2025-12-05;3;0
5;2025-12-05;4;0
5;2025-12-05;5;0
5;2025-12-05;6;0
5;2025-12-05;7;0
5;2025-12-05;8;0
5;2025-12-05;9;0
5;2025-12-05;10;0
5;2025-12-05;11;0
5;2025-12-05;12;0
5;2025-12-05;13;0
5;2025-12-05;14;0
5;2025-12-05;15;0
5;2025-12-05;16;0
5;2025-12-05;17;0
5;2025-12-05;18;0
5;2025-12-05;19;0
5;2025-12-05;20;0
5;2025-12-05;21;0
5;2025-12-05;22;0
5;2025-12-05;23;0
5;2025-12-06;0;0
5;2025-12-06;1;0
5;2025-12-06;2;0
5;2025-12-06;3;0
5;2025-12-06;4;0
5;2025-12-06;5;0
5;2025-12-06;6;0
5;2025-12-06;7;0
5;2025-12-06;8;0
5;2025-12-06;9;0
5;2025-12-06;10;0
5;2025-12-06;11;0
5;2025-12-06;12;0
5;2025-12-06;13;0
5;2025-12-06;14;0
5;2025-12-06;15;0
5;2025-12-06;16;0
5;2025-12-06;17;0
5;2025-12-06;18;0
5;2025-12-06;19;0
5;2025-12-06;20;0
5;2025-12-06;21;0
5;2025-12-06;22;0
5;2025-12-06;23;0
5;2025-12-07;0;0
5;2025-12-07;1;0
5;2025-12-07;2;0
5;2025-12-07;3;0
5;2025-12-07;4;0
5;2025-12-07;5;0
5;2025-12-07;6;0
5;2025-12-07;7;0
5;2025-12-07;8;0
5;2025-12-07;9;0
5;2025-12-07;10;0
5;2025-12-07;11;0
5;2025-12-07;12;0
5;2025-12-07;13;0
5;2025-12-07;14;0
5;2025-12-07;15;0
5;2025-12-07;16;0
5;2025-12-07;17;0
5;2025-12-07;18;0
5;2025-12-07;19;0
5;2025-12-07;20;0
5;2025-12-07;21;0
5;2025-12-07;22;0
5;2025-12-07;23;0
5;2025-12-08;0;0
5;2025-12-08;1;0
5;2025-12-08;2;0
5;2025-12-08;3;0
5;2025-12-08;4;0
5;2025-12-08;5;0
5;2025-12-08;6;0
5;2025-12-08;7;0
5;2025-12-08;8;0
5;2025-12-08;9;0
5;2025-12-08;10;0
5;2025-12-08;11;0
5;2025-12-08;12;0
5;2025-12-08;13;0
5;2025-12-08;14;0
5;2025-12-08;15;0
5;2025-12-08;16;0
5;2025-12-08;17;0
5;2025-12-08;18;0
5;2025-12-08;19;0
5;2025-12-08;20;0
5;2025-12-08;21;0
5;2025-12-08;22;0
5;2025-12-08;23;0
5;2025-12-09;0;0
5;2025-12-09;1;0
5;2025-12-09;2;0
5;2025-12-09;3;0
5;2025-12-09;4;0
5;2025-12-09;5;0
5;2025-12-09;6;0
5;2025-12-09;7;0
5;2025-12-09;8;0
5;2025-12-09;9;0
5;2025-12-09;10;0
5;2025-12-09;11;0
5;2025-12-09;12;0
5;2025-12-09;13;0
5;2025-12-09;14;0
5;2025-12-09;15;0
5;2025-12-09;16;0
5;2025-12-09;17;0
5;2025-12-09;18;0
5;2025-12-09;19;0
5;2025-12-09;20;0
5;2025-12-09;21;0
5;2025-12-09;22;0
5;2025-12-09;23;0
5;2025-12-10;0;0
5;2025-12-10;1;0
5;2025-12-10;2;0
5;2025-12-10;3;0
5;2025-12-10;4;0
5;2025-12-10;5;0
5;2025-12-10;6;0
5;2025-12-10;7;0
5;2025-12-10;8;0
5;2025-12-10;9;0
5;2025-12-10;10;0
5;2025-12-10;11;0
5;2025-12-10;12;0
5;2025-12-10;13;0
5;2025-12-10;14;0
5;2025-12-10;15;0
5;2025-12-10;16;0
5;2025-12-10;17;0
5;2025-12-10;18;0
5;2025-12-10;19;0
5;2025-12-10;20;0
5;2025-12-10;21;0
5;2025-12-10;22;0
5;2025-12-10;23;0
5;2025-12-11;0;0
5;2025-12-11;1;0
5;2025-12-11;2;0
5;2025-12-11;3;0
5;2025-12-11;4;0
5;2025-12-11;5;0
5;2025-12-11;6;0
5;2025-12-11;7;0
5;2025-12-11;8;0
5;2025-12-11;9;0
5;2025-12-11;10;0
5;2025-12-11;11;0
5;2025-12-11;12;0
5;2025-12-11;13;0
5;2025-12-11;14;0
5;2025-12-11;15;0
5;2025-12-11;16;0
5;2025-12-11;17;0
5;2025-12-11;18;0
5;2025-12-11;19;0
5;2025-12-11;20;0
5;2025-12-11;21;0
5;2025-12-11;22;0
5;2025-12-11;23;0
5;2025-12-12;0;0
5;2025-12-12;1;0
5;2025-12-12;2;0
5;2025-12-12;3;0
5;2025-12-12;4;0
5;2025-12-12;5;0
5;2025-12-12;6;0
5;2025-12-12;7;0
5;2025-12-12;8;0
5;2025-12-12;9;0
5;2025-12-12;10;0
5;2025-12-12;11;0
5;2025-12-12;12;0
5;2025-12-12;13;0
5;2025-12-12;14;0
5;2025-12-12;15;0
5;2025-12-12;16;0
5;2025-12-12;17;0
5;2025-12-12;18;0
5;2025-12-12;19;0
5;2025-12-12;20;0
5;2025-12-12;21;0
5;2025-12-12;22;0
5;2025-12-12;23;0
5;2025-12-13;0;0
5;2025-12-13;1;0
5;2025-12-13;2;0
5;2025-12-13;3;0
5;2025-12-13;4;0
5;2025-12-13;5;0
5;2025-12-13;6;0
5;2025-12-13;7;0
5;2025-12-13;8;0
5;2025-12-13;9;0
5;2025-12-13;10;0
5;2025-12-13;11;0
5;2025-12-13;12;0
5;2025-12-13;13;0
5;2025-12-13;14;0
5;2025-12-13;15;0
5;2025-12-13;16;0
5;2025-12-13;17;0
5;2025-12-13;18;0
5;2025-12-13;19;0
5;2025-12-13;20;0
5;2025-12-13;21;0
5;2025-12-13;22;0
5;2025-12-13;23;0
5;2025-12-14;0;0
5;2025-12-14;1;0
5;2025-12-14;2;0
5;2025-12-14;3;0
5;2025-12-14;4;0
5;2025-12-14;5;0
5;2025-12-14;6;0
5;2025-12-14;7;0
5;2025-12-14;8;0
5;2025-12-14;9;0
5;2025-12-14;10;0
5;2025-12-14;11;0
5;2025-12-14;12;0
5;2025-12-14;13;0
5;2025-12-14;14;0
5;2025-12-14;15;0
5;2025-12-14;16;0
5;2025-12-14;17;0
5;2025-12-14;18;0
5;2025-12-14;19;0
5;2025-12-14;20;0
5;2025-12-14;21;0
5;2025-12-14;22;0
5;2025-12-14;23;0
5;2025-12-15;0;0
5;2025-12-15;1;0
5;2025-12-15;2;0
5;2025-12-15;3;0
5;2025-12-15;4;0
5;2025-12-15;5;0
5;2025-12-15;6;0
5;2025-12-15;7;0
5;2025-12-15;8;0
5;2025-12-15;9;0
5;2025-12-15;10;0
5;2025-12-15;11;0
5;2025-12-15;12;0
5;2025-12-15;13;0
5;2025-12-15;14;0
5;2025-12-15;15;0
5;2025-12-15;16;0
5;2025-12-15;17;0
5;2025-12-15;18;0
5;2025-12-15;19;0
5;2025-12-15;20;0
5;2025-12-15;21;0
5;2025-12-15;22;0
5;2025-12-15;23;0
5;2025-12-16;0;0
5;2025-12-16;1;0
5;2025-12-16;2;0
5;2025-12-16;3;0
5;2025-12-16;4;0
5;2025-12-16;5;0
5;2025-12-16;6;0
5;2025-12-16;7;0
5;2025-12-16;8;0
5;2025-12-16;9;0
5;2025-12-16;10;0
5;2025-12-16;11;0
5;2025-12-16;12;0
5;2025-12-16;13;0
5;2025-12-16;14;0
5;2025-12-16;15;0
5;2025-12-16;16;0
5;2025-12-16;17;0
5;2025-12-16;18;0
5;2025-12-16;19;0
5;2025-12-16;20;0
5;2025-12-16;21;0
5;2025-12-16;22;0
5;2025-12-16;23;0
5;2025-12-17;0;0
5;2025-12-17;1;0
5;2025-12-17;2;0
5;2025-12-17;3;0
5;2025-12-17;4;0
5;2025-12-17;5;0
5;2025-12-17;6;0
5;2025-12-17;7;0
5;2025-12-17;8;0
5;2025-12-17;9;0
5;2025-12-17;10;0
5;2025-12-17;11;0
5;2025-12-17;12;0
5;2025-12-17;13;0
5;2025-12-17;14;0
5;2025-12-17;15;0
5;2025-12-17;16;0
5;2025-12-17;17;0
5;2025-12-17;18;0
5;2025-12-17;19;0
5;2025-12-17;20;0
5;2025-12-17;21;0
5;2025-12-17;22;0
5;2025-12-17;23;0
5;2025-12-18;0;0
5;2025-12-18;1;0
5;2025-12-18;2;0
5;2025-12-18;3;0
5;2025-12-18;4;0
5;2025-12-18;5;0
5;2025-12-18;6;0
5;2025-12-18;7;0
5;2025-12-18;8;0
5;2025-12-18;9;0
5;2025-12-18;10;0
5;2025-12-18;11;0
5;2025-12-18;12;0
5;2025-12-18;13;0
5;2025-12-18;14;0
5;2025-12-18;15;0
5;2025-12-18;16;0
5;2025-12-18;17;0
5;2025-12-18;18;0
5;2025-12-18;19;0
5;2025-12-18;20;0
5;2025-12-18;21;0
5;2025-12-18;22;0
5;2025-12-18;23;0
5;2025-12-19;0;0
5;2025-12-19;1;0
5;2025-12-19;2;0
5;2025-12-19;3;0
5;2025-12-19;4;0
5;2025-12-19;5;0
5;2025-12-19;6;0
5;2025-12-19;7;0
5;2025-12-19;8;0
5;2025-12-19;9;0
5;2025-12-19;10;0
5;2025-12-19;11;0
5;2025-12-19;12;0
5;2025-12-19;13;0
5;2025-12-19;14;0
5;2025-12-19;15;0
5;2025-12-19;16;0
5;2025-12-19;17;0
5;2025-12-19;18;0
5;2025-12-19;19;0
5;2025-12-19;20;0
5;2025-12-19;21;0
5;2025-12-19;22;0
5;2025-12-19;23;0
5;2025-12-20;0;0
5;2025-12-20;1;0
5;2025-12-20;2;0
5;2025-12-20;3;0
5;2025-12-20;4;0
5;2025-12-20;5;0
5;2025-12-20;6;0
5;2025-12-20;7;0
5;2025-12-20;8;0
5;2025-12-20;9;0
5;2025-12-20;10;0
5;2025-12-20;11;0
5;2025-12-20;12;0
5;2025-12-20;13;0
5;2025-12-20;14;0
5;2025-12-20;15;0
5;2025-12-20;16;0
5;2025-12-20;17;0
5;2025-12-20;18;0
5;2025-12-20;19;0
5;2025-12-20;20;0
5;2025-12-20;21;0
5;2025-12-20;22;0
5;2025-12-20;23;0
5;2025-12-21;0;0
5;2025-12-21;1;0
5;2025-12-21;2;0
5;2025-12-21;3;0
5;2025-12-21;4;0
5;2025-12-21;5;0
5;2025-12-21;6;0
5;2025-12-21;7;0
5;2025-12-21;8;0
5;2025-12-21;9;0
5;2025-12-21;10;0
5;2025-12-21;11;0
5;2025-12-21;12;0
5;2025-12-21;13;0
5;2025-12-21;14;0
5;2025-12-21;15;0
5;2025-12-21;16;0
5;2025-12-21;17;0
5;2025-12-21;18;0
5;2025-12-21;19;0
5;2025-12-21;20;0
5;2025-12-21;21;0
5;2025-12-21;22;0
5;2025-12-21;23;0
5;2025-12-22;0;0
5;2025-12-22;1;0
5;2025-12-22;2;0
5;2025-12-22;3;0
5;2025-12-22;4;0
5;2025-12-22;5;0
5;2025-12-22;6;0
5;2025-12-22;7;0
5;2025-12-22;8;0
5;2025-12-22;9;0
5;2025-12-22;10;0
5;2025-12-22;11;0
5;2025-12-22;12;0
5;2025-12-22;13;0
5;2025-12-22;14;0
5;2025-12-22;15;0
5;2025-12-22;16;0
5;2025-12-22;17;0
5;2025-12-22;18;0
5;2025-12-22;19;0
5;2025-12-22;20;0
5;2025-12-22;21;0
5;2025-12-22;22;0
5;2025-12-22;23;0
5;2025-12-23;0;0
5;2025-12-23;1;0
5;2025-12-23;2;0
5;2025-12-23;3;0
5;2025-12-23;4;0
5;2025-12-23;5;0
5;2025-12-23;6;0
5;2025-12-23;7;0
5;2025-12-23;8;0
5;2025-12-23;9;0
5;2025-12-23;10;0
5;2025-12-23;11;0
5;2025-12-23;12;0
5;2025-12-23;13;0
5;2025-12-23;14;0
5;2025-12-23;15;0
5;2025-12-23;16;0
5;2025-12-23;17;0
5;2025-12-23;18;0
5;2025-12-23;19;0
5;2025-12-23;20;0
5;2025-12-23;21;0
5;2025-12-23;22;0
5;2025-12-23;23;0
5;2025-12-24;0;0
5;2025-12-24;1;0
5;2025-12-24;2;0
5;2025-12-24;3;0
5;2025-12-24;4;0
5;2025-12-24;5;0
5;2025-12-24;6;0
5;2025-12-24;7;0
5;2025-12-24;8;0
5;2025-12-24;9;0
5;2025-12-24;10;0
5;2025-12-24;11;0
5;2025-12-24;12;0
5;2025-12-24;13;0
5;2025-12-24;14;0
5;2025-12-24;15;0
5;2025-12-24;16;0
5;2025-12-24;17;0
5;2025-12-24;18;0
5;2025-12-24;19;0
5;2025-12-24;20;0
5;2025-12-24;21;0
5;2025-12-24;22;0
5;2025-12-24;23;0
5;2025-12-25;0;0
5;2025-12-25;1;0
5;2025-12-25;2;0
5;2025-12-25;3;0
5;2025-12-25;4;0
5;2025-12-25;5;0
5;2025-12-25;6;0
5;2025-12-25;7;0
5;2025-12-25;8;0
5;2025-12-25;9;0
5;2025-12-25;10;0
5;2025-12-25;11;0
5;2025-12-25;12;0
5;2025-12-25;13;0
5;2025-12-25;14;0
5;2025-12-25;15;0
5;2025-12-25;16;0
5;2025-12-25;17;0
5;2025-12-25;18;0
5;2025-12-25;19;0
5;2025-12-25;20;0
5;2025-12-25;21;0
5;2025-12-25;22;0
5;2025-12-25;23;0
5;2025-12-26;0;0
5;2025-12-26;1;0
5;2025-12-26;2;0
5;2025-12-26;3;0
5;2025-12-26;4;0
5;2025-12-26;5;0
5;2025-12-26;6;0
5;2025-12-26;7;0
5;2025-12-26;8;0
5;2025-12-26;9;0
5;2025-12-26;10;0
5;2025-12-26;11;0
5;2025-12-26;12;0
5;2025-12-26;13;0
5;2025-12-26;14;0
5;2025-12-26;15;0
5;2025-12-26;16;0
5;2025-12-26;17;0
5;2025-12-26;18;0
5;2025-12-26;19;0
5;2025-12-26;20;0
5;2025-12-26;21;0
5;2025-12-26;22;0
5;2025-12-26;23;0
5;2025-12-27;0;0
5;2025-12-27;1;0
5;2025-12-27;2;0
5;2025-12-27;3;0
5;2025-12-27;4;0
5;2025-12-27;5;0
5;2025-12-27;6;0
5;2025-12-27;7;0
5;2025-12-27;8;0
5;2025-12-27;9;0
5;2025-12-27;10;0
5;2025-12-27;11;0
5;2025-12-27;12;0
5;2025-12-27;13;0
5;2025-12-27;14;0
5;2025-12-27;15;0
5;2025-12-27;16;0
5;2025-12-27;17;0
5;2025-12-27;18;0
5;2025-12-27;19;0
5;2025-12-27;20;0
5;2025-12-27;21;0
5;2025-12-27;22;0
5;2025-12-27;23;0
5;2025-12-28;0;0
5;2025-12-28;1;0
5;2025-12-28;2;0
5;2025-12-28;3;0
5;2025-12-28;4;0
5;2025-12-28;5;0
5;2025-12-28;6;0
5;2025-12-28;7;0
5;2025-12-28;8;0
5;2025-12-28;9;0
5;2025-12-28;10;0
5;2025-12-28;11;0
5;2025-12-28;12;0
5;2025-12-28;13;0
5;2025-12-28;14;0
5;2025-12-28;15;0
5;2025-12-28;16;0
5;2025-12-28;17;0
5;2025-12-28;18;0
5;2025-12-28;19;0
5;2025-12-28;20;0
5;2025-12-28;21;0
5;2025-12-28;22;0
5;2025-12-28;23;0
5;2025-12-29;0;0
5;2025-12-29;1;0
5;2025-12-29;2;0
5;2025-12-29;3;0
5;2025-12-29;4;0
5;2025-12-29;5;0
5;2025-12-29;6;0
5;2025-12-29;7;0
5;2025-12-29;8;0
5;2025-12-29;9;0
5;2025-12-29;10;0
5;2025-12-29;11;0
5;2025-12-29;12;0
5;2025-12-29;13;0
5;2025-12-29;14;0
5;2025-12-29;15;0
5;2025-12-29;16;0
5;2025-12-29;17;0
5;2025-12-29;18;0
5;2025-12-29;19;0
5;2025-12-29;20;0
5;2025-12-29;21;0
5;2025-12-29;22;0
5;2025-12-29;23;0
5;2025-12-30;0;0
5;2025-12-30;1;0
5;2025-12-30;2;0
5;2025-12-30;3;0
5;2025-12-30;4;0
5;2025-12-30;5;0
5;2025-12-30;6;0
5;2025-12-30;7;0
5;2025-12-30;8;0
5;2025-12-30;9;0
5;2025-12-30;10;0
5;2025-12-30;11;0
5;2025-12-30;12;0
5;2025-12-30;13;0
5;2025-12-30;14;0
5;2025-12-30;15;0
5;2025-12-30;16;0
5;2025-12-30;17;0
5;2025-12-30;18;0
5;2025-12-30;19;0
5;2025-12-30;20;0
5;2025-12-30;21;0
5;2025-12-30;22;0
5;2025-12-30;23;0
5;2025-12-31;0;0
5;2025-12-31;1;0
5;2025-12-31;2;0
5;2025-12-31;3;0
5;2025-12-31;4;0
5;2025-12-31;5;0
5;2025-12-31;6;0
5;2025-12-31;7;0
5;2025-12-31;8;0
5;2025-12-31;9;0
5;2025-12-31;10;0
5;2025-12-31;11;0
5;2025-12-31;12;0
5;2025-12-31;13;0
5;2025-12-31;14;0
5;2025-12-31;15;0
5;2025-12-31;16;0
5;2025-12-31;17;0
5;2025-12-31;18;0
5;2025-12-31;19;0
5;2025-12-31;20;0
5;2025-12-31;21;0
5;2025-12-31;22;0
5;2025-12-31;23;0
7;2025-11-01;0;85
7;2025-11-01;1;18
7;2025-11-01;2;0
7;2025-11-01;3;0
7;2025-11-01;4;1
7;2025-11-01;5;135
7;2025-11-01;6;504
7;2025-11-01;7;1119
7;2025-11-01;8;1766
7;2025-11-01;9;1368
7;2025-11-01;10;1363
7;2025-11-01;11;1291
7;2025-11-01;12;1424
7;2025-11-01;13;1430
7;2025-11-01;14;1470
7;2025-11-01;15;1565
7;2025-11-01;16;1715
7;2025-11-01;17;1848
7;2025-11-01;18;1611
7;2025-11-01;19;1177
7;2025-11-01;20;855
7;2025-11-01;21;538
7;2025-11-01;22;297
7;2025-11-01;23;216
7;2025-11-02;0;88
7;2025-11-02;1;21
7;2025-11-02;2;0
7;2025-11-02;3;0
7;2025-11-02;4;1
7;2025-11-02;5;28
7;2025-11-02;6;125
7;2025-11-02;7;167
7;2025-11-02;8;358
7;2025-11-02;9;471
7;2025-11-02;10;388
7;2025-11-02;11;560
7;2025-11-02;12;614
7;2025-11-02;13;609
7;2025-11-02;14;652
7;2025-11-02;15;671
7;2025-11-02;16;591
7;2025-11-02;17;609
7;2025-11-02;18;609
7;2025-11-02;19;459
7;2025-11-02;20;384
7;2025-11-02;21;288
7;2025-11-02;22;151
7;2025-11-02;23;112
7;2025-11-03;0;92
7;2025-11-03;1;22
7;2025-11-03;2;0
7;2025-11-03;3;0
7;2025-11-03;4;1
7;2025-11-03;5;32
7;2025-11-03;6;155
7;2025-11-03;7;197
7;2025-11-03;8;426
7;2025-11-03;9;489
7;2025-11-03;10;440
7;2025-11-03;11;581
7;2025-11-03;12;677
7;2025-11-03;13;661
7;2025-11-03;14;690
7;2025-11-03;15;699
7;2025-11-03;16;640
7;2025-11-03;17;651
7;2025-11-03;18;635
7;2025-11-03;19;494
7;2025-11-03;20;412
7;2025-11-03;21;306
7;2025-11-03;22;163
7;2025-11-03;23;124
7;2025-11-04;0;82
7;2025-11-04;1;20
7;2025-11-04;2;0
7;2025-11-04;3;0
7;2025-11-04;4;1
7;2025-11-04;5;27
7;2025-11-04;6;129
7;2025-11-04;7;167
7;2025-11-04;8;360
7;2025-11-04;9;435
7;2025-11-04;10;379
7;2025-11-04;11;517
7;2025-11-04;12;589
7;2025-11-04;13;578
7;2025-11-04;14;609
7;2025-11-04;15;621
7;2025-11-04;16;560
7;2025-11-04;17;573
7;2025-11-04;18;564
7;2025-11-04;19;433
7;2025-11-04;20;362
7;2025-11-04;21;270
7;2025-11-04;22;143
7;2025-11-04;23;108
7;2025-11-05;0;56
7;2025-11-05;1;10
7;2025-11-05;2;0
7;2025-11-05;3;0
7;2025-11-05;4;2
7;2025-11-05;5;196
7;2025-11-05;6;634
7;2025-11-05;7;1576
7;2025-11-05;8;2534
7;2025-11-05;9;1932
7;2025-11-05;10;1748
7;2025-11-05;11;1554
7;2025-11-05;12;1781
7;2025-11-05;13;1568
7;2025-11-05;14;1618
7;2025-11-05;15;1796
7;2025-11-05;16;1900
7;2025-11-05;17;2493
7;2025-11-05;18;2553
7;2025-11-05;19;1710
7;2025-11-05;20;1083
7;2025-11-05;21;636
7;2025-11-05;22;310
7;2025-11-05;23;191
7;2025-11-06;0;64
7;2025-11-06;1;17
7;2025-11-06;2;0
7;2025-11-06;3;0
7;2025-11-06;4;1
7;2025-11-06;5;180
7;2025-11-06;6;638
7;2025-11-06;7;1623
7;2025-11-06;8;2459
7;2025-11-06;9;1826
7;2025-11-06;10;1592
7;2025-11-06;11;1534
7;2025-11-06;12;1700
7;2025-11-06;13;1574
7;2025-11-06;14;1758
7;2025-11-06;15;1743
7;2025-11-06;16;1865
7;2025-11-06;17;2264
7;2025-11-06;18;2633
7;2025-11-06;19;1639
7;2025-11-06;20;1053
7;2025-11-06;21;635
7;2025-11-06;22;311
7;2025-11-06;23;212
7;2025-11-07;0;74
7;2025-11-07;1;15
7;2025-11-07;2;0
7;2025-11-07;3;0
7;2025-11-07;4;2
7;2025-11-07;5;172
7;2025-11-07;6;605
7;2025-11-07;7;1461
7;2025-11-07;8;2227
7;2025-11-07;9;1699
7;2025-11-07;10;1667
7;2025-11-07;11;1541
7;2025-11-07;12;1630
7;2025-11-07;13;1660
7;2025-11-07;14;1723
7;2025-11-07;15;1868
7;2025-11-07;16;2082
7;2025-11-07;17;2275
7;2025-11-07;18;1967
7;2025-11-07;19;1401
7;2025-11-07;20;991
7;2025-11-07;21;600
7;2025-11-07;22;333
7;2025-11-07;23;236
7;2025-11-08;0;110
7;2025-11-08;1;25
7;2025-11-08;2;0
7;2025-11-08;3;0
7;2025-11-08;4;1
7;2025-11-08;5;48
7;2025-11-08;6;266
7;2025-11-08;7;311
7;2025-11-08;8;676
7;2025-11-08;9;587
7;2025-11-08;10;643
7;2025-11-08;11;699
7;2025-11-08;12;934
7;2025-11-08;13;883
7;2025-11-08;14;872
7;2025-11-08;15;848
7;2025-11-08;16;848
7;2025-11-08;17;840
7;2025-11-08;18;769
7;2025-11-08;19;646
7;2025-11-08;20;534
7;2025-11-08;21;391
7;2025-11-08;22;213
7;2025-11-08;23;168
7;2025-11-09;0;93
7;2025-11-09;1;22
7;2025-11-09;2;0
7;2025-11-09;3;1
7;2025-11-09;4;1
7;2025-11-09;5;29
7;2025-11-09;6;132
7;2025-11-09;7;176
7;2025-11-09;8;378
7;2025-11-09;9;497
7;2025-11-09;10;410
7;2025-11-09;11;591
7;2025-11-09;12;649
7;2025-11-09;13;643
7;2025-11-09;14;688
7;2025-11-09;15;709
7;2025-11-09;16;624
7;2025-11-09;17;643
7;2025-11-09;18;644
7;2025-11-09;19;485
7;2025-11-09;20;406
7;2025-11-09;21;304
7;2025-11-09;22;160
7;2025-11-09;23;118
7;2025-11-10;0;63
7;2025-11-10;1;11
7;2025-11-10;2;0
7;2025-11-10;3;0
7;2025-11-10;4;1
7;2025-11-10;5;192
7;2025-11-10;6;624
7;2025-11-10;7;1634
7;2025-11-10;8;2569
7;2025-11-10;9;1819
7;2025-11-10;10;1610
7;2025-11-10;11;1507
7;2025-11-10;12;1510
7;2025-11-10;13;1550
7;2025-11-10;14;1577
7;2025-11-10;15;1719
7;2025-11-10;16;1796
7;2025-11-10;17;2378
7;2025-11-10;18;2560
7;2025-11-10;19;1726
7;2025-11-10;20;1068
7;2025-11-10;21;599
7;2025-11-10;22;292
7;2025-11-10;23;160
7;2025-11-11;0;56
7;2025-11-11;1;13
7;2025-11-11;2;0
7;2025-11-11;3;0
7;2025-11-11;4;2
7;2025-11-11;5;192
7;2025-11-11;6;626
7;2025-11-11;7;1717
7;2025-11-11;8;2466
7;2025-11-11;9;1924
7;2025-11-11;10;1680
7;2025-11-11;11;1595
7;2025-11-11;12;1675
7;2025-11-11;13;1627
7;2025-11-11;14;1587
7;2025-11-11;15;1850
7;2025-11-11;16;1836
7;2025-11-11;17;2367
7;2025-11-11;18;2705
7;2025-11-11;19;1824
7;2025-11-11;20;1148
7;2025-11-11;21;697
7;2025-11-11;22;327
7;2025-11-11;23;202
7;2025-11-12;0;56
7;2025-11-12;1;10
7;2025-11-12;2;0
7;2025-11-12;3;0
7;2025-11-12;4;2
7;2025-11-12;5;195
7;2025-11-12;6;630
7;2025-11-12;7;1566
7;2025-11-12;8;2517
7;2025-11-12;9;1919
7;2025-11-12;10;1736
7;2025-11-12;11;1544
7;2025-11-12;12;1769
7;2025-11-12;13;1558
7;2025-11-12;14;1607
7;2025-11-12;15;1784
7;2025-11-12;16;1887
7;2025-11-12;17;2476
7;2025-11-12;18;2536
7;2025-11-12;19;1698
7;2025-11-12;20;1076
7;2025-11-12;21;632
7;2025-11-12;22;309
7;2025-11-12;23;191
7;2025-11-13;0;64
7;2025-11-13;1;17
7;2025-11-13;2;0
7;2025-11-13;3;0
7;2025-11-13;4;1
7;2025-11-13;5;181
7;2025-11-13;6;642
7;2025-11-13;7;1633
7;2025-11-13;8;2474
7;2025-11-13;9;1837
7;2025-11-13;10;1602
7;2025-11-13;11;1543
7;2025-11-13;12;1710
7;2025-11-13;13;1584
7;2025-11-13;14;1769
7;2025-11-13;15;1754
7;2025-11-13;16;1877
7;2025-11-13;17;2278
7;2025-11-13;18;2650
7;2025-11-13;19;1649
7;2025-11-13;20;1060
7;2025-11-13;21;639
7;2025-11-13;22;312
7;2025-11-13;23;212
7;2025-11-14;0;74
7;2025-11-14;1;15
7;2025-11-14;2;0
7;2025-11-14;3;0
7;2025-11-14;4;2
7;2025-11-14;5;172
7;2025-11-14;6;606
7;2025-11-14;7;1465
7;2025-11-14;8;2234
7;2025-11-14;9;1704
7;2025-11-14;10;1672
7;2025-11-14;11;1546
7;2025-11-14;12;1635
7;2025-11-14;13;1665
7;2025-11-14;14;1728
7;2025-11-14;15;1874
7;2025-11-14;16;2088
7;2025-11-14;17;2282
7;2025-11-14;18;1973
7;2025-11-14;19;1405
7;2025-11-14;20;994
7;2025-11-14;21;602
7;2025-11-14;22;334
7;2025-11-14;23;236
7;2025-11-15;0;102
7;2025-11-15;1;26
7;2025-11-15;2;0
7;2025-11-15;3;0
7;2025-11-15;4;1
7;2025-11-15;5;61
7;2025-11-15;6;319
7;2025-11-15;7;489
7;2025-11-15;8;750
7;2025-11-15;9;863
7;2025-11-15;10;943
7;2025-11-15;11;1115
7;2025-11-15;12;1253
7;2025-11-15;13;1308
7;2025-11-15;14;1386
7;2025-11-15;15;1268
7;2025-11-15;16;1192
7;2025-11-15;17;1179
7;2025-11-15;18;1094
7;2025-11-15;19;1078
7;2025-11-15;20;807
7;2025-11-15;21;659
7;2025-11-15;22;356
7;2025-11-15;23;217
7;2025-11-16;0;103
7;2025-11-16;1;22
7;2025-11-16;2;2
7;2025-11-16;3;4
7;2025-11-16;4;1
7;2025-11-16;5;45
7;2025-11-16;6;223
7;2025-11-16;7;322
7;2025-11-16;8;528
7;2025-11-16;9;678
7;2025-11-16;10;775
7;2025-11-16;11;959
7;2025-11-16;12;1072
7;2025-11-16;13;1124
7;2025-11-16;14;1235
7;2025-11-16;15;1141
7;2025-11-16;16;1059
7;2025-11-16;17;1112
7;2025-11-16;18;969
7;2025-11-16;19;841
7;2025-11-16;20;692
7;2025-11-16;21;556
7;2025-11-16;22;311
7;2025-11-16;23;175
7;2025-11-17;0;63
7;2025-11-17;1;11
7;2025-11-17;2;0
7;2025-11-17;3;0
7;2025-11-17;4;1
7;2025-11-17;5;191
7;2025-11-17;6;616
7;2025-11-17;7;1614
7;2025-11-17;8;2537
7;2025-11-17;9;1796
7;2025-11-17;10;1590
7;2025-11-17;11;1488
7;2025-11-17;12;1491
7;2025-11-17;13;1531
7;2025-11-17;14;1557
7;2025-11-17;15;1698
7;2025-11-17;16;1774
7;2025-11-17;17;2349
7;2025-11-17;18;2528
7;2025-11-17;19;1704
7;2025-11-17;20;1055
7;2025-11-17;21;591
7;2025-11-17;22;290
7;2025-11-17;23;159
7;2025-11-18;0;56
7;2025-11-18;1;13
7;2025-11-18;2;0
7;2025-11-18;3;0
7;2025-11-18;4;2
7;2025-11-18;5;191
7;2025-11-18;6;616
7;2025-11-18;7;1690
7;2025-11-18;8;2426
7;2025-11-18;9;1893
7;2025-11-18;10;1653
7;2025-11-18;11;1569
7;2025-11-18;12;1649
7;2025-11-18;13;1601
7;2025-11-18;14;1562
7;2025-11-18;15;1821
7;2025-11-18;16;1807
7;2025-11-18;17;2330
7;2025-11-18;18;2662
7;2025-11-18;19;1795
7;2025-11-18;20;1130
7;2025-11-18;21;686
7;2025-11-18;22;324
7;2025-11-18;23;202
7;2025-11-19;0;56
7;2025-11-19;1;10
7;2025-11-19;2;0
7;2025-11-19;3;0
7;2025-11-19;4;2
7;2025-11-19;5;196
7;2025-11-19;6;632
7;2025-11-19;7;1573
7;2025-11-19;8;2528
7;2025-11-19;9;1928
7;2025-11-19;10;1744
7;2025-11-19;11;1551
7;2025-11-19;12;1777
7;2025-11-19;13;1565
7;2025-11-19;14;1614
7;2025-11-19;15;1792
7;2025-11-19;16;1895
7;2025-11-19;17;2487
7;2025-11-19;18;2547
7;2025-11-19;19;1706
7;2025-11-19;20;1081
7;2025-11-19;21;634
7;2025-11-19;22;310
7;2025-11-19;23;191
7;2025-11-20;0;64
7;2025-11-20;1;17
7;2025-11-20;2;0
7;2025-11-20;3;0
7;2025-11-20;4;1
7;2025-11-20;5;181
7;2025-11-20;6;640
7;2025-11-20;7;1629
7;2025-11-20;8;2468
7;2025-11-20;9;1833
7;2025-11-20;10;1598
7;2025-11-20;11;1540
7;2025-11-20;12;1706
7;2025-11-20;13;1580
7;2025-11-20;14;1765
7;2025-11-20;15;1750
7;2025-11-20;16;1872
7;2025-11-20;17;2272
7;2025-11-20;18;2643
7;2025-11-20;19;1645
7;2025-11-20;20;1057
7;2025-11-20;21;637
7;2025-11-20;22;312
7;2025-11-20;23;212
7;2025-11-21;0;74
7;2025-11-21;1;15
7;2025-11-21;2;0
7;2025-11-21;3;0
7;2025-11-21;4;2
7;2025-11-21;5;172
7;2025-11-21;6;603
7;2025-11-21;7;1458
7;2025-11-21;8;2222
7;2025-11-21;9;1695
7;2025-11-21;10;1663
7;2025-11-21;11;1538
7;2025-11-21;12;1626
7;2025-11-21;13;1656
7;2025-11-21;14;1719
7;2025-11-21;15;1864
7;2025-11-21;16;2077
7;2025-11-21;17;2269
7;2025-11-21;18;1962
7;2025-11-21;19;1398
7;2025-11-21;20;988
7;2025-11-21;21;599
7;2025-11-21;22;333
7;2025-11-21;23;236
7;2025-11-22;0;102
7;2025-11-22;1;26
7;2025-11-22;2;0
7;2025-11-22;3;0
7;2025-11-22;4;1
7;2025-11-22;5;61
7;2025-11-22;6;323
7;2025-11-22;7;495
7;2025-11-22;8;759
7;2025-11-22;9;873
7;2025-11-22;10;954
7;2025-11-22;11;1128
7;2025-11-22;12;1268
7;2025-11-22;13;1324
7;2025-11-22;14;1403
7;2025-11-22;15;1283
7;2025-11-22;16;1206
7;2025-11-22;17;1194
7;2025-11-22;18;1107
7;2025-11-22;19;1092
7;2025-11-22;20;817
7;2025-11-22;21;667
7;2025-11-22;22;358
7;2025-11-22;23;218
7;2025-11-23;0;103
7;2025-11-23;1;22
7;2025-11-23;2;2
7;2025-11-23;3;4
7;2025-11-23;4;1
7;2025-11-23;5;45
7;2025-11-23;6;223
7;2025-11-23;7;323
7;2025-11-23;8;531
7;2025-11-23;9;681
7;2025-11-23;10;778
7;2025-11-23;11;962
7;2025-11-23;12;1076
7;2025-11-23;13;1128
7;2025-11-23;14;1240
7;2025-11-23;15;1145
7;2025-11-23;16;1063
7;2025-11-23;17;1117
7;2025-11-23;18;973
7;2025-11-23;19;844
7;2025-11-23;20;695
7;2025-11-23;21;558
7;2025-11-23;22;312
7;2025-11-23;23;175
7;2025-11-24;0;63
7;2025-11-24;1;11
7;2025-11-24;2;0
7;2025-11-24;3;0
7;2025-11-24;4;1
7;2025-11-24;5;190
7;2025-11-24;6;612
7;2025-11-24;7;1602
7;2025-11-24;8;2518
7;2025-11-24;9;1783
7;2025-11-24;10;1578
7;2025-11-24;11;1477
7;2025-11-24;12;1480
7;2025-11-24;13;1519
7;2025-11-24;14;1546
7;2025-11-24;15;1685
7;2025-11-24;16;1761
7;2025-11-24;17;2332
7;2025-11-24;18;2510
7;2025-11-24;19;1692
7;2025-11-24;20;1047
7;2025-11-24;21;587
7;2025-11-24;22;289
7;2025-11-24;23;159
7;2025-11-25;0;56
7;2025-11-25;1;13
7;2025-11-25;2;0
7;2025-11-25;3;0
7;2025-11-25;4;2
7;2025-11-25;5;192
7;2025-11-25;6;626
7;2025-11-25;7;1716
7;2025-11-25;8;2465
7;2025-11-25;9;1923
7;2025-11-25;10;1679
7;2025-11-25;11;1594
7;2025-11-25;12;1675
7;2025-11-25;13;1626
7;2025-11-25;14;1586
7;2025-11-25;15;1850
7;2025-11-25;16;1836
7;2025-11-25;17;2366
7;2025-11-25;18;2704
7;2025-11-25;19;1824
7;2025-11-25;20;1147
7;2025-11-25;21;696
7;2025-11-25;22;327
7;2025-11-25;23;202
7;2025-11-26;0;56
7;2025-11-26;1;10
7;2025-11-26;2;0
7;2025-11-26;3;0
7;2025-11-26;4;2
7;2025-11-26;5;194
7;2025-11-26;6;619
7;2025-11-26;7;1539
7;2025-11-26;8;2474
7;2025-11-26;9;1887
7;2025-11-26;10;1707
7;2025-11-26;11;1518
7;2025-11-26;12;1739
7;2025-11-26;13;1531
7;2025-11-26;14;1580
7;2025-11-26;15;1753
7;2025-11-26;16;1855
7;2025-11-26;17;2434
7;2025-11-26;18;2493
7;2025-11-26;19;1669
7;2025-11-26;20;1058
7;2025-11-26;21;621
7;2025-11-26;22;307
7;2025-11-26;23;190
7;2025-11-27;0;64
7;2025-11-27;1;17
7;2025-11-27;2;0
7;2025-11-27;3;0
7;2025-11-27;4;1
7;2025-11-27;5;180
7;2025-11-27;6;633
7;2025-11-27;7;1611
7;2025-11-27;8;2440
7;2025-11-27;9;1812
7;2025-11-27;10;1580
7;2025-11-27;11;1522
7;2025-11-27;12;1687
7;2025-11-27;13;1562
7;2025-11-27;14;1745
7;2025-11-27;15;1730
7;2025-11-27;16;1851
7;2025-11-27;17;2247
7;2025-11-27;18;2613
7;2025-11-27;19;1626
7;2025-11-27;20;1045
7;2025-11-27;21;630
7;2025-11-27;22;310
7;2025-11-27;23;212
7;2025-11-28;0;74
7;2025-11-28;1;15
7;2025-11-28;2;0
7;2025-11-28;3;0
7;2025-11-28;4;2
7;2025-11-28;5;171
7;2025-11-28;6;601
7;2025-11-28;7;1452
7;2025-11-28;8;2213
7;2025-11-28;9;1688
7;2025-11-28;10;1656
7;2025-11-28;11;1532
7;2025-11-28;12;1620
7;2025-11-28;13;1650
7;2025-11-28;14;1712
7;2025-11-28;15;1857
7;2025-11-28;16;2069
7;2025-11-28;17;2261
7;2025-11-28;18;1955
7;2025-11-28;19;1392
7;2025-11-28;20;984
7;2025-11-28;21;596
7;2025-11-28;22;332
7;2025-11-28;23;236
7;2025-11-29;0;102
7;2025-11-29;1;26
7;2025-11-29;2;0
7;2025-11-29;3;0
7;2025-11-29;4;1
7;2025-11-29;5;62
7;2025-11-29;6;328
7;2025-11-29;7;504
7;2025-11-29;8;773
7;2025-11-29;9;889
7;2025-11-29;10;971
7;2025-11-29;11;1149
7;2025-11-29;12;1291
7;2025-11-29;13;1348
7;2025-11-29;14;1428
7;2025-11-29;15;1306
7;2025-11-29;16;1228
7;2025-11-29;17;1215
7;2025-11-29;18;1127
7;2025-11-29;19;1111
7;2025-11-29;20;832
7;2025-11-29;21;679
7;2025-11-29;22;361
7;2025-11-29;23;219
7;2025-11-30;0;103
7;2025-11-30;1;22
7;2025-11-30;2;2
7;2025-11-30;3;4
7;2025-11-30;4;1
7;2025-11-30;5;45
7;2025-11-30;6;224
7;2025-11-30;7;324
7;2025-11-30;8;532
7;2025-11-30;9;682
7;2025-11-30;10;780
7;2025-11-30;11;964
7;2025-11-30;12;1079
7;2025-11-30;13;1130
7;2025-11-30;14;1243
7;2025-11-30;15;1147
7;2025-11-30;16;1065
7;2025-11-30;17;1119
7;2025-11-30;18;975
7;2025-11-30;19;846
7;2025-11-30;20;696
7;2025-11-30;21;560
7;2025-11-30;22;312
7;2025-11-30;23;176
7;2025-12-01;0;63
7;2025-12-01;1;11
7;2025-12-01;2;0
7;2025-12-01;3;0
7;2025-12-01;4;1
7;2025-12-01;5;192
7;2025-12-01;6;624
7;2025-12-01;7;1636
7;2025-12-01;8;2571
7;2025-12-01;9;1820
7;2025-12-01;10;1611
7;2025-12-01;11;1508
7;2025-12-01;12;1511
7;2025-12-01;13;1551
7;2025-12-01;14;1578
7;2025-12-01;15;1721
7;2025-12-01;16;1797
7;2025-12-01;17;2380
7;2025-12-01;18;2562
7;2025-12-01;19;1727
7;2025-12-01;20;1069
7;2025-12-01;21;599
7;2025-12-01;22;292
7;2025-12-01;23;160
7;2025-12-02;0;56
7;2025-12-02;1;13
7;2025-12-02;2;0
7;2025-12-02;3;0
7;2025-12-02;4;2
7;2025-12-02;5;192
7;2025-12-02;6;626
7;2025-12-02;7;1716
7;2025-12-02;8;2465
7;2025-12-02;9;1923
7;2025-12-02;10;1679
7;2025-12-02;11;1594
7;2025-12-02;12;1675
7;2025-12-02;13;1626
7;2025-12-02;14;1586
7;2025-12-02;15;1849
7;2025-12-02;16;1836
7;2025-12-02;17;2366
7;2025-12-02;18;2704
7;2025-12-02;19;1824
7;2025-12-02;20;1147
7;2025-12-02;21;696
7;2025-12-02;22;327
7;2025-12-02;23;202
7;2025-12-03;0;56
7;2025-12-03;1;10
7;2025-12-03;2;0
7;2025-12-03;3;0
7;2025-12-03;4;2
7;2025-12-03;5;196
7;2025-12-03;6;633
7;2025-12-03;7;1575
7;2025-12-03;8;2532
7;2025-12-03;9;1931
7;2025-12-03;10;1747
7;2025-12-03;11;1553
7;2025-12-03;12;1779
7;2025-12-03;13;1567
7;2025-12-03;14;1617
7;2025-12-03;15;1794
7;2025-12-03;16;1898
7;2025-12-03;17;2491
7;2025-12-03;18;2551
7;2025-12-03;19;1708
7;2025-12-03;20;1083
7;2025-12-03;21;635
7;2025-12-03;22;310
7;2025-12-03;23;191
7;2025-12-04;0;64
7;2025-12-04;1;17
7;2025-12-04;2;0
7;2025-12-04;3;0
7;2025-12-04;4;1
7;2025-12-04;5;181
7;2025-12-04;6;642
7;2025-12-04;7;1634
7;2025-12-04;8;2476
7;2025-12-04;9;1839
7;2025-12-04;10;1603
7;2025-12-04;11;1545
7;2025-12-04;12;1712
7;2025-12-04;13;1585
7;2025-12-04;14;1771
7;2025-12-04;15;1756
7;2025-12-04;16;1878
7;2025-12-04;17;2280
7;2025-12-04;18;2652
7;2025-12-04;19;1650
7;2025-12-04;20;1060
7;2025-12-04;21;639
7;2025-12-04;22;312
7;2025-12-04;23;212
7;2025-12-05;0;74
7;2025-12-05;1;15
7;2025-12-05;2;0
7;2025-12-05;3;0
7;2025-12-05;4;2
7;2025-12-05;5;172
7;2025-12-05;6;608
7;2025-12-05;7;1470
7;2025-12-05;8;2240
7;2025-12-05;9;1709
7;2025-12-05;10;1677
7;2025-12-05;11;1550
7;2025-12-05;12;1640
7;2025-12-05;13;1670
7;2025-12-05;14;1733
7;2025-12-05;15;1879
7;2025-12-05;16;2094
7;2025-12-05;17;2288
7;2025-12-05;18;1978
7;2025-12-05;19;1409
7;2025-12-05;20;996
7;2025-12-05;21;604
7;2025-12-05;22;334
7;2025-12-05;23;237
7;2025-12-06;0;103
7;2025-12-06;1;26
7;2025-12-06;2;0
7;2025-12-06;3;0
7;2025-12-06;4;1
7;2025-12-06;5;62
7;2025-12-06;6;329
7;2025-12-06;7;505
7;2025-12-06;8;775
7;2025-12-06;9;892
7;2025-12-06;10;974
7;2025-12-06;11;1153
7;2025-12-06;12;1295
7;2025-12-06;13;1352
7;2025-12-06;14;1433
7;2025-12-06;15;1311
7;2025-12-06;16;1232
7;2025-12-06;17;1219
7;2025-12-06;18;1131
7;2025-12-06;19;1115
7;2025-12-06;20;835
7;2025-12-06;21;682
7;2025-12-06;22;362
7;2025-12-06;23;219
7;2025-12-07;0;103
7;2025-12-07;1;22
7;2025-12-07;2;2
7;2025-12-07;3;4
7;2025-12-07;4;1
7;2025-12-07;5;45
7;2025-12-07;6;224
7;2025-12-07;7;324
7;2025-12-07;8;532
7;2025-12-07;9;683
7;2025-12-07;10;781
7;2025-12-07;11;965
7;2025-12-07;12;1080
7;2025-12-07;13;1132
7;2025-12-07;14;1244
7;2025-12-07;15;1149
7;2025-12-07;16;1067
7;2025-12-07;17;1120
7;2025-12-07;18;976
7;2025-12-07;19;847
7;2025-12-07;20;697
7;2025-12-07;21;560
7;2025-12-07;22;312
7;2025-12-07;23;176
7;2025-12-08;0;63
7;2025-12-08;1;11
7;2025-12-08;2;0
7;2025-12-08;3;0
7;2025-12-08;4;1
7;2025-12-08;5;192
7;2025-12-08;6;625
7;2025-12-08;7;1637
7;2025-12-08;8;2572
7;2025-12-08;9;1821
7;2025-12-08;10;1612
7;2025-12-08;11;1509
7;2025-12-08;12;1512
7;2025-12-08;13;1552
7;2025-12-08;14;1579
7;2025-12-08;15;1722
7;2025-12-08;16;1799
7;2025-12-08;17;2382
7;2025-12-08;18;2564
7;2025-12-08;19;1728
7;2025-12-08;20;1070
7;2025-12-08;21;599
7;2025-12-08;22;292
7;2025-12-08;23;160
7;2025-12-09;0;56
7;2025-12-09;1;13
7;2025-12-09;2;0
7;2025-12-09;3;0
7;2025-12-09;4;2
7;2025-12-09;5;192
7;2025-12-09;6;624
7;2025-12-09;7;1711
7;2025-12-09;8;2457
7;2025-12-09;9;1917
7;2025-12-09;10;1674
7;2025-12-09;11;1589
7;2025-12-09;12;1669
7;2025-12-09;13;1621
7;2025-12-09;14;1581
7;2025-12-09;15;1844
7;2025-12-09;16;1830
7;2025-12-09;17;2359
7;2025-12-09;18;2696
7;2025-12-09;19;1818
7;2025-12-09;20;1144
7;2025-12-09;21;694
7;2025-12-09;22;326
7;2025-12-09;23;202
7;2025-12-10;0;56
7;2025-12-10;1;10
7;2025-12-10;2;0
7;2025-12-10;3;0
7;2025-12-10;4;2
7;2025-12-10;5;195
7;2025-12-10;6;625
7;2025-12-10;7;1554
7;2025-12-10;8;2498
7;2025-12-10;9;1905
7;2025-12-10;10;1724
7;2025-12-10;11;1533
7;2025-12-10;12;1756
7;2025-12-10;13;1546
7;2025-12-10;14;1596
7;2025-12-10;15;1771
7;2025-12-10;16;1873
7;2025-12-10;17;2458
7;2025-12-10;18;2518
7;2025-12-10;19;1686
7;2025-12-10;20;1068
7;2025-12-10;21;627
7;2025-12-10;22;308
7;2025-12-10;23;191
7;2025-12-11;0;64
7;2025-12-11;1;17
7;2025-12-11;2;0
7;2025-12-11;3;0
7;2025-12-11;4;1
7;2025-12-11;5;180
7;2025-12-11;6;634
7;2025-12-11;7;1615
7;2025-12-11;8;2447
7;2025-12-11;9;1817
7;2025-12-11;10;1584
7;2025-12-11;11;1526
7;2025-12-11;12;1691
7;2025-12-11;13;1566
7;2025-12-11;14;1749
7;2025-12-11;15;1735
7;2025-12-11;16;1856
7;2025-12-11;17;2252
7;2025-12-11;18;2620
7;2025-12-11;19;1630
7;2025-12-11;20;1048
7;2025-12-11;21;632
7;2025-12-11;22;311
7;2025-12-11;23;212
7;2025-12-12;0;74
7;2025-12-12;1;15
7;2025-12-12;2;0
7;2025-12-12;3;0
7;2025-12-12;4;2
7;2025-12-12;5;171
7;2025-12-12;6;599
7;2025-12-12;7;1448
7;2025-12-12;8;2208
7;2025-12-12;9;1684
7;2025-12-12;10;1652
7;2025-12-12;11;1528
7;2025-12-12;12;1616
7;2025-12-12;13;1646
7;2025-12-12;14;1708
7;2025-12-12;15;1852
7;2025-12-12;16;2064
7;2025-12-12;17;2255
7;2025-12-12;18;1950
7;2025-12-12;19;1389
7;2025-12-12;20;982
7;2025-12-12;21;595
7;2025-12-12;22;332
7;2025-12-12;23;236
7;2025-12-13;0;102
7;2025-12-13;1;26
7;2025-12-13;2;0
7;2025-12-13;3;0
7;2025-12-13;4;1
7;2025-12-13;5;61
7;2025-12-13;6;325
7;2025-12-13;7;499
7;2025-12-13;8;765
7;2025-12-13;9;880
7;2025-12-13;10;962
7;2025-12-13;11;1138
7;2025-12-13;12;1279
7;2025-12-13;13;1335
7;2025-12-13;14;1414
7;2025-12-13;15;1294
7;2025-12-13;16;1216
7;2025-12-13;17;1203
7;2025-12-13;18;1116
7;2025-12-13;19;1100
7;2025-12-13;20;824
7;2025-12-13;21;673
7;2025-12-13;22;360
7;2025-12-13;23;218
7;2025-12-14;0;103
7;2025-12-14;1;22
7;2025-12-14;2;2
7;2025-12-14;3;4
7;2025-12-14;4;1
7;2025-12-14;5;45
7;2025-12-14;6;222
7;2025-12-14;7;321
7;2025-12-14;8;527
7;2025-12-14;9;676
7;2025-12-14;10;773
7;2025-12-14;11;956
7;2025-12-14;12;1069
7;2025-12-14;13;1120
7;2025-12-14;14;1231
7;2025-12-14;15;1137
7;2025-12-14;16;1056
7;2025-12-14;17;1109
7;2025-12-14;18;966
7;2025-12-14;19;838
7;2025-12-14;20;690
7;2025-12-14;21;555
7;2025-12-14;22;311
7;2025-12-14;23;175
7;2025-12-15;0;63
7;2025-12-15;1;11
7;2025-12-15;2;0
7;2025-12-15;3;0
7;2025-12-15;4;1
7;2025-12-15;5;192
7;2025-12-15;6;620
7;2025-12-15;7;1625
7;2025-12-15;8;2554
7;2025-12-15;9;1808
7;2025-12-15;10;1600
7;2025-12-15;11;1498
7;2025-12-15;12;1501
7;2025-12-15;13;1541
7;2025-12-15;14;1568
7;2025-12-15;15;1709
7;2025-12-15;16;1786
7;2025-12-15;17;2365
7;2025-12-15;18;2545
7;2025-12-15;19;1715
7;2025-12-15;20;1062
7;2025-12-15;21;595
7;2025-12-15;22;291
7;2025-12-15;23;159
7;2025-12-16;0;56
7;2025-12-16;1;13
7;2025-12-16;2;0
7;2025-12-16;3;0
7;2025-12-16;4;2
7;2025-12-16;5;191
7;2025-12-16;6;620
7;2025-12-16;7;1701
7;2025-12-16;8;2442
7;2025-12-16;9;1906
7;2025-12-16;10;1664
7;2025-12-16;11;1580
7;2025-12-16;12;1660
7;2025-12-16;13;1611
7;2025-12-16;14;1572
7;2025-12-16;15;1833
7;2025-12-16;16;1819
7;2025-12-16;17;2345
7;2025-12-16;18;2680
7;2025-12-16;19;1807
7;2025-12-16;20;1137
7;2025-12-16;21;690
7;2025-12-16;22;325
7;2025-12-16;23;202
7;2025-12-17;0;56
7;2025-12-17;1;10
7;2025-12-17;2;0
7;2025-12-17;3;0
7;2025-12-17;4;2
7;2025-12-17;5;196
7;2025-12-17;6;635
7;2025-12-17;7;1579
7;2025-12-17;8;2538
7;2025-12-17;9;1936
7;2025-12-17;10;1751
7;2025-12-17;11;1557
7;2025-12-17;12;1784
7;2025-12-17;13;1571
7;2025-12-17;14;1621
7;2025-12-17;15;1799
7;2025-12-17;16;1903
7;2025-12-17;17;2497
7;2025-12-17;18;2558
7;2025-12-17;19;1713
7;2025-12-17;20;1085
7;2025-12-17;21;637
7;2025-12-17;22;311
7;2025-12-17;23;191
7;2025-12-18;0;64
7;2025-12-18;1;17
7;2025-12-18;2;0
7;2025-12-18;3;0
7;2025-12-18;4;1
7;2025-12-18;5;181
7;2025-12-18;6;643
7;2025-12-18;7;1637
7;2025-12-18;8;2480
7;2025-12-18;9;1841
7;2025-12-18;10;1605
7;2025-12-18;11;1547
7;2025-12-18;12;1714
7;2025-12-18;13;1587
7;2025-12-18;14;1773
7;2025-12-18;15;1758
7;2025-12-18;16;1881
7;2025-12-18;17;2283
7;2025-12-18;18;2655
7;2025-12-18;19;1652
7;2025-12-18;20;1062
7;2025-12-18;21;640
7;2025-12-18;22;313
7;2025-12-18;23;213
7;2025-12-19;0;74
7;2025-12-19;1;15
7;2025-12-19;2;0
7;2025-12-19;3;0
7;2025-12-19;4;2
7;2025-12-19;5;172
7;2025-12-19;6;607
7;2025-12-19;7;1468
7;2025-12-19;8;2238
7;2025-12-19;9;1707
7;2025-12-19;10;1675
7;2025-12-19;11;1549
7;2025-12-19;12;1638
7;2025-12-19;13;1668
7;2025-12-19;14;1731
7;2025-12-19;15;1877
7;2025-12-19;16;2092
7;2025-12-19;17;2286
7;2025-12-19;18;1977
7;2025-12-19;19;1408
7;2025-12-19;20;996
7;2025-12-19;21;603
7;2025-12-19;22;334
7;2025-12-19;23;236
7;2025-12-20;0;103
7;2025-12-20;1;26
7;2025-12-20;2;0
7;2025-12-20;3;0
7;2025-12-20;4;1
7;2025-12-20;5;62
7;2025-12-20;6;329
7;2025-12-20;7;505
7;2025-12-20;8;775
7;2025-12-20;9;891
7;2025-12-20;10;974
7;2025-12-20;11;1152
7;2025-12-20;12;1295
7;2025-12-20;13;1352
7;2025-12-20;14;1432
7;2025-12-20;15;1310
7;2025-12-20;16;1231
7;2025-12-20;17;1218
7;2025-12-20;18;1130
7;2025-12-20;19;1114
7;2025-12-20;20;834
7;2025-12-20;21;681
7;2025-12-20;22;362
7;2025-12-20;23;219
7;2025-12-21;0;103
7;2025-12-21;1;22
7;2025-12-21;2;2
7;2025-12-21;3;4
7;2025-12-21;4;1
7;2025-12-21;5;45
7;2025-12-21;6;224
7;2025-12-21;7;324
7;2025-12-21;8;531
7;2025-12-21;9;682
7;2025-12-21;10;779
7;2025-12-21;11;963
7;2025-12-21;12;1078
7;2025-12-21;13;1129
7;2025-12-21;14;1242
7;2025-12-21;15;1146
7;2025-12-21;16;1064
7;2025-12-21;17;1118
7;2025-12-21;18;974
7;2025-12-21;19;845
7;2025-12-21;20;696
7;2025-12-21;21;559
7;2025-12-21;22;312
7;2025-12-21;23;176
7;2025-12-22;0;63
7;2025-12-22;1;11
7;2025-12-22;2;0
7;2025-12-22;3;0
7;2025-12-22;4;1
7;2025-12-22;5;192
7;2025-12-22;6;620
7;2025-12-22;7;1624
7;2025-12-22;8;2552
7;2025-12-22;9;1807
7;2025-12-22;10;1600
7;2025-12-22;11;1497
7;2025-12-22;12;1501
7;2025-12-22;13;1540
7;2025-12-22;14;1567
7;2025-12-22;15;1708
7;2025-12-22;16;1785
7;2025-12-22;17;2363
7;2025-12-22;18;2544
7;2025-12-22;19;1715
7;2025-12-22;20;1062
7;2025-12-22;21;595
7;2025-12-22;22;291
7;2025-12-22;23;159
7;2025-12-23;0;56
7;2025-12-23;1;13
7;2025-12-23;2;0
7;2025-12-23;3;0
7;2025-12-23;4;2
7;2025-12-23;5;191
7;2025-12-23;6;621
7;2025-12-23;7;1704
7;2025-12-23;8;2447
7;2025-12-23;9;1909
7;2025-12-23;10;1667
7;2025-12-23;11;1582
7;2025-12-23;12;1662
7;2025-12-23;13;1614
7;2025-12-23;14;1575
7;2025-12-23;15;1836
7;2025-12-23;16;1822
7;2025-12-23;17;2349
7;2025-12-23;18;2684
7;2025-12-23;19;1810
7;2025-12-23;20;1139
7;2025-12-23;21;691
7;2025-12-23;22;325
7;2025-12-23;23;202
7;2025-12-24;0;56
7;2025-12-24;1;10
7;2025-12-24;2;0
7;2025-12-24;3;0
7;2025-12-24;4;2
7;2025-12-24;5;195
7;2025-12-24;6;624
7;2025-12-24;7;1552
7;2025-12-24;8;2494
7;2025-12-24;9;1902
7;2025-12-24;10;1721
7;2025-12-24;11;1530
7;2025-12-24;12;1753
7;2025-12-24;13;1544
7;2025-12-24;14;1593
7;2025-12-24;15;1768
7;2025-12-24;16;1870
7;2025-12-24;17;2454
7;2025-12-24;18;2514
7;2025-12-24;19;1683
7;2025-12-24;20;1067
7;2025-12-24;21;626
7;2025-12-24;22;308
7;2025-12-24;23;190
7;2025-12-25;0;64
7;2025-12-25;1;17
7;2025-12-25;2;0
7;2025-12-25;3;0
7;2025-12-25;4;1
7;2025-12-25;5;179
7;2025-12-25;6;631
7;2025-12-25;7;1606
7;2025-12-25;8;2433
7;2025-12-25;9;1806
7;2025-12-25;10;1575
7;2025-12-25;11;1517
7;2025-12-25;12;1681
7;2025-12-25;13;1557
7;2025-12-25;14;1739
7;2025-12-25;15;1724
7;2025-12-25;16;1845
7;2025-12-25;17;2239
7;2025-12-25;18;2605
7;2025-12-25;19;1621
7;2025-12-25;20;1042
7;2025-12-25;21;628
7;2025-12-25;22;310
7;2025-12-25;23;212
7;2025-12-26;0;73
7;2025-12-26;1;15
7;2025-12-26;2;0
7;2025-12-26;3;0
7;2025-12-26;4;2
7;2025-12-26;5;170
7;2025-12-26;6;593
7;2025-12-26;7;1433
7;2025-12-26;8;2184
7;2025-12-26;9;1666
7;2025-12-26;10;1635
7;2025-12-26;11;1512
7;2025-12-26;12;1599
7;2025-12-26;13;1628
7;2025-12-26;14;1690
7;2025-12-26;15;1833
7;2025-12-26;16;2042
7;2025-12-26;17;2231
7;2025-12-26;18;1929
7;2025-12-26;19;1374
7;2025-12-26;20;972
7;2025-12-26;21;589
7;2025-12-26;22;330
7;2025-12-26;23;235
7;2025-12-27;0;102
7;2025-12-27;1;26
7;2025-12-27;2;0
7;2025-12-27;3;0
7;2025-12-27;4;1
7;2025-12-27;5;61
7;2025-12-27;6;327
7;2025-12-27;7;502
7;2025-12-27;8;770
7;2025-12-27;9;885
7;2025-12-27;10;967
7;2025-12-27;11;1144
7;2025-12-27;12;1286
7;2025-12-27;13;1343
7;2025-12-27;14;1423
7;2025-12-27;15;1301
7;2025-12-27;16;1223
7;2025-12-27;17;1210
7;2025-12-27;18;1123
7;2025-12-27;19;1107
7;2025-12-27;20;829
7;2025-12-27;21;677
7;2025-12-27;22;361
7;2025-12-27;23;218
7;2025-12-28;0;103
7;2025-12-28;1;22
7;2025-12-28;2;2
7;2025-12-28;3;4
7;2025-12-28;4;1
7;2025-12-28;5;45
7;2025-12-28;6;221
7;2025-12-28;7;320
7;2025-12-28;8;524
7;2025-12-28;9;673
7;2025-12-28;10;769
7;2025-12-28;11;951
7;2025-12-28;12;1064
7;2025-12-28;13;1115
7;2025-12-28;14;1226
7;2025-12-28;15;1132
7;2025-12-28;16;1051
7;2025-12-28;17;1104
7;2025-12-28;18;961
7;2025-12-28;19;834
7;2025-12-28;20;687
7;2025-12-28;21;552
7;2025-12-28;22;310
7;2025-12-28;23;175
7;2025-12-29;0;61
7;2025-12-29;1;11
7;2025-12-29;2;0
7;2025-12-29;3;0
7;2025-12-29;4;1
7;2025-12-29;5;184
7;2025-12-29;6;592
7;2025-12-29;7;1550
7;2025-12-29;8;2436
7;2025-12-29;9;1725
7;2025-12-29;10;1527
7;2025-12-29;11;1429
7;2025-12-29;12;1432
7;2025-12-29;13;1470
7;2025-12-29;14;1496
7;2025-12-29;15;1631
7;2025-12-29;16;1703
7;2025-12-29;17;2256
7;2025-12-29;18;2428
7;2025-12-29;19;1637
7;2025-12-29;20;1013
7;2025-12-29;21;568
7;2025-12-29;22;279
7;2025-12-29;23;153
7;2025-12-30;0;51
7;2025-12-30;1;12
7;2025-12-30;2;0
7;2025-12-30;3;0
7;2025-12-30;4;2
7;2025-12-30;5;175
7;2025-12-30;6;564
7;2025-12-30;7;1548
7;2025-12-30;8;2223
7;2025-12-30;9;1735
7;2025-12-30;10;1514
7;2025-12-30;11;1438
7;2025-12-30;12;1510
7;2025-12-30;13;1467
7;2025-12-30;14;1431
7;2025-12-30;15;1668
7;2025-12-30;16;1656
7;2025-12-30;17;2134
7;2025-12-30;18;2439
7;2025-12-30;19;1645
7;2025-12-30;20;1035
7;2025-12-30;21;628
7;2025-12-30;22;298
7;2025-12-30;23;185
7;2025-12-31;0;90
7;2025-12-31;1;20
7;2025-12-31;2;1
7;2025-12-31;3;2
7;2025-12-31;4;1
7;2025-12-31;5;44
7;2025-12-31;6;225
7;2025-12-31;7;335
7;2025-12-31;8;533
7;2025-12-31;9;653
7;2025-12-31;10;733
7;2025-12-31;11;890
7;2025-12-31;12;997
7;2025-12-31;13;1044
7;2025-12-31;14;1131
7;2025-12-31;15;1041
7;2025-12-31;16;971
7;2025-12-31;17;997
7;2025-12-31;18;889
7;2025-12-31;19;812
7;2025-12-31;20;643
7;2025-12-31;21;520
7;2025-12-31;22;287
7;2025-12-31;23;167
11;2025-11-01;0;85
11;2025-11-01;1;2
11;2025-11-01;2;0
11;2025-11-01;3;0
11;2025-11-01;4;1
11;2025-11-01;5;230
11;2025-11-01;6;1106
11;2025-11-01;7;1714
11;2025-11-01;8;2339
11;2025-11-01;9;1820
11;2025-11-01;10;1675
11;2025-11-01;11;1764
11;2025-11-01;12;1917
11;2025-11-01;13;1871
11;2025-11-01;14;2039
11;2025-11-01;15;2022
11;2025-11-01;16;2126
11;2025-11-01;17;2452
11;2025-11-01;18;2080
11;2025-11-01;19;1695
11;2025-11-01;20;1223
11;2025-11-01;21;805
11;2025-11-01;22;409
11;2025-11-01;23;310
11;2025-11-02;0;107
11;2025-11-02;1;14
11;2025-11-02;2;0
11;2025-11-02;3;1
11;2025-11-02;4;1
11;2025-11-02;5;110
11;2025-11-02;6;471
11;2025-11-02;7;473
11;2025-11-02;8;649
11;2025-11-02;9;904
11;2025-11-02;10;989
11;2025-11-02;11;1451
11;2025-11-02;12;1514
11;2025-11-02;13;1495
11;2025-11-02;14;1554
11;2025-11-02;15;1539
11;2025-11-02;16;1448
11;2025-11-02;17;1613
11;2025-11-02;18;1215
11;2025-11-02;19;972
11;2025-11-02;20;780
11;2025-11-02;21;584
11;2025-11-02;22;337
11;2025-11-02;23;234
11;2025-11-03;0;106
11;2025-11-03;1;11
11;2025-11-03;2;0
11;2025-11-03;3;1
11;2025-11-03;4;1
11;2025-11-03;5;125
11;2025-11-03;6;548
11;2025-11-03;7;531
11;2025-11-03;8;730
11;2025-11-03;9;951
11;2025-11-03;10;1063
11;2025-11-03;11;1494
11;2025-11-03;12;1590
11;2025-11-03;13;1548
11;2025-11-03;14;1635
11;2025-11-03;15;1595
11;2025-11-03;16;1506
11;2025-11-03;17;1652
11;2025-11-03;18;1271
11;2025-11-03;19;1072
11;2025-11-03;20;824
11;2025-11-03;21;609
11;2025-11-03;22;353
11;2025-11-03;23;244
11;2025-11-04;0;96
11;2025-11-04;1;11
11;2025-11-04;2;0
11;2025-11-04;3;1
11;2025-11-04;4;1
11;2025-11-04;5;108
11;2025-11-04;6;467
11;2025-11-04;7;459
11;2025-11-04;8;630
11;2025-11-04;9;842
11;2025-11-04;10;933
11;2025-11-04;11;1333
11;2025-11-04;12;1408
11;2025-11-04;13;1379
11;2025-11-04;14;1447
11;2025-11-04;15;1420
11;2025-11-04;16;1338
11;2025-11-04;17;1477
11;2025-11-04;18;1127
11;2025-11-04;19;932
11;2025-11-04;20;728
11;2025-11-04;21;541
11;2025-11-04;22;313
11;2025-11-04;23;217
11;2025-11-05;0;64
11;2025-11-05;1;0
11;2025-11-05;2;0
11;2025-11-05;3;0
11;2025-11-05;4;1
11;2025-11-05;5;270
11;2025-11-05;6;1254
11;2025-11-05;7;2504
11;2025-11-05;8;3098
11;2025-11-05;9;2379
11;2025-11-05;10;1930
11;2025-11-05;11;1935
11;2025-11-05;12;1925
11;2025-11-05;13;2068
11;2025-11-05;14;2048
11;2025-11-05;15;1985
11;2025-11-05;16;2097
11;2025-11-05;17;2690
11;2025-11-05;18;3061
11;2025-11-05;19;2129
11;2025-11-05;20;1361
11;2025-11-05;21;793
11;2025-11-05;22;409
11;2025-11-05;23;233
11;2025-11-06;0;58
11;2025-11-06;1;0
11;2025-11-06;2;0
11;2025-11-06;3;0
11;2025-11-06;4;1
11;2025-11-06;5;257
11;2025-11-06;6;1288
11;2025-11-06;7;2386
11;2025-11-06;8;3115
11;2025-11-06;9;2446
11;2025-11-06;10;2050
11;2025-11-06;11;1840
11;2025-11-06;12;2021
11;2025-11-06;13;2091
11;2025-11-06;14;2065
11;2025-11-06;15;1856
11;2025-11-06;16;2273
11;2025-11-06;17;2707
11;2025-11-06;18;3207
11;2025-11-06;19;2220
11;2025-11-06;20;1461
11;2025-11-06;21;858
11;2025-11-06;22;414
11;2025-11-06;23;252
11;2025-11-07;0;71
11;2025-11-07;1;2
11;2025-11-07;2;0
11;2025-11-07;3;0
11;2025-11-07;4;1
11;2025-11-07;5;262
11;2025-11-07;6;1284
11;2025-11-07;7;2342
11;2025-11-07;8;3192
11;2025-11-07;9;2241
11;2025-11-07;10;1863
11;2025-11-07;11;1766
11;2025-11-07;12;1885
11;2025-11-07;13;1886
11;2025-11-07;14;2043
11;2025-11-07;15;2096
11;2025-11-07;16;2331
11;2025-11-07;17;2807
11;2025-11-07;18;2426
11;2025-11-07;19;1834
11;2025-11-07;20;1346
11;2025-11-07;21;848
11;2025-11-07;22;399
11;2025-11-07;23;321
11;2025-11-08;0;106
11;2025-11-08;1;2
11;2025-11-08;2;0
11;2025-11-08;3;0
11;2025-11-08;4;1
11;2025-11-08;5;181
11;2025-11-08;6;837
11;2025-11-08;7;763
11;2025-11-08;8;1049
11;2025-11-08;9;1182
11;2025-11-08;10;1389
11;2025-11-08;11;1758
11;2025-11-08;12;1964
11;2025-11-08;13;1847
11;2025-11-08;14;2031
11;2025-11-08;15;1908
11;2025-11-08;16;1815
11;2025-11-08;17;1913
11;2025-11-08;18;1556
11;2025-11-08;19;1483
11;2025-11-08;20;1034
11;2025-11-08;21;741
11;2025-11-08;22;425
11;2025-11-08;23;292
11;2025-11-09;0;113
11;2025-11-09;1;15
11;2025-11-09;2;0
11;2025-11-09;3;1
11;2025-11-09;4;1
11;2025-11-09;5;116
11;2025-11-09;6;498
11;2025-11-09;7;499
11;2025-11-09;8;685
11;2025-11-09;9;955
11;2025-11-09;10;1045
11;2025-11-09;11;1533
11;2025-11-09;12;1599
11;2025-11-09;13;1579
11;2025-11-09;14;1641
11;2025-11-09;15;1625
11;2025-11-09;16;1530
11;2025-11-09;17;1704
11;2025-11-09;18;1283
11;2025-11-09;19;1026
11;2025-11-09;20;824
11;2025-11-09;21;616
11;2025-11-09;22;356
11;2025-11-09;23;246
11;2025-11-10;0;72
11;2025-11-10;1;11
11;2025-11-10;2;0
11;2025-11-10;3;0
11;2025-11-10;4;1
11;2025-11-10;5;247
11;2025-11-10;6;1332
11;2025-11-10;7;2357
11;2025-11-10;8;3106
11;2025-11-10;9;2334
11;2025-11-10;10;1828
11;2025-11-10;11;1838
11;2025-11-10;12;1766
11;2025-11-10;13;1861
11;2025-11-10;14;1938
11;2025-11-10;15;2030
11;2025-11-10;16;2201
11;2025-11-10;17;2759
11;2025-11-10;18;2937
11;2025-11-10;19;2141
11;2025-11-10;20;1225
11;2025-11-10;21;768
11;2025-11-10;22;344
11;2025-11-10;23;205
11;2025-11-11;0;54
11;2025-11-11;1;1
11;2025-11-11;2;0
11;2025-11-11;3;0
11;2025-11-11;4;1
11;2025-11-11;5;243
11;2025-11-11;6;1346
11;2025-11-11;7;2451
11;2025-11-11;8;3300
11;2025-11-11;9;2497
11;2025-11-11;10;2024
11;2025-11-11;11;1822
11;2025-11-11;12;1890
11;2025-11-11;13;2054
11;2025-11-11;14;1938
11;2025-11-11;15;1988
11;2025-11-11;16;2176
11;2025-11-11;17;2862
11;2025-11-11;18;3014
11;2025-11-11;19;2301
11;2025-11-11;20;1504
11;2025-11-11;21;818
11;2025-11-11;22;370
11;2025-11-11;23;229
11;2025-11-12;0;64
11;2025-11-12;1;0
11;2025-11-12;2;0
11;2025-11-12;3;0
11;2025-11-12;4;1
11;2025-11-12;5;269
11;2025-11-12;6;1246
11;2025-11-12;7;2487
11;2025-11-12;8;3077
11;2025-11-12;9;2363
11;2025-11-12;10;1917
11;2025-11-12;11;1922
11;2025-11-12;12;1912
11;2025-11-12;13;2054
11;2025-11-12;14;2035
11;2025-11-12;15;1972
11;2025-11-12;16;2083
11;2025-11-12;17;2672
11;2025-11-12;18;3040
11;2025-11-12;19;2115
11;2025-11-12;20;1352
11;2025-11-12;21;788
11;2025-11-12;22;408
11;2025-11-12;23;233
11;2025-11-13;0;58
11;2025-11-13;1;0
11;2025-11-13;2;0
11;2025-11-13;3;0
11;2025-11-13;4;1
11;2025-11-13;5;258
11;2025-11-13;6;1296
11;2025-11-13;7;2401
11;2025-11-13;8;3134
11;2025-11-13;9;2461
11;2025-11-13;10;2063
11;2025-11-13;11;1851
11;2025-11-13;12;2034
11;2025-11-13;13;2104
11;2025-11-13;14;2078
11;2025-11-13;15;1867
11;2025-11-13;16;2287
11;2025-11-13;17;2724
11;2025-11-13;18;3227
11;2025-11-13;19;2234
11;2025-11-13;20;1470
11;2025-11-13;21;864
11;2025-11-13;22;416
11;2025-11-13;23;252
11;2025-11-14;0;71
11;2025-11-14;1;2
11;2025-11-14;2;0
11;2025-11-14;3;0
11;2025-11-14;4;1
11;2025-11-14;5;263
11;2025-11-14;6;1288
11;2025-11-14;7;2349
11;2025-11-14;8;3201
11;2025-11-14;9;2247
11;2025-11-14;10;1868
11;2025-11-14;11;1771
11;2025-11-14;12;1891
11;2025-11-14;13;1891
11;2025-11-14;14;2049
11;2025-11-14;15;2102
11;2025-11-14;16;2338
11;2025-11-14;17;2815
11;2025-11-14;18;2433
11;2025-11-14;19;1840
11;2025-11-14;20;1350
11;2025-11-14;21;850
11;2025-11-14;22;399
11;2025-11-14;23;321
11;2025-11-15;0;105
11;2025-11-15;1;2
11;2025-11-15;2;0
11;2025-11-15;3;0
11;2025-11-15;4;1
11;2025-11-15;5;178
11;2025-11-15;6;809
11;2025-11-15;7;737
11;2025-11-15;8;1014
11;2025-11-15;9;1143
11;2025-11-15;10;1343
11;2025-11-15;11;1700
11;2025-11-15;12;1899
11;2025-11-15;13;1786
11;2025-11-15;14;1965
11;2025-11-15;15;1845
11;2025-11-15;16;1755
11;2025-11-15;17;1850
11;2025-11-15;18;1505
11;2025-11-15;19;1434
11;2025-11-15;20;1000
11;2025-11-15;21;716
11;2025-11-15;22;418
11;2025-11-15;23;290
11;2025-11-16;0;113
11;2025-11-16;1;15
11;2025-11-16;2;0
11;2025-11-16;3;1
11;2025-11-16;4;1
11;2025-11-16;5;115
11;2025-11-16;6;494
11;2025-11-16;7;495
11;2025-11-16;8;680
11;2025-11-16;9;947
11;2025-11-16;10;1037
11;2025-11-16;11;1521
11;2025-11-16;12;1587
11;2025-11-16;13;1567
11;2025-11-16;14;1629
11;2025-11-16;15;1613
11;2025-11-16;16;1518
11;2025-11-16;17;1691
11;2025-11-16;18;1274
11;2025-11-16;19;1018
11;2025-11-16;20;818
11;2025-11-16;21;612
11;2025-11-16;22;354
11;2025-11-16;23;246
11;2025-11-17;0;72
11;2025-11-17;1;11
11;2025-11-17;2;0
11;2025-11-17;3;0
11;2025-11-17;4;1
11;2025-11-17;5;245
11;2025-11-17;6;1316
11;2025-11-17;7;2328
11;2025-11-17;8;3067
11;2025-11-17;9;2305
11;2025-11-17;10;1805
11;2025-11-17;11;1815
11;2025-11-17;12;1743
11;2025-11-17;13;1837
11;2025-11-17;14;1914
11;2025-11-17;15;2005
11;2025-11-17;16;2173
11;2025-11-17;17;2724
11;2025-11-17;18;2900
11;2025-11-17;19;2114
11;2025-11-17;20;1210
11;2025-11-17;21;758
11;2025-11-17;22;342
11;2025-11-17;23;204
11;2025-11-18;0;54
11;2025-11-18;1;1
11;2025-11-18;2;0
11;2025-11-18;3;0
11;2025-11-18;4;1
11;2025-11-18;5;242
11;2025-11-18;6;1325
11;2025-11-18;7;2412
11;2025-11-18;8;3247
11;2025-11-18;9;2458
11;2025-11-18;10;1992
11;2025-11-18;11;1793
11;2025-11-18;12;1860
11;2025-11-18;13;2021
11;2025-11-18;14;1907
11;2025-11-18;15;1956
11;2025-11-18;16;2141
11;2025-11-18;17;2817
11;2025-11-18;18;2966
11;2025-11-18;19;2264
11;2025-11-18;20;1480
11;2025-11-18;21;805
11;2025-11-18;22;367
11;2025-11-18;23;228
11;2025-11-19;0;64
11;2025-11-19;1;0
11;2025-11-19;2;0
11;2025-11-19;3;0
11;2025-11-19;4;1
11;2025-11-19;5;270
11;2025-11-19;6;1252
11;2025-11-19;7;2498
11;2025-11-19;8;3091
11;2025-11-19;9;2374
11;2025-11-19;10;1926
11;2025-11-19;11;1930
11;2025-11-19;12;1920
11;2025-11-19;13;2063
11;2025-11-19;14;2044
11;2025-11-19;15;1981
11;2025-11-19;16;2092
11;2025-11-19;17;2684
11;2025-11-19;18;3054
11;2025-11-19;19;2124
11;2025-11-19;20;1358
11;2025-11-19;21;792
11;2025-11-19;22;408
11;2025-11-19;23;233
11;2025-11-20;0;58
11;2025-11-20;1;0
11;2025-11-20;2;0
11;2025-11-20;3;0
11;2025-11-20;4;1
11;2025-11-20;5;257
11;2025-11-20;6;1292
11;2025-11-20;7;2395
11;2025-11-20;8;3126
11;2025-11-20;9;2455
11;2025-11-20;10;2058
11;2025-11-20;11;1847
11;2025-11-20;12;2029
11;2025-11-20;13;2099
11;2025-11-20;14;2073
11;2025-11-20;15;1863
11;2025-11-20;16;2281
11;2025-11-20;17;2718
11;2025-11-20;18;3219
11;2025-11-20;19;2228
11;2025-11-20;20;1466
11;2025-11-20;21;861
11;2025-11-20;22;415
11;2025-11-20;23;252
11;2025-11-21;0;71
11;2025-11-21;1;2
11;2025-11-21;2;0
11;2025-11-21;3;0
11;2025-11-21;4;1
11;2025-11-21;5;262
11;2025-11-21;6;1281
11;2025-11-21;7;2336
11;2025-11-21;8;3184
11;2025-11-21;9;2235
11;2025-11-21;10;1859
11;2025-11-21;11;1762
11;2025-11-21;12;1880
11;2025-11-21;13;1881
11;2025-11-21;14;2038
11;2025-11-21;15;2091
11;2025-11-21;16;2325
11;2025-11-21;17;2800
11;2025-11-21;18;2420
11;2025-11-21;19;1830
11;2025-11-21;20;1343
11;2025-11-21;21;845
11;2025-11-21;22;398
11;2025-11-21;23;321
11;2025-11-22;0;105
11;2025-11-22;1;2
11;2025-11-22;2;0
11;2025-11-22;3;0
11;2025-11-22;4;1
11;2025-11-22;5;179
11;2025-11-22;6;819
11;2025-11-22;7;746
11;2025-11-22;8;1027
11;2025-11-22;9;1157
11;2025-11-22;10;1360
11;2025-11-22;11;1721
11;2025-11-22;12;1922
11;2025-11-22;13;1808
11;2025-11-22;14;1988
11;2025-11-22;15;1868
11;2025-11-22;16;1777
11;2025-11-22;17;1873
11;2025-11-22;18;1524
11;2025-11-22;19;1452
11;2025-11-22;20;1013
11;2025-11-22;21;725
11;2025-11-22;22;421
11;2025-11-22;23;291
11;2025-11-23;0;113
11;2025-11-23;1;15
11;2025-11-23;2;0
11;2025-11-23;3;1
11;2025-11-23;4;1
11;2025-11-23;5;116
11;2025-11-23;6;496
11;2025-11-23;7;497
11;2025-11-23;8;683
11;2025-11-23;9;951
11;2025-11-23;10;1041
11;2025-11-23;11;1527
11;2025-11-23;12;1593
11;2025-11-23;13;1573
11;2025-11-23;14;1635
11;2025-11-23;15;1619
11;2025-11-23;16;1524
11;2025-11-23;17;1697
11;2025-11-23;18;1278
11;2025-11-23;19;1022
11;2025-11-23;20;821
11;2025-11-23;21;614
11;2025-11-23;22;355
11;2025-11-23;23;246
11;2025-11-24;0;72
11;2025-11-24;1;11
11;2025-11-24;2;0
11;2025-11-24;3;0
11;2025-11-24;4;1
11;2025-11-24;5;244
11;2025-11-24;6;1306
11;2025-11-24;7;2311
11;2025-11-24;8;3045
11;2025-11-24;9;2288
11;2025-11-24;10;1792
11;2025-11-24;11;1802
11;2025-11-24;12;1731
11;2025-11-24;13;1824
11;2025-11-24;14;1900
11;2025-11-24;15;1990
11;2025-11-24;16;2158
11;2025-11-24;17;2704
11;2025-11-24;18;2879
11;2025-11-24;19;2098
11;2025-11-24;20;1201
11;2025-11-24;21;752
11;2025-11-24;22;341
11;2025-11-24;23;204
11;2025-11-25;0;54
11;2025-11-25;1;1
11;2025-11-25;2;0
11;2025-11-25;3;0
11;2025-11-25;4;1
11;2025-11-25;5;243
11;2025-11-25;6;1346
11;2025-11-25;7;2450
11;2025-11-25;8;3299
11;2025-11-25;9;2496
11;2025-11-25;10;2024
11;2025-11-25;11;1821
11;2025-11-25;12;1889
11;2025-11-25;13;2053
11;2025-11-25;14;1937
11;2025-11-25;15;1987
11;2025-11-25;16;2175
11;2025-11-25;17;2861
11;2025-11-25;18;3013
11;2025-11-25;19;2300
11;2025-11-25;20;1504
11;2025-11-25;21;818
11;2025-11-25;22;369
11;2025-11-25;23;229
11;2025-11-26;0;64
11;2025-11-26;1;0
11;2025-11-26;2;0
11;2025-11-26;3;0
11;2025-11-26;4;1
11;2025-11-26;5;267
11;2025-11-26;6;1225
11;2025-11-26;7;2445
11;2025-11-26;8;3025
11;2025-11-26;9;2323
11;2025-11-26;10;1885
11;2025-11-26;11;1889
11;2025-11-26;12;1879
11;2025-11-26;13;2019
11;2025-11-26;14;2000
11;2025-11-26;15;1938
11;2025-11-26;16;2048
11;2025-11-26;17;2627
11;2025-11-26;18;2988
11;2025-11-26;19;2079
11;2025-11-26;20;1329
11;2025-11-26;21;775
11;2025-11-26;22;404
11;2025-11-26;23;232
11;2025-11-27;0;58
11;2025-11-27;1;0
11;2025-11-27;2;0
11;2025-11-27;3;0
11;2025-11-27;4;1
11;2025-11-27;5;256
11;2025-11-27;6;1278
11;2025-11-27;7;2368
11;2025-11-27;8;3091
11;2025-11-27;9;2427
11;2025-11-27;10;2035
11;2025-11-27;11;1826
11;2025-11-27;12;2006
11;2025-11-27;13;2075
11;2025-11-27;14;2049
11;2025-11-27;15;1842
11;2025-11-27;16;2255
11;2025-11-27;17;2687
11;2025-11-27;18;3182
11;2025-11-27;19;2203
11;2025-11-27;20;1450
11;2025-11-27;21;852
11;2025-11-27;22;413
11;2025-11-27;23;251
11;2025-11-28;0;70
11;2025-11-28;1;2
11;2025-11-28;2;0
11;2025-11-28;3;0
11;2025-11-28;4;1
11;2025-11-28;5;262
11;2025-11-28;6;1276
11;2025-11-28;7;2327
11;2025-11-28;8;3172
11;2025-11-28;9;2227
11;2025-11-28;10;1851
11;2025-11-28;11;1755
11;2025-11-28;12;1873
11;2025-11-28;13;1874
11;2025-11-28;14;2030
11;2025-11-28;15;2083
11;2025-11-28;16;2316
11;2025-11-28;17;2789
11;2025-11-28;18;2411
11;2025-11-28;19;1823
11;2025-11-28;20;1338
11;2025-11-28;21;842
11;2025-11-28;22;397
11;2025-11-28;23;321
11;2025-11-29;0;106
11;2025-11-29;1;2
11;2025-11-29;2;0
11;2025-11-29;3;0
11;2025-11-29;4;1
11;2025-11-29;5;181
11;2025-11-29;6;834
11;2025-11-29;7;760
11;2025-11-29;8;1045
11;2025-11-29;9;1177
11;2025-11-29;10;1384
11;2025-11-29;11;1752
11;2025-11-29;12;1957
11;2025-11-29;13;1840
11;2025-11-29;14;2024
11;2025-11-29;15;1901
11;2025-11-29;16;1808
11;2025-11-29;17;1906
11;2025-11-29;18;1551
11;2025-11-29;19;1478
11;2025-11-29;20;1031
11;2025-11-29;21;738
11;2025-11-29;22;424
11;2025-11-29;23;292
11;2025-11-30;0;113
11;2025-11-30;1;15
11;2025-11-30;2;0
11;2025-11-30;3;1
11;2025-11-30;4;1
11;2025-11-30;5;116
11;2025-11-30;6;497
11;2025-11-30;7;498
11;2025-11-30;8;684
11;2025-11-30;9;953
11;2025-11-30;10;1043
11;2025-11-30;11;1530
11;2025-11-30;12;1596
11;2025-11-30;13;1576
11;2025-11-30;14;1638
11;2025-11-30;15;1622
11;2025-11-30;16;1527
11;2025-11-30;17;1701
11;2025-11-30;18;1281
11;2025-11-30;19;1024
11;2025-11-30;20;822
11;2025-11-30;21;615
11;2025-11-30;22;355
11;2025-11-30;23;246
11;2025-12-01;0;72
11;2025-12-01;1;11
11;2025-12-01;2;0
11;2025-12-01;3;0
11;2025-12-01;4;1
11;2025-12-01;5;247
11;2025-12-01;6;1333
11;2025-12-01;7;2359
11;2025-12-01;8;3108
11;2025-12-01;9;2336
11;2025-12-01;10;1829
11;2025-12-01;11;1839
11;2025-12-01;12;1767
11;2025-12-01;13;1862
11;2025-12-01;14;1939
11;2025-12-01;15;2032
11;2025-12-01;16;2203
11;2025-12-01;17;2761
11;2025-12-01;18;2939
11;2025-12-01;19;2142
11;2025-12-01;20;1226
11;2025-12-01;21;768
11;2025-12-01;22;344
11;2025-12-01;23;205
11;2025-12-02;0;54
11;2025-12-02;1;1
11;2025-12-02;2;0
11;2025-12-02;3;0
11;2025-12-02;4;1
11;2025-12-02;5;243
11;2025-12-02;6;1346
11;2025-12-02;7;2450
11;2025-12-02;8;3298
11;2025-12-02;9;2496
11;2025-12-02;10;2024
11;2025-12-02;11;1821
11;2025-12-02;12;1889
11;2025-12-02;13;2053
11;2025-12-02;14;1937
11;2025-12-02;15;1987
11;2025-12-02;16;2175
11;2025-12-02;17;2861
11;2025-12-02;18;3013
11;2025-12-02;19;2300
11;2025-12-02;20;1504
11;2025-12-02;21;818
11;2025-12-02;22;369
11;2025-12-02;23;229
11;2025-12-03;0;64
11;2025-12-03;1;0
11;2025-12-03;2;0
11;2025-12-03;3;0
11;2025-12-03;4;1
11;2025-12-03;5;270
11;2025-12-03;6;1253
11;2025-12-03;7;2502
11;2025-12-03;8;3095
11;2025-12-03;9;2377
11;2025-12-03;10;1929
11;2025-12-03;11;1933
11;2025-12-03;12;1923
11;2025-12-03;13;2066
11;2025-12-03;14;2047
11;2025-12-03;15;1983
11;2025-12-03;16;2095
11;2025-12-03;17;2688
11;2025-12-03;18;3058
11;2025-12-03;19;2127
11;2025-12-03;20;1360
11;2025-12-03;21;793
11;2025-12-03;22;409
11;2025-12-03;23;233
11;2025-12-04;0;58
11;2025-12-04;1;0
11;2025-12-04;2;0
11;2025-12-04;3;0
11;2025-12-04;4;1
11;2025-12-04;5;258
11;2025-12-04;6;1297
11;2025-12-04;7;2402
11;2025-12-04;8;3136
11;2025-12-04;9;2463
11;2025-12-04;10;2065
11;2025-12-04;11;1853
11;2025-12-04;12;2035
11;2025-12-04;13;2106
11;2025-12-04;14;2079
11;2025-12-04;15;1869
11;2025-12-04;16;2288
11;2025-12-04;17;2726
11;2025-12-04;18;3229
11;2025-12-04;19;2235
11;2025-12-04;20;1471
11;2025-12-04;21;864
11;2025-12-04;22;416
11;2025-12-04;23;252
11;2025-12-05;0;71
11;2025-12-05;1;2
11;2025-12-05;2;0
11;2025-12-05;3;0
11;2025-12-05;4;1
11;2025-12-05;5;263
11;2025-12-05;6;1291
11;2025-12-05;7;2356
11;2025-12-05;8;3211
11;2025-12-05;9;2254
11;2025-12-05;10;1874
11;2025-12-05;11;1776
11;2025-12-05;12;1896
11;2025-12-05;13;1897
11;2025-12-05;14;2055
11;2025-12-05;15;2108
11;2025-12-05;16;2344
11;2025-12-05;17;2823
11;2025-12-05;18;2440
11;2025-12-05;19;1845
11;2025-12-05;20;1354
11;2025-12-05;21;852
11;2025-12-05;22;400
11;2025-12-05;23;321
11;2025-12-06;0;106
11;2025-12-06;1;2
11;2025-12-06;2;0
11;2025-12-06;3;0
11;2025-12-06;4;1
11;2025-12-06;5;181
11;2025-12-06;6;836
11;2025-12-06;7;762
11;2025-12-06;8;1049
11;2025-12-06;9;1181
11;2025-12-06;10;1389
11;2025-12-06;11;1758
11;2025-12-06;12;1963
11;2025-12-06;13;1846
11;2025-12-06;14;2031
11;2025-12-06;15;1908
11;2025-12-06;16;1815
11;2025-12-06;17;1913
11;2025-12-06;18;1556
11;2025-12-06;19;1483
11;2025-12-06;20;1034
11;2025-12-06;21;740
11;2025-12-06;22;425
11;2025-12-06;23;292
11;2025-12-07;0;113
11;2025-12-07;1;15
11;2025-12-07;2;0
11;2025-12-07;3;1
11;2025-12-07;4;1
11;2025-12-07;5;116
11;2025-12-07;6;497
11;2025-12-07;7;499
11;2025-12-07;8;685
11;2025-12-07;9;954
11;2025-12-07;10;1044
11;2025-12-07;11;1532
11;2025-12-07;12;1598
11;2025-12-07;13;1578
11;2025-12-07;14;1640
11;2025-12-07;15;1624
11;2025-12-07;16;1529
11;2025-12-07;17;1703
11;2025-12-07;18;1283
11;2025-12-07;19;1026
11;2025-12-07;20;823
11;2025-12-07;21;616
11;2025-12-07;22;356
11;2025-12-07;23;246
11;2025-12-08;0;72
11;2025-12-08;1;11
11;2025-12-08;2;0
11;2025-12-08;3;0
11;2025-12-08;4;1
11;2025-12-08;5;247
11;2025-12-08;6;1334
11;2025-12-08;7;2361
11;2025-12-08;8;3110
11;2025-12-08;9;2337
11;2025-12-08;10;1830
11;2025-12-08;11;1841
11;2025-12-08;12;1768
11;2025-12-08;13;1863
11;2025-12-08;14;1941
11;2025-12-08;15;2033
11;2025-12-08;16;2204
11;2025-12-08;17;2763
11;2025-12-08;18;2941
11;2025-12-08;19;2144
11;2025-12-08;20;1227
11;2025-12-08;21;769
11;2025-12-08;22;344
11;2025-12-08;23;205
11;2025-12-09;0;54
11;2025-12-09;1;1
11;2025-12-09;2;0
11;2025-12-09;3;0
11;2025-12-09;4;1
11;2025-12-09;5;243
11;2025-12-09;6;1342
11;2025-12-09;7;2442
11;2025-12-09;8;3288
11;2025-12-09;9;2489
11;2025-12-09;10;2017
11;2025-12-09;11;1816
11;2025-12-09;12;1883
11;2025-12-09;13;2046
11;2025-12-09;14;1931
11;2025-12-09;15;1981
11;2025-12-09;16;2168
11;2025-12-09;17;2852
11;2025-12-09;18;3004
11;2025-12-09;19;2293
11;2025-12-09;20;1499
11;2025-12-09;21;815
11;2025-12-09;22;369
11;2025-12-09;23;229
11;2025-12-10;0;64
11;2025-12-10;1;0
11;2025-12-10;2;0
11;2025-12-10;3;0
11;2025-12-10;4;1
11;2025-12-10;5;268
11;2025-12-10;6;1237
11;2025-12-10;7;2469
11;2025-12-10;8;3055
11;2025-12-10;9;2346
11;2025-12-10;10;1904
11;2025-12-10;11;1908
11;2025-12-10;12;1898
11;2025-12-10;13;2039
11;2025-12-10;14;2020
11;2025-12-10;15;1957
11;2025-12-10;16;2068
11;2025-12-10;17;2653
11;2025-12-10;18;3018
11;2025-12-10;19;2099
11;2025-12-10;20;1342
11;2025-12-10;21;782
11;2025-12-10;22;406
11;2025-12-10;23;232
11;2025-12-11;0;58
11;2025-12-11;1;0
11;2025-12-11;2;0
11;2025-12-11;3;0
11;2025-12-11;4;1
11;2025-12-11;5;256
11;2025-12-11;6;1281
11;2025-12-11;7;2374
11;2025-12-11;8;3099
11;2025-12-11;9;2433
11;2025-12-11;10;2040
11;2025-12-11;11;1831
11;2025-12-11;12;2011
11;2025-12-11;13;2081
11;2025-12-11;14;2055
11;2025-12-11;15;1846
11;2025-12-11;16;2261
11;2025-12-11;17;2694
11;2025-12-11;18;3191
11;2025-12-11;19;2209
11;2025-12-11;20;1454
11;2025-12-11;21;854
11;2025-12-11;22;413
11;2025-12-11;23;252
11;2025-12-12;0;70
11;2025-12-12;1;2
11;2025-12-12;2;0
11;2025-12-12;3;0
11;2025-12-12;4;1
11;2025-12-12;5;261
11;2025-12-12;6;1273
11;2025-12-12;7;2322
11;2025-12-12;8;3164
11;2025-12-12;9;2221
11;2025-12-12;10;1847
11;2025-12-12;11;1750
11;2025-12-12;12;1869
11;2025-12-12;13;1869
11;2025-12-12;14;2025
11;2025-12-12;15;2077
11;2025-12-12;16;2311
11;2025-12-12;17;2782
11;2025-12-12;18;2405
11;2025-12-12;19;1818
11;2025-12-12;20;1335
11;2025-12-12;21;840
11;2025-12-12;22;397
11;2025-12-12;23;320
11;2025-12-13;0;106
11;2025-12-13;1;2
11;2025-12-13;2;0
11;2025-12-13;3;0
11;2025-12-13;4;1
11;2025-12-13;5;180
11;2025-12-13;6;826
11;2025-12-13;7;752
11;2025-12-13;8;1035
11;2025-12-13;9;1166
11;2025-12-13;10;1371
11;2025-12-13;11;1735
11;2025-12-13;12;1938
11;2025-12-13;13;1822
11;2025-12-13;14;2005
11;2025-12-13;15;1883
11;2025-12-13;16;1791
11;2025-12-13;17;1888
11;2025-12-13;18;1536
11;2025-12-13;19;1463
11;2025-12-13;20;1021
11;2025-12-13;21;731
11;2025-12-13;22;422
11;2025-12-13;23;291
11;2025-12-14;0;113
11;2025-12-14;1;15
11;2025-12-14;2;0
11;2025-12-14;3;1
11;2025-12-14;4;1
11;2025-12-14;5;115
11;2025-12-14;6;492
11;2025-12-14;7;494
11;2025-12-14;8;678
11;2025-12-14;9;944
11;2025-12-14;10;1033
11;2025-12-14;11;1516
11;2025-12-14;12;1582
11;2025-12-14;13;1562
11;2025-12-14;14;1624
11;2025-12-14;15;1608
11;2025-12-14;16;1513
11;2025-12-14;17;1685
11;2025-12-14;18;1270
11;2025-12-14;19;1015
11;2025-12-14;20;815
11;2025-12-14;21;610
11;2025-12-14;22;354
11;2025-12-14;23;246
11;2025-12-15;0;72
11;2025-12-15;1;11
11;2025-12-15;2;0
11;2025-12-15;3;0
11;2025-12-15;4;1
11;2025-12-15;5;246
11;2025-12-15;6;1325
11;2025-12-15;7;2344
11;2025-12-15;8;3088
11;2025-12-15;9;2320
11;2025-12-15;10;1817
11;2025-12-15;11;1827
11;2025-12-15;12;1755
11;2025-12-15;13;1850
11;2025-12-15;14;1927
11;2025-12-15;15;2018
11;2025-12-15;16;2188
11;2025-12-15;17;2743
11;2025-12-15;18;2919
11;2025-12-15;19;2128
11;2025-12-15;20;1218
11;2025-12-15;21;763
11;2025-12-15;22;343
11;2025-12-15;23;205
11;2025-12-16;0;54
11;2025-12-16;1;1
11;2025-12-16;2;0
11;2025-12-16;3;0
11;2025-12-16;4;1
11;2025-12-16;5;242
11;2025-12-16;6;1334
11;2025-12-16;7;2428
11;2025-12-16;8;3269
11;2025-12-16;9;2474
11;2025-12-16;10;2005
11;2025-12-16;11;1805
11;2025-12-16;12;1872
11;2025-12-16;13;2034
11;2025-12-16;14;1920
11;2025-12-16;15;1969
11;2025-12-16;16;2155
11;2025-12-16;17;2835
11;2025-12-16;18;2986
11;2025-12-16;19;2279
11;2025-12-16;20;1490
11;2025-12-16;21;811
11;2025-12-16;22;368
11;2025-12-16;23;228
11;2025-12-17;0;64
11;2025-12-17;1;0
11;2025-12-17;2;0
11;2025-12-17;3;0
11;2025-12-17;4;1
11;2025-12-17;5;271
11;2025-12-17;6;1257
11;2025-12-17;7;2508
11;2025-12-17;8;3103
11;2025-12-17;9;2384
11;2025-12-17;10;1934
11;2025-12-17;11;1938
11;2025-12-17;12;1928
11;2025-12-17;13;2071
11;2025-12-17;14;2052
11;2025-12-17;15;1989
11;2025-12-17;16;2101
11;2025-12-17;17;2695
11;2025-12-17;18;3066
11;2025-12-17;19;2133
11;2025-12-17;20;1363
11;2025-12-17;21;795
11;2025-12-17;22;409
11;2025-12-17;23;233
11;2025-12-18;0;58
11;2025-12-18;1;0
11;2025-12-18;2;0
11;2025-12-18;3;0
11;2025-12-18;4;1
11;2025-12-18;5;258
11;2025-12-18;6;1298
11;2025-12-18;7;2406
11;2025-12-18;8;3141
11;2025-12-18;9;2466
11;2025-12-18;10;2067
11;2025-12-18;11;1855
11;2025-12-18;12;2038
11;2025-12-18;13;2109
11;2025-12-18;14;2082
11;2025-12-18;15;1871
11;2025-12-18;16;2291
11;2025-12-18;17;2730
11;2025-12-18;18;3234
11;2025-12-18;19;2238
11;2025-12-18;20;1473
11;2025-12-18;21;865
11;2025-12-18;22;416
11;2025-12-18;23;252
11;2025-12-19;0;71
11;2025-12-19;1;2
11;2025-12-19;2;0
11;2025-12-19;3;0
11;2025-12-19;4;1
11;2025-12-19;5;263
11;2025-12-19;6;1290
11;2025-12-19;7;2353
11;2025-12-19;8;3208
11;2025-12-19;9;2252
11;2025-12-19;10;1872
11;2025-12-19;11;1774
11;2025-12-19;12;1894
11;2025-12-19;13;1895
11;2025-12-19;14;2053
11;2025-12-19;15;2106
11;2025-12-19;16;2342
11;2025-12-19;17;2820
11;2025-12-19;18;2438
11;2025-12-19;19;1843
11;2025-12-19;20;1353
11;2025-12-19;21;852
11;2025-12-19;22;399
11;2025-12-19;23;321
11;2025-12-20;0;106
11;2025-12-20;1;2
11;2025-12-20;2;0
11;2025-12-20;3;0
11;2025-12-20;4;1
11;2025-12-20;5;181
11;2025-12-20;6;836
11;2025-12-20;7;762
11;2025-12-20;8;1048
11;2025-12-20;9;1181
11;2025-12-20;10;1388
11;2025-12-20;11;1757
11;2025-12-20;12;1962
11;2025-12-20;13;1845
11;2025-12-20;14;2030
11;2025-12-20;15;1906
11;2025-12-20;16;1814
11;2025-12-20;17;1912
11;2025-12-20;18;1555
11;2025-12-20;19;1482
11;2025-12-20;20;1034
11;2025-12-20;21;740
11;2025-12-20;22;425
11;2025-12-20;23;292
11;2025-12-21;0;113
11;2025-12-21;1;15
11;2025-12-21;2;0
11;2025-12-21;3;1
11;2025-12-21;4;1
11;2025-12-21;5;116
11;2025-12-21;6;496
11;2025-12-21;7;498
11;2025-12-21;8;683
11;2025-12-21;9;952
11;2025-12-21;10;1042
11;2025-12-21;11;1529
11;2025-12-21;12;1595
11;2025-12-21;13;1575
11;2025-12-21;14;1637
11;2025-12-21;15;1621
11;2025-12-21;16;1525
11;2025-12-21;17;1699
11;2025-12-21;18;1280
11;2025-12-21;19;1024
11;2025-12-21;20;822
11;2025-12-21;21;615
11;2025-12-21;22;355
11;2025-12-21;23;246
11;2025-12-22;0;72
11;2025-12-22;1;11
11;2025-12-22;2;0
11;2025-12-22;3;0
11;2025-12-22;4;1
11;2025-12-22;5;246
11;2025-12-22;6;1324
11;2025-12-22;7;2342
11;2025-12-22;8;3086
11;2025-12-22;9;2319
11;2025-12-22;10;1816
11;2025-12-22;11;1826
11;2025-12-22;12;1754
11;2025-12-22;13;1849
11;2025-12-22;14;1926
11;2025-12-22;15;2017
11;2025-12-22;16;2187
11;2025-12-22;17;2741
11;2025-12-22;18;2918
11;2025-12-22;19;2127
11;2025-12-22;20;1218
11;2025-12-22;21;763
11;2025-12-22;22;343
11;2025-12-22;23;205
11;2025-12-23;0;54
11;2025-12-23;1;1
11;2025-12-23;2;0
11;2025-12-23;3;0
11;2025-12-23;4;1
11;2025-12-23;5;243
11;2025-12-23;6;1336
11;2025-12-23;7;2432
11;2025-12-23;8;3274
11;2025-12-23;9;2478
11;2025-12-23;10;2009
11;2025-12-23;11;1808
11;2025-12-23;12;1875
11;2025-12-23;13;2038
11;2025-12-23;14;1923
11;2025-12-23;15;1972
11;2025-12-23;16;2159
11;2025-12-23;17;2840
11;2025-12-23;18;2991
11;2025-12-23;19;2283
11;2025-12-23;20;1493
11;2025-12-23;21;812
11;2025-12-23;22;368
11;2025-12-23;23;228
11;2025-12-24;0;64
11;2025-12-24;1;0
11;2025-12-24;2;0
11;2025-12-24;3;0
11;2025-12-24;4;1
11;2025-12-24;5;268
11;2025-12-24;6;1235
11;2025-12-24;7;2465
11;2025-12-24;8;3050
11;2025-12-24;9;2343
11;2025-12-24;10;1901
11;2025-12-24;11;1905
11;2025-12-24;12;1895
11;2025-12-24;13;2036
11;2025-12-24;14;2017
11;2025-12-24;15;1954
11;2025-12-24;16;2065
11;2025-12-24;17;2649
11;2025-12-24;18;3013
11;2025-12-24;19;2096
11;2025-12-24;20;1340
11;2025-12-24;21;781
11;2025-12-24;22;406
11;2025-12-24;23;232
11;2025-12-25;0;58
11;2025-12-25;1;0
11;2025-12-25;2;0
11;2025-12-25;3;0
11;2025-12-25;4;1
11;2025-12-25;5;256
11;2025-12-25;6;1274
11;2025-12-25;7;2360
11;2025-12-25;8;3081
11;2025-12-25;9;2419
11;2025-12-25;10;2028
11;2025-12-25;11;1820
11;2025-12-25;12;1999
11;2025-12-25;13;2069
11;2025-12-25;14;2043
11;2025-12-25;15;1836
11;2025-12-25;16;2248
11;2025-12-25;17;2678
11;2025-12-25;18;3172
11;2025-12-25;19;2196
11;2025-12-25;20;1445
11;2025-12-25;21;849
11;2025-12-25;22;412
11;2025-12-25;23;251
11;2025-12-26;0;70
11;2025-12-26;1;2
11;2025-12-26;2;0
11;2025-12-26;3;0
11;2025-12-26;4;1
11;2025-12-26;5;260
11;2025-12-26;6;1259
11;2025-12-26;7;2297
11;2025-12-26;8;3131
11;2025-12-26;9;2198
11;2025-12-26;10;1827
11;2025-12-26;11;1732
11;2025-12-26;12;1849
11;2025-12-26;13;1849
11;2025-12-26;14;2004
11;2025-12-26;15;2056
11;2025-12-26;16;2286
11;2025-12-26;17;2753
11;2025-12-26;18;2379
11;2025-12-26;19;1799
11;2025-12-26;20;1321
11;2025-12-26;21;831
11;2025-12-26;22;395
11;2025-12-26;23;320
11;2025-12-27;0;106
11;2025-12-27;1;2
11;2025-12-27;2;0
11;2025-12-27;3;0
11;2025-12-27;4;1
11;2025-12-27;5;180
11;2025-12-27;6;830
11;2025-12-27;7;757
11;2025-12-27;8;1041
11;2025-12-27;9;1173
11;2025-12-27;10;1379
11;2025-12-27;11;1745
11;2025-12-27;12;1949
11;2025-12-27;13;1833
11;2025-12-27;14;2017
11;2025-12-27;15;1894
11;2025-12-27;16;1802
11;2025-12-27;17;1899
11;2025-12-27;18;1545
11;2025-12-27;19;1472
11;2025-12-27;20;1027
11;2025-12-27;21;735
11;2025-12-27;22;424
11;2025-12-27;23;292
11;2025-12-28;0;113
11;2025-12-28;1;15
11;2025-12-28;2;0
11;2025-12-28;3;1
11;2025-12-28;4;1
11;2025-12-28;5;115
11;2025-12-28;6;490
11;2025-12-28;7;492
11;2025-12-28;8;675
11;2025-12-28;9;940
11;2025-12-28;10;1029
11;2025-12-28;11;1509
11;2025-12-28;12;1575
11;2025-12-28;13;1555
11;2025-12-28;14;1616
11;2025-12-28;15;1600
11;2025-12-28;16;1506
11;2025-12-28;17;1678
11;2025-12-28;18;1264
11;2025-12-28;19;1010
11;2025-12-28;20;811
11;2025-12-28;21;607
11;2025-12-28;22;353
11;2025-12-28;23;246
11;2025-12-29;0;69
11;2025-12-29;1;10
11;2025-12-29;2;0
11;2025-12-29;3;0
11;2025-12-29;4;1
11;2025-12-29;5;235
11;2025-12-29;6;1264
11;2025-12-29;7;2236
11;2025-12-29;8;2946
11;2025-12-29;9;2214
11;2025-12-29;10;1733
11;2025-12-29;11;1743
11;2025-12-29;12;1675
11;2025-12-29;13;1765
11;2025-12-29;14;1838
11;2025-12-29;15;1926
11;2025-12-29;16;2087
11;2025-12-29;17;2616
11;2025-12-29;18;2785
11;2025-12-29;19;2030
11;2025-12-29;20;1162
11;2025-12-29;21;728
11;2025-12-29;22;328
11;2025-12-29;23;196
11;2025-12-30;0;50
11;2025-12-30;1;1
11;2025-12-30;2;0
11;2025-12-30;3;0
11;2025-12-30;4;1
11;2025-12-30;5;222
11;2025-12-30;6;1214
11;2025-12-30;7;2209
11;2025-12-30;8;2975
11;2025-12-30;9;2251
11;2025-12-30;10;1825
11;2025-12-30;11;1642
11;2025-12-30;12;1704
11;2025-12-30;13;1851
11;2025-12-30;14;1747
11;2025-12-30;15;1792
11;2025-12-30;16;1962
11;2025-12-30;17;2580
11;2025-12-30;18;2717
11;2025-12-30;19;2074
11;2025-12-30;20;1356
11;2025-12-30;21;738
11;2025-12-30;22;337
11;2025-12-30;23;210
11;2025-12-31;0;97
11;2025-12-31;1;9
11;2025-12-31;2;0
11;2025-12-31;3;0
11;2025-12-31;4;1
11;2025-12-31;5;121
11;2025-12-31;6;532
11;2025-12-31;7;510
11;2025-12-31;8;701
11;2025-12-31;9;892
11;2025-12-31;10;1005
11;2025-12-31;11;1391
11;2025-12-31;12;1490
11;2025-12-31;13;1444
11;2025-12-31;14;1534
11;2025-12-31;15;1488
11;2025-12-31;16;1406
11;2025-12-31;17;1534
11;2025-12-31;18;1190
11;2025-12-31;19;1023
11;2025-12-31;20;775
11;2025-12-31;21;569
11;2025-12-31;22;331
11;2025-12-31;23;230
12;2025-11-01;0;64
12;2025-11-01;1;2
12;2025-11-01;2;0
12;2025-11-01;3;0
12;2025-11-01;4;4
12;2025-11-01;5;288
12;2025-11-01;6;1162
12;2025-11-01;7;1954
12;2025-11-01;8;2389
12;2025-11-01;9;1975
12;2025-11-01;10;1730
12;2025-11-01;11;1744
12;2025-11-01;12;1793
12;2025-11-01;13;1990
12;2025-11-01;14;1847
12;2025-11-01;15;1989
12;2025-11-01;16;2407
12;2025-11-01;17;2385
12;2025-11-01;18;2172
12;2025-11-01;19;1848
12;2025-11-01;20;1233
12;2025-11-01;21;909
12;2025-11-01;22;479
12;2025-11-01;23;316
12;2025-11-02;0;80
12;2025-11-02;1;4
12;2025-11-02;2;0
12;2025-11-02;3;0
12;2025-11-02;4;3
12;2025-11-02;5;133
12;2025-11-02;6;494
12;2025-11-02;7;660
12;2025-11-02;8;697
12;2025-11-02;9;888
12;2025-11-02;10;1097
12;2025-11-02;11;1196
12;2025-11-02;12;1303
12;2025-11-02;13;1516
12;2025-11-02;14;1385
12;2025-11-02;15;1400
12;2025-11-02;16;1398
12;2025-11-02;17;1476
12;2025-11-02;18;1237
12;2025-11-02;19;951
12;2025-11-02;20;738
12;2025-11-02;21;574
12;2025-11-02;22;363
12;2025-11-02;23;192
12;2025-11-03;0;77
12;2025-11-03;1;4
12;2025-11-03;2;0
12;2025-11-03;3;0
12;2025-11-03;4;2
12;2025-11-03;5;154
12;2025-11-03;6;558
12;2025-11-03;7;705
12;2025-11-03;8;763
12;2025-11-03;9;955
12;2025-11-03;10;1165
12;2025-11-03;11;1248
12;2025-11-03;12;1336
12;2025-11-03;13;1548
12;2025-11-03;14;1412
12;2025-11-03;15;1411
12;2025-11-03;16;1438
12;2025-11-03;17;1480
12;2025-11-03;18;1291
12;2025-11-03;19;1037
12;2025-11-03;20;775
12;2025-11-03;21;610
12;2025-11-03;22;369
12;2025-11-03;23;214
12;2025-11-04;0;71
12;2025-11-04;1;3
12;2025-11-04;2;0
12;2025-11-04;3;0
12;2025-11-04;4;2
12;2025-11-04;5;132
12;2025-11-04;6;481
12;2025-11-04;7;620
12;2025-11-04;8;665
12;2025-11-04;9;838
12;2025-11-04;10;1027
12;2025-11-04;11;1108
12;2025-11-04;12;1194
12;2025-11-04;13;1386
12;2025-11-04;14;1265
12;2025-11-04;15;1270
12;2025-11-04;16;1284
12;2025-11-04;17;1334
12;2025-11-04;18;1146
12;2025-11-04;19;905
12;2025-11-04;20;686
12;2025-11-04;21;537
12;2025-11-04;22;331
12;2025-11-04;23;185
12;2025-11-05;0;61
12;2025-11-05;1;1
12;2025-11-05;2;0
12;2025-11-05;3;0
12;2025-11-05;4;7
12;2025-11-05;5;331
12;2025-11-05;6;1442
12;2025-11-05;7;2665
12;2025-11-05;8;3626
12;2025-11-05;9;2626
12;2025-11-05;10;2163
12;2025-11-05;11;2072
12;2025-11-05;12;2080
12;2025-11-05;13;2087
12;2025-11-05;14;1964
12;2025-11-05;15;2232
12;2025-11-05;16;2769
12;2025-11-05;17;3035
12;2025-11-05;18;3120
12;2025-11-05;19;2389
12;2025-11-05;20;1577
12;2025-11-05;21;1012
12;2025-11-05;22;509
12;2025-11-05;23;261
12;2025-11-06;0;53
12;2025-11-06;1;2
12;2025-11-06;2;0
12;2025-11-06;3;0
12;2025-11-06;4;7
12;2025-11-06;5;306
12;2025-11-06;6;1393
12;2025-11-06;7;2700
12;2025-11-06;8;3609
12;2025-11-06;9;2570
12;2025-11-06;10;2112
12;2025-11-06;11;1966
12;2025-11-06;12;2053
12;2025-11-06;13;2077
12;2025-11-06;14;1984
12;2025-11-06;15;2236
12;2025-11-06;16;2681
12;2025-11-06;17;3015
12;2025-11-06;18;3180
12;2025-11-06;19;2445
12;2025-11-06;20;1578
12;2025-11-06;21;963
12;2025-11-06;22;506
12;2025-11-06;23;266
12;2025-11-07;0;58
12;2025-11-07;1;1
12;2025-11-07;2;0
12;2025-11-07;3;0
12;2025-11-07;4;4
12;2025-11-07;5;326
12;2025-11-07;6;1397
12;2025-11-07;7;2645
12;2025-11-07;8;3281
12;2025-11-07;9;2453
12;2025-11-07;10;1895
12;2025-11-07;11;1892
12;2025-11-07;12;1947
12;2025-11-07;13;2125
12;2025-11-07;14;1996
12;2025-11-07;15;2266
12;2025-11-07;16;2882
12;2025-11-07;17;2891
12;2025-11-07;18;2566
12;2025-11-07;19;2143
12;2025-11-07;20;1412
12;2025-11-07;21;995
12;2025-11-07;22;523
12;2025-11-07;23;330
12;2025-11-08;0;74
12;2025-11-08;1;3
12;2025-11-08;2;0
12;2025-11-08;3;0
12;2025-11-08;4;2
12;2025-11-08;5;231
12;2025-11-08;6;806
12;2025-11-08;7;908
12;2025-11-08;8;1039
12;2025-11-08;9;1251
12;2025-11-08;10;1479
12;2025-11-08;11;1519
12;2025-11-08;12;1557
12;2025-11-08;13;1783
12;2025-11-08;14;1620
12;2025-11-08;15;1568
12;2025-11-08;16;1688
12;2025-11-08;17;1617
12;2025-11-08;18;1575
12;2025-11-08;19;1400
12;2025-11-08;20;960
12;2025-11-08;21;777
12;2025-11-08;22;413
12;2025-11-08;23;295
12;2025-11-09;0;84
12;2025-11-09;1;4
12;2025-11-09;2;0
12;2025-11-09;3;0
12;2025-11-09;4;3
12;2025-11-09;5;140
12;2025-11-09;6;522
12;2025-11-09;7;697
12;2025-11-09;8;736
12;2025-11-09;9;937
12;2025-11-09;10;1158
12;2025-11-09;11;1263
12;2025-11-09;12;1376
12;2025-11-09;13;1601
12;2025-11-09;14;1462
12;2025-11-09;15;1478
12;2025-11-09;16;1476
12;2025-11-09;17;1559
12;2025-11-09;18;1306
12;2025-11-09;19;1004
12;2025-11-09;20;779
12;2025-11-09;21;606
12;2025-11-09;22;383
12;2025-11-09;23;202
12;2025-11-10;0;55
12;2025-11-10;1;3
12;2025-11-10;2;0
12;2025-11-10;3;0
12;2025-11-10;4;6
12;2025-11-10;5;311
12;2025-11-10;6;1432
12;2025-11-10;7;2647
12;2025-11-10;8;3542
12;2025-11-10;9;2481
12;2025-11-10;10;1905
12;2025-11-10;11;1837
12;2025-11-10;12;2017
12;2025-11-10;13;1917
12;2025-11-10;14;1954
12;2025-11-10;15;2147
12;2025-11-10;16;2674
12;2025-11-10;17;2958
12;2025-11-10;18;3169
12;2025-11-10;19;2339
12;2025-11-10;20;1585
12;2025-11-10;21;941
12;2025-11-10;22;454
12;2025-11-10;23;231
12;2025-11-11;0;47
12;2025-11-11;1;1
12;2025-11-11;2;0
12;2025-11-11;3;0
12;2025-11-11;4;6
12;2025-11-11;5;336
12;2025-11-11;6;1436
12;2025-11-11;7;2811
12;2025-11-11;8;3692
12;2025-11-11;9;2559
12;2025-11-11;10;2084
12;2025-11-11;11;2048
12;2025-11-11;12;2076
12;2025-11-11;13;2112
12;2025-11-11;14;2028
12;2025-11-11;15;2213
12;2025-11-11;16;2660
12;2025-11-11;17;3040
12;2025-11-11;18;3230
12;2025-11-11;19;2394
12;2025-11-11;20;1524
12;2025-11-11;21;921
12;2025-11-11;22;487
12;2025-11-11;23;251
12;2025-11-12;0;61
12;2025-11-12;1;1
12;2025-11-12;2;0
12;2025-11-12;3;0
12;2025-11-12;4;7
12;2025-11-12;5;330
12;2025-11-12;6;1432
12;2025-11-12;7;2647
12;2025-11-12;8;3601
12;2025-11-12;9;2608
12;2025-11-12;10;2149
12;2025-11-12;11;2058
12;2025-11-12;12;2066
12;2025-11-12;13;2073
12;2025-11-12;14;1951
12;2025-11-12;15;2217
12;2025-11-12;16;2751
12;2025-11-12;17;3014
12;2025-11-12;18;3099
12;2025-11-12;19;2373
12;2025-11-12;20;1567
12;2025-11-12;21;1005
12;2025-11-12;22;507
12;2025-11-12;23;260
12;2025-11-13;0;53
12;2025-11-13;1;2
12;2025-11-13;2;0
12;2025-11-13;3;0
12;2025-11-13;4;7
12;2025-11-13;5;306
12;2025-11-13;6;1402
12;2025-11-13;7;2717
12;2025-11-13;8;3632
12;2025-11-13;9;2586
12;2025-11-13;10;2125
12;2025-11-13;11;1978
12;2025-11-13;12;2066
12;2025-11-13;13;2090
12;2025-11-13;14;1996
12;2025-11-13;15;2250
12;2025-11-13;16;2698
12;2025-11-13;17;3034
12;2025-11-13;18;3199
12;2025-11-13;19;2461
12;2025-11-13;20;1588
12;2025-11-13;21;969
12;2025-11-13;22;507
12;2025-11-13;23;266
12;2025-11-14;0;58
12;2025-11-14;1;1
12;2025-11-14;2;0
12;2025-11-14;3;0
12;2025-11-14;4;4
12;2025-11-14;5;326
12;2025-11-14;6;1401
12;2025-11-14;7;2652
12;2025-11-14;8;3291
12;2025-11-14;9;2461
12;2025-11-14;10;1900
12;2025-11-14;11;1898
12;2025-11-14;12;1953
12;2025-11-14;13;2131
12;2025-11-14;14;2002
12;2025-11-14;15;2273
12;2025-11-14;16;2890
12;2025-11-14;17;2899
12;2025-11-14;18;2573
12;2025-11-14;19;2149
12;2025-11-14;20;1416
12;2025-11-14;21;998
12;2025-11-14;22;524
12;2025-11-14;23;330
12;2025-11-15;0;74
12;2025-11-15;1;3
12;2025-11-15;2;0
12;2025-11-15;3;0
12;2025-11-15;4;2
12;2025-11-15;5;227
12;2025-11-15;6;780
12;2025-11-15;7;878
12;2025-11-15;8;1004
12;2025-11-15;9;1209
12;2025-11-15;10;1430
12;2025-11-15;11;1469
12;2025-11-15;12;1506
12;2025-11-15;13;1724
12;2025-11-15;14;1567
12;2025-11-15;15;1516
12;2025-11-15;16;1633
12;2025-11-15;17;1564
12;2025-11-15;18;1523
12;2025-11-15;19;1354
12;2025-11-15;20;929
12;2025-11-15;21;751
12;2025-11-15;22;406
12;2025-11-15;23;293
12;2025-11-16;0;84
12;2025-11-16;1;4
12;2025-11-16;2;0
12;2025-11-16;3;0
12;2025-11-16;4;3
12;2025-11-16;5;140
12;2025-11-16;6;518
12;2025-11-16;7;692
12;2025-11-16;8;730
12;2025-11-16;9;930
12;2025-11-16;10;1150
12;2025-11-16;11;1254
12;2025-11-16;12;1365
12;2025-11-16;13;1588
12;2025-11-16;14;1451
12;2025-11-16;15;1467
12;2025-11-16;16;1465
12;2025-11-16;17;1547
12;2025-11-16;18;1296
12;2025-11-16;19;997
12;2025-11-16;20;773
12;2025-11-16;21;601
12;2025-11-16;22;381
12;2025-11-16;23;202
12;2025-11-17;0;55
12;2025-11-17;1;3
12;2025-11-17;2;0
12;2025-11-17;3;0
12;2025-11-17;4;6
12;2025-11-17;5;309
12;2025-11-17;6;1414
12;2025-11-17;7;2614
12;2025-11-17;8;3498
12;2025-11-17;9;2450
12;2025-11-17;10;1881
12;2025-11-17;11;1814
12;2025-11-17;12;1991
12;2025-11-17;13;1893
12;2025-11-17;14;1929
12;2025-11-17;15;2120
12;2025-11-17;16;2641
12;2025-11-17;17;2921
12;2025-11-17;18;3130
12;2025-11-17;19;2310
12;2025-11-17;20;1565
12;2025-11-17;21;929
12;2025-11-17;22;451
12;2025-11-17;23;231
12;2025-11-18;0;47
12;2025-11-18;1;1
12;2025-11-18;2;0
12;2025-11-18;3;0
12;2025-11-18;4;6
12;2025-11-18;5;334
12;2025-11-18;6;1413
12;2025-11-18;7;2767
12;2025-11-18;8;3634
12;2025-11-18;9;2518
12;2025-11-18;10;2051
12;2025-11-18;11;2015
12;2025-11-18;12;2043
12;2025-11-18;13;2079
12;2025-11-18;14;1996
12;2025-11-18;15;2178
12;2025-11-18;16;2618
12;2025-11-18;17;2992
12;2025-11-18;18;3178
12;2025-11-18;19;2356
12;2025-11-18;20;1500
12;2025-11-18;21;906
12;2025-11-18;22;483
12;2025-11-18;23;250
12;2025-11-19;0;61
12;2025-11-19;1;1
12;2025-11-19;2;0
12;2025-11-19;3;0
12;2025-11-19;4;7
12;2025-11-19;5;330
12;2025-11-19;6;1439
12;2025-11-19;7;2659
12;2025-11-19;8;3617
12;2025-11-19;9;2620
12;2025-11-19;10;2158
12;2025-11-19;11;2068
12;2025-11-19;12;2075
12;2025-11-19;13;2082
12;2025-11-19;14;1960
12;2025-11-19;15;2227
12;2025-11-19;16;2763
12;2025-11-19;17;3028
12;2025-11-19;18;3113
12;2025-11-19;19;2383
12;2025-11-19;20;1574
12;2025-11-19;21;1009
12;2025-11-19;22;508
12;2025-11-19;23;260
12;2025-11-20;0;53
12;2025-11-20;1;2
12;2025-11-20;2;0
12;2025-11-20;3;0
12;2025-11-20;4;7
12;2025-11-20;5;306
12;2025-11-20;6;1399
12;2025-11-20;7;2710
12;2025-11-20;8;3623
12;2025-11-20;9;2580
12;2025-11-20;10;2120
12;2025-11-20;11;1973
12;2025-11-20;12;2061
12;2025-11-20;13;2085
12;2025-11-20;14;1991
12;2025-11-20;15;2245
12;2025-11-20;16;2692
12;2025-11-20;17;3026
12;2025-11-20;18;3192
12;2025-11-20;19;2455
12;2025-11-20;20;1584
12;2025-11-20;21;967
12;2025-11-20;22;507
12;2025-11-20;23;266
12;2025-11-21;0;58
12;2025-11-21;1;1
12;2025-11-21;2;0
12;2025-11-21;3;0
12;2025-11-21;4;4
12;2025-11-21;5;325
12;2025-11-21;6;1393
12;2025-11-21;7;2638
12;2025-11-21;8;3273
12;2025-11-21;9;2447
12;2025-11-21;10;1890
12;2025-11-21;11;1888
12;2025-11-21;12;1943
12;2025-11-21;13;2120
12;2025-11-21;14;1991
12;2025-11-21;15;2261
12;2025-11-21;16;2875
12;2025-11-21;17;2884
12;2025-11-21;18;2560
12;2025-11-21;19;2138
12;2025-11-21;20;1409
12;2025-11-21;21;993
12;2025-11-21;22;523
12;2025-11-21;23;329
12;2025-11-22;0;74
12;2025-11-22;1;3
12;2025-11-22;2;0
12;2025-11-22;3;0
12;2025-11-22;4;2
12;2025-11-22;5;228
12;2025-11-22;6;789
12;2025-11-22;7;889
12;2025-11-22;8;1017
12;2025-11-22;9;1224
12;2025-11-22;10;1448
12;2025-11-22;11;1487
12;2025-11-22;12;1524
12;2025-11-22;13;1745
12;2025-11-22;14;1586
12;2025-11-22;15;1535
12;2025-11-22;16;1653
12;2025-11-22;17;1583
12;2025-11-22;18;1542
12;2025-11-22;19;1370
12;2025-11-22;20;940
12;2025-11-22;21;760
12;2025-11-22;22;408
12;2025-11-22;23;293
12;2025-11-23;0;84
12;2025-11-23;1;4
12;2025-11-23;2;0
12;2025-11-23;3;0
12;2025-11-23;4;3
12;2025-11-23;5;140
12;2025-11-23;6;520
12;2025-11-23;7;694
12;2025-11-23;8;733
12;2025-11-23;9;934
12;2025-11-23;10;1154
12;2025-11-23;11;1258
12;2025-11-23;12;1370
12;2025-11-23;13;1594
12;2025-11-23;14;1457
12;2025-11-23;15;1473
12;2025-11-23;16;1470
12;2025-11-23;17;1553
12;2025-11-23;18;1301
12;2025-11-23;19;1001
12;2025-11-23;20;776
12;2025-11-23;21;603
12;2025-11-23;22;382
12;2025-11-23;23;202
12;2025-11-24;0;55
12;2025-11-24;1;3
12;2025-11-24;2;0
12;2025-11-24;3;0
12;2025-11-24;4;6
12;2025-11-24;5;308
12;2025-11-24;6;1404
12;2025-11-24;7;2595
12;2025-11-24;8;3472
12;2025-11-24;9;2432
12;2025-11-24;10;1867
12;2025-11-24;11;1801
12;2025-11-24;12;1977
12;2025-11-24;13;1879
12;2025-11-24;14;1915
12;2025-11-24;15;2104
12;2025-11-24;16;2621
12;2025-11-24;17;2900
12;2025-11-24;18;3107
12;2025-11-24;19;2293
12;2025-11-24;20;1553
12;2025-11-24;21;923
12;2025-11-24;22;449
12;2025-11-24;23;231
12;2025-11-25;0;47
12;2025-11-25;1;1
12;2025-11-25;2;0
12;2025-11-25;3;0
12;2025-11-25;4;6
12;2025-11-25;5;336
12;2025-11-25;6;1435
12;2025-11-25;7;2810
12;2025-11-25;8;3691
12;2025-11-25;9;2558
12;2025-11-25;10;2083
12;2025-11-25;11;2047
12;2025-11-25;12;2075
12;2025-11-25;13;2112
12;2025-11-25;14;2027
12;2025-11-25;15;2212
12;2025-11-25;16;2659
12;2025-11-25;17;3039
12;2025-11-25;18;3229
12;2025-11-25;19;2393
12;2025-11-25;20;1524
12;2025-11-25;21;920
12;2025-11-25;22;487
12;2025-11-25;23;251
12;2025-11-26;0;61
12;2025-11-26;1;1
12;2025-11-26;2;0
12;2025-11-26;3;0
12;2025-11-26;4;7
12;2025-11-26;5;327
12;2025-11-26;6;1408
12;2025-11-26;7;2602
12;2025-11-26;8;3540
12;2025-11-26;9;2564
12;2025-11-26;10;2112
12;2025-11-26;11;2023
12;2025-11-26;12;2031
12;2025-11-26;13;2038
12;2025-11-26;14;1918
12;2025-11-26;15;2179
12;2025-11-26;16;2704
12;2025-11-26;17;2963
12;2025-11-26;18;3046
12;2025-11-26;19;2332
12;2025-11-26;20;1540
12;2025-11-26;21;988
12;2025-11-26;22;503
12;2025-11-26;23;259
12;2025-11-27;0;53
12;2025-11-27;1;2
12;2025-11-27;2;0
12;2025-11-27;3;0
12;2025-11-27;4;7
12;2025-11-27;5;304
12;2025-11-27;6;1383
12;2025-11-27;7;2679
12;2025-11-27;8;3582
12;2025-11-27;9;2551
12;2025-11-27;10;2096
12;2025-11-27;11;1951
12;2025-11-27;12;2038
12;2025-11-27;13;2061
12;2025-11-27;14;1969
12;2025-11-27;15;2219
12;2025-11-27;16;2661
12;2025-11-27;17;2992
12;2025-11-27;18;3155
12;2025-11-27;19;2427
12;2025-11-27;20;1566
12;2025-11-27;21;956
12;2025-11-27;22;504
12;2025-11-27;23;265
12;2025-11-28;0;58
12;2025-11-28;1;1
12;2025-11-28;2;0
12;2025-11-28;3;0
12;2025-11-28;4;4
12;2025-11-28;5;325
12;2025-11-28;6;1388
12;2025-11-28;7;2628
12;2025-11-28;8;3260
12;2025-11-28;9;2438
12;2025-11-28;10;1883
12;2025-11-28;11;1880
12;2025-11-28;12;1935
12;2025-11-28;13;2112
12;2025-11-28;14;1983
12;2025-11-28;15;2252
12;2025-11-28;16;2863
12;2025-11-28;17;2873
12;2025-11-28;18;2550
12;2025-11-28;19;2129
12;2025-11-28;20;1403
12;2025-11-28;21;989
12;2025-11-28;22;522
12;2025-11-28;23;329
12;2025-11-29;0;74
12;2025-11-29;1;3
12;2025-11-29;2;0
12;2025-11-29;3;0
12;2025-11-29;4;2
12;2025-11-29;5;230
12;2025-11-29;6;803
12;2025-11-29;7;905
12;2025-11-29;8;1035
12;2025-11-29;9;1246
12;2025-11-29;10;1474
12;2025-11-29;11;1514
12;2025-11-29;12;1552
12;2025-11-29;13;1776
12;2025-11-29;14;1614
12;2025-11-29;15;1562
12;2025-11-29;16;1682
12;2025-11-29;17;1611
12;2025-11-29;18;1570
12;2025-11-29;19;1395
12;2025-11-29;20;957
12;2025-11-29;21;774
12;2025-11-29;22;412
12;2025-11-29;23;294
12;2025-11-30;0;84
12;2025-11-30;1;4
12;2025-11-30;2;0
12;2025-11-30;3;0
12;2025-11-30;4;3
12;2025-11-30;5;140
12;2025-11-30;6;521
12;2025-11-30;7;696
12;2025-11-30;8;735
12;2025-11-30;9;936
12;2025-11-30;10;1156
12;2025-11-30;11;1261
12;2025-11-30;12;1373
12;2025-11-30;13;1598
12;2025-11-30;14;1460
12;2025-11-30;15;1476
12;2025-11-30;16;1473
12;2025-11-30;17;1556
12;2025-11-30;18;1303
12;2025-11-30;19;1003
12;2025-11-30;20;778
12;2025-11-30;21;605
12;2025-11-30;22;382
12;2025-11-30;23;202
12;2025-12-01;0;55
12;2025-12-01;1;3
12;2025-12-01;2;0
12;2025-12-01;3;0
12;2025-12-01;4;6
12;2025-12-01;5;311
12;2025-12-01;6;1433
12;2025-12-01;7;2649
12;2025-12-01;8;3545
12;2025-12-01;9;2483
12;2025-12-01;10;1906
12;2025-12-01;11;1838
12;2025-12-01;12;2018
12;2025-12-01;13;1919
12;2025-12-01;14;1955
12;2025-12-01;15;2148
12;2025-12-01;16;2676
12;2025-12-01;17;2960
12;2025-12-01;18;3172
12;2025-12-01;19;2341
12;2025-12-01;20;1586
12;2025-12-01;21;942
12;2025-12-01;22;454
12;2025-12-01;23;232
12;2025-12-02;0;47
12;2025-12-02;1;1
12;2025-12-02;2;0
12;2025-12-02;3;0
12;2025-12-02;4;6
12;2025-12-02;5;336
12;2025-12-02;6;1435
12;2025-12-02;7;2810
12;2025-12-02;8;3691
12;2025-12-02;9;2558
12;2025-12-02;10;2083
12;2025-12-02;11;2047
12;2025-12-02;12;2075
12;2025-12-02;13;2111
12;2025-12-02;14;2027
12;2025-12-02;15;2212
12;2025-12-02;16;2659
12;2025-12-02;17;3039
12;2025-12-02;18;3228
12;2025-12-02;19;2393
12;2025-12-02;20;1524
12;2025-12-02;21;920
12;2025-12-02;22;487
12;2025-12-02;23;251
12;2025-12-03;0;61
12;2025-12-03;1;1
12;2025-12-03;2;0
12;2025-12-03;3;0
12;2025-12-03;4;7
12;2025-12-03;5;331
12;2025-12-03;6;1441
12;2025-12-03;7;2663
12;2025-12-03;8;3623
12;2025-12-03;9;2624
12;2025-12-03;10;2161
12;2025-12-03;11;2070
12;2025-12-03;12;2078
12;2025-12-03;13;2085
12;2025-12-03;14;1962
12;2025-12-03;15;2230
12;2025-12-03;16;2767
12;2025-12-03;17;3032
12;2025-12-03;18;3117
12;2025-12-03;19;2387
12;2025-12-03;20;1576
12;2025-12-03;21;1011
12;2025-12-03;22;508
12;2025-12-03;23;261
12;2025-12-04;0;53
12;2025-12-04;1;2
12;2025-12-04;2;0
12;2025-12-04;3;0
12;2025-12-04;4;7
12;2025-12-04;5;307
12;2025-12-04;6;1403
12;2025-12-04;7;2719
12;2025-12-04;8;3634
12;2025-12-04;9;2588
12;2025-12-04;10;2127
12;2025-12-04;11;1980
12;2025-12-04;12;2068
12;2025-12-04;13;2091
12;2025-12-04;14;1998
12;2025-12-04;15;2252
12;2025-12-04;16;2700
12;2025-12-04;17;3036
12;2025-12-04;18;3202
12;2025-12-04;19;2462
12;2025-12-04;20;1589
12;2025-12-04;21;970
12;2025-12-04;22;508
12;2025-12-04;23;266
12;2025-12-05;0;58
12;2025-12-05;1;1
12;2025-12-05;2;0
12;2025-12-05;3;0
12;2025-12-05;4;4
12;2025-12-05;5;327
12;2025-12-05;6;1405
12;2025-12-05;7;2660
12;2025-12-05;8;3300
12;2025-12-05;9;2468
12;2025-12-05;10;1906
12;2025-12-05;11;1903
12;2025-12-05;12;1959
12;2025-12-05;13;2138
12;2025-12-05;14;2008
12;2025-12-05;15;2279
12;2025-12-05;16;2898
12;2025-12-05;17;2908
12;2025-12-05;18;2581
12;2025-12-05;19;2155
12;2025-12-05;20;1420
12;2025-12-05;21;1001
12;2025-12-05;22;525
12;2025-12-05;23;330
12;2025-12-06;0;74
12;2025-12-06;1;3
12;2025-12-06;2;0
12;2025-12-06;3;0
12;2025-12-06;4;2
12;2025-12-06;5;231
12;2025-12-06;6;806
12;2025-12-06;7;908
12;2025-12-06;8;1039
12;2025-12-06;9;1250
12;2025-12-06;10;1479
12;2025-12-06;11;1519
12;2025-12-06;12;1557
12;2025-12-06;13;1782
12;2025-12-06;14;1620
12;2025-12-06;15;1568
12;2025-12-06;16;1688
12;2025-12-06;17;1617
12;2025-12-06;18;1575
12;2025-12-06;19;1400
12;2025-12-06;20;960
12;2025-12-06;21;777
12;2025-12-06;22;413
12;2025-12-06;23;295
12;2025-12-07;0;84
12;2025-12-07;1;4
12;2025-12-07;2;0
12;2025-12-07;3;0
12;2025-12-07;4;3
12;2025-12-07;5;140
12;2025-12-07;6;522
12;2025-12-07;7;697
12;2025-12-07;8;736
12;2025-12-07;9;937
12;2025-12-07;10;1158
12;2025-12-07;11;1263
12;2025-12-07;12;1375
12;2025-12-07;13;1600
12;2025-12-07;14;1461
12;2025-12-07;15;1478
12;2025-12-07;16;1475
12;2025-12-07;17;1558
12;2025-12-07;18;1305
12;2025-12-07;19;1004
12;2025-12-07;20;779
12;2025-12-07;21;605
12;2025-12-07;22;383
12;2025-12-07;23;202
12;2025-12-08;0;55
12;2025-12-08;1;3
12;2025-12-08;2;0
12;2025-12-08;3;0
12;2025-12-08;4;6
12;2025-12-08;5;312
12;2025-12-08;6;1434
12;2025-12-08;7;2651
12;2025-12-08;8;3547
12;2025-12-08;9;2485
12;2025-12-08;10;1907
12;2025-12-08;11;1839
12;2025-12-08;12;2019
12;2025-12-08;13;1920
12;2025-12-08;14;1956
12;2025-12-08;15;2150
12;2025-12-08;16;2678
12;2025-12-08;17;2962
12;2025-12-08;18;3174
12;2025-12-08;19;2343
12;2025-12-08;20;1587
12;2025-12-08;21;942
12;2025-12-08;22;454
12;2025-12-08;23;232
12;2025-12-09;0;47
12;2025-12-09;1;1
12;2025-12-09;2;0
12;2025-12-09;3;0
12;2025-12-09;4;6
12;2025-12-09;5;336
12;2025-12-09;6;1431
12;2025-12-09;7;2801
12;2025-12-09;8;3679
12;2025-12-09;9;2550
12;2025-12-09;10;2076
12;2025-12-09;11;2041
12;2025-12-09;12;2068
12;2025-12-09;13;2105
12;2025-12-09;14;2021
12;2025-12-09;15;2205
12;2025-12-09;16;2651
12;2025-12-09;17;3029
12;2025-12-09;18;3219
12;2025-12-09;19;2386
12;2025-12-09;20;1519
12;2025-12-09;21;917
12;2025-12-09;22;486
12;2025-12-09;23;251
12;2025-12-10;0;61
12;2025-12-10;1;1
12;2025-12-10;2;0
12;2025-12-10;3;0
12;2025-12-10;4;7
12;2025-12-10;5;329
12;2025-12-10;6;1422
12;2025-12-10;7;2628
12;2025-12-10;8;3575
12;2025-12-10;9;2590
12;2025-12-10;10;2133
12;2025-12-10;11;2043
12;2025-12-10;12;2051
12;2025-12-10;13;2058
12;2025-12-10;14;1937
12;2025-12-10;15;2201
12;2025-12-10;16;2731
12;2025-12-10;17;2992
12;2025-12-10;18;3077
12;2025-12-10;19;2355
12;2025-12-10;20;1555
12;2025-12-10;21;998
12;2025-12-10;22;505
12;2025-12-10;23;260
12;2025-12-11;0;53
12;2025-12-11;1;2
12;2025-12-11;2;0
12;2025-12-11;3;0
12;2025-12-11;4;7
12;2025-12-11;5;305
12;2025-12-11;6;1386
12;2025-12-11;7;2686
12;2025-12-11;8;3591
12;2025-12-11;9;2557
12;2025-12-11;10;2101
12;2025-12-11;11;1956
12;2025-12-11;12;2043
12;2025-12-11;13;2067
12;2025-12-11;14;1974
12;2025-12-11;15;2225
12;2025-12-11;16;2668
12;2025-12-11;17;3000
12;2025-12-11;18;3164
12;2025-12-11;19;2433
12;2025-12-11;20;1570
12;2025-12-11;21;958
12;2025-12-11;22;505
12;2025-12-11;23;266
12;2025-12-12;0;58
12;2025-12-12;1;1
12;2025-12-12;2;0
12;2025-12-12;3;0
12;2025-12-12;4;4
12;2025-12-12;5;324
12;2025-12-12;6;1384
12;2025-12-12;7;2622
12;2025-12-12;8;3252
12;2025-12-12;9;2432
12;2025-12-12;10;1878
12;2025-12-12;11;1876
12;2025-12-12;12;1930
12;2025-12-12;13;2107
12;2025-12-12;14;1979
12;2025-12-12;15;2246
12;2025-12-12;16;2856
12;2025-12-12;17;2866
12;2025-12-12;18;2544
12;2025-12-12;19;2124
12;2025-12-12;20;1400
12;2025-12-12;21;987
12;2025-12-12;22;521
12;2025-12-12;23;329
12;2025-12-13;0;74
12;2025-12-13;1;3
12;2025-12-13;2;0
12;2025-12-13;3;0
12;2025-12-13;4;2
12;2025-12-13;5;229
12;2025-12-13;6;796
12;2025-12-13;7;896
12;2025-12-13;8;1025
12;2025-12-13;9;1234
12;2025-12-13;10;1460
12;2025-12-13;11;1499
12;2025-12-13;12;1537
12;2025-12-13;13;1759
12;2025-12-13;14;1599
12;2025-12-13;15;1547
12;2025-12-13;16;1666
12;2025-12-13;17;1596
12;2025-12-13;18;1555
12;2025-12-13;19;1381
12;2025-12-13;20;947
12;2025-12-13;21;767
12;2025-12-13;22;410
12;2025-12-13;23;294
12;2025-12-14;0;84
12;2025-12-14;1;4
12;2025-12-14;2;0
12;2025-12-14;3;0
12;2025-12-14;4;3
12;2025-12-14;5;140
12;2025-12-14;6;517
12;2025-12-14;7;689
12;2025-12-14;8;728
12;2025-12-14;9;927
12;2025-12-14;10;1146
12;2025-12-14;11;1250
12;2025-12-14;12;1361
12;2025-12-14;13;1583
12;2025-12-14;14;1446
12;2025-12-14;15;1462
12;2025-12-14;16;1460
12;2025-12-14;17;1542
12;2025-12-14;18;1292
12;2025-12-14;19;994
12;2025-12-14;20;771
12;2025-12-14;21;599
12;2025-12-14;22;381
12;2025-12-14;23;202
12;2025-12-15;0;55
12;2025-12-15;1;3
12;2025-12-15;2;0
12;2025-12-15;3;0
12;2025-12-15;4;6
12;2025-12-15;5;310
12;2025-12-15;6;1423
12;2025-12-15;7;2632
12;2025-12-15;8;3521
12;2025-12-15;9;2467
12;2025-12-15;10;1894
12;2025-12-15;11;1826
12;2025-12-15;12;2005
12;2025-12-15;13;1906
12;2025-12-15;14;1942
12;2025-12-15;15;2134
12;2025-12-15;16;2658
12;2025-12-15;17;2941
12;2025-12-15;18;3151
12;2025-12-15;19;2326
12;2025-12-15;20;1575
12;2025-12-15;21;936
12;2025-12-15;22;452
12;2025-12-15;23;231
12;2025-12-16;0;47
12;2025-12-16;1;1
12;2025-12-16;2;0
12;2025-12-16;3;0
12;2025-12-16;4;6
12;2025-12-16;5;335
12;2025-12-16;6;1422
12;2025-12-16;7;2785
12;2025-12-16;8;3657
12;2025-12-16;9;2535
12;2025-12-16;10;2064
12;2025-12-16;11;2029
12;2025-12-16;12;2056
12;2025-12-16;13;2092
12;2025-12-16;14;2009
12;2025-12-16;15;2192
12;2025-12-16;16;2635
12;2025-12-16;17;3011
12;2025-12-16;18;3199
12;2025-12-16;19;2372
12;2025-12-16;20;1510
12;2025-12-16;21;912
12;2025-12-16;22;484
12;2025-12-16;23;250
12;2025-12-17;0;61
12;2025-12-17;1;1
12;2025-12-17;2;0
12;2025-12-17;3;0
12;2025-12-17;4;7
12;2025-12-17;5;331
12;2025-12-17;6;1444
12;2025-12-17;7;2669
12;2025-12-17;8;3632
12;2025-12-17;9;2631
12;2025-12-17;10;2167
12;2025-12-17;11;2076
12;2025-12-17;12;2084
12;2025-12-17;13;2091
12;2025-12-17;14;1967
12;2025-12-17;15;2236
12;2025-12-17;16;2774
12;2025-12-17;17;3040
12;2025-12-17;18;3125
12;2025-12-17;19;2393
12;2025-12-17;20;1580
12;2025-12-17;21;1014
12;2025-12-17;22;509
12;2025-12-17;23;261
12;2025-12-18;0;53
12;2025-12-18;1;2
12;2025-12-18;2;0
12;2025-12-18;3;0
12;2025-12-18;4;7
12;2025-12-18;5;307
12;2025-12-18;6;1405
12;2025-12-18;7;2723
12;2025-12-18;8;3639
12;2025-12-18;9;2592
12;2025-12-18;10;2130
12;2025-12-18;11;1982
12;2025-12-18;12;2071
12;2025-12-18;13;2094
12;2025-12-18;14;2000
12;2025-12-18;15;2255
12;2025-12-18;16;2704
12;2025-12-18;17;3040
12;2025-12-18;18;3206
12;2025-12-18;19;2466
12;2025-12-18;20;1591
12;2025-12-18;21;971
12;2025-12-18;22;508
12;2025-12-18;23;266
12;2025-12-19;0;58
12;2025-12-19;1;1
12;2025-12-19;2;0
12;2025-12-19;3;0
12;2025-12-19;4;4
12;2025-12-19;5;326
12;2025-12-19;6;1403
12;2025-12-19;7;2658
12;2025-12-19;8;3297
12;2025-12-19;9;2465
12;2025-12-19;10;1904
12;2025-12-19;11;1901
12;2025-12-19;12;1957
12;2025-12-19;13;2136
12;2025-12-19;14;2006
12;2025-12-19;15;2277
12;2025-12-19;16;2896
12;2025-12-19;17;2905
12;2025-12-19;18;2578
12;2025-12-19;19;2153
12;2025-12-19;20;1419
12;2025-12-19;21;1000
12;2025-12-19;22;524
12;2025-12-19;23;330
12;2025-12-20;0;74
12;2025-12-20;1;3
12;2025-12-20;2;0
12;2025-12-20;3;0
12;2025-12-20;4;2
12;2025-12-20;5;231
12;2025-12-20;6;806
12;2025-12-20;7;908
12;2025-12-20;8;1038
12;2025-12-20;9;1250
12;2025-12-20;10;1478
12;2025-12-20;11;1518
12;2025-12-20;12;1556
12;2025-12-20;13;1781
12;2025-12-20;14;1619
12;2025-12-20;15;1567
12;2025-12-20;16;1687
12;2025-12-20;17;1616
12;2025-12-20;18;1574
12;2025-12-20;19;1399
12;2025-12-20;20;959
12;2025-12-20;21;776
12;2025-12-20;22;413
12;2025-12-20;23;295
12;2025-12-21;0;84
12;2025-12-21;1;4
12;2025-12-21;2;0
12;2025-12-21;3;0
12;2025-12-21;4;3
12;2025-12-21;5;140
12;2025-12-21;6;521
12;2025-12-21;7;695
12;2025-12-21;8;734
12;2025-12-21;9;935
12;2025-12-21;10;1155
12;2025-12-21;11;1260
12;2025-12-21;12;1372
12;2025-12-21;13;1596
12;2025-12-21;14;1458
12;2025-12-21;15;1474
12;2025-12-21;16;1472
12;2025-12-21;17;1555
12;2025-12-21;18;1302
12;2025-12-21;19;1002
12;2025-12-21;20;777
12;2025-12-21;21;604
12;2025-12-21;22;382
12;2025-12-21;23;202
12;2025-12-22;0;55
12;2025-12-22;1;3
12;2025-12-22;2;0
12;2025-12-22;3;0
12;2025-12-22;4;6
12;2025-12-22;5;310
12;2025-12-22;6;1423
12;2025-12-22;7;2630
12;2025-12-22;8;3520
12;2025-12-22;9;2466
12;2025-12-22;10;1893
12;2025-12-22;11;1825
12;2025-12-22;12;2004
12;2025-12-22;13;1905
12;2025-12-22;14;1941
12;2025-12-22;15;2133
12;2025-12-22;16;2657
12;2025-12-22;17;2939
12;2025-12-22;18;3149
12;2025-12-22;19;2325
12;2025-12-22;20;1575
12;2025-12-22;21;935
12;2025-12-22;22;452
12;2025-12-22;23;231
12;2025-12-23;0;47
12;2025-12-23;1;1
12;2025-12-23;2;0
12;2025-12-23;3;0
12;2025-12-23;4;6
12;2025-12-23;5;335
12;2025-12-23;6;1425
12;2025-12-23;7;2789
12;2025-12-23;8;3664
12;2025-12-23;9;2539
12;2025-12-23;10;2068
12;2025-12-23;11;2032
12;2025-12-23;12;2060
12;2025-12-23;13;2096
12;2025-12-23;14;2012
12;2025-12-23;15;2196
12;2025-12-23;16;2640
12;2025-12-23;17;3016
12;2025-12-23;18;3205
12;2025-12-23;19;2376
12;2025-12-23;20;1512
12;2025-12-23;21;914
12;2025-12-23;22;485
12;2025-12-23;23;250
12;2025-12-24;0;61
12;2025-12-24;1;1
12;2025-12-24;2;0
12;2025-12-24;3;0
12;2025-12-24;4;7
12;2025-12-24;5;328
12;2025-12-24;6;1420
12;2025-12-24;7;2624
12;2025-12-24;8;3570
12;2025-12-24;9;2586
12;2025-12-24;10;2130
12;2025-12-24;11;2040
12;2025-12-24;12;2048
12;2025-12-24;13;2055
12;2025-12-24;14;1934
12;2025-12-24;15;2197
12;2025-12-24;16;2726
12;2025-12-24;17;2988
12;2025-12-24;18;3072
12;2025-12-24;19;2352
12;2025-12-24;20;1553
12;2025-12-24;21;996
12;2025-12-24;22;505
12;2025-12-24;23;260
12;2025-12-25;0;53
12;2025-12-25;1;2
12;2025-12-25;2;0
12;2025-12-25;3;0
12;2025-12-25;4;7
12;2025-12-25;5;304
12;2025-12-25;6;1378
12;2025-12-25;7;2671
12;2025-12-25;8;3570
12;2025-12-25;9;2542
12;2025-12-25;10;2089
12;2025-12-25;11;1945
12;2025-12-25;12;2031
12;2025-12-25;13;2054
12;2025-12-25;14;1962
12;2025-12-25;15;2212
12;2025-12-25;16;2652
12;2025-12-25;17;2982
12;2025-12-25;18;3145
12;2025-12-25;19;2419
12;2025-12-25;20;1561
12;2025-12-25;21;953
12;2025-12-25;22;503
12;2025-12-25;23;265
12;2025-12-26;0;57
12;2025-12-26;1;1
12;2025-12-26;2;0
12;2025-12-26;3;0
12;2025-12-26;4;4
12;2025-12-26;5;322
12;2025-12-26;6;1370
12;2025-12-26;7;2594
12;2025-12-26;8;3218
12;2025-12-26;9;2406
12;2025-12-26;10;1858
12;2025-12-26;11;1856
12;2025-12-26;12;1910
12;2025-12-26;13;2084
12;2025-12-26;14;1958
12;2025-12-26;15;2223
12;2025-12-26;16;2826
12;2025-12-26;17;2836
12;2025-12-26;18;2517
12;2025-12-26;19;2102
12;2025-12-26;20;1385
12;2025-12-26;21;976
12;2025-12-26;22;518
12;2025-12-26;23;328
12;2025-12-27;0;74
12;2025-12-27;1;3
12;2025-12-27;2;0
12;2025-12-27;3;0
12;2025-12-27;4;2
12;2025-12-27;5;230
12;2025-12-27;6;800
12;2025-12-27;7;902
12;2025-12-27;8;1031
12;2025-12-27;9;1241
12;2025-12-27;10;1468
12;2025-12-27;11;1508
12;2025-12-27;12;1546
12;2025-12-27;13;1770
12;2025-12-27;14;1608
12;2025-12-27;15;1556
12;2025-12-27;16;1676
12;2025-12-27;17;1605
12;2025-12-27;18;1564
12;2025-12-27;19;1390
12;2025-12-27;20;953
12;2025-12-27;21;771
12;2025-12-27;22;411
12;2025-12-27;23;294
12;2025-12-28;0;84
12;2025-12-28;1;4
12;2025-12-28;2;0
12;2025-12-28;3;0
12;2025-12-28;4;3
12;2025-12-28;5;139
12;2025-12-28;6;514
12;2025-12-28;7;686
12;2025-12-28;8;725
12;2025-12-28;9;923
12;2025-12-28;10;1141
12;2025-12-28;11;1244
12;2025-12-28;12;1355
12;2025-12-28;13;1576
12;2025-12-28;14;1440
12;2025-12-28;15;1456
12;2025-12-28;16;1453
12;2025-12-28;17;1535
12;2025-12-28;18;1286
12;2025-12-28;19;989
12;2025-12-28;20;767
12;2025-12-28;21;596
12;2025-12-28;22;380
12;2025-12-28;23;202
12;2025-12-29;0;53
12;2025-12-29;1;3
12;2025-12-29;2;0
12;2025-12-29;3;0
12;2025-12-29;4;6
12;2025-12-29;5;297
12;2025-12-29;6;1358
12;2025-12-29;7;2511
12;2025-12-29;8;3360
12;2025-12-29;9;2353
12;2025-12-29;10;1807
12;2025-12-29;11;1742
12;2025-12-29;12;1913
12;2025-12-29;13;1818
12;2025-12-29;14;1853
12;2025-12-29;15;2036
12;2025-12-29;16;2536
12;2025-12-29;17;2806
12;2025-12-29;18;3006
12;2025-12-29;19;2219
12;2025-12-29;20;1503
12;2025-12-29;21;893
12;2025-12-29;22;433
12;2025-12-29;23;222
12;2025-12-30;0;43
12;2025-12-30;1;1
12;2025-12-30;2;0
12;2025-12-30;3;0
12;2025-12-30;4;5
12;2025-12-30;5;306
12;2025-12-30;6;1295
12;2025-12-30;7;2534
12;2025-12-30;8;3329
12;2025-12-30;9;2307
12;2025-12-30;10;1879
12;2025-12-30;11;1846
12;2025-12-30;12;1871
12;2025-12-30;13;1904
12;2025-12-30;14;1828
12;2025-12-30;15;1995
12;2025-12-30;16;2398
12;2025-12-30;17;2740
12;2025-12-30;18;2912
12;2025-12-30;19;2158
12;2025-12-30;20;1374
12;2025-12-30;21;830
12;2025-12-30;22;443
12;2025-12-30;23;230
12;2025-12-31;0;71
12;2025-12-31;1;3
12;2025-12-31;2;0
12;2025-12-31;3;0
12;2025-12-31;4;2
12;2025-12-31;5;150
12;2025-12-31;6;536
12;2025-12-31;7;665
12;2025-12-31;8;727
12;2025-12-31;9;903
12;2025-12-31;10;1096
12;2025-12-31;11;1168
12;2025-12-31;12;1242
12;2025-12-31;13;1436
12;2025-12-31;14;1310
12;2025-12-31;15;1303
12;2025-12-31;16;1338
12;2025-12-31;17;1363
12;2025-12-31;18;1208
12;2025-12-31;19;986
12;2025-12-31;20;727
12;2025-12-31;21;574
12;2025-12-31;22;343
12;2025-12-31;23;206
17;2025-11-01;0;175
17;2025-11-01;1;21
17;2025-11-01;2;0
17;2025-11-01;3;0
17;2025-11-01;4;17
17;2025-11-01;5;244
17;2025-11-01;6;1157
17;2025-11-01;7;3005
17;2025-11-01;8;3891
17;2025-11-01;9;3213
17;2025-11-01;10;2841
17;2025-11-01;11;3063
17;2025-11-01;12;3210
17;2025-11-01;13;3381
17;2025-11-01;14;3464
17;2025-11-01;15;3634
17;2025-11-01;16;4063
17;2025-11-01;17;4264
17;2025-11-01;18;3917
17;2025-11-01;19;2955
17;2025-11-01;20;2227
17;2025-11-01;21;1539
17;2025-11-01;22;836
17;2025-11-01;23;472
17;2025-11-02;0;181
17;2025-11-02;1;24
17;2025-11-02;2;0
17;2025-11-02;3;0
17;2025-11-02;4;3
17;2025-11-02;5;104
17;2025-11-02;6;419
17;2025-11-02;7;809
17;2025-11-02;8;1196
17;2025-11-02;9;1638
17;2025-11-02;10;1943
17;2025-11-02;11;2466
17;2025-11-02;12;2812
17;2025-11-02;13;3052
17;2025-11-02;14;3148
17;2025-11-02;15;3103
17;2025-11-02;16;3019
17;2025-11-02;17;2843
17;2025-11-02;18;2476
17;2025-11-02;19;2000
17;2025-11-02;20;1503
17;2025-11-02;21;1091
17;2025-11-02;22;677
17;2025-11-02;23;306
17;2025-11-03;0;186
17;2025-11-03;1;24
17;2025-11-03;2;0
17;2025-11-03;3;0
17;2025-11-03;4;3
17;2025-11-03;5;110
17;2025-11-03;6;450
17;2025-11-03;7;900
17;2025-11-03;8;1314
17;2025-11-03;9;1761
17;2025-11-03;10;2048
17;2025-11-03;11;2553
17;2025-11-03;12;2891
17;2025-11-03;13;3134
17;2025-11-03;14;3219
17;2025-11-03;15;3184
17;2025-11-03;16;3122
17;2025-11-03;17;2928
17;2025-11-03;18;2575
17;2025-11-03;19;2069
17;2025-11-03;20;1574
17;2025-11-03;21;1144
17;2025-11-03;22;709
17;2025-11-03;23;338
17;2025-11-04;0;166
17;2025-11-04;1;22
17;2025-11-04;2;0
17;2025-11-04;3;0
17;2025-11-04;4;3
17;2025-11-04;5;97
17;2025-11-04;6;395
17;2025-11-04;7;780
17;2025-11-04;8;1144
17;2025-11-04;9;1546
17;2025-11-04;10;1811
17;2025-11-04;11;2273
17;2025-11-04;12;2581
17;2025-11-04;13;2799
17;2025-11-04;14;2880
17;2025-11-04;15;2845
17;2025-11-04;16;2781
17;2025-11-04;17;2612
17;2025-11-04;18;2289
17;2025-11-04;19;1843
17;2025-11-04;20;1395
17;2025-11-04;21;1014
17;2025-11-04;22;630
17;2025-11-04;23;294
17;2025-11-05;0;125
17;2025-11-05;1;11
17;2025-11-05;2;0
17;2025-11-05;3;0
17;2025-11-05;4;26
17;2025-11-05;5;306
17;2025-11-05;6;1541
17;2025-11-05;7;4224
17;2025-11-05;8;5481
17;2025-11-05;9;3902
17;2025-11-05;10;3109
17;2025-11-05;11;3061
17;2025-11-05;12;3099
17;2025-11-05;13;3137
17;2025-11-05;14;3293
17;2025-11-05;15;3365
17;2025-11-05;16;3722
17;2025-11-05;17;4584
17;2025-11-05;18;4889
17;2025-11-05;19;3369
17;2025-11-05;20;2341
17;2025-11-05;21;1496
17;2025-11-05;22;754
17;2025-11-05;23;394
17;2025-11-06;0;137
17;2025-11-06;1;12
17;2025-11-06;2;0
17;2025-11-06;3;0
17;2025-11-06;4;26
17;2025-11-06;5;326
17;2025-11-06;6;1532
17;2025-11-06;7;4164
17;2025-11-06;8;5353
17;2025-11-06;9;3914
17;2025-11-06;10;3139
17;2025-11-06;11;3124
17;2025-11-06;12;3151
17;2025-11-06;13;3195
17;2025-11-06;14;3297
17;2025-11-06;15;3323
17;2025-11-06;16;3808
17;2025-11-06;17;4509
17;2025-11-06;18;4735
17;2025-11-06;19;3477
17;2025-11-06;20;2479
17;2025-11-06;21;1519
17;2025-11-06;22;766
17;2025-11-06;23;396
17;2025-11-07;0;149
17;2025-11-07;1;17
17;2025-11-07;2;0
17;2025-11-07;3;0
17;2025-11-07;4;24
17;2025-11-07;5;315
17;2025-11-07;6;1535
17;2025-11-07;7;4156
17;2025-11-07;8;5272
17;2025-11-07;9;3814
17;2025-11-07;10;3029
17;2025-11-07;11;3071
17;2025-11-07;12;3091
17;2025-11-07;13;3194
17;2025-11-07;14;3293
17;2025-11-07;15;3578
17;2025-11-07;16;4293
17;2025-11-07;17;4801
17;2025-11-07;18;4447
17;2025-11-07;19;3278
17;2025-11-07;20;2421
17;2025-11-07;21;1622
17;2025-11-07;22;820
17;2025-11-07;23;479
17;2025-11-08;0;215
17;2025-11-08;1;27
17;2025-11-08;2;0
17;2025-11-08;3;0
17;2025-11-08;4;5
17;2025-11-08;5;138
17;2025-11-08;6;585
17;2025-11-08;7;1265
17;2025-11-08;8;1800
17;2025-11-08;9;2303
17;2025-11-08;10;2555
17;2025-11-08;11;3048
17;2025-11-08;12;3388
17;2025-11-08;13;3659
17;2025-11-08;14;3718
17;2025-11-08;15;3714
17;2025-11-08;16;3713
17;2025-11-08;17;3448
17;2025-11-08;18;3111
17;2025-11-08;19;2465
17;2025-11-08;20;1931
17;2025-11-08;21;1412
17;2025-11-08;22;859
17;2025-11-08;23;461
17;2025-11-09;0;190
17;2025-11-09;1;25
17;2025-11-09;2;0
17;2025-11-09;3;0
17;2025-11-09;4;3
17;2025-11-09;5;109
17;2025-11-09;6;443
17;2025-11-09;7;855
17;2025-11-09;8;1263
17;2025-11-09;9;1730
17;2025-11-09;10;2052
17;2025-11-09;11;2604
17;2025-11-09;12;2969
17;2025-11-09;13;3223
17;2025-11-09;14;3324
17;2025-11-09;15;3277
17;2025-11-09;16;3188
17;2025-11-09;17;3002
17;2025-11-09;18;2614
17;2025-11-09;19;2112
17;2025-11-09;20;1588
17;2025-11-09;21;1152
17;2025-11-09;22;714
17;2025-11-09;23;322
17;2025-11-10;0;116
17;2025-11-10;1;13
17;2025-11-10;2;0
17;2025-11-10;3;0
17;2025-11-10;4;26
17;2025-11-10;5;300
17;2025-11-10;6;1532
17;2025-11-10;7;4076
17;2025-11-10;8;5383
17;2025-11-10;9;3805
17;2025-11-10;10;2908
17;2025-11-10;11;2849
17;2025-11-10;12;2875
17;2025-11-10;13;2967
17;2025-11-10;14;3023
17;2025-11-10;15;3140
17;2025-11-10;16;3612
17;2025-11-10;17;4323
17;2025-11-10;18;4680
17;2025-11-10;19;3051
17;2025-11-10;20;2145
17;2025-11-10;21;1362
17;2025-11-10;22;648
17;2025-11-10;23;318
17;2025-11-11;0;106
17;2025-11-11;1;10
17;2025-11-11;2;0
17;2025-11-11;3;0
17;2025-11-11;4;25
17;2025-11-11;5;328
17;2025-11-11;6;1575
17;2025-11-11;7;4280
17;2025-11-11;8;5460
17;2025-11-11;9;3914
17;2025-11-11;10;3028
17;2025-11-11;11;3009
17;2025-11-11;12;3021
17;2025-11-11;13;3044
17;2025-11-11;14;3165
17;2025-11-11;15;3211
17;2025-11-11;16;3615
17;2025-11-11;17;4629
17;2025-11-11;18;4950
17;2025-11-11;19;3432
17;2025-11-11;20;2363
17;2025-11-11;21;1466
17;2025-11-11;22;692
17;2025-11-11;23;360
17;2025-11-12;0;124
17;2025-11-12;1;11
17;2025-11-12;2;0
17;2025-11-12;3;0
17;2025-11-12;4;26
17;2025-11-12;5;305
17;2025-11-12;6;1531
17;2025-11-12;7;4196
17;2025-11-12;8;5444
17;2025-11-12;9;3876
17;2025-11-12;10;3088
17;2025-11-12;11;3040
17;2025-11-12;12;3078
17;2025-11-12;13;3116
17;2025-11-12;14;3271
17;2025-11-12;15;3342
17;2025-11-12;16;3697
17;2025-11-12;17;4553
17;2025-11-12;18;4856
17;2025-11-12;19;3347
17;2025-11-12;20;2325
17;2025-11-12;21;1486
17;2025-11-12;22;751
17;2025-11-12;23;394
17;2025-11-13;0;137
17;2025-11-13;1;12
17;2025-11-13;2;0
17;2025-11-13;3;0
17;2025-11-13;4;26
17;2025-11-13;5;327
17;2025-11-13;6;1542
17;2025-11-13;7;4189
17;2025-11-13;8;5386
17;2025-11-13;9;3938
17;2025-11-13;10;3158
17;2025-11-13;11;3144
17;2025-11-13;12;3171
17;2025-11-13;13;3215
17;2025-11-13;14;3317
17;2025-11-13;15;3344
17;2025-11-13;16;3832
17;2025-11-13;17;4538
17;2025-11-13;18;4764
17;2025-11-13;19;3498
17;2025-11-13;20;2495
17;2025-11-13;21;1528
17;2025-11-13;22;768
17;2025-11-13;23;396
17;2025-11-14;0;149
17;2025-11-14;1;17
17;2025-11-14;2;0
17;2025-11-14;3;0
17;2025-11-14;4;24
17;2025-11-14;5;315
17;2025-11-14;6;1540
17;2025-11-14;7;4168
17;2025-11-14;8;5288
17;2025-11-14;9;3825
17;2025-11-14;10;3038
17;2025-11-14;11;3080
17;2025-11-14;12;3100
17;2025-11-14;13;3203
17;2025-11-14;14;3302
17;2025-11-14;15;3589
17;2025-11-14;16;4305
17;2025-11-14;17;4815
17;2025-11-14;18;4460
17;2025-11-14;19;3287
17;2025-11-14;20;2428
17;2025-11-14;21;1626
17;2025-11-14;22;821
17;2025-11-14;23;480
17;2025-11-15;0;214
17;2025-11-15;1;27
17;2025-11-15;2;0
17;2025-11-15;3;0
17;2025-11-15;4;5
17;2025-11-15;5;136
17;2025-11-15;6;566
17;2025-11-15;7;1223
17;2025-11-15;8;1741
17;2025-11-15;9;2227
17;2025-11-15;10;2471
17;2025-11-15;11;2948
17;2025-11-15;12;3277
17;2025-11-15;13;3539
17;2025-11-15;14;3596
17;2025-11-15;15;3592
17;2025-11-15;16;3591
17;2025-11-15;17;3334
17;2025-11-15;18;3009
17;2025-11-15;19;2384
17;2025-11-15;20;1868
17;2025-11-15;21;1365
17;2025-11-15;22;845
17;2025-11-15;23;458
17;2025-11-16;0;190
17;2025-11-16;1;25
17;2025-11-16;2;0
17;2025-11-16;3;0
17;2025-11-16;4;3
17;2025-11-16;5;109
17;2025-11-16;6;439
17;2025-11-16;7;848
17;2025-11-16;8;1253
17;2025-11-16;9;1716
17;2025-11-16;10;2036
17;2025-11-16;11;2584
17;2025-11-16;12;2947
17;2025-11-16;13;3198
17;2025-11-16;14;3298
17;2025-11-16;15;3251
17;2025-11-16;16;3164
17;2025-11-16;17;2979
17;2025-11-16;18;2594
17;2025-11-16;19;2096
17;2025-11-16;20;1575
17;2025-11-16;21;1143
17;2025-11-16;22;711
17;2025-11-16;23;322
17;2025-11-17;0;115
17;2025-11-17;1;13
17;2025-11-17;2;0
17;2025-11-17;3;0
17;2025-11-17;4;26
17;2025-11-17;5;298
17;2025-11-17;6;1513
17;2025-11-17;7;4025
17;2025-11-17;8;5316
17;2025-11-17;9;3757
17;2025-11-17;10;2872
17;2025-11-17;11;2813
17;2025-11-17;12;2839
17;2025-11-17;13;2930
17;2025-11-17;14;2985
17;2025-11-17;15;3101
17;2025-11-17;16;3567
17;2025-11-17;17;4268
17;2025-11-17;18;4622
17;2025-11-17;19;3013
17;2025-11-17;20;2118
17;2025-11-17;21;1345
17;2025-11-17;22;644
17;2025-11-17;23;318
17;2025-11-18;0;106
17;2025-11-18;1;10
17;2025-11-18;2;0
17;2025-11-18;3;0
17;2025-11-18;4;24
17;2025-11-18;5;325
17;2025-11-18;6;1550
17;2025-11-18;7;4212
17;2025-11-18;8;5373
17;2025-11-18;9;3852
17;2025-11-18;10;2980
17;2025-11-18;11;2961
17;2025-11-18;12;2973
17;2025-11-18;13;2995
17;2025-11-18;14;3115
17;2025-11-18;15;3160
17;2025-11-18;16;3557
17;2025-11-18;17;4555
17;2025-11-18;18;4871
17;2025-11-18;19;3378
17;2025-11-18;20;2325
17;2025-11-18;21;1442
17;2025-11-18;22;686
17;2025-11-18;23;359
17;2025-11-19;0;124
17;2025-11-19;1;11
17;2025-11-19;2;0
17;2025-11-19;3;0
17;2025-11-19;4;26
17;2025-11-19;5;306
17;2025-11-19;6;1537
17;2025-11-19;7;4215
17;2025-11-19;8;5469
17;2025-11-19;9;3894
17;2025-11-19;10;3102
17;2025-11-19;11;3054
17;2025-11-19;12;3092
17;2025-11-19;13;3130
17;2025-11-19;14;3286
17;2025-11-19;15;3357
17;2025-11-19;16;3713
17;2025-11-19;17;4574
17;2025-11-19;18;4878
17;2025-11-19;19;3362
17;2025-11-19;20;2336
17;2025-11-19;21;1493
17;2025-11-19;22;753
17;2025-11-19;23;394
17;2025-11-20;0;137
17;2025-11-20;1;12
17;2025-11-20;2;0
17;2025-11-20;3;0
17;2025-11-20;4;26
17;2025-11-20;5;326
17;2025-11-20;6;1538
17;2025-11-20;7;4179
17;2025-11-20;8;5373
17;2025-11-20;9;3928
17;2025-11-20;10;3151
17;2025-11-20;11;3136
17;2025-11-20;12;3163
17;2025-11-20;13;3207
17;2025-11-20;14;3309
17;2025-11-20;15;3336
17;2025-11-20;16;3822
17;2025-11-20;17;4526
17;2025-11-20;18;4752
17;2025-11-20;19;3490
17;2025-11-20;20;2488
17;2025-11-20;21;1524
17;2025-11-20;22;767
17;2025-11-20;23;396
17;2025-11-21;0;149
17;2025-11-21;1;17
17;2025-11-21;2;0
17;2025-11-21;3;0
17;2025-11-21;4;24
17;2025-11-21;5;315
17;2025-11-21;6;1532
17;2025-11-21;7;4146
17;2025-11-21;8;5260
17;2025-11-21;9;3805
17;2025-11-21;10;3022
17;2025-11-21;11;3064
17;2025-11-21;12;3083
17;2025-11-21;13;3186
17;2025-11-21;14;3285
17;2025-11-21;15;3569
17;2025-11-21;16;4282
17;2025-11-21;17;4789
17;2025-11-21;18;4436
17;2025-11-21;19;3270
17;2025-11-21;20;2416
17;2025-11-21;21;1618
17;2025-11-21;22;819
17;2025-11-21;23;479
17;2025-11-22;0;214
17;2025-11-22;1;27
17;2025-11-22;2;0
17;2025-11-22;3;0
17;2025-11-22;4;5
17;2025-11-22;5;137
17;2025-11-22;6;573
17;2025-11-22;7;1238
17;2025-11-22;8;1762
17;2025-11-22;9;2254
17;2025-11-22;10;2501
17;2025-11-22;11;2984
17;2025-11-22;12;3317
17;2025-11-22;13;3582
17;2025-11-22;14;3640
17;2025-11-22;15;3636
17;2025-11-22;16;3634
17;2025-11-22;17;3375
17;2025-11-22;18;3046
17;2025-11-22;19;2413
17;2025-11-22;20;1891
17;2025-11-22;21;1382
17;2025-11-22;22;850
17;2025-11-22;23;459
17;2025-11-23;0;190
17;2025-11-23;1;25
17;2025-11-23;2;0
17;2025-11-23;3;0
17;2025-11-23;4;3
17;2025-11-23;5;109
17;2025-11-23;6;441
17;2025-11-23;7;852
17;2025-11-23;8;1258
17;2025-11-23;9;1723
17;2025-11-23;10;2044
17;2025-11-23;11;2594
17;2025-11-23;12;2958
17;2025-11-23;13;3211
17;2025-11-23;14;3311
17;2025-11-23;15;3264
17;2025-11-23;16;3176
17;2025-11-23;17;2990
17;2025-11-23;18;2604
17;2025-11-23;19;2104
17;2025-11-23;20;1581
17;2025-11-23;21;1147
17;2025-11-23;22;713
17;2025-11-23;23;322
17;2025-11-24;0;115
17;2025-11-24;1;13
17;2025-11-24;2;0
17;2025-11-24;3;0
17;2025-11-24;4;26
17;2025-11-24;5;297
17;2025-11-24;6;1502
17;2025-11-24;7;3995
17;2025-11-24;8;5277
17;2025-11-24;9;3730
17;2025-11-24;10;2851
17;2025-11-24;11;2793
17;2025-11-24;12;2818
17;2025-11-24;13;2908
17;2025-11-24;14;2963
17;2025-11-24;15;3079
17;2025-11-24;16;3541
17;2025-11-24;17;4237
17;2025-11-24;18;4588
17;2025-11-24;19;2991
17;2025-11-24;20;2103
17;2025-11-24;21;1335
17;2025-11-24;22;642
17;2025-11-24;23;317
17;2025-11-25;0;106
17;2025-11-25;1;10
17;2025-11-25;2;0
17;2025-11-25;3;0
17;2025-11-25;4;25
17;2025-11-25;5;328
17;2025-11-25;6;1574
17;2025-11-25;7;4278
17;2025-11-25;8;5458
17;2025-11-25;9;3913
17;2025-11-25;10;3027
17;2025-11-25;11;3008
17;2025-11-25;12;3020
17;2025-11-25;13;3043
17;2025-11-25;14;3164
17;2025-11-25;15;3210
17;2025-11-25;16;3614
17;2025-11-25;17;4627
17;2025-11-25;18;4948
17;2025-11-25;19;3431
17;2025-11-25;20;2362
17;2025-11-25;21;1465
17;2025-11-25;22;692
17;2025-11-25;23;360
17;2025-11-26;0;124
17;2025-11-26;1;11
17;2025-11-26;2;0
17;2025-11-26;3;0
17;2025-11-26;4;26
17;2025-11-26;5;303
17;2025-11-26;6;1505
17;2025-11-26;7;4125
17;2025-11-26;8;5352
17;2025-11-26;9;3810
17;2025-11-26;10;3036
17;2025-11-26;11;2988
17;2025-11-26;12;3026
17;2025-11-26;13;3063
17;2025-11-26;14;3215
17;2025-11-26;15;3285
17;2025-11-26;16;3634
17;2025-11-26;17;4476
17;2025-11-26;18;4773
17;2025-11-26;19;3290
17;2025-11-26;20;2286
17;2025-11-26;21;1461
17;2025-11-26;22;745
17;2025-11-26;23;393
17;2025-11-27;0;137
17;2025-11-27;1;12
17;2025-11-27;2;0
17;2025-11-27;3;0
17;2025-11-27;4;26
17;2025-11-27;5;324
17;2025-11-27;6;1521
17;2025-11-27;7;4132
17;2025-11-27;8;5312
17;2025-11-27;9;3884
17;2025-11-27;10;3115
17;2025-11-27;11;3100
17;2025-11-27;12;3127
17;2025-11-27;13;3171
17;2025-11-27;14;3271
17;2025-11-27;15;3298
17;2025-11-27;16;3779
17;2025-11-27;17;4475
17;2025-11-27;18;4698
17;2025-11-27;19;3450
17;2025-11-27;20;2460
17;2025-11-27;21;1507
17;2025-11-27;22;763
17;2025-11-27;23;395
17;2025-11-28;0;148
17;2025-11-28;1;17
17;2025-11-28;2;0
17;2025-11-28;3;0
17;2025-11-28;4;24
17;2025-11-28;5;314
17;2025-11-28;6;1526
17;2025-11-28;7;4130
17;2025-11-28;8;5239
17;2025-11-28;9;3790
17;2025-11-28;10;3010
17;2025-11-28;11;3052
17;2025-11-28;12;3071
17;2025-11-28;13;3174
17;2025-11-28;14;3272
17;2025-11-28;15;3556
17;2025-11-28;16;4266
17;2025-11-28;17;4771
17;2025-11-28;18;4419
17;2025-11-28;19;3257
17;2025-11-28;20;2406
17;2025-11-28;21;1612
17;2025-11-28;22;817
17;2025-11-28;23;479
17;2025-11-29;0;215
17;2025-11-29;1;27
17;2025-11-29;2;0
17;2025-11-29;3;0
17;2025-11-29;4;5
17;2025-11-29;5;138
17;2025-11-29;6;583
17;2025-11-29;7;1260
17;2025-11-29;8;1794
17;2025-11-29;9;2295
17;2025-11-29;10;2546
17;2025-11-29;11;3037
17;2025-11-29;12;3376
17;2025-11-29;13;3646
17;2025-11-29;14;3705
17;2025-11-29;15;3701
17;2025-11-29;16;3700
17;2025-11-29;17;3435
17;2025-11-29;18;3100
17;2025-11-29;19;2456
17;2025-11-29;20;1924
17;2025-11-29;21;1407
17;2025-11-29;22;857
17;2025-11-29;23;461
17;2025-11-30;0;190
17;2025-11-30;1;25
17;2025-11-30;2;0
17;2025-11-30;3;0
17;2025-11-30;4;3
17;2025-11-30;5;109
17;2025-11-30;6;442
17;2025-11-30;7;853
17;2025-11-30;8;1261
17;2025-11-30;9;1727
17;2025-11-30;10;2048
17;2025-11-30;11;2599
17;2025-11-30;12;2964
17;2025-11-30;13;3217
17;2025-11-30;14;3318
17;2025-11-30;15;3271
17;2025-11-30;16;3182
17;2025-11-30;17;2996
17;2025-11-30;18;2609
17;2025-11-30;19;2108
17;2025-11-30;20;1585
17;2025-11-30;21;1150
17;2025-11-30;22;713
17;2025-11-30;23;322
17;2025-12-01;0;116
17;2025-12-01;1;13
17;2025-12-01;2;0
17;2025-12-01;3;0
17;2025-12-01;4;26
17;2025-12-01;5;300
17;2025-12-01;6;1533
17;2025-12-01;7;4079
17;2025-12-01;8;5387
17;2025-12-01;9;3808
17;2025-12-01;10;2911
17;2025-12-01;11;2851
17;2025-12-01;12;2877
17;2025-12-01;13;2969
17;2025-12-01;14;3025
17;2025-12-01;15;3143
17;2025-12-01;16;3615
17;2025-12-01;17;4326
17;2025-12-01;18;4684
17;2025-12-01;19;3054
17;2025-12-01;20;2147
17;2025-12-01;21;1363
17;2025-12-01;22;648
17;2025-12-01;23;319
17;2025-12-02;0;106
17;2025-12-02;1;10
17;2025-12-02;2;0
17;2025-12-02;3;0
17;2025-12-02;4;25
17;2025-12-02;5;328
17;2025-12-02;6;1574
17;2025-12-02;7;4278
17;2025-12-02;8;5457
17;2025-12-02;9;3913
17;2025-12-02;10;3027
17;2025-12-02;11;3008
17;2025-12-02;12;3020
17;2025-12-02;13;3043
17;2025-12-02;14;3164
17;2025-12-02;15;3210
17;2025-12-02;16;3613
17;2025-12-02;17;4627
17;2025-12-02;18;4948
17;2025-12-02;19;3431
17;2025-12-02;20;2362
17;2025-12-02;21;1465
17;2025-12-02;22;692
17;2025-12-02;23;360
17;2025-12-03;0;125
17;2025-12-03;1;11
17;2025-12-03;2;0
17;2025-12-03;3;0
17;2025-12-03;4;26
17;2025-12-03;5;306
17;2025-12-03;6;1540
17;2025-12-03;7;4221
17;2025-12-03;8;5477
17;2025-12-03;9;3899
17;2025-12-03;10;3107
17;2025-12-03;11;3058
17;2025-12-03;12;3097
17;2025-12-03;13;3134
17;2025-12-03;14;3290
17;2025-12-03;15;3362
17;2025-12-03;16;3719
17;2025-12-03;17;4580
17;2025-12-03;18;4885
17;2025-12-03;19;3367
17;2025-12-03;20;2339
17;2025-12-03;21;1495
17;2025-12-03;22;753
17;2025-12-03;23;394
17;2025-12-04;0;137
17;2025-12-04;1;12
17;2025-12-04;2;0
17;2025-12-04;3;0
17;2025-12-04;4;26
17;2025-12-04;5;327
17;2025-12-04;6;1543
17;2025-12-04;7;4193
17;2025-12-04;8;5390
17;2025-12-04;9;3941
17;2025-12-04;10;3161
17;2025-12-04;11;3146
17;2025-12-04;12;3173
17;2025-12-04;13;3217
17;2025-12-04;14;3320
17;2025-12-04;15;3346
17;2025-12-04;16;3835
17;2025-12-04;17;4541
17;2025-12-04;18;4768
17;2025-12-04;19;3501
17;2025-12-04;20;2496
17;2025-12-04;21;1529
17;2025-12-04;22;768
17;2025-12-04;23;396
17;2025-12-05;0;149
17;2025-12-05;1;17
17;2025-12-05;2;0
17;2025-12-05;3;0
17;2025-12-05;4;24
17;2025-12-05;5;316
17;2025-12-05;6;1544
17;2025-12-05;7;4180
17;2025-12-05;8;5303
17;2025-12-05;9;3836
17;2025-12-05;10;3047
17;2025-12-05;11;3089
17;2025-12-05;12;3108
17;2025-12-05;13;3212
17;2025-12-05;14;3312
17;2025-12-05;15;3599
17;2025-12-05;16;4318
17;2025-12-05;17;4829
17;2025-12-05;18;4473
17;2025-12-05;19;3297
17;2025-12-05;20;2435
17;2025-12-05;21;1631
17;2025-12-05;22;822
17;2025-12-05;23;480
17;2025-12-06;0;215
17;2025-12-06;1;27
17;2025-12-06;2;0
17;2025-12-06;3;0
17;2025-12-06;4;5
17;2025-12-06;5;138
17;2025-12-06;6;585
17;2025-12-06;7;1265
17;2025-12-06;8;1800
17;2025-12-06;9;2303
17;2025-12-06;10;2555
17;2025-12-06;11;3048
17;2025-12-06;12;3388
17;2025-12-06;13;3659
17;2025-12-06;14;3718
17;2025-12-06;15;3714
17;2025-12-06;16;3712
17;2025-12-06;17;3447
17;2025-12-06;18;3111
17;2025-12-06;19;2465
17;2025-12-06;20;1931
17;2025-12-06;21;1412
17;2025-12-06;22;859
17;2025-12-06;23;461
17;2025-12-07;0;190
17;2025-12-07;1;25
17;2025-12-07;2;0
17;2025-12-07;3;0
17;2025-12-07;4;3
17;2025-12-07;5;109
17;2025-12-07;6;442
17;2025-12-07;7;854
17;2025-12-07;8;1262
17;2025-12-07;9;1729
17;2025-12-07;10;2050
17;2025-12-07;11;2602
17;2025-12-07;12;2968
17;2025-12-07;13;3221
17;2025-12-07;14;3322
17;2025-12-07;15;3275
17;2025-12-07;16;3186
17;2025-12-07;17;3000
17;2025-12-07;18;2613
17;2025-12-07;19;2111
17;2025-12-07;20;1587
17;2025-12-07;21;1151
17;2025-12-07;22;714
17;2025-12-07;23;322
17;2025-12-08;0;116
17;2025-12-08;1;13
17;2025-12-08;2;0
17;2025-12-08;3;0
17;2025-12-08;4;26
17;2025-12-08;5;301
17;2025-12-08;6;1534
17;2025-12-08;7;4081
17;2025-12-08;8;5391
17;2025-12-08;9;3810
17;2025-12-08;10;2912
17;2025-12-08;11;2853
17;2025-12-08;12;2879
17;2025-12-08;13;2971
17;2025-12-08;14;3027
17;2025-12-08;15;3145
17;2025-12-08;16;3617
17;2025-12-08;17;4329
17;2025-12-08;18;4687
17;2025-12-08;19;3056
17;2025-12-08;20;2148
17;2025-12-08;21;1364
17;2025-12-08;22;648
17;2025-12-08;23;319
17;2025-12-09;0;106
17;2025-12-09;1;10
17;2025-12-09;2;0
17;2025-12-09;3;0
17;2025-12-09;4;24
17;2025-12-09;5;327
17;2025-12-09;6;1569
17;2025-12-09;7;4265
17;2025-12-09;8;5441
17;2025-12-09;9;3901
17;2025-12-09;10;3018
17;2025-12-09;11;2999
17;2025-12-09;12;3010
17;2025-12-09;13;3033
17;2025-12-09;14;3154
17;2025-12-09;15;3200
17;2025-12-09;16;3602
17;2025-12-09;17;4613
17;2025-12-09;18;4933
17;2025-12-09;19;3420
17;2025-12-09;20;2354
17;2025-12-09;21;1460
17;2025-12-09;22;691
17;2025-12-09;23;360
17;2025-12-10;0;124
17;2025-12-10;1;11
17;2025-12-10;2;0
17;2025-12-10;3;0
17;2025-12-10;4;26
17;2025-12-10;5;304
17;2025-12-10;6;1520
17;2025-12-10;7;4166
17;2025-12-10;8;5405
17;2025-12-10;9;3848
17;2025-12-10;10;3066
17;2025-12-10;11;3018
17;2025-12-10;12;3056
17;2025-12-10;13;3093
17;2025-12-10;14;3247
17;2025-12-10;15;3318
17;2025-12-10;16;3670
17;2025-12-10;17;4520
17;2025-12-10;18;4821
17;2025-12-10;19;3323
17;2025-12-10;20;2309
17;2025-12-10;21;1475
17;2025-12-10;22;748
17;2025-12-10;23;393
17;2025-12-11;0;137
17;2025-12-11;1;12
17;2025-12-11;2;0
17;2025-12-11;3;0
17;2025-12-11;4;26
17;2025-12-11;5;325
17;2025-12-11;6;1525
17;2025-12-11;7;4143
17;2025-12-11;8;5326
17;2025-12-11;9;3894
17;2025-12-11;10;3123
17;2025-12-11;11;3109
17;2025-12-11;12;3136
17;2025-12-11;13;3179
17;2025-12-11;14;3280
17;2025-12-11;15;3306
17;2025-12-11;16;3789
17;2025-12-11;17;4487
17;2025-12-11;18;4711
17;2025-12-11;19;3459
17;2025-12-11;20;2467
17;2025-12-11;21;1511
17;2025-12-11;22;764
17;2025-12-11;23;395
17;2025-12-12;0;148
17;2025-12-12;1;17
17;2025-12-12;2;0
17;2025-12-12;3;0
17;2025-12-12;4;24
17;2025-12-12;5;314
17;2025-12-12;6;1522
17;2025-12-12;7;4119
17;2025-12-12;8;5226
17;2025-12-12;9;3781
17;2025-12-12;10;3003
17;2025-12-12;11;3044
17;2025-12-12;12;3064
17;2025-12-12;13;3166
17;2025-12-12;14;3264
17;2025-12-12;15;3547
17;2025-12-12;16;4255
17;2025-12-12;17;4759
17;2025-12-12;18;4408
17;2025-12-12;19;3249
17;2025-12-12;20;2400
17;2025-12-12;21;1608
17;2025-12-12;22;816
17;2025-12-12;23;479
17;2025-12-13;0;215
17;2025-12-13;1;27
17;2025-12-13;2;0
17;2025-12-13;3;0
17;2025-12-13;4;5
17;2025-12-13;5;137
17;2025-12-13;6;577
17;2025-12-13;7;1248
17;2025-12-13;8;1777
17;2025-12-13;9;2273
17;2025-12-13;10;2521
17;2025-12-13;11;3008
17;2025-12-13;12;3344
17;2025-12-13;13;3611
17;2025-12-13;14;3670
17;2025-12-13;15;3666
17;2025-12-13;16;3664
17;2025-12-13;17;3402
17;2025-12-13;18;3070
17;2025-12-13;19;2433
17;2025-12-13;20;1906
17;2025-12-13;21;1393
17;2025-12-13;22;853
17;2025-12-13;23;460
17;2025-12-14;0;190
17;2025-12-14;1;25
17;2025-12-14;2;0
17;2025-12-14;3;0
17;2025-12-14;4;3
17;2025-12-14;5;109
17;2025-12-14;6;438
17;2025-12-14;7;846
17;2025-12-14;8;1249
17;2025-12-14;9;1711
17;2025-12-14;10;2030
17;2025-12-14;11;2576
17;2025-12-14;12;2937
17;2025-12-14;13;3188
17;2025-12-14;14;3288
17;2025-12-14;15;3241
17;2025-12-14;16;3154
17;2025-12-14;17;2970
17;2025-12-14;18;2586
17;2025-12-14;19;2089
17;2025-12-14;20;1570
17;2025-12-14;21;1139
17;2025-12-14;22;710
17;2025-12-14;23;321
17;2025-12-15;0;115
17;2025-12-15;1;13
17;2025-12-15;2;0
17;2025-12-15;3;0
17;2025-12-15;4;26
17;2025-12-15;5;299
17;2025-12-15;6;1523
17;2025-12-15;7;4052
17;2025-12-15;8;5352
17;2025-12-15;9;3782
17;2025-12-15;10;2891
17;2025-12-15;11;2832
17;2025-12-15;12;2858
17;2025-12-15;13;2949
17;2025-12-15;14;3005
17;2025-12-15;15;3122
17;2025-12-15;16;3591
17;2025-12-15;17;4297
17;2025-12-15;18;4653
17;2025-12-15;19;3033
17;2025-12-15;20;2132
17;2025-12-15;21;1354
17;2025-12-15;22;646
17;2025-12-15;23;318
17;2025-12-16;0;106
17;2025-12-16;1;10
17;2025-12-16;2;0
17;2025-12-16;3;0
17;2025-12-16;4;24
17;2025-12-16;5;326
17;2025-12-16;6;1560
17;2025-12-16;7;4239
17;2025-12-16;8;5408
17;2025-12-16;9;3878
17;2025-12-16;10;3000
17;2025-12-16;11;2981
17;2025-12-16;12;2992
17;2025-12-16;13;3015
17;2025-12-16;14;3135
17;2025-12-16;15;3181
17;2025-12-16;16;3581
17;2025-12-16;17;4585
17;2025-12-16;18;4904
17;2025-12-16;19;3400
17;2025-12-16;20;2340
17;2025-12-16;21;1452
17;2025-12-16;22;689
17;2025-12-16;23;360
17;2025-12-17;0;125
17;2025-12-17;1;11
17;2025-12-17;2;0
17;2025-12-17;3;0
17;2025-12-17;4;26
17;2025-12-17;5;307
17;2025-12-17;6;1544
17;2025-12-17;7;4232
17;2025-12-17;8;5491
17;2025-12-17;9;3909
17;2025-12-17;10;3115
17;2025-12-17;11;3066
17;2025-12-17;12;3105
17;2025-12-17;13;3142
17;2025-12-17;14;3299
17;2025-12-17;15;3371
17;2025-12-17;16;3728
17;2025-12-17;17;4592
17;2025-12-17;18;4897
17;2025-12-17;19;3375
17;2025-12-17;20;2345
17;2025-12-17;21;1499
17;2025-12-17;22;754
17;2025-12-17;23;395
17;2025-12-18;0;137
17;2025-12-18;1;12
17;2025-12-18;2;0
17;2025-12-18;3;0
17;2025-12-18;4;26
17;2025-12-18;5;327
17;2025-12-18;6;1545
17;2025-12-18;7;4198
17;2025-12-18;8;5397
17;2025-12-18;9;3946
17;2025-12-18;10;3165
17;2025-12-18;11;3150
17;2025-12-18;12;3178
17;2025-12-18;13;3222
17;2025-12-18;14;3324
17;2025-12-18;15;3351
17;2025-12-18;16;3840
17;2025-12-18;17;4547
17;2025-12-18;18;4774
17;2025-12-18;19;3506
17;2025-12-18;20;2500
17;2025-12-18;21;1531
17;2025-12-18;22;769
17;2025-12-18;23;396
17;2025-12-19;0;149
17;2025-12-19;1;17
17;2025-12-19;2;0
17;2025-12-19;3;0
17;2025-12-19;4;24
17;2025-12-19;5;316
17;2025-12-19;6;1543
17;2025-12-19;7;4176
17;2025-12-19;8;5298
17;2025-12-19;9;3833
17;2025-12-19;10;3044
17;2025-12-19;11;3086
17;2025-12-19;12;3106
17;2025-12-19;13;3209
17;2025-12-19;14;3309
17;2025-12-19;15;3595
17;2025-12-19;16;4313
17;2025-12-19;17;4824
17;2025-12-19;18;4469
17;2025-12-19;19;3294
17;2025-12-19;20;2433
17;2025-12-19;21;1630
17;2025-12-19;22;822
17;2025-12-19;23;480
17;2025-12-20;0;215
17;2025-12-20;1;27
17;2025-12-20;2;0
17;2025-12-20;3;0
17;2025-12-20;4;5
17;2025-12-20;5;138
17;2025-12-20;6;585
17;2025-12-20;7;1264
17;2025-12-20;8;1799
17;2025-12-20;9;2301
17;2025-12-20;10;2553
17;2025-12-20;11;3046
17;2025-12-20;12;3386
17;2025-12-20;13;3657
17;2025-12-20;14;3716
17;2025-12-20;15;3712
17;2025-12-20;16;3710
17;2025-12-20;17;3445
17;2025-12-20;18;3109
17;2025-12-20;19;2463
17;2025-12-20;20;1930
17;2025-12-20;21;1411
17;2025-12-20;22;859
17;2025-12-20;23;461
17;2025-12-21;0;190
17;2025-12-21;1;25
17;2025-12-21;2;0
17;2025-12-21;3;0
17;2025-12-21;4;3
17;2025-12-21;5;109
17;2025-12-21;6;442
17;2025-12-21;7;853
17;2025-12-21;8;1259
17;2025-12-21;9;1725
17;2025-12-21;10;2046
17;2025-12-21;11;2597
17;2025-12-21;12;2962
17;2025-12-21;13;3214
17;2025-12-21;14;3315
17;2025-12-21;15;3268
17;2025-12-21;16;3180
17;2025-12-21;17;2994
17;2025-12-21;18;2607
17;2025-12-21;19;2106
17;2025-12-21;20;1583
17;2025-12-21;21;1149
17;2025-12-21;22;713
17;2025-12-21;23;322
17;2025-12-22;0;115
17;2025-12-22;1;13
17;2025-12-22;2;0
17;2025-12-22;3;0
17;2025-12-22;4;26
17;2025-12-22;5;299
17;2025-12-22;6;1522
17;2025-12-22;7;4050
17;2025-12-22;8;5349
17;2025-12-22;9;3781
17;2025-12-22;10;2890
17;2025-12-22;11;2831
17;2025-12-22;12;2856
17;2025-12-22;13;2948
17;2025-12-22;14;3004
17;2025-12-22;15;3121
17;2025-12-22;16;3589
17;2025-12-22;17;4295
17;2025-12-22;18;4651
17;2025-12-22;19;3032
17;2025-12-22;20;2131
17;2025-12-22;21;1353
17;2025-12-22;22;646
17;2025-12-22;23;318
17;2025-12-23;0;106
17;2025-12-23;1;10
17;2025-12-23;2;0
17;2025-12-23;3;0
17;2025-12-23;4;24
17;2025-12-23;5;326
17;2025-12-23;6;1562
17;2025-12-23;7;4247
17;2025-12-23;8;5417
17;2025-12-23;9;3884
17;2025-12-23;10;3005
17;2025-12-23;11;2986
17;2025-12-23;12;2998
17;2025-12-23;13;3020
17;2025-12-23;14;3141
17;2025-12-23;15;3186
17;2025-12-23;16;3587
17;2025-12-23;17;4593
17;2025-12-23;18;4912
17;2025-12-23;19;3406
17;2025-12-23;20;2344
17;2025-12-23;21;1454
17;2025-12-23;22;689
17;2025-12-23;23;360
17;2025-12-24;0;124
17;2025-12-24;1;11
17;2025-12-24;2;0
17;2025-12-24;3;0
17;2025-12-24;4;26
17;2025-12-24;5;304
17;2025-12-24;6;1517
17;2025-12-24;7;4159
17;2025-12-24;8;5396
17;2025-12-24;9;3842
17;2025-12-24;10;3061
17;2025-12-24;11;3013
17;2025-12-24;12;3051
17;2025-12-24;13;3088
17;2025-12-24;14;3242
17;2025-12-24;15;3313
17;2025-12-24;16;3664
17;2025-12-24;17;4513
17;2025-12-24;18;4813
17;2025-12-24;19;3317
17;2025-12-24;20;2305
17;2025-12-24;21;1473
17;2025-12-24;22;748
17;2025-12-24;23;393
17;2025-12-25;0;137
17;2025-12-25;1;12
17;2025-12-25;2;0
17;2025-12-25;3;0
17;2025-12-25;4;26
17;2025-12-25;5;324
17;2025-12-25;6;1516
17;2025-12-25;7;4118
17;2025-12-25;8;5295
17;2025-12-25;9;3871
17;2025-12-25;10;3105
17;2025-12-25;11;3090
17;2025-12-25;12;3117
17;2025-12-25;13;3160
17;2025-12-25;14;3261
17;2025-12-25;15;3287
17;2025-12-25;16;3767
17;2025-12-25;17;4461
17;2025-12-25;18;4683
17;2025-12-25;19;3439
17;2025-12-25;20;2452
17;2025-12-25;21;1502
17;2025-12-25;22;762
17;2025-12-25;23;395
17;2025-12-26;0;148
17;2025-12-26;1;17
17;2025-12-26;2;0
17;2025-12-26;3;0
17;2025-12-26;4;24
17;2025-12-26;5;312
17;2025-12-26;6;1506
17;2025-12-26;7;4076
17;2025-12-26;8;5171
17;2025-12-26;9;3741
17;2025-12-26;10;2971
17;2025-12-26;11;3012
17;2025-12-26;12;3031
17;2025-12-26;13;3132
17;2025-12-26;14;3229
17;2025-12-26;15;3509
17;2025-12-26;16;4210
17;2025-12-26;17;4709
17;2025-12-26;18;4362
17;2025-12-26;19;3215
17;2025-12-26;20;2375
17;2025-12-26;21;1591
17;2025-12-26;22;812
17;2025-12-26;23;478
17;2025-12-27;0;215
17;2025-12-27;1;27
17;2025-12-27;2;0
17;2025-12-27;3;0
17;2025-12-27;4;5
17;2025-12-27;5;138
17;2025-12-27;6;581
17;2025-12-27;7;1256
17;2025-12-27;8;1787
17;2025-12-27;9;2286
17;2025-12-27;10;2536
17;2025-12-27;11;3026
17;2025-12-27;12;3363
17;2025-12-27;13;3633
17;2025-12-27;14;3691
17;2025-12-27;15;3687
17;2025-12-27;16;3686
17;2025-12-27;17;3422
17;2025-12-27;18;3089
17;2025-12-27;19;2447
17;2025-12-27;20;1917
17;2025-12-27;21;1402
17;2025-12-27;22;856
17;2025-12-27;23;460
17;2025-12-28;0;190
17;2025-12-28;1;25
17;2025-12-28;2;0
17;2025-12-28;3;0
17;2025-12-28;4;3
17;2025-12-28;5;109
17;2025-12-28;6;436
17;2025-12-28;7;842
17;2025-12-28;8;1243
17;2025-12-28;9;1703
17;2025-12-28;10;2020
17;2025-12-28;11;2564
17;2025-12-28;12;2924
17;2025-12-28;13;3173
17;2025-12-28;14;3273
17;2025-12-28;15;3226
17;2025-12-28;16;3139
17;2025-12-28;17;2956
17;2025-12-28;18;2574
17;2025-12-28;19;2079
17;2025-12-28;20;1563
17;2025-12-28;21;1134
17;2025-12-28;22;709
17;2025-12-28;23;321
17;2025-12-29;0;111
17;2025-12-29;1;13
17;2025-12-29;2;0
17;2025-12-29;3;0
17;2025-12-29;4;25
17;2025-12-29;5;287
17;2025-12-29;6;1453
17;2025-12-29;7;3865
17;2025-12-29;8;5106
17;2025-12-29;9;3609
17;2025-12-29;10;2758
17;2025-12-29;11;2702
17;2025-12-29;12;2726
17;2025-12-29;13;2814
17;2025-12-29;14;2867
17;2025-12-29;15;2978
17;2025-12-29;16;3426
17;2025-12-29;17;4100
17;2025-12-29;18;4439
17;2025-12-29;19;2894
17;2025-12-29;20;2034
17;2025-12-29;21;1292
17;2025-12-29;22;618
17;2025-12-29;23;305
17;2025-12-30;0;97
17;2025-12-30;1;9
17;2025-12-30;2;0
17;2025-12-30;3;0
17;2025-12-30;4;22
17;2025-12-30;5;298
17;2025-12-30;6;1420
17;2025-12-30;7;3858
17;2025-12-30;8;4922
17;2025-12-30;9;3529
17;2025-12-30;10;2730
17;2025-12-30;11;2713
17;2025-12-30;12;2723
17;2025-12-30;13;2744
17;2025-12-30;14;2854
17;2025-12-30;15;2895
17;2025-12-30;16;3259
17;2025-12-30;17;4173
17;2025-12-30;18;4463
17;2025-12-30;19;3094
17;2025-12-30;20;2130
17;2025-12-30;21;1321
17;2025-12-30;22;630
17;2025-12-30;23;330
17;2025-12-31;0;174
17;2025-12-31;1;23
17;2025-12-31;2;0
17;2025-12-31;3;0
17;2025-12-31;4;3
17;2025-12-31;5;104
17;2025-12-31;6;425
17;2025-12-31;7;861
17;2025-12-31;8;1252
17;2025-12-31;9;1666
17;2025-12-31;10;1922
17;2025-12-31;11;2381
17;2025-12-31;12;2689
17;2025-12-31;13;2913
17;2025-12-31;14;2988
17;2025-12-31;15;2960
17;2025-12-31;16;2910
17;2025-12-31;17;2725
17;2025-12-31;18;2406
17;2025-12-31;19;1929
17;2025-12-31;20;1474
17;2025-12-31;21;1073
17;2025-12-31;22;666
17;2025-12-31;23;325
25;2025-11-01;0;2
25;2025-11-01;1;0
25;2025-11-01;2;0
25;2025-11-01;3;0
25;2025-11-01;4;0
25;2025-11-01;5;15
25;2025-11-01;6;204
25;2025-11-01;7;396
25;2025-11-01;8;655
25;2025-11-01;9;393
25;2025-11-01;10;370
25;2025-11-01;11;438
25;2025-11-01;12;435
25;2025-11-01;13;611
25;2025-11-01;14;575
25;2025-11-01;15;707
25;2025-11-01;16;781
25;2025-11-01;17;710
25;2025-11-01;18;635
25;2025-11-01;19;542
25;2025-11-01;20;309
25;2025-11-01;21;225
25;2025-11-01;22;125
25;2025-11-01;23;30
25;2025-11-02;0;16
25;2025-11-02;1;0
25;2025-11-02;2;0
25;2025-11-02;3;0
25;2025-11-02;4;0
25;2025-11-02;5;9
25;2025-11-02;6;95
25;2025-11-02;7;102
25;2025-11-02;8;194
25;2025-11-02;9;218
25;2025-11-02;10;221
25;2025-11-02;11;314
25;2025-11-02;12;370
25;2025-11-02;13;485
25;2025-11-02;14;553
25;2025-11-02;15;640
25;2025-11-02;16;536
25;2025-11-02;17;520
25;2025-11-02;18;419
25;2025-11-02;19;310
25;2025-11-02;20;238
25;2025-11-02;21;157
25;2025-11-02;22;99
25;2025-11-02;23;37
25;2025-11-03;0;13
25;2025-11-03;1;0
25;2025-11-03;2;0
25;2025-11-03;3;0
25;2025-11-03;4;0
25;2025-11-03;5;10
25;2025-11-03;6;101
25;2025-11-03;7;109
25;2025-11-03;8;221
25;2025-11-03;9;231
25;2025-11-03;10;236
25;2025-11-03;11;331
25;2025-11-03;12;375
25;2025-11-03;13;518
25;2025-11-03;14;573
25;2025-11-03;15;664
25;2025-11-03;16;569
25;2025-11-03;17;527
25;2025-11-03;18;438
25;2025-11-03;19;340
25;2025-11-03;20;240
25;2025-11-03;21;167
25;2025-11-03;22;103
25;2025-11-03;23;39
25;2025-11-04;0;13
25;2025-11-04;1;0
25;2025-11-04;2;0
25;2025-11-04;3;0
25;2025-11-04;4;0
25;2025-11-04;5;9
25;2025-11-04;6;89
25;2025-11-04;7;96
25;2025-11-04;8;190
25;2025-11-04;9;204
25;2025-11-04;10;207
25;2025-11-04;11;293
25;2025-11-04;12;336
25;2025-11-04;13;456
25;2025-11-04;14;510
25;2025-11-04;15;590
25;2025-11-04;16;502
25;2025-11-04;17;473
25;2025-11-04;18;389
25;2025-11-04;19;296
25;2025-11-04;20;216
25;2025-11-04;21;147
25;2025-11-04;22;92
25;2025-11-04;23;34
25;2025-11-05;0;1
25;2025-11-05;1;0
25;2025-11-05;2;0
25;2025-11-05;3;0
25;2025-11-05;4;0
25;2025-11-05;5;18
25;2025-11-05;6;265
25;2025-11-05;7;551
25;2025-11-05;8;925
25;2025-11-05;9;495
25;2025-11-05;10;400
25;2025-11-05;11;473
25;2025-11-05;12;471
25;2025-11-05;13;601
25;2025-11-05;14;431
25;2025-11-05;15;605
25;2025-11-05;16;686
25;2025-11-05;17;878
25;2025-11-05;18;887
25;2025-11-05;19;659
25;2025-11-05;20;361
25;2025-11-05;21;277
25;2025-11-05;22;114
25;2025-11-05;23;10
25;2025-11-06;0;2
25;2025-11-06;1;0
25;2025-11-06;2;0
25;2025-11-06;3;0
25;2025-11-06;4;0
25;2025-11-06;5;20
25;2025-11-06;6;251
25;2025-11-06;7;538
25;2025-11-06;8;888
25;2025-11-06;9;464
25;2025-11-06;10;417
25;2025-11-06;11;450
25;2025-11-06;12;421
25;2025-11-06;13;529
25;2025-11-06;14;539
25;2025-11-06;15;630
25;2025-11-06;16;720
25;2025-11-06;17;771
25;2025-11-06;18;785
25;2025-11-06;19;607
25;2025-11-06;20;319
25;2025-11-06;21;218
25;2025-11-06;22;103
25;2025-11-06;23;8
25;2025-11-07;0;1
25;2025-11-07;1;0
25;2025-11-07;2;0
25;2025-11-07;3;0
25;2025-11-07;4;0
25;2025-11-07;5;14
25;2025-11-07;6;254
25;2025-11-07;7;563
25;2025-11-07;8;873
25;2025-11-07;9;460
25;2025-11-07;10;414
25;2025-11-07;11;455
25;2025-11-07;12;444
25;2025-11-07;13;571
25;2025-11-07;14;501
25;2025-11-07;15;648
25;2025-11-07;16;818
25;2025-11-07;17;789
25;2025-11-07;18;700
25;2025-11-07;19;592
25;2025-11-07;20;335
25;2025-11-07;21;233
25;2025-11-07;22;125
25;2025-11-07;23;18
25;2025-11-08;0;3
25;2025-11-08;1;0
25;2025-11-08;2;0
25;2025-11-08;3;0
25;2025-11-08;4;0
25;2025-11-08;5;17
25;2025-11-08;6;128
25;2025-11-08;7;143
25;2025-11-08;8;326
25;2025-11-08;9;293
25;2025-11-08;10;303
25;2025-11-08;11;411
25;2025-11-08;12;422
25;2025-11-08;13;669
25;2025-11-08;14;687
25;2025-11-08;15;796
25;2025-11-08;16;724
25;2025-11-08;17;592
25;2025-11-08;18;536
25;2025-11-08;19;466
25;2025-11-08;20;270
25;2025-11-08;21;214
25;2025-11-08;22;124
25;2025-11-08;23;49
25;2025-11-09;0;17
25;2025-11-09;1;0
25;2025-11-09;2;0
25;2025-11-09;3;0
25;2025-11-09;4;0
25;2025-11-09;5;9
25;2025-11-09;6;100
25;2025-11-09;7;107
25;2025-11-09;8;205
25;2025-11-09;9;231
25;2025-11-09;10;233
25;2025-11-09;11;332
25;2025-11-09;12;391
25;2025-11-09;13;512
25;2025-11-09;14;584
25;2025-11-09;15;676
25;2025-11-09;16;566
25;2025-11-09;17;549
25;2025-11-09;18;443
25;2025-11-09;19;327
25;2025-11-09;20;251
25;2025-11-09;21;166
25;2025-11-09;22;104
25;2025-11-09;23;39
25;2025-11-10;0;9
25;2025-11-10;1;0
25;2025-11-10;2;0
25;2025-11-10;3;0
25;2025-11-10;4;0
25;2025-11-10;5;19
25;2025-11-10;6;244
25;2025-11-10;7;553
25;2025-11-10;8;970
25;2025-11-10;9;541
25;2025-11-10;10;355
25;2025-11-10;11;418
25;2025-11-10;12;412
25;2025-11-10;13;572
25;2025-11-10;14;475
25;2025-11-10;15;503
25;2025-11-10;16;699
25;2025-11-10;17;754
25;2025-11-10;18;755
25;2025-11-10;19;574
25;2025-11-10;20;317
25;2025-11-10;21;197
25;2025-11-10;22;90
25;2025-11-10;23;9
25;2025-11-11;0;2
25;2025-11-11;1;0
25;2025-11-11;2;0
25;2025-11-11;3;0
25;2025-11-11;4;0
25;2025-11-11;5;16
25;2025-11-11;6;249
25;2025-11-11;7;543
25;2025-11-11;8;950
25;2025-11-11;9;480
25;2025-11-11;10;380
25;2025-11-11;11;430
25;2025-11-11;12;424
25;2025-11-11;13;490
25;2025-11-11;14;459
25;2025-11-11;15;564
25;2025-11-11;16;668
25;2025-11-11;17;740
25;2025-11-11;18;760
25;2025-11-11;19;572
25;2025-11-11;20;334
25;2025-11-11;21;220
25;2025-11-11;22;94
25;2025-11-11;23;8
25;2025-11-12;0;1
25;2025-11-12;1;0
25;2025-11-12;2;0
25;2025-11-12;3;0
25;2025-11-12;4;0
25;2025-11-12;5;18
25;2025-11-12;6;263
25;2025-11-12;7;548
25;2025-11-12;8;919
25;2025-11-12;9;492
25;2025-11-12;10;397
25;2025-11-12;11;469
25;2025-11-12;12;468
25;2025-11-12;13;597
25;2025-11-12;14;428
25;2025-11-12;15;601
25;2025-11-12;16;681
25;2025-11-12;17;872
25;2025-11-12;18;881
25;2025-11-12;19;654
25;2025-11-12;20;358
25;2025-11-12;21;275
25;2025-11-12;22;114
25;2025-11-12;23;10
25;2025-11-13;0;2
25;2025-11-13;1;0
25;2025-11-13;2;0
25;2025-11-13;3;0
25;2025-11-13;4;0
25;2025-11-13;5;20
25;2025-11-13;6;252
25;2025-11-13;7;541
25;2025-11-13;8;893
25;2025-11-13;9;467
25;2025-11-13;10;419
25;2025-11-13;11;453
25;2025-11-13;12;424
25;2025-11-13;13;532
25;2025-11-13;14;542
25;2025-11-13;15;634
25;2025-11-13;16;724
25;2025-11-13;17;775
25;2025-11-13;18;790
25;2025-11-13;19;611
25;2025-11-13;20;321
25;2025-11-13;21;220
25;2025-11-13;22;104
25;2025-11-13;23;8
25;2025-11-14;0;1
25;2025-11-14;1;0
25;2025-11-14;2;0
25;2025-11-14;3;0
25;2025-11-14;4;0
25;2025-11-14;5;14
25;2025-11-14;6;255
25;2025-11-14;7;565
25;2025-11-14;8;876
25;2025-11-14;9;461
25;2025-11-14;10;415
25;2025-11-14;11;457
25;2025-11-14;12;445
25;2025-11-14;13;573
25;2025-11-14;14;503
25;2025-11-14;15;650
25;2025-11-14;16;820
25;2025-11-14;17;791
25;2025-11-14;18;702
25;2025-11-14;19;594
25;2025-11-14;20;336
25;2025-11-14;21;234
25;2025-11-14;22;125
25;2025-11-14;23;18
25;2025-11-15;0;3
25;2025-11-15;1;0
25;2025-11-15;2;0
25;2025-11-15;3;0
25;2025-11-15;4;0
25;2025-11-15;5;17
25;2025-11-15;6;124
25;2025-11-15;7;138
25;2025-11-15;8;315
25;2025-11-15;9;283
25;2025-11-15;10;293
25;2025-11-15;11;398
25;2025-11-15;12;408
25;2025-11-15;13;647
25;2025-11-15;14;664
25;2025-11-15;15;770
25;2025-11-15;16;700
25;2025-11-15;17;572
25;2025-11-15;18;518
25;2025-11-15;19;450
25;2025-11-15;20;261
25;2025-11-15;21;207
25;2025-11-15;22;122
25;2025-11-15;23;48
25;2025-11-16;0;17
25;2025-11-16;1;0
25;2025-11-16;2;0
25;2025-11-16;3;0
25;2025-11-16;4;0
25;2025-11-16;5;9
25;2025-11-16;6;100
25;2025-11-16;7;106
25;2025-11-16;8;203
25;2025-11-16;9;229
25;2025-11-16;10;231
25;2025-11-16;11;329
25;2025-11-16;12;388
25;2025-11-16;13;508
25;2025-11-16;14;580
25;2025-11-16;15;670
25;2025-11-16;16;561
25;2025-11-16;17;545
25;2025-11-16;18;439
25;2025-11-16;19;325
25;2025-11-16;20;249
25;2025-11-16;21;164
25;2025-11-16;22;104
25;2025-11-16;23;39
25;2025-11-17;0;9
25;2025-11-17;1;0
25;2025-11-17;2;0
25;2025-11-17;3;0
25;2025-11-17;4;0
25;2025-11-17;5;18
25;2025-11-17;6;241
25;2025-11-17;7;546
25;2025-11-17;8;958
25;2025-11-17;9;534
25;2025-11-17;10;351
25;2025-11-17;11;413
25;2025-11-17;12;407
25;2025-11-17;13;565
25;2025-11-17;14;469
25;2025-11-17;15;496
25;2025-11-17;16;691
25;2025-11-17;17;744
25;2025-11-17;18;745
25;2025-11-17;19;567
25;2025-11-17;20;313
25;2025-11-17;21;195
25;2025-11-17;22;89
25;2025-11-17;23;9
25;2025-11-18;0;2
25;2025-11-18;1;0
25;2025-11-18;2;0
25;2025-11-18;3;0
25;2025-11-18;4;0
25;2025-11-18;5;16
25;2025-11-18;6;245
25;2025-11-18;7;534
25;2025-11-18;8;935
25;2025-11-18;9;472
25;2025-11-18;10;374
25;2025-11-18;11;423
25;2025-11-18;12;417
25;2025-11-18;13;482
25;2025-11-18;14;452
25;2025-11-18;15;555
25;2025-11-18;16;657
25;2025-11-18;17;728
25;2025-11-18;18;748
25;2025-11-18;19;562
25;2025-11-18;20;329
25;2025-11-18;21;217
25;2025-11-18;22;93
25;2025-11-18;23;8
25;2025-11-19;0;1
25;2025-11-19;1;0
25;2025-11-19;2;0
25;2025-11-19;3;0
25;2025-11-19;4;0
25;2025-11-19;5;18
25;2025-11-19;6;264
25;2025-11-19;7;550
25;2025-11-19;8;923
25;2025-11-19;9;494
25;2025-11-19;10;399
25;2025-11-19;11;472
25;2025-11-19;12;470
25;2025-11-19;13;599
25;2025-11-19;14;430
25;2025-11-19;15;604
25;2025-11-19;16;684
25;2025-11-19;17;876
25;2025-11-19;18;885
25;2025-11-19;19;657
25;2025-11-19;20;360
25;2025-11-19;21;277
25;2025-11-19;22;114
25;2025-11-19;23;10
25;2025-11-20;0;2
25;2025-11-20;1;0
25;2025-11-20;2;0
25;2025-11-20;3;0
25;2025-11-20;4;0
25;2025-11-20;5;20
25;2025-11-20;6;252
25;2025-11-20;7;540
25;2025-11-20;8;891
25;2025-11-20;9;465
25;2025-11-20;10;418
25;2025-11-20;11;452
25;2025-11-20;12;423
25;2025-11-20;13;531
25;2025-11-20;14;541
25;2025-11-20;15;633
25;2025-11-20;16;722
25;2025-11-20;17;774
25;2025-11-20;18;788
25;2025-11-20;19;610
25;2025-11-20;20;320
25;2025-11-20;21;219
25;2025-11-20;22;103
25;2025-11-20;23;8
25;2025-11-21;0;1
25;2025-11-21;1;0
25;2025-11-21;2;0
25;2025-11-21;3;0
25;2025-11-21;4;0
25;2025-11-21;5;14
25;2025-11-21;6;253
25;2025-11-21;7;562
25;2025-11-21;8;871
25;2025-11-21;9;459
25;2025-11-21;10;413
25;2025-11-21;11;454
25;2025-11-21;12;443
25;2025-11-21;13;570
25;2025-11-21;14;500
25;2025-11-21;15;646
25;2025-11-21;16;816
25;2025-11-21;17;787
25;2025-11-21;18;698
25;2025-11-21;19;591
25;2025-11-21;20;335
25;2025-11-21;21;232
25;2025-11-21;22;125
25;2025-11-21;23;18
25;2025-11-22;0;3
25;2025-11-22;1;0
25;2025-11-22;2;0
25;2025-11-22;3;0
25;2025-11-22;4;0
25;2025-11-22;5;17
25;2025-11-22;6;125
25;2025-11-22;7;140
25;2025-11-22;8;319
25;2025-11-22;9;287
25;2025-11-22;10;297
25;2025-11-22;11;402
25;2025-11-22;12;413
25;2025-11-22;13;655
25;2025-11-22;14;672
25;2025-11-22;15;779
25;2025-11-22;16;709
25;2025-11-22;17;579
25;2025-11-22;18;524
25;2025-11-22;19;456
25;2025-11-22;20;264
25;2025-11-22;21;209
25;2025-11-22;22;123
25;2025-11-22;23;49
25;2025-11-23;0;17
25;2025-11-23;1;0
25;2025-11-23;2;0
25;2025-11-23;3;0
25;2025-11-23;4;0
25;2025-11-23;5;9
25;2025-11-23;6;100
25;2025-11-23;7;107
25;2025-11-23;8;204
25;2025-11-23;9;230
25;2025-11-23;10;232
25;2025-11-23;11;330
25;2025-11-23;12;389
25;2025-11-23;13;510
25;2025-11-23;14;582
25;2025-11-23;15;673
25;2025-11-23;16;563
25;2025-11-23;17;547
25;2025-11-23;18;441
25;2025-11-23;19;326
25;2025-11-23;20;250
25;2025-11-23;21;165
25;2025-11-23;22;104
25;2025-11-23;23;39
25;2025-11-24;0;9
25;2025-11-24;1;0
25;2025-11-24;2;0
25;2025-11-24;3;0
25;2025-11-24;4;0
25;2025-11-24;5;18
25;2025-11-24;6;239
25;2025-11-24;7;542
25;2025-11-24;8;951
25;2025-11-24;9;530
25;2025-11-24;10;348
25;2025-11-24;11;410
25;2025-11-24;12;404
25;2025-11-24;13;561
25;2025-11-24;14;466
25;2025-11-24;15;493
25;2025-11-24;16;686
25;2025-11-24;17;739
25;2025-11-24;18;740
25;2025-11-24;19;562
25;2025-11-24;20;311
25;2025-11-24;21;193
25;2025-11-24;22;89
25;2025-11-24;23;9
25;2025-11-25;0;2
25;2025-11-25;1;0
25;2025-11-25;2;0
25;2025-11-25;3;0
25;2025-11-25;4;0
25;2025-11-25;5;16
25;2025-11-25;6;249
25;2025-11-25;7;543
25;2025-11-25;8;949
25;2025-11-25;9;479
25;2025-11-25;10;380
25;2025-11-25;11;430
25;2025-11-25;12;424
25;2025-11-25;13;490
25;2025-11-25;14;459
25;2025-11-25;15;564
25;2025-11-25;16;668
25;2025-11-25;17;739
25;2025-11-25;18;760
25;2025-11-25;19;571
25;2025-11-25;20;334
25;2025-11-25;21;220
25;2025-11-25;22;94
25;2025-11-25;23;8
25;2025-11-26;0;1
25;2025-11-26;1;0
25;2025-11-26;2;0
25;2025-11-26;3;0
25;2025-11-26;4;0
25;2025-11-26;5;18
25;2025-11-26;6;258
25;2025-11-26;7;538
25;2025-11-26;8;904
25;2025-11-26;9;484
25;2025-11-26;10;391
25;2025-11-26;11;462
25;2025-11-26;12;460
25;2025-11-26;13;587
25;2025-11-26;14;421
25;2025-11-26;15;591
25;2025-11-26;16;669
25;2025-11-26;17;857
25;2025-11-26;18;866
25;2025-11-26;19;643
25;2025-11-26;20;352
25;2025-11-26;21;271
25;2025-11-26;22;113
25;2025-11-26;23;10
25;2025-11-27;0;2
25;2025-11-27;1;0
25;2025-11-27;2;0
25;2025-11-27;3;0
25;2025-11-27;4;0
25;2025-11-27;5;20
25;2025-11-27;6;249
25;2025-11-27;7;534
25;2025-11-27;8;881
25;2025-11-27;9;460
25;2025-11-27;10;413
25;2025-11-27;11;447
25;2025-11-27;12;418
25;2025-11-27;13;525
25;2025-11-27;14;535
25;2025-11-27;15;625
25;2025-11-27;16;714
25;2025-11-27;17;765
25;2025-11-27;18;779
25;2025-11-27;19;603
25;2025-11-27;20;317
25;2025-11-27;21;217
25;2025-11-27;22;103
25;2025-11-27;23;8
25;2025-11-28;0;1
25;2025-11-28;1;0
25;2025-11-28;2;0
25;2025-11-28;3;0
25;2025-11-28;4;0
25;2025-11-28;5;14
25;2025-11-28;6;252
25;2025-11-28;7;560
25;2025-11-28;8;868
25;2025-11-28;9;457
25;2025-11-28;10;412
25;2025-11-28;11;452
25;2025-11-28;12;441
25;2025-11-28;13;568
25;2025-11-28;14;498
25;2025-11-28;15;644
25;2025-11-28;16;812
25;2025-11-28;17;784
25;2025-11-28;18;695
25;2025-11-28;19;588
25;2025-11-28;20;333
25;2025-11-28;21;231
25;2025-11-28;22;124
25;2025-11-28;23;18
25;2025-11-29;0;3
25;2025-11-29;1;0
25;2025-11-29;2;0
25;2025-11-29;3;0
25;2025-11-29;4;0
25;2025-11-29;5;17
25;2025-11-29;6;128
25;2025-11-29;7;143
25;2025-11-29;8;325
25;2025-11-29;9;292
25;2025-11-29;10;302
25;2025-11-29;11;410
25;2025-11-29;12;420
25;2025-11-29;13;667
25;2025-11-29;14;684
25;2025-11-29;15;793
25;2025-11-29;16;721
25;2025-11-29;17;590
25;2025-11-29;18;534
25;2025-11-29;19;464
25;2025-11-29;20;269
25;2025-11-29;21;213
25;2025-11-29;22;124
25;2025-11-29;23;49
25;2025-11-30;0;17
25;2025-11-30;1;0
25;2025-11-30;2;0
25;2025-11-30;3;0
25;2025-11-30;4;0
25;2025-11-30;5;9
25;2025-11-30;6;100
25;2025-11-30;7;107
25;2025-11-30;8;204
25;2025-11-30;9;230
25;2025-11-30;10;233
25;2025-11-30;11;331
25;2025-11-30;12;390
25;2025-11-30;13;511
25;2025-11-30;14;583
25;2025-11-30;15;674
25;2025-11-30;16;565
25;2025-11-30;17;548
25;2025-11-30;18;442
25;2025-11-30;19;327
25;2025-11-30;20;251
25;2025-11-30;21;165
25;2025-11-30;22;104
25;2025-11-30;23;39
25;2025-12-01;0;9
25;2025-12-01;1;0
25;2025-12-01;2;0
25;2025-12-01;3;0
25;2025-12-01;4;0
25;2025-12-01;5;19
25;2025-12-01;6;244
25;2025-12-01;7;553
25;2025-12-01;8;970
25;2025-12-01;9;542
25;2025-12-01;10;356
25;2025-12-01;11;418
25;2025-12-01;12;412
25;2025-12-01;13;573
25;2025-12-01;14;476
25;2025-12-01;15;503
25;2025-12-01;16;700
25;2025-12-01;17;754
25;2025-12-01;18;755
25;2025-12-01;19;574
25;2025-12-01;20;318
25;2025-12-01;21;197
25;2025-12-01;22;90
25;2025-12-01;23;9
25;2025-12-02;0;2
25;2025-12-02;1;0
25;2025-12-02;2;0
25;2025-12-02;3;0
25;2025-12-02;4;0
25;2025-12-02;5;16
25;2025-12-02;6;249
25;2025-12-02;7;543
25;2025-12-02;8;949
25;2025-12-02;9;479
25;2025-12-02;10;380
25;2025-12-02;11;430
25;2025-12-02;12;424
25;2025-12-02;13;490
25;2025-12-02;14;459
25;2025-12-02;15;564
25;2025-12-02;16;668
25;2025-12-02;17;739
25;2025-12-02;18;760
25;2025-12-02;19;571
25;2025-12-02;20;334
25;2025-12-02;21;220
25;2025-12-02;22;94
25;2025-12-02;23;8
25;2025-12-03;0;1
25;2025-12-03;1;0
25;2025-12-03;2;0
25;2025-12-03;3;0
25;2025-12-03;4;0
25;2025-12-03;5;18
25;2025-12-03;6;264
25;2025-12-03;7;551
25;2025-12-03;8;925
25;2025-12-03;9;495
25;2025-12-03;10;400
25;2025-12-03;11;472
25;2025-12-03;12;471
25;2025-12-03;13;600
25;2025-12-03;14;431
25;2025-12-03;15;605
25;2025-12-03;16;685
25;2025-12-03;17;877
25;2025-12-03;18;887
25;2025-12-03;19;658
25;2025-12-03;20;361
25;2025-12-03;21;277
25;2025-12-03;22;114
25;2025-12-03;23;10
25;2025-12-04;0;2
25;2025-12-04;1;0
25;2025-12-04;2;0
25;2025-12-04;3;0
25;2025-12-04;4;0
25;2025-12-04;5;20
25;2025-12-04;6;253
25;2025-12-04;7;542
25;2025-12-04;8;894
25;2025-12-04;9;467
25;2025-12-04;10;420
25;2025-12-04;11;453
25;2025-12-04;12;424
25;2025-12-04;13;533
25;2025-12-04;14;543
25;2025-12-04;15;635
25;2025-12-04;16;725
25;2025-12-04;17;776
25;2025-12-04;18;791
25;2025-12-04;19;612
25;2025-12-04;20;321
25;2025-12-04;21;220
25;2025-12-04;22;104
25;2025-12-04;23;8
25;2025-12-05;0;1
25;2025-12-05;1;0
25;2025-12-05;2;0
25;2025-12-05;3;0
25;2025-12-05;4;0
25;2025-12-05;5;14
25;2025-12-05;6;255
25;2025-12-05;7;566
25;2025-12-05;8;878
25;2025-12-05;9;462
25;2025-12-05;10;417
25;2025-12-05;11;458
25;2025-12-05;12;446
25;2025-12-05;13;575
25;2025-12-05;14;504
25;2025-12-05;15;652
25;2025-12-05;16;822
25;2025-12-05;17;793
25;2025-12-05;18;704
25;2025-12-05;19;596
25;2025-12-05;20;337
25;2025-12-05;21;234
25;2025-12-05;22;125
25;2025-12-05;23;18
25;2025-12-06;0;3
25;2025-12-06;1;0
25;2025-12-06;2;0
25;2025-12-06;3;0
25;2025-12-06;4;0
25;2025-12-06;5;17
25;2025-12-06;6;128
25;2025-12-06;7;143
25;2025-12-06;8;326
25;2025-12-06;9;293
25;2025-12-06;10;303
25;2025-12-06;11;411
25;2025-12-06;12;422
25;2025-12-06;13;669
25;2025-12-06;14;686
25;2025-12-06;15;796
25;2025-12-06;16;724
25;2025-12-06;17;592
25;2025-12-06;18;536
25;2025-12-06;19;466
25;2025-12-06;20;270
25;2025-12-06;21;214
25;2025-12-06;22;124
25;2025-12-06;23;49
25;2025-12-07;0;17
25;2025-12-07;1;0
25;2025-12-07;2;0
25;2025-12-07;3;0
25;2025-12-07;4;0
25;2025-12-07;5;9
25;2025-12-07;6;100
25;2025-12-07;7;107
25;2025-12-07;8;205
25;2025-12-07;9;230
25;2025-12-07;10;233
25;2025-12-07;11;332
25;2025-12-07;12;390
25;2025-12-07;13;512
25;2025-12-07;14;584
25;2025-12-07;15;675
25;2025-12-07;16;565
25;2025-12-07;17;549
25;2025-12-07;18;442
25;2025-12-07;19;327
25;2025-12-07;20;251
25;2025-12-07;21;166
25;2025-12-07;22;104
25;2025-12-07;23;39
25;2025-12-08;0;9
25;2025-12-08;1;0
25;2025-12-08;2;0
25;2025-12-08;3;0
25;2025-12-08;4;0
25;2025-12-08;5;19
25;2025-12-08;6;244
25;2025-12-08;7;554
25;2025-12-08;8;971
25;2025-12-08;9;542
25;2025-12-08;10;356
25;2025-12-08;11;419
25;2025-12-08;12;413
25;2025-12-08;13;573
25;2025-12-08;14;476
25;2025-12-08;15;503
25;2025-12-08;16;700
25;2025-12-08;17;755
25;2025-12-08;18;756
25;2025-12-08;19;575
25;2025-12-08;20;318
25;2025-12-08;21;197
25;2025-12-08;22;90
25;2025-12-08;23;9
25;2025-12-09;0;2
25;2025-12-09;1;0
25;2025-12-09;2;0
25;2025-12-09;3;0
25;2025-12-09;4;0
25;2025-12-09;5;16
25;2025-12-09;6;248
25;2025-12-09;7;541
25;2025-12-09;8;946
25;2025-12-09;9;478
25;2025-12-09;10;379
25;2025-12-09;11;429
25;2025-12-09;12;423
25;2025-12-09;13;488
25;2025-12-09;14;458
25;2025-12-09;15;562
25;2025-12-09;16;666
25;2025-12-09;17;737
25;2025-12-09;18;757
25;2025-12-09;19;570
25;2025-12-09;20;333
25;2025-12-09;21;219
25;2025-12-09;22;94
25;2025-12-09;23;8
25;2025-12-10;0;1
25;2025-12-10;1;0
25;2025-12-10;2;0
25;2025-12-10;3;0
25;2025-12-10;4;0
25;2025-12-10;5;18
25;2025-12-10;6;261
25;2025-12-10;7;544
25;2025-12-10;8;913
25;2025-12-10;9;488
25;2025-12-10;10;395
25;2025-12-10;11;466
25;2025-12-10;12;465
25;2025-12-10;13;592
25;2025-12-10;14;425
25;2025-12-10;15;597
25;2025-12-10;16;676
25;2025-12-10;17;865
25;2025-12-10;18;875
25;2025-12-10;19;649
25;2025-12-10;20;356
25;2025-12-10;21;273
25;2025-12-10;22;113
25;2025-12-10;23;10
25;2025-12-11;0;2
25;2025-12-11;1;0
25;2025-12-11;2;0
25;2025-12-11;3;0
25;2025-12-11;4;0
25;2025-12-11;5;20
25;2025-12-11;6;250
25;2025-12-11;7;535
25;2025-12-11;8;883
25;2025-12-11;9;461
25;2025-12-11;10;415
25;2025-12-11;11;448
25;2025-12-11;12;419
25;2025-12-11;13;526
25;2025-12-11;14;536
25;2025-12-11;15;627
25;2025-12-11;16;716
25;2025-12-11;17;767
25;2025-12-11;18;781
25;2025-12-11;19;604
25;2025-12-11;20;318
25;2025-12-11;21;217
25;2025-12-11;22;103
25;2025-12-11;23;8
25;2025-12-12;0;0
25;2025-12-12;1;0
25;2025-12-12;2;0
25;2025-12-12;3;0
25;2025-12-12;4;0
25;2025-12-12;5;14
25;2025-12-12;6;252
25;2025-12-12;7;558
25;2025-12-12;8;866
25;2025-12-12;9;456
25;2025-12-12;10;411
25;2025-12-12;11;451
25;2025-12-12;12;440
25;2025-12-12;13;566
25;2025-12-12;14;497
25;2025-12-12;15;642
25;2025-12-12;16;810
25;2025-12-12;17;782
25;2025-12-12;18;694
25;2025-12-12;19;587
25;2025-12-12;20;333
25;2025-12-12;21;231
25;2025-12-12;22;124
25;2025-12-12;23;18
25;2025-12-13;0;3
25;2025-12-13;1;0
25;2025-12-13;2;0
25;2025-12-13;3;0
25;2025-12-13;4;0
25;2025-12-13;5;17
25;2025-12-13;6;126
25;2025-12-13;7;141
25;2025-12-13;8;321
25;2025-12-13;9;289
25;2025-12-13;10;299
25;2025-12-13;11;406
25;2025-12-13;12;416
25;2025-12-13;13;660
25;2025-12-13;14;677
25;2025-12-13;15;785
25;2025-12-13;16;715
25;2025-12-13;17;584
25;2025-12-13;18;529
25;2025-12-13;19;460
25;2025-12-13;20;266
25;2025-12-13;21;211
25;2025-12-13;22;123
25;2025-12-13;23;49
25;2025-12-14;0;17
25;2025-12-14;1;0
25;2025-12-14;2;0
25;2025-12-14;3;0
25;2025-12-14;4;0
25;2025-12-14;5;9
25;2025-12-14;6;99
25;2025-12-14;7;106
25;2025-12-14;8;203
25;2025-12-14;9;228
25;2025-12-14;10;231
25;2025-12-14;11;328
25;2025-12-14;12;386
25;2025-12-14;13;506
25;2025-12-14;14;578
25;2025-12-14;15;668
25;2025-12-14;16;559
25;2025-12-14;17;543
25;2025-12-14;18;438
25;2025-12-14;19;324
25;2025-12-14;20;248
25;2025-12-14;21;164
25;2025-12-14;22;104
25;2025-12-14;23;38
25;2025-12-15;0;9
25;2025-12-15;1;0
25;2025-12-15;2;0
25;2025-12-15;3;0
25;2025-12-15;4;0
25;2025-12-15;5;19
25;2025-12-15;6;243
25;2025-12-15;7;550
25;2025-12-15;8;964
25;2025-12-15;9;538
25;2025-12-15;10;353
25;2025-12-15;11;416
25;2025-12-15;12;410
25;2025-12-15;13;569
25;2025-12-15;14;472
25;2025-12-15;15;500
25;2025-12-15;16;695
25;2025-12-15;17;749
25;2025-12-15;18;750
25;2025-12-15;19;570
25;2025-12-15;20;316
25;2025-12-15;21;196
25;2025-12-15;22;89
25;2025-12-15;23;9
25;2025-12-16;0;2
25;2025-12-16;1;0
25;2025-12-16;2;0
25;2025-12-16;3;0
25;2025-12-16;4;0
25;2025-12-16;5;16
25;2025-12-16;6;247
25;2025-12-16;7;538
25;2025-12-16;8;941
25;2025-12-16;9;475
25;2025-12-16;10;376
25;2025-12-16;11;426
25;2025-12-16;12;420
25;2025-12-16;13;485
25;2025-12-16;14;455
25;2025-12-16;15;559
25;2025-12-16;16;662
25;2025-12-16;17;733
25;2025-12-16;18;753
25;2025-12-16;19;566
25;2025-12-16;20;331
25;2025-12-16;21;218
25;2025-12-16;22;93
25;2025-12-16;23;8
25;2025-12-17;0;1
25;2025-12-17;1;0
25;2025-12-17;2;0
25;2025-12-17;3;0
25;2025-12-17;4;0
25;2025-12-17;5;18
25;2025-12-17;6;265
25;2025-12-17;7;552
25;2025-12-17;8;927
25;2025-12-17;9;496
25;2025-12-17;10;401
25;2025-12-17;11;473
25;2025-12-17;12;472
25;2025-12-17;13;602
25;2025-12-17;14;432
25;2025-12-17;15;606
25;2025-12-17;16;687
25;2025-12-17;17;879
25;2025-12-17;18;889
25;2025-12-17;19;660
25;2025-12-17;20;361
25;2025-12-17;21;278
25;2025-12-17;22;114
25;2025-12-17;23;10
25;2025-12-18;0;2
25;2025-12-18;1;0
25;2025-12-18;2;0
25;2025-12-18;3;0
25;2025-12-18;4;0
25;2025-12-18;5;20
25;2025-12-18;6;253
25;2025-12-18;7;542
25;2025-12-18;8;895
25;2025-12-18;9;468
25;2025-12-18;10;420
25;2025-12-18;11;454
25;2025-12-18;12;425
25;2025-12-18;13;534
25;2025-12-18;14;543
25;2025-12-18;15;636
25;2025-12-18;16;726
25;2025-12-18;17;777
25;2025-12-18;18;792
25;2025-12-18;19;613
25;2025-12-18;20;322
25;2025-12-18;21;220
25;2025-12-18;22;104
25;2025-12-18;23;8
25;2025-12-19;0;1
25;2025-12-19;1;0
25;2025-12-19;2;0
25;2025-12-19;3;0
25;2025-12-19;4;0
25;2025-12-19;5;14
25;2025-12-19;6;255
25;2025-12-19;7;566
25;2025-12-19;8;877
25;2025-12-19;9;462
25;2025-12-19;10;416
25;2025-12-19;11;457
25;2025-12-19;12;446
25;2025-12-19;13;574
25;2025-12-19;14;504
25;2025-12-19;15;651
25;2025-12-19;16;822
25;2025-12-19;17;792
25;2025-12-19;18;703
25;2025-12-19;19;595
25;2025-12-19;20;337
25;2025-12-19;21;234
25;2025-12-19;22;125
25;2025-12-19;23;18
25;2025-12-20;0;3
25;2025-12-20;1;0
25;2025-12-20;2;0
25;2025-12-20;3;0
25;2025-12-20;4;0
25;2025-12-20;5;17
25;2025-12-20;6;128
25;2025-12-20;7;143
25;2025-12-20;8;325
25;2025-12-20;9;293
25;2025-12-20;10;303
25;2025-12-20;11;411
25;2025-12-20;12;421
25;2025-12-20;13;668
25;2025-12-20;14;686
25;2025-12-20;15;795
25;2025-12-20;16;724
25;2025-12-20;17;591
25;2025-12-20;18;535
25;2025-12-20;19;465
25;2025-12-20;20;270
25;2025-12-20;21;214
25;2025-12-20;22;124
25;2025-12-20;23;49
25;2025-12-21;0;17
25;2025-12-21;1;0
25;2025-12-21;2;0
25;2025-12-21;3;0
25;2025-12-21;4;0
25;2025-12-21;5;9
25;2025-12-21;6;100
25;2025-12-21;7;107
25;2025-12-21;8;204
25;2025-12-21;9;230
25;2025-12-21;10;233
25;2025-12-21;11;331
25;2025-12-21;12;390
25;2025-12-21;13;511
25;2025-12-21;14;583
25;2025-12-21;15;674
25;2025-12-21;16;564
25;2025-12-21;17;548
25;2025-12-21;18;441
25;2025-12-21;19;326
25;2025-12-21;20;250
25;2025-12-21;21;165
25;2025-12-21;22;104
25;2025-12-21;23;39
25;2025-12-22;0;9
25;2025-12-22;1;0
25;2025-12-22;2;0
25;2025-12-22;3;0
25;2025-12-22;4;0
25;2025-12-22;5;19
25;2025-12-22;6;242
25;2025-12-22;7;550
25;2025-12-22;8;964
25;2025-12-22;9;538
25;2025-12-22;10;353
25;2025-12-22;11;415
25;2025-12-22;12;409
25;2025-12-22;13;568
25;2025-12-22;14;472
25;2025-12-22;15;500
25;2025-12-22;16;695
25;2025-12-22;17;749
25;2025-12-22;18;750
25;2025-12-22;19;570
25;2025-12-22;20;315
25;2025-12-22;21;196
25;2025-12-22;22;89
25;2025-12-22;23;9
25;2025-12-23;0;2
25;2025-12-23;1;0
25;2025-12-23;2;0
25;2025-12-23;3;0
25;2025-12-23;4;0
25;2025-12-23;5;16
25;2025-12-23;6;247
25;2025-12-23;7;539
25;2025-12-23;8;942
25;2025-12-23;9;476
25;2025-12-23;10;377
25;2025-12-23;11;427
25;2025-12-23;12;421
25;2025-12-23;13;486
25;2025-12-23;14;456
25;2025-12-23;15;560
25;2025-12-23;16;663
25;2025-12-23;17;734
25;2025-12-23;18;754
25;2025-12-23;19;567
25;2025-12-23;20;332
25;2025-12-23;21;219
25;2025-12-23;22;93
25;2025-12-23;23;8
25;2025-12-24;0;1
25;2025-12-24;1;0
25;2025-12-24;2;0
25;2025-12-24;3;0
25;2025-12-24;4;0
25;2025-12-24;5;18
25;2025-12-24;6;261
25;2025-12-24;7;543
25;2025-12-24;8;911
25;2025-12-24;9;488
25;2025-12-24;10;394
25;2025-12-24;11;465
25;2025-12-24;12;464
25;2025-12-24;13;591
25;2025-12-24;14;424
25;2025-12-24;15;596
25;2025-12-24;16;675
25;2025-12-24;17;864
25;2025-12-24;18;874
25;2025-12-24;19;648
25;2025-12-24;20;355
25;2025-12-24;21;273
25;2025-12-24;22;113
25;2025-12-24;23;10
25;2025-12-25;0;2
25;2025-12-25;1;0
25;2025-12-25;2;0
25;2025-12-25;3;0
25;2025-12-25;4;0
25;2025-12-25;5;20
25;2025-12-25;6;248
25;2025-12-25;7;532
25;2025-12-25;8;878
25;2025-12-25;9;459
25;2025-12-25;10;412
25;2025-12-25;11;445
25;2025-12-25;12;417
25;2025-12-25;13;523
25;2025-12-25;14;533
25;2025-12-25;15;623
25;2025-12-25;16;712
25;2025-12-25;17;762
25;2025-12-25;18;777
25;2025-12-25;19;601
25;2025-12-25;20;316
25;2025-12-25;21;216
25;2025-12-25;22;103
25;2025-12-25;23;8
25;2025-12-26;0;0
25;2025-12-26;1;0
25;2025-12-26;2;0
25;2025-12-26;3;0
25;2025-12-26;4;0
25;2025-12-26;5;14
25;2025-12-26;6;249
25;2025-12-26;7;552
25;2025-12-26;8;856
25;2025-12-26;9;451
25;2025-12-26;10;406
25;2025-12-26;11;447
25;2025-12-26;12;435
25;2025-12-26;13;561
25;2025-12-26;14;492
25;2025-12-26;15;635
25;2025-12-26;16;802
25;2025-12-26;17;774
25;2025-12-26;18;686
25;2025-12-26;19;581
25;2025-12-26;20;329
25;2025-12-26;21;228
25;2025-12-26;22;124
25;2025-12-26;23;18
25;2025-12-27;0;3
25;2025-12-27;1;0
25;2025-12-27;2;0
25;2025-12-27;3;0
25;2025-12-27;4;0
25;2025-12-27;5;17
25;2025-12-27;6;127
25;2025-12-27;7;142
25;2025-12-27;8;323
25;2025-12-27;9;291
25;2025-12-27;10;301
25;2025-12-27;11;408
25;2025-12-27;12;419
25;2025-12-27;13;664
25;2025-12-27;14;682
25;2025-12-27;15;790
25;2025-12-27;16;719
25;2025-12-27;17;587
25;2025-12-27;18;532
25;2025-12-27;19;462
25;2025-12-27;20;268
25;2025-12-27;21;212
25;2025-12-27;22;124
25;2025-12-27;23;49
25;2025-12-28;0;17
25;2025-12-28;1;0
25;2025-12-28;2;0
25;2025-12-28;3;0
25;2025-12-28;4;0
25;2025-12-28;5;9
25;2025-12-28;6;99
25;2025-12-28;7;106
25;2025-12-28;8;202
25;2025-12-28;9;227
25;2025-12-28;10;230
25;2025-12-28;11;327
25;2025-12-28;12;385
25;2025-12-28;13;504
25;2025-12-28;14;575
25;2025-12-28;15;665
25;2025-12-28;16;557
25;2025-12-28;17;541
25;2025-12-28;18;436
25;2025-12-28;19;322
25;2025-12-28;20;247
25;2025-12-28;21;163
25;2025-12-28;22;103
25;2025-12-28;23;38
25;2025-12-29;0;9
25;2025-12-29;1;0
25;2025-12-29;2;0
25;2025-12-29;3;0
25;2025-12-29;4;0
25;2025-12-29;5;18
25;2025-12-29;6;231
25;2025-12-29;7;525
25;2025-12-29;8;920
25;2025-12-29;9;513
25;2025-12-29;10;337
25;2025-12-29;11;396
25;2025-12-29;12;391
25;2025-12-29;13;543
25;2025-12-29;14;451
25;2025-12-29;15;477
25;2025-12-29;16;663
25;2025-12-29;17;715
25;2025-12-29;18;716
25;2025-12-29;19;544
25;2025-12-29;20;301
25;2025-12-29;21;187
25;2025-12-29;22;85
25;2025-12-29;23;9
25;2025-12-30;0;2
25;2025-12-30;1;0
25;2025-12-30;2;0
25;2025-12-30;3;0
25;2025-12-30;4;0
25;2025-12-30;5;14
25;2025-12-30;6;225
25;2025-12-30;7;490
25;2025-12-30;8;856
25;2025-12-30;9;432
25;2025-12-30;10;343
25;2025-12-30;11;388
25;2025-12-30;12;382
25;2025-12-30;13;442
25;2025-12-30;14;414
25;2025-12-30;15;509
25;2025-12-30;16;602
25;2025-12-30;17;667
25;2025-12-30;18;685
25;2025-12-30;19;515
25;2025-12-30;20;301
25;2025-12-30;21;199
25;2025-12-30;22;85
25;2025-12-30;23;7
25;2025-12-31;0;11
25;2025-12-31;1;0
25;2025-12-31;2;0
25;2025-12-31;3;0
25;2025-12-31;4;0
25;2025-12-31;5;10
25;2025-12-31;6;95
25;2025-12-31;7;103
25;2025-12-31;8;213
25;2025-12-31;9;218
25;2025-12-31;10;222
25;2025-12-31;11;310
25;2025-12-31;12;346
25;2025-12-31;13;489
25;2025-12-31;14;535
25;2025-12-31;15;619
25;2025-12-31;16;536
25;2025-12-31;17;487
25;2025-12-31;18;410
25;2025-12-31;19;324
25;2025-12-31;20;222
25;2025-12-31;21;157
25;2025-12-31;22;97
25;2025-12-31;23;37
26;2025-11-01;0;38
26;2025-11-01;1;1
26;2025-11-01;2;0
26;2025-11-01;3;0
26;2025-11-01;4;2
26;2025-11-01;5;70
26;2025-11-01;6;396
26;2025-11-01;7;768
26;2025-11-01;8;1547
26;2025-11-01;9;1106
26;2025-11-01;10;1072
26;2025-11-01;11;1072
26;2025-11-01;12;1099
26;2025-11-01;13;1125
26;2025-11-01;14;1236
26;2025-11-01;15;1213
26;2025-11-01;16;1404
26;2025-11-01;17;1439
26;2025-11-01;18;1151
26;2025-11-01;19;941
26;2025-11-01;20;624
26;2025-11-01;21;424
26;2025-11-01;22;213
26;2025-11-01;23;156
26;2025-11-02;0;46
26;2025-11-02;1;4
26;2025-11-02;2;0
26;2025-11-02;3;0
26;2025-11-02;4;2
26;2025-11-02;5;23
26;2025-11-02;6;149
26;2025-11-02;7;242
26;2025-11-02;8;370
26;2025-11-02;9;497
26;2025-11-02;10;561
26;2025-11-02;11;783
26;2025-11-02;12;775
26;2025-11-02;13;823
26;2025-11-02;14;817
26;2025-11-02;15;744
26;2025-11-02;16;706
26;2025-11-02;17;724
26;2025-11-02;18;655
26;2025-11-02;19;493
26;2025-11-02;20;381
26;2025-11-02;21;264
26;2025-11-02;22;160
26;2025-11-02;23;97
26;2025-11-03;0;46
26;2025-11-03;1;3
26;2025-11-03;2;0
26;2025-11-03;3;0
26;2025-11-03;4;2
26;2025-11-03;5;29
26;2025-11-03;6;169
26;2025-11-03;7;267
26;2025-11-03;8;421
26;2025-11-03;9;530
26;2025-11-03;10;614
26;2025-11-03;11;818
26;2025-11-03;12;830
26;2025-11-03;13;860
26;2025-11-03;14;865
26;2025-11-03;15;786
26;2025-11-03;16;768
26;2025-11-03;17;762
26;2025-11-03;18;696
26;2025-11-03;19;549
26;2025-11-03;20;410
26;2025-11-03;21;280
26;2025-11-03;22;169
26;2025-11-03;23;109
26;2025-11-04;0;42
26;2025-11-04;1;3
26;2025-11-04;2;0
26;2025-11-04;3;0
26;2025-11-04;4;1
26;2025-11-04;5;24
26;2025-11-04;6;145
26;2025-11-04;7;232
26;2025-11-04;8;362
26;2025-11-04;9;467
26;2025-11-04;10;535
26;2025-11-04;11;726
26;2025-11-04;12;730
26;2025-11-04;13;763
26;2025-11-04;14;764
26;2025-11-04;15;694
26;2025-11-04;16;671
26;2025-11-04;17;674
26;2025-11-04;18;613
26;2025-11-04;19;475
26;2025-11-04;20;360
26;2025-11-04;21;247
26;2025-11-04;22;149
26;2025-11-04;23;94
26;2025-11-05;0;31
26;2025-11-05;1;2
26;2025-11-05;2;0
26;2025-11-05;3;0
26;2025-11-05;4;6
26;2025-11-05;5;104
26;2025-11-05;6;474
26;2025-11-05;7;1123
26;2025-11-05;8;2318
26;2025-11-05;9;1511
26;2025-11-05;10;1263
26;2025-11-05;11;1093
26;2025-11-05;12;1246
26;2025-11-05;13;1236
26;2025-11-05;14;1402
26;2025-11-05;15;1443
26;2025-11-05;16;1543
26;2025-11-05;17;1744
26;2025-11-05;18;1867
26;2025-11-05;19;1299
26;2025-11-05;20;812
26;2025-11-05;21;556
26;2025-11-05;22;235
26;2025-11-05;23;135
26;2025-11-06;0;43
26;2025-11-06;1;1
26;2025-11-06;2;0
26;2025-11-06;3;0
26;2025-11-06;4;2
26;2025-11-06;5;95
26;2025-11-06;6;481
26;2025-11-06;7;1073
26;2025-11-06;8;2203
26;2025-11-06;9;1505
26;2025-11-06;10;1203
26;2025-11-06;11;1144
26;2025-11-06;12;1185
26;2025-11-06;13;1179
26;2025-11-06;14;1353
26;2025-11-06;15;1374
26;2025-11-06;16;1507
26;2025-11-06;17;1698
26;2025-11-06;18;1869
26;2025-11-06;19;1215
26;2025-11-06;20;736
26;2025-11-06;21;490
26;2025-11-06;22;212
26;2025-11-06;23;130
26;2025-11-07;0;32
26;2025-11-07;1;1
26;2025-11-07;2;0
26;2025-11-07;3;0
26;2025-11-07;4;1
26;2025-11-07;5;83
26;2025-11-07;6;494
26;2025-11-07;7;1033
26;2025-11-07;8;2162
26;2025-11-07;9;1386
26;2025-11-07;10;1229
26;2025-11-07;11;1120
26;2025-11-07;12;1112
26;2025-11-07;13;1173
26;2025-11-07;14;1331
26;2025-11-07;15;1362
26;2025-11-07;16;1651
26;2025-11-07;17;1763
26;2025-11-07;18;1325
26;2025-11-07;19;1051
26;2025-11-07;20;679
26;2025-11-07;21;470
26;2025-11-07;22;215
26;2025-11-07;23;159
26;2025-11-08;0;48
26;2025-11-08;1;2
26;2025-11-08;2;0
26;2025-11-08;3;0
26;2025-11-08;4;2
26;2025-11-08;5;50
26;2025-11-08;6;249
26;2025-11-08;7;368
26;2025-11-08;8;615
26;2025-11-08;9;681
26;2025-11-08;10;834
26;2025-11-08;11;999
26;2025-11-08;12;1078
26;2025-11-08;13;1052
26;2025-11-08;14;1092
26;2025-11-08;15;986
26;2025-11-08;16;1031
26;2025-11-08;17;948
26;2025-11-08;18;886
26;2025-11-08;19;775
26;2025-11-08;20;540
26;2025-11-08;21;355
26;2025-11-08;22;210
26;2025-11-08;23;153
26;2025-11-09;0;49
26;2025-11-09;1;4
26;2025-11-09;2;0
26;2025-11-09;3;0
26;2025-11-09;4;2
26;2025-11-09;5;25
26;2025-11-09;6;157
26;2025-11-09;7;256
26;2025-11-09;8;391
26;2025-11-09;9;525
26;2025-11-09;10;593
26;2025-11-09;11;827
26;2025-11-09;12;818
26;2025-11-09;13;869
26;2025-11-09;14;863
26;2025-11-09;15;785
26;2025-11-09;16;746
26;2025-11-09;17;764
26;2025-11-09;18;691
26;2025-11-09;19;520
26;2025-11-09;20;402
26;2025-11-09;21;279
26;2025-11-09;22;168
26;2025-11-09;23;102
26;2025-11-10;0;25
26;2025-11-10;1;2
26;2025-11-10;2;0
26;2025-11-10;3;0
26;2025-11-10;4;2
26;2025-11-10;5;90
26;2025-11-10;6;477
26;2025-11-10;7;1117
26;2025-11-10;8;2208
26;2025-11-10;9;1431
26;2025-11-10;10;1222
26;2025-11-10;11;1045
26;2025-11-10;12;1082
26;2025-11-10;13;1148
26;2025-11-10;14;1248
26;2025-11-10;15;1304
26;2025-11-10;16;1445
26;2025-11-10;17;1694
26;2025-11-10;18;1869
26;2025-11-10;19;1221
26;2025-11-10;20;745
26;2025-11-10;21;463
26;2025-11-10;22;204
26;2025-11-10;23;106
26;2025-11-11;0;30
26;2025-11-11;1;1
26;2025-11-11;2;0
26;2025-11-11;3;1
26;2025-11-11;4;2
26;2025-11-11;5;91
26;2025-11-11;6;494
26;2025-11-11;7;1132
26;2025-11-11;8;2291
26;2025-11-11;9;1480
26;2025-11-11;10;1273
26;2025-11-11;11;1163
26;2025-11-11;12;1199
26;2025-11-11;13;1171
26;2025-11-11;14;1248
26;2025-11-11;15;1365
26;2025-11-11;16;1510
26;2025-11-11;17;1781
26;2025-11-11;18;1978
26;2025-11-11;19;1328
26;2025-11-11;20;757
26;2025-11-11;21;468
26;2025-11-11;22;211
26;2025-11-11;23;118
26;2025-11-12;0;31
26;2025-11-12;1;2
26;2025-11-12;2;0
26;2025-11-12;3;0
26;2025-11-12;4;6
26;2025-11-12;5;103
26;2025-11-12;6;471
26;2025-11-12;7;1115
26;2025-11-12;8;2302
26;2025-11-12;9;1501
26;2025-11-12;10;1254
26;2025-11-12;11;1086
26;2025-11-12;12;1238
26;2025-11-12;13;1228
26;2025-11-12;14;1393
26;2025-11-12;15;1434
26;2025-11-12;16;1533
26;2025-11-12;17;1733
26;2025-11-12;18;1855
26;2025-11-12;19;1291
26;2025-11-12;20;807
26;2025-11-12;21;553
26;2025-11-12;22;235
26;2025-11-12;23;135
26;2025-11-13;0;43
26;2025-11-13;1;1
26;2025-11-13;2;0
26;2025-11-13;3;0
26;2025-11-13;4;2
26;2025-11-13;5;96
26;2025-11-13;6;484
26;2025-11-13;7;1079
26;2025-11-13;8;2217
26;2025-11-13;9;1515
26;2025-11-13;10;1211
26;2025-11-13;11;1151
26;2025-11-13;12;1192
26;2025-11-13;13;1187
26;2025-11-13;14;1362
26;2025-11-13;15;1383
26;2025-11-13;16;1516
26;2025-11-13;17;1708
26;2025-11-13;18;1880
26;2025-11-13;19;1223
26;2025-11-13;20;741
26;2025-11-13;21;493
26;2025-11-13;22;212
26;2025-11-13;23;130
26;2025-11-14;0;32
26;2025-11-14;1;1
26;2025-11-14;2;0
26;2025-11-14;3;0
26;2025-11-14;4;1
26;2025-11-14;5;83
26;2025-11-14;6;495
26;2025-11-14;7;1036
26;2025-11-14;8;2169
26;2025-11-14;9;1390
26;2025-11-14;10;1232
26;2025-11-14;11;1124
26;2025-11-14;12;1115
26;2025-11-14;13;1177
26;2025-11-14;14;1335
26;2025-11-14;15;1366
26;2025-11-14;16;1656
26;2025-11-14;17;1768
26;2025-11-14;18;1329
26;2025-11-14;19;1054
26;2025-11-14;20;681
26;2025-11-14;21;472
26;2025-11-14;22;216
26;2025-11-14;23;159
26;2025-11-15;0;48
26;2025-11-15;1;2
26;2025-11-15;2;0
26;2025-11-15;3;0
26;2025-11-15;4;2
26;2025-11-15;5;49
26;2025-11-15;6;241
26;2025-11-15;7;356
26;2025-11-15;8;595
26;2025-11-15;9;659
26;2025-11-15;10;806
26;2025-11-15;11;966
26;2025-11-15;12;1043
26;2025-11-15;13;1017
26;2025-11-15;14;1056
26;2025-11-15;15;953
26;2025-11-15;16;997
26;2025-11-15;17;917
26;2025-11-15;18;857
26;2025-11-15;19;749
26;2025-11-15;20;522
26;2025-11-15;21;343
26;2025-11-15;22;206
26;2025-11-15;23;152
26;2025-11-16;0;49
26;2025-11-16;1;4
26;2025-11-16;2;0
26;2025-11-16;3;0
26;2025-11-16;4;2
26;2025-11-16;5;24
26;2025-11-16;6;156
26;2025-11-16;7;254
26;2025-11-16;8;388
26;2025-11-16;9;521
26;2025-11-16;10;588
26;2025-11-16;11;821
26;2025-11-16;12;812
26;2025-11-16;13;862
26;2025-11-16;14;856
26;2025-11-16;15;779
26;2025-11-16;16;740
26;2025-11-16;17;759
26;2025-11-16;18;686
26;2025-11-16;19;516
26;2025-11-16;20;399
26;2025-11-16;21;277
26;2025-11-16;22;168
26;2025-11-16;23;102
26;2025-11-17;0;25
26;2025-11-17;1;2
26;2025-11-17;2;0
26;2025-11-17;3;0
26;2025-11-17;4;2
26;2025-11-17;5;90
26;2025-11-17;6;471
26;2025-11-17;7;1103
26;2025-11-17;8;2180
26;2025-11-17;9;1413
26;2025-11-17;10;1206
26;2025-11-17;11;1032
26;2025-11-17;12;1069
26;2025-11-17;13;1133
26;2025-11-17;14;1232
26;2025-11-17;15;1288
26;2025-11-17;16;1427
26;2025-11-17;17;1673
26;2025-11-17;18;1846
26;2025-11-17;19;1205
26;2025-11-17;20;736
26;2025-11-17;21;458
26;2025-11-17;22;203
26;2025-11-17;23;106
26;2025-11-18;0;29
26;2025-11-18;1;1
26;2025-11-18;2;0
26;2025-11-18;3;1
26;2025-11-18;4;2
26;2025-11-18;5;91
26;2025-11-18;6;486
26;2025-11-18;7;1114
26;2025-11-18;8;2255
26;2025-11-18;9;1456
26;2025-11-18;10;1253
26;2025-11-18;11;1145
26;2025-11-18;12;1180
26;2025-11-18;13;1153
26;2025-11-18;14;1229
26;2025-11-18;15;1343
26;2025-11-18;16;1486
26;2025-11-18;17;1753
26;2025-11-18;18;1947
26;2025-11-18;19;1306
26;2025-11-18;20;745
26;2025-11-18;21;460
26;2025-11-18;22;209
26;2025-11-18;23;117
26;2025-11-19;0;31
26;2025-11-19;1;2
26;2025-11-19;2;0
26;2025-11-19;3;0
26;2025-11-19;4;6
26;2025-11-19;5;104
26;2025-11-19;6;473
26;2025-11-19;7;1120
26;2025-11-19;8;2313
26;2025-11-19;9;1508
26;2025-11-19;10;1260
26;2025-11-19;11;1091
26;2025-11-19;12;1243
26;2025-11-19;13;1233
26;2025-11-19;14;1399
26;2025-11-19;15;1440
26;2025-11-19;16;1540
26;2025-11-19;17;1740
26;2025-11-19;18;1863
26;2025-11-19;19;1296
26;2025-11-19;20;810
26;2025-11-19;21;555
26;2025-11-19;22;235
26;2025-11-19;23;135
26;2025-11-20;0;43
26;2025-11-20;1;1
26;2025-11-20;2;0
26;2025-11-20;3;0
26;2025-11-20;4;2
26;2025-11-20;5;96
26;2025-11-20;6;483
26;2025-11-20;7;1077
26;2025-11-20;8;2211
26;2025-11-20;9;1511
26;2025-11-20;10;1208
26;2025-11-20;11;1148
26;2025-11-20;12;1190
26;2025-11-20;13;1184
26;2025-11-20;14;1359
26;2025-11-20;15;1380
26;2025-11-20;16;1512
26;2025-11-20;17;1704
26;2025-11-20;18;1876
26;2025-11-20;19;1220
26;2025-11-20;20;739
26;2025-11-20;21;492
26;2025-11-20;22;212
26;2025-11-20;23;130
26;2025-11-21;0;32
26;2025-11-21;1;1
26;2025-11-21;2;0
26;2025-11-21;3;0
26;2025-11-21;4;1
26;2025-11-21;5;83
26;2025-11-21;6;492
26;2025-11-21;7;1030
26;2025-11-21;8;2157
26;2025-11-21;9;1383
26;2025-11-21;10;1226
26;2025-11-21;11;1118
26;2025-11-21;12;1109
26;2025-11-21;13;1171
26;2025-11-21;14;1328
26;2025-11-21;15;1359
26;2025-11-21;16;1647
26;2025-11-21;17;1759
26;2025-11-21;18;1322
26;2025-11-21;19;1048
26;2025-11-21;20;678
26;2025-11-21;21;469
26;2025-11-21;22;215
26;2025-11-21;23;159
26;2025-11-22;0;48
26;2025-11-22;1;2
26;2025-11-22;2;0
26;2025-11-22;3;0
26;2025-11-22;4;2
26;2025-11-22;5;49
26;2025-11-22;6;243
26;2025-11-22;7;361
26;2025-11-22;8;602
26;2025-11-22;9;667
26;2025-11-22;10;816
26;2025-11-22;11;977
26;2025-11-22;12;1056
26;2025-11-22;13;1030
26;2025-11-22;14;1069
26;2025-11-22;15;965
26;2025-11-22;16;1009
26;2025-11-22;17;928
26;2025-11-22;18;867
26;2025-11-22;19;759
26;2025-11-22;20;528
26;2025-11-22;21;347
26;2025-11-22;22;208
26;2025-11-22;23;152
26;2025-11-23;0;49
26;2025-11-23;1;4
26;2025-11-23;2;0
26;2025-11-23;3;0
26;2025-11-23;4;2
26;2025-11-23;5;25
26;2025-11-23;6;157
26;2025-11-23;7;255
26;2025-11-23;8;390
26;2025-11-23;9;523
26;2025-11-23;10;590
26;2025-11-23;11;824
26;2025-11-23;12;815
26;2025-11-23;13;866
26;2025-11-23;14;860
26;2025-11-23;15;782
26;2025-11-23;16;743
26;2025-11-23;17;762
26;2025-11-23;18;689
26;2025-11-23;19;518
26;2025-11-23;20;400
26;2025-11-23;21;278
26;2025-11-23;22;168
26;2025-11-23;23;102
26;2025-11-24;0;25
26;2025-11-24;1;2
26;2025-11-24;2;0
26;2025-11-24;3;0
26;2025-11-24;4;2
26;2025-11-24;5;89
26;2025-11-24;6;467
26;2025-11-24;7;1095
26;2025-11-24;8;2165
26;2025-11-24;9;1403
26;2025-11-24;10;1198
26;2025-11-24;11;1024
26;2025-11-24;12;1061
26;2025-11-24;13;1125
26;2025-11-24;14;1223
26;2025-11-24;15;1278
26;2025-11-24;16;1416
26;2025-11-24;17;1661
26;2025-11-24;18;1832
26;2025-11-24;19;1196
26;2025-11-24;20;731
26;2025-11-24;21;454
26;2025-11-24;22;202
26;2025-11-24;23;106
26;2025-11-25;0;30
26;2025-11-25;1;1
26;2025-11-25;2;0
26;2025-11-25;3;1
26;2025-11-25;4;2
26;2025-11-25;5;91
26;2025-11-25;6;494
26;2025-11-25;7;1132
26;2025-11-25;8;2290
26;2025-11-25;9;1479
26;2025-11-25;10;1272
26;2025-11-25;11;1163
26;2025-11-25;12;1198
26;2025-11-25;13;1171
26;2025-11-25;14;1248
26;2025-11-25;15;1364
26;2025-11-25;16;1509
26;2025-11-25;17;1781
26;2025-11-25;18;1977
26;2025-11-25;19;1327
26;2025-11-25;20;756
26;2025-11-25;21;468
26;2025-11-25;22;211
26;2025-11-25;23;118
26;2025-11-26;0;31
26;2025-11-26;1;2
26;2025-11-26;2;0
26;2025-11-26;3;0
26;2025-11-26;4;6
26;2025-11-26;5;102
26;2025-11-26;6;463
26;2025-11-26;7;1096
26;2025-11-26;8;2263
26;2025-11-26;9;1475
26;2025-11-26;10;1233
26;2025-11-26;11;1067
26;2025-11-26;12;1217
26;2025-11-26;13;1207
26;2025-11-26;14;1369
26;2025-11-26;15;1409
26;2025-11-26;16;1507
26;2025-11-26;17;1703
26;2025-11-26;18;1823
26;2025-11-26;19;1269
26;2025-11-26;20;793
26;2025-11-26;21;543
26;2025-11-26;22;233
26;2025-11-26;23;134
26;2025-11-27;0;43
26;2025-11-27;1;1
26;2025-11-27;2;0
26;2025-11-27;3;0
26;2025-11-27;4;2
26;2025-11-27;5;95
26;2025-11-27;6;477
26;2025-11-27;7;1064
26;2025-11-27;8;2186
26;2025-11-27;9;1494
26;2025-11-27;10;1194
26;2025-11-27;11;1135
26;2025-11-27;12;1176
26;2025-11-27;13;1170
26;2025-11-27;14;1343
26;2025-11-27;15;1364
26;2025-11-27;16;1495
26;2025-11-27;17;1685
26;2025-11-27;18;1854
26;2025-11-27;19;1206
26;2025-11-27;20;730
26;2025-11-27;21;486
26;2025-11-27;22;211
26;2025-11-27;23;130
26;2025-11-28;0;32
26;2025-11-28;1;1
26;2025-11-28;2;0
26;2025-11-28;3;0
26;2025-11-28;4;1
26;2025-11-28;5;83
26;2025-11-28;6;491
26;2025-11-28;7;1026
26;2025-11-28;8;2149
26;2025-11-28;9;1378
26;2025-11-28;10;1221
26;2025-11-28;11;1113
26;2025-11-28;12;1105
26;2025-11-28;13;1166
26;2025-11-28;14;1323
26;2025-11-28;15;1353
26;2025-11-28;16;1640
26;2025-11-28;17;1752
26;2025-11-28;18;1317
26;2025-11-28;19;1044
26;2025-11-28;20;675
26;2025-11-28;21;467
26;2025-11-28;22;215
26;2025-11-28;23;159
26;2025-11-29;0;48
26;2025-11-29;1;2
26;2025-11-29;2;0
26;2025-11-29;3;0
26;2025-11-29;4;2
26;2025-11-29;5;50
26;2025-11-29;6;248
26;2025-11-29;7;367
26;2025-11-29;8;613
26;2025-11-29;9;679
26;2025-11-29;10;831
26;2025-11-29;11;995
26;2025-11-29;12;1074
26;2025-11-29;13;1048
26;2025-11-29;14;1088
26;2025-11-29;15;982
26;2025-11-29;16;1027
26;2025-11-29;17;945
26;2025-11-29;18;883
26;2025-11-29;19;772
26;2025-11-29;20;538
26;2025-11-29;21;354
26;2025-11-29;22;210
26;2025-11-29;23;153
26;2025-11-30;0;49
26;2025-11-30;1;4
26;2025-11-30;2;0
26;2025-11-30;3;0
26;2025-11-30;4;2
26;2025-11-30;5;25
26;2025-11-30;6;157
26;2025-11-30;7;255
26;2025-11-30;8;390
26;2025-11-30;9;524
26;2025-11-30;10;592
26;2025-11-30;11;825
26;2025-11-30;12;817
26;2025-11-30;13;868
26;2025-11-30;14;861
26;2025-11-30;15;784
26;2025-11-30;16;744
26;2025-11-30;17;763
26;2025-11-30;18;690
26;2025-11-30;19;519
26;2025-11-30;20;401
26;2025-11-30;21;279
26;2025-11-30;22;168
26;2025-11-30;23;102
26;2025-12-01;0;25
26;2025-12-01;1;2
26;2025-12-01;2;0
26;2025-12-01;3;0
26;2025-12-01;4;2
26;2025-12-01;5;90
26;2025-12-01;6;477
26;2025-12-01;7;1118
26;2025-12-01;8;2210
26;2025-12-01;9;1432
26;2025-12-01;10;1223
26;2025-12-01;11;1046
26;2025-12-01;12;1083
26;2025-12-01;13;1149
26;2025-12-01;14;1249
26;2025-12-01;15;1305
26;2025-12-01;16;1446
26;2025-12-01;17;1695
26;2025-12-01;18;1871
26;2025-12-01;19;1221
26;2025-12-01;20;746
26;2025-12-01;21;464
26;2025-12-01;22;204
26;2025-12-01;23;106
26;2025-12-02;0;30
26;2025-12-02;1;1
26;2025-12-02;2;0
26;2025-12-02;3;1
26;2025-12-02;4;2
26;2025-12-02;5;91
26;2025-12-02;6;494
26;2025-12-02;7;1132
26;2025-12-02;8;2290
26;2025-12-02;9;1479
26;2025-12-02;10;1272
26;2025-12-02;11;1163
26;2025-12-02;12;1198
26;2025-12-02;13;1171
26;2025-12-02;14;1248
26;2025-12-02;15;1364
26;2025-12-02;16;1509
26;2025-12-02;17;1780
26;2025-12-02;18;1977
26;2025-12-02;19;1327
26;2025-12-02;20;756
26;2025-12-02;21;468
26;2025-12-02;22;211
26;2025-12-02;23;118
26;2025-12-03;0;31
26;2025-12-03;1;2
26;2025-12-03;2;0
26;2025-12-03;3;0
26;2025-12-03;4;6
26;2025-12-03;5;104
26;2025-12-03;6;473
26;2025-12-03;7;1122
26;2025-12-03;8;2316
26;2025-12-03;9;1510
26;2025-12-03;10;1261
26;2025-12-03;11;1092
26;2025-12-03;12;1245
26;2025-12-03;13;1235
26;2025-12-03;14;1401
26;2025-12-03;15;1442
26;2025-12-03;16;1542
26;2025-12-03;17;1743
26;2025-12-03;18;1866
26;2025-12-03;19;1298
26;2025-12-03;20;812
26;2025-12-03;21;556
26;2025-12-03;22;235
26;2025-12-03;23;135
26;2025-12-04;0;43
26;2025-12-04;1;1
26;2025-12-04;2;0
26;2025-12-04;3;0
26;2025-12-04;4;2
26;2025-12-04;5;96
26;2025-12-04;6;484
26;2025-12-04;7;1080
26;2025-12-04;8;2218
26;2025-12-04;9;1516
26;2025-12-04;10;1212
26;2025-12-04;11;1152
26;2025-12-04;12;1193
26;2025-12-04;13;1188
26;2025-12-04;14;1363
26;2025-12-04;15;1384
26;2025-12-04;16;1517
26;2025-12-04;17;1709
26;2025-12-04;18;1882
26;2025-12-04;19;1223
26;2025-12-04;20;741
26;2025-12-04;21;493
26;2025-12-04;22;212
26;2025-12-04;23;130
26;2025-12-05;0;32
26;2025-12-05;1;1
26;2025-12-05;2;0
26;2025-12-05;3;0
26;2025-12-05;4;1
26;2025-12-05;5;83
26;2025-12-05;6;497
26;2025-12-05;7;1039
26;2025-12-05;8;2175
26;2025-12-05;9;1394
26;2025-12-05;10;1236
26;2025-12-05;11;1127
26;2025-12-05;12;1118
26;2025-12-05;13;1180
26;2025-12-05;14;1339
26;2025-12-05;15;1370
26;2025-12-05;16;1660
26;2025-12-05;17;1773
26;2025-12-05;18;1333
26;2025-12-05;19;1057
26;2025-12-05;20;683
26;2025-12-05;21;473
26;2025-12-05;22;216
26;2025-12-05;23;159
26;2025-12-06;0;48
26;2025-12-06;1;2
26;2025-12-06;2;0
26;2025-12-06;3;0
26;2025-12-06;4;2
26;2025-12-06;5;50
26;2025-12-06;6;249
26;2025-12-06;7;368
26;2025-12-06;8;615
26;2025-12-06;9;681
26;2025-12-06;10;833
26;2025-12-06;11;998
26;2025-12-06;12;1078
26;2025-12-06;13;1052
26;2025-12-06;14;1092
26;2025-12-06;15;986
26;2025-12-06;16;1031
26;2025-12-06;17;948
26;2025-12-06;18;886
26;2025-12-06;19;775
26;2025-12-06;20;540
26;2025-12-06;21;355
26;2025-12-06;22;210
26;2025-12-06;23;153
26;2025-12-07;0;49
26;2025-12-07;1;4
26;2025-12-07;2;0
26;2025-12-07;3;0
26;2025-12-07;4;2
26;2025-12-07;5;25
26;2025-12-07;6;157
26;2025-12-07;7;256
26;2025-12-07;8;391
26;2025-12-07;9;524
26;2025-12-07;10;592
26;2025-12-07;11;827
26;2025-12-07;12;818
26;2025-12-07;13;869
26;2025-12-07;14;862
26;2025-12-07;15;785
26;2025-12-07;16;745
26;2025-12-07;17;764
26;2025-12-07;18;691
26;2025-12-07;19;520
26;2025-12-07;20;402
26;2025-12-07;21;279
26;2025-12-07;22;168
26;2025-12-07;23;102
26;2025-12-08;0;25
26;2025-12-08;1;2
26;2025-12-08;2;0
26;2025-12-08;3;0
26;2025-12-08;4;2
26;2025-12-08;5;90
26;2025-12-08;6;477
26;2025-12-08;7;1119
26;2025-12-08;8;2211
26;2025-12-08;9;1433
26;2025-12-08;10;1223
26;2025-12-08;11;1047
26;2025-12-08;12;1084
26;2025-12-08;13;1149
26;2025-12-08;14;1250
26;2025-12-08;15;1306
26;2025-12-08;16;1447
26;2025-12-08;17;1697
26;2025-12-08;18;1872
26;2025-12-08;19;1222
26;2025-12-08;20;746
26;2025-12-08;21;464
26;2025-12-08;22;204
26;2025-12-08;23;107
26;2025-12-09;0;30
26;2025-12-09;1;1
26;2025-12-09;2;0
26;2025-12-09;3;1
26;2025-12-09;4;2
26;2025-12-09;5;91
26;2025-12-09;6;492
26;2025-12-09;7;1128
26;2025-12-09;8;2283
26;2025-12-09;9;1475
26;2025-12-09;10;1268
26;2025-12-09;11;1159
26;2025-12-09;12;1194
26;2025-12-09;13;1167
26;2025-12-09;14;1244
26;2025-12-09;15;1360
26;2025-12-09;16;1505
26;2025-12-09;17;1775
26;2025-12-09;18;1971
26;2025-12-09;19;1323
26;2025-12-09;20;754
26;2025-12-09;21;466
26;2025-12-09;22;210
26;2025-12-09;23;117
26;2025-12-10;0;31
26;2025-12-10;1;2
26;2025-12-10;2;0
26;2025-12-10;3;0
26;2025-12-10;4;6
26;2025-12-10;5;103
26;2025-12-10;6;467
26;2025-12-10;7;1107
26;2025-12-10;8;2286
26;2025-12-10;9;1490
26;2025-12-10;10;1245
26;2025-12-10;11;1078
26;2025-12-10;12;1229
26;2025-12-10;13;1219
26;2025-12-10;14;1383
26;2025-12-10;15;1423
26;2025-12-10;16;1522
26;2025-12-10;17;1720
26;2025-12-10;18;1841
26;2025-12-10;19;1281
26;2025-12-10;20;801
26;2025-12-10;21;549
26;2025-12-10;22;234
26;2025-12-10;23;134
26;2025-12-11;0;43
26;2025-12-11;1;1
26;2025-12-11;2;0
26;2025-12-11;3;0
26;2025-12-11;4;2
26;2025-12-11;5;95
26;2025-12-11;6;479
26;2025-12-11;7;1067
26;2025-12-11;8;2192
26;2025-12-11;9;1498
26;2025-12-11;10;1197
26;2025-12-11;11;1138
26;2025-12-11;12;1179
26;2025-12-11;13;1174
26;2025-12-11;14;1347
26;2025-12-11;15;1367
26;2025-12-11;16;1499
26;2025-12-11;17;1689
26;2025-12-11;18;1859
26;2025-12-11;19;1209
26;2025-12-11;20;732
26;2025-12-11;21;487
26;2025-12-11;22;211
26;2025-12-11;23;130
26;2025-12-12;0;32
26;2025-12-12;1;1
26;2025-12-12;2;0
26;2025-12-12;3;0
26;2025-12-12;4;1
26;2025-12-12;5;83
26;2025-12-12;6;489
26;2025-12-12;7;1024
26;2025-12-12;8;2144
26;2025-12-12;9;1374
26;2025-12-12;10;1218
26;2025-12-12;11;1111
26;2025-12-12;12;1102
26;2025-12-12;13;1163
26;2025-12-12;14;1320
26;2025-12-12;15;1350
26;2025-12-12;16;1636
26;2025-12-12;17;1747
26;2025-12-12;18;1314
26;2025-12-12;19;1042
26;2025-12-12;20;673
26;2025-12-12;21;466
26;2025-12-12;22;214
26;2025-12-12;23;159
26;2025-12-13;0;48
26;2025-12-13;1;2
26;2025-12-13;2;0
26;2025-12-13;3;0
26;2025-12-13;4;2
26;2025-12-13;5;49
26;2025-12-13;6;245
26;2025-12-13;7;363
26;2025-12-13;8;607
26;2025-12-13;9;672
26;2025-12-13;10;823
26;2025-12-13;11;985
26;2025-12-13;12;1064
26;2025-12-13;13;1038
26;2025-12-13;14;1077
26;2025-12-13;15;973
26;2025-12-13;16;1017
26;2025-12-13;17;936
26;2025-12-13;18;874
26;2025-12-13;19;765
26;2025-12-13;20;533
26;2025-12-13;21;350
26;2025-12-13;22;209
26;2025-12-13;23;152
26;2025-12-14;0;48
26;2025-12-14;1;4
26;2025-12-14;2;0
26;2025-12-14;3;0
26;2025-12-14;4;2
26;2025-12-14;5;24
26;2025-12-14;6;155
26;2025-12-14;7;253
26;2025-12-14;8;387
26;2025-12-14;9;519
26;2025-12-14;10;586
26;2025-12-14;11;818
26;2025-12-14;12;809
26;2025-12-14;13;860
26;2025-12-14;14;854
26;2025-12-14;15;777
26;2025-12-14;16;738
26;2025-12-14;17;756
26;2025-12-14;18;684
26;2025-12-14;19;514
26;2025-12-14;20;398
26;2025-12-14;21;276
26;2025-12-14;22;168
26;2025-12-14;23;102
26;2025-12-15;0;25
26;2025-12-15;1;2
26;2025-12-15;2;0
26;2025-12-15;3;0
26;2025-12-15;4;2
26;2025-12-15;5;90
26;2025-12-15;6;474
26;2025-12-15;7;1111
26;2025-12-15;8;2195
26;2025-12-15;9;1423
26;2025-12-15;10;1215
26;2025-12-15;11;1039
26;2025-12-15;12;1076
26;2025-12-15;13;1141
26;2025-12-15;14;1241
26;2025-12-15;15;1296
26;2025-12-15;16;1436
26;2025-12-15;17;1684
26;2025-12-15;18;1858
26;2025-12-15;19;1213
26;2025-12-15;20;741
26;2025-12-15;21;461
26;2025-12-15;22;203
26;2025-12-15;23;106
26;2025-12-16;0;29
26;2025-12-16;1;1
26;2025-12-16;2;0
26;2025-12-16;3;1
26;2025-12-16;4;2
26;2025-12-16;5;91
26;2025-12-16;6;489
26;2025-12-16;7;1122
26;2025-12-16;8;2270
26;2025-12-16;9;1466
26;2025-12-16;10;1261
26;2025-12-16;11;1152
26;2025-12-16;12;1187
26;2025-12-16;13;1160
26;2025-12-16;14;1237
26;2025-12-16;15;1352
26;2025-12-16;16;1496
26;2025-12-16;17;1764
26;2025-12-16;18;1959
26;2025-12-16;19;1315
26;2025-12-16;20;750
26;2025-12-16;21;463
26;2025-12-16;22;210
26;2025-12-16;23;117
26;2025-12-17;0;31
26;2025-12-17;1;2
26;2025-12-17;2;0
26;2025-12-17;3;0
26;2025-12-17;4;6
26;2025-12-17;5;104
26;2025-12-17;6;475
26;2025-12-17;7;1125
26;2025-12-17;8;2322
26;2025-12-17;9;1514
26;2025-12-17;10;1265
26;2025-12-17;11;1095
26;2025-12-17;12;1248
26;2025-12-17;13;1238
26;2025-12-17;14;1405
26;2025-12-17;15;1446
26;2025-12-17;16;1546
26;2025-12-17;17;1747
26;2025-12-17;18;1871
26;2025-12-17;19;1302
26;2025-12-17;20;814
26;2025-12-17;21;557
26;2025-12-17;22;236
26;2025-12-17;23;135
26;2025-12-18;0;43
26;2025-12-18;1;1
26;2025-12-18;2;0
26;2025-12-18;3;0
26;2025-12-18;4;2
26;2025-12-18;5;96
26;2025-12-18;6;485
26;2025-12-18;7;1082
26;2025-12-18;8;2221
26;2025-12-18;9;1518
26;2025-12-18;10;1214
26;2025-12-18;11;1153
26;2025-12-18;12;1195
26;2025-12-18;13;1189
26;2025-12-18;14;1365
26;2025-12-18;15;1386
26;2025-12-18;16;1519
26;2025-12-18;17;1712
26;2025-12-18;18;1884
26;2025-12-18;19;1225
26;2025-12-18;20;742
26;2025-12-18;21;494
26;2025-12-18;22;212
26;2025-12-18;23;130
26;2025-12-19;0;32
26;2025-12-19;1;1
26;2025-12-19;2;0
26;2025-12-19;3;0
26;2025-12-19;4;1
26;2025-12-19;5;83
26;2025-12-19;6;496
26;2025-12-19;7;1038
26;2025-12-19;8;2173
26;2025-12-19;9;1393
26;2025-12-19;10;1234
26;2025-12-19;11;1126
26;2025-12-19;12;1117
26;2025-12-19;13;1179
26;2025-12-19;14;1338
26;2025-12-19;15;1369
26;2025-12-19;16;1659
26;2025-12-19;17;1771
26;2025-12-19;18;1332
26;2025-12-19;19;1056
26;2025-12-19;20;682
26;2025-12-19;21;473
26;2025-12-19;22;216
26;2025-12-19;23;159
26;2025-12-20;0;48
26;2025-12-20;1;2
26;2025-12-20;2;0
26;2025-12-20;3;0
26;2025-12-20;4;2
26;2025-12-20;5;50
26;2025-12-20;6;249
26;2025-12-20;7;368
26;2025-12-20;8;615
26;2025-12-20;9;680
26;2025-12-20;10;833
26;2025-12-20;11;998
26;2025-12-20;12;1078
26;2025-12-20;13;1051
26;2025-12-20;14;1091
26;2025-12-20;15;985
26;2025-12-20;16;1030
26;2025-12-20;17;947
26;2025-12-20;18;885
26;2025-12-20;19;774
26;2025-12-20;20;539
26;2025-12-20;21;355
26;2025-12-20;22;210
26;2025-12-20;23;153
26;2025-12-21;0;49
26;2025-12-21;1;4
26;2025-12-21;2;0
26;2025-12-21;3;0
26;2025-12-21;4;2
26;2025-12-21;5;25
26;2025-12-21;6;157
26;2025-12-21;7;255
26;2025-12-21;8;390
26;2025-12-21;9;523
26;2025-12-21;10;591
26;2025-12-21;11;825
26;2025-12-21;12;816
26;2025-12-21;13;867
26;2025-12-21;14;861
26;2025-12-21;15;783
26;2025-12-21;16;744
26;2025-12-21;17;762
26;2025-12-21;18;690
26;2025-12-21;19;519
26;2025-12-21;20;401
26;2025-12-21;21;278
26;2025-12-21;22;168
26;2025-12-21;23;102
26;2025-12-22;0;25
26;2025-12-22;1;2
26;2025-12-22;2;0
26;2025-12-22;3;0
26;2025-12-22;4;2
26;2025-12-22;5;90
26;2025-12-22;6;474
26;2025-12-22;7;1110
26;2025-12-22;8;2194
26;2025-12-22;9;1422
26;2025-12-22;10;1214
26;2025-12-22;11;1038
26;2025-12-22;12;1075
26;2025-12-22;13;1140
26;2025-12-22;14;1240
26;2025-12-22;15;1296
26;2025-12-22;16;1436
26;2025-12-22;17;1683
26;2025-12-22;18;1857
26;2025-12-22;19;1213
26;2025-12-22;20;741
26;2025-12-22;21;460
26;2025-12-22;22;203
26;2025-12-22;23;106
26;2025-12-23;0;30
26;2025-12-23;1;1
26;2025-12-23;2;0
26;2025-12-23;3;1
26;2025-12-23;4;2
26;2025-12-23;5;91
26;2025-12-23;6;490
26;2025-12-23;7;1124
26;2025-12-23;8;2273
26;2025-12-23;9;1469
26;2025-12-23;10;1263
26;2025-12-23;11;1154
26;2025-12-23;12;1189
26;2025-12-23;13;1162
26;2025-12-23;14;1239
26;2025-12-23;15;1354
26;2025-12-23;16;1498
26;2025-12-23;17;1767
26;2025-12-23;18;1963
26;2025-12-23;19;1317
26;2025-12-23;20;751
26;2025-12-23;21;464
26;2025-12-23;22;210
26;2025-12-23;23;117
26;2025-12-24;0;31
26;2025-12-24;1;2
26;2025-12-24;2;0
26;2025-12-24;3;0
26;2025-12-24;4;6
26;2025-12-24;5;103
26;2025-12-24;6;466
26;2025-12-24;7;1106
26;2025-12-24;8;2282
26;2025-12-24;9;1488
26;2025-12-24;10;1243
26;2025-12-24;11;1076
26;2025-12-24;12;1227
26;2025-12-24;13;1217
26;2025-12-24;14;1381
26;2025-12-24;15;1421
26;2025-12-24;16;1520
26;2025-12-24;17;1717
26;2025-12-24;18;1839
26;2025-12-24;19;1279
26;2025-12-24;20;800
26;2025-12-24;21;548
26;2025-12-24;22;234
26;2025-12-24;23;134
26;2025-12-25;0;43
26;2025-12-25;1;1
26;2025-12-25;2;0
26;2025-12-25;3;0
26;2025-12-25;4;2
26;2025-12-25;5;95
26;2025-12-25;6;476
26;2025-12-25;7;1061
26;2025-12-25;8;2179
26;2025-12-25;9;1489
26;2025-12-25;10;1190
26;2025-12-25;11;1131
26;2025-12-25;12;1172
26;2025-12-25;13;1167
26;2025-12-25;14;1339
26;2025-12-25;15;1359
26;2025-12-25;16;1490
26;2025-12-25;17;1679
26;2025-12-25;18;1849
26;2025-12-25;19;1202
26;2025-12-25;20;728
26;2025-12-25;21;485
26;2025-12-25;22;210
26;2025-12-25;23;130
26;2025-12-26;0;32
26;2025-12-26;1;1
26;2025-12-26;2;0
26;2025-12-26;3;0
26;2025-12-26;4;1
26;2025-12-26;5;82
26;2025-12-26;6;484
26;2025-12-26;7;1013
26;2025-12-26;8;2121
26;2025-12-26;9;1360
26;2025-12-26;10;1205
26;2025-12-26;11;1099
26;2025-12-26;12;1090
26;2025-12-26;13;1151
26;2025-12-26;14;1306
26;2025-12-26;15;1336
26;2025-12-26;16;1619
26;2025-12-26;17;1729
26;2025-12-26;18;1300
26;2025-12-26;19;1031
26;2025-12-26;20;666
26;2025-12-26;21;461
26;2025-12-26;22;213
26;2025-12-26;23;158
26;2025-12-27;0;48
26;2025-12-27;1;2
26;2025-12-27;2;0
26;2025-12-27;3;0
26;2025-12-27;4;2
26;2025-12-27;5;50
26;2025-12-27;6;247
26;2025-12-27;7;366
26;2025-12-27;8;611
26;2025-12-27;9;676
26;2025-12-27;10;827
26;2025-12-27;11;991
26;2025-12-27;12;1070
26;2025-12-27;13;1044
26;2025-12-27;14;1084
26;2025-12-27;15;979
26;2025-12-27;16;1023
26;2025-12-27;17;941
26;2025-12-27;18;879
26;2025-12-27;19;769
26;2025-12-27;20;536
26;2025-12-27;21;352
26;2025-12-27;22;209
26;2025-12-27;23;152
26;2025-12-28;0;48
26;2025-12-28;1;4
26;2025-12-28;2;0
26;2025-12-28;3;0
26;2025-12-28;4;2
26;2025-12-28;5;24
26;2025-12-28;6;155
26;2025-12-28;7;252
26;2025-12-28;8;385
26;2025-12-28;9;517
26;2025-12-28;10;583
26;2025-12-28;11;814
26;2025-12-28;12;805
26;2025-12-28;13;856
26;2025-12-28;14;850
26;2025-12-28;15;773
26;2025-12-28;16;734
26;2025-12-28;17;753
26;2025-12-28;18;681
26;2025-12-28;19;512
26;2025-12-28;20;396
26;2025-12-28;21;275
26;2025-12-28;22;167
26;2025-12-28;23;102
26;2025-12-29;0;24
26;2025-12-29;1;2
26;2025-12-29;2;0
26;2025-12-29;3;0
26;2025-12-29;4;2
26;2025-12-29;5;86
26;2025-12-29;6;452
26;2025-12-29;7;1060
26;2025-12-29;8;2094
26;2025-12-29;9;1357
26;2025-12-29;10;1159
26;2025-12-29;11;991
26;2025-12-29;12;1026
26;2025-12-29;13;1088
26;2025-12-29;14;1184
26;2025-12-29;15;1237
26;2025-12-29;16;1370
26;2025-12-29;17;1607
26;2025-12-29;18;1773
26;2025-12-29;19;1158
26;2025-12-29;20;707
26;2025-12-29;21;439
26;2025-12-29;22;194
26;2025-12-29;23;102
26;2025-12-30;0;27
26;2025-12-30;1;1
26;2025-12-30;2;0
26;2025-12-30;3;1
26;2025-12-30;4;2
26;2025-12-30;5;83
26;2025-12-30;6;445
26;2025-12-30;7;1021
26;2025-12-30;8;2066
26;2025-12-30;9;1334
26;2025-12-30;10;1148
26;2025-12-30;11;1049
26;2025-12-30;12;1081
26;2025-12-30;13;1056
26;2025-12-30;14;1125
26;2025-12-30;15;1230
26;2025-12-30;16;1361
26;2025-12-30;17;1606
26;2025-12-30;18;1783
26;2025-12-30;19;1197
26;2025-12-30;20;682
26;2025-12-30;21;422
26;2025-12-30;22;192
26;2025-12-30;23;108
26;2025-12-31;0;43
26;2025-12-31;1;3
26;2025-12-31;2;0
26;2025-12-31;3;0
26;2025-12-31;4;1
26;2025-12-31;5;29
26;2025-12-31;6;163
26;2025-12-31;7;255
26;2025-12-31;8;405
26;2025-12-31;9;500
26;2025-12-31;10;584
26;2025-12-31;11;765
26;2025-12-31;12;784
26;2025-12-31;13;805
26;2025-12-31;14;814
26;2025-12-31;15;738
26;2025-12-31;16;730
26;2025-12-31;17;715
26;2025-12-31;18;655
26;2025-12-31;19;526
26;2025-12-31;20;389
26;2025-12-31;21;264
26;2025-12-31;22;159
26;2025-12-31;23;105
28;2025-11-01;0;1
28;2025-11-01;1;0
28;2025-11-01;2;0
28;2025-11-01;3;0
28;2025-11-01;4;1
28;2025-11-01;5;62
28;2025-11-01;6;209
28;2025-11-01;7;594
28;2025-11-01;8;928
28;2025-11-01;9;692
28;2025-11-01;10;584
28;2025-11-01;11;571
28;2025-11-01;12;714
28;2025-11-01;13;680
28;2025-11-01;14;661
28;2025-11-01;15;683
28;2025-11-01;16;821
28;2025-11-01;17;835
28;2025-11-01;18;736
28;2025-11-01;19;540
28;2025-11-01;20;388
28;2025-11-01;21;312
28;2025-11-01;22;123
28;2025-11-01;23;19
28;2025-11-02;0;3
28;2025-11-02;1;1
28;2025-11-02;2;0
28;2025-11-02;3;1
28;2025-11-02;4;0
28;2025-11-02;5;28
28;2025-11-02;6;74
28;2025-11-02;7;153
28;2025-11-02;8;243
28;2025-11-02;9;328
28;2025-11-02;10;370
28;2025-11-02;11;410
28;2025-11-02;12;430
28;2025-11-02;13;511
28;2025-11-02;14;487
28;2025-11-02;15;487
28;2025-11-02;16;442
28;2025-11-02;17;454
28;2025-11-02;18;404
28;2025-11-02;19;354
28;2025-11-02;20;278
28;2025-11-02;21;224
28;2025-11-02;22;104
28;2025-11-02;23;12
28;2025-11-03;0;2
28;2025-11-03;1;1
28;2025-11-03;2;0
28;2025-11-03;3;0
28;2025-11-03;4;0
28;2025-11-03;5;30
28;2025-11-03;6;80
28;2025-11-03;7;168
28;2025-11-03;8;275
28;2025-11-03;9;354
28;2025-11-03;10;393
28;2025-11-03;11;425
28;2025-11-03;12;461
28;2025-11-03;13;525
28;2025-11-03;14;495
28;2025-11-03;15;504
28;2025-11-03;16;470
28;2025-11-03;17;475
28;2025-11-03;18;421
28;2025-11-03;19;356
28;2025-11-03;20;275
28;2025-11-03;21;228
28;2025-11-03;22;104
28;2025-11-03;23;12
28;2025-11-04;0;2
28;2025-11-04;1;1
28;2025-11-04;2;0
28;2025-11-04;3;0
28;2025-11-04;4;0
28;2025-11-04;5;27
28;2025-11-04;6;70
28;2025-11-04;7;146
28;2025-11-04;8;237
28;2025-11-04;9;310
28;2025-11-04;10;347
28;2025-11-04;11;378
28;2025-11-04;12;405
28;2025-11-04;13;469
28;2025-11-04;14;444
28;2025-11-04;15;449
28;2025-11-04;16;414
28;2025-11-04;17;421
28;2025-11-04;18;374
28;2025-11-04;19;321
28;2025-11-04;20;249
28;2025-11-04;21;204
28;2025-11-04;22;94
28;2025-11-04;23;11
28;2025-11-05;0;0
28;2025-11-05;1;0
28;2025-11-05;2;0
28;2025-11-05;3;0
28;2025-11-05;4;2
28;2025-11-05;5;79
28;2025-11-05;6;259
28;2025-11-05;7;787
28;2025-11-05;8;1273
28;2025-11-05;9;889
28;2025-11-05;10;629
28;2025-11-05;11;603
28;2025-11-05;12;753
28;2025-11-05;13;744
28;2025-11-05;14;695
28;2025-11-05;15;705
28;2025-11-05;16;973
28;2025-11-05;17;1063
28;2025-11-05;18;1056
28;2025-11-05;19;814
28;2025-11-05;20;561
28;2025-11-05;21;351
28;2025-11-05;22;125
28;2025-11-05;23;17
28;2025-11-06;0;4
28;2025-11-06;1;1
28;2025-11-06;2;0
28;2025-11-06;3;0
28;2025-11-06;4;1
28;2025-11-06;5;84
28;2025-11-06;6;259
28;2025-11-06;7;817
28;2025-11-06;8;1264
28;2025-11-06;9;848
28;2025-11-06;10;599
28;2025-11-06;11;567
28;2025-11-06;12;707
28;2025-11-06;13;722
28;2025-11-06;14;673
28;2025-11-06;15;752
28;2025-11-06;16;894
28;2025-11-06;17;1102
28;2025-11-06;18;1080
28;2025-11-06;19;779
28;2025-11-06;20;571
28;2025-11-06;21;337
28;2025-11-06;22;132
28;2025-11-06;23;15
28;2025-11-07;0;1
28;2025-11-07;1;0
28;2025-11-07;2;0
28;2025-11-07;3;0
28;2025-11-07;4;2
28;2025-11-07;5;77
28;2025-11-07;6;277
28;2025-11-07;7;834
28;2025-11-07;8;1276
28;2025-11-07;9;842
28;2025-11-07;10;640
28;2025-11-07;11;613
28;2025-11-07;12;789
28;2025-11-07;13;725
28;2025-11-07;14;725
28;2025-11-07;15;737
28;2025-11-07;16;968
28;2025-11-07;17;1003
28;2025-11-07;18;884
28;2025-11-07;19;638
28;2025-11-07;20;454
28;2025-11-07;21;346
28;2025-11-07;22;130
28;2025-11-07;23;21
28;2025-11-08;0;1
28;2025-11-08;1;0
28;2025-11-08;2;0
28;2025-11-08;3;0
28;2025-11-08;4;1
28;2025-11-08;5;38
28;2025-11-08;6;107
28;2025-11-08;7;230
28;2025-11-08;8;401
28;2025-11-08;9;463
28;2025-11-08;10;500
28;2025-11-08;11;507
28;2025-11-08;12;600
28;2025-11-08;13;612
28;2025-11-08;14;564
28;2025-11-08;15;602
28;2025-11-08;16;598
28;2025-11-08;17;581
28;2025-11-08;18;512
28;2025-11-08;19;392
28;2025-11-08;20;288
28;2025-11-08;21;261
28;2025-11-08;22;114
28;2025-11-08;23;15
28;2025-11-09;0;3
28;2025-11-09;1;1
28;2025-11-09;2;0
28;2025-11-09;3;1
28;2025-11-09;4;0
28;2025-11-09;5;30
28;2025-11-09;6;78
28;2025-11-09;7;162
28;2025-11-09;8;256
28;2025-11-09;9;347
28;2025-11-09;10;391
28;2025-11-09;11;433
28;2025-11-09;12;454
28;2025-11-09;13;540
28;2025-11-09;14;514
28;2025-11-09;15;514
28;2025-11-09;16;467
28;2025-11-09;17;480
28;2025-11-09;18;426
28;2025-11-09;19;374
28;2025-11-09;20;294
28;2025-11-09;21;237
28;2025-11-09;22;109
28;2025-11-09;23;12
28;2025-11-10;0;0
28;2025-11-10;1;0
28;2025-11-10;2;0
28;2025-11-10;3;0
28;2025-11-10;4;2
28;2025-11-10;5;74
28;2025-11-10;6;262
28;2025-11-10;7;736
28;2025-11-10;8;1236
28;2025-11-10;9;831
28;2025-11-10;10;614
28;2025-11-10;11;533
28;2025-11-10;12;675
28;2025-11-10;13;681
28;2025-11-10;14;611
28;2025-11-10;15;611
28;2025-11-10;16;878
28;2025-11-10;17;971
28;2025-11-10;18;945
28;2025-11-10;19;709
28;2025-11-10;20;463
28;2025-11-10;21;295
28;2025-11-10;22;106
28;2025-11-10;23;5
28;2025-11-11;0;0
28;2025-11-11;1;0
28;2025-11-11;2;0
28;2025-11-11;3;0
28;2025-11-11;4;1
28;2025-11-11;5;74
28;2025-11-11;6;256
28;2025-11-11;7;786
28;2025-11-11;8;1331
28;2025-11-11;9;820
28;2025-11-11;10;674
28;2025-11-11;11;573
28;2025-11-11;12;691
28;2025-11-11;13;695
28;2025-11-11;14;663
28;2025-11-11;15;684
28;2025-11-11;16;780
28;2025-11-11;17;997
28;2025-11-11;18;947
28;2025-11-11;19;695
28;2025-11-11;20;489
28;2025-11-11;21;320
28;2025-11-11;22;119
28;2025-11-11;23;12
28;2025-11-12;0;0
28;2025-11-12;1;0
28;2025-11-12;2;0
28;2025-11-12;3;0
28;2025-11-12;4;2
28;2025-11-12;5;79
28;2025-11-12;6;257
28;2025-11-12;7;781
28;2025-11-12;8;1265
28;2025-11-12;9;883
28;2025-11-12;10;625
28;2025-11-12;11;599
28;2025-11-12;12;747
28;2025-11-12;13;739
28;2025-11-12;14;691
28;2025-11-12;15;700
28;2025-11-12;16;966
28;2025-11-12;17;1055
28;2025-11-12;18;1049
28;2025-11-12;19;809
28;2025-11-12;20;557
28;2025-11-12;21;348
28;2025-11-12;22;124
28;2025-11-12;23;17
28;2025-11-13;0;4
28;2025-11-13;1;1
28;2025-11-13;2;0
28;2025-11-13;3;0
28;2025-11-13;4;1
28;2025-11-13;5;84
28;2025-11-13;6;261
28;2025-11-13;7;822
28;2025-11-13;8;1272
28;2025-11-13;9;853
28;2025-11-13;10;602
28;2025-11-13;11;570
28;2025-11-13;12;711
28;2025-11-13;13;726
28;2025-11-13;14;677
28;2025-11-13;15;757
28;2025-11-13;16;900
28;2025-11-13;17;1109
28;2025-11-13;18;1087
28;2025-11-13;19;784
28;2025-11-13;20;575
28;2025-11-13;21;339
28;2025-11-13;22;132
28;2025-11-13;23;15
28;2025-11-14;0;1
28;2025-11-14;1;0
28;2025-11-14;2;0
28;2025-11-14;3;0
28;2025-11-14;4;2
28;2025-11-14;5;77
28;2025-11-14;6;278
28;2025-11-14;7;836
28;2025-11-14;8;1280
28;2025-11-14;9;845
28;2025-11-14;10;642
28;2025-11-14;11;614
28;2025-11-14;12;791
28;2025-11-14;13;727
28;2025-11-14;14;727
28;2025-11-14;15;739
28;2025-11-14;16;971
28;2025-11-14;17;1006
28;2025-11-14;18;887
28;2025-11-14;19;640
28;2025-11-14;20;456
28;2025-11-14;21;347
28;2025-11-14;22;130
28;2025-11-14;23;21
28;2025-11-15;0;1
28;2025-11-15;1;0
28;2025-11-15;2;0
28;2025-11-15;3;0
28;2025-11-15;4;1
28;2025-11-15;5;38
28;2025-11-15;6;103
28;2025-11-15;7;222
28;2025-11-15;8;388
28;2025-11-15;9;448
28;2025-11-15;10;483
28;2025-11-15;11;490
28;2025-11-15;12;580
28;2025-11-15;13;592
28;2025-11-15;14;546
28;2025-11-15;15;582
28;2025-11-15;16;578
28;2025-11-15;17;562
28;2025-11-15;18;495
28;2025-11-15;19;380
28;2025-11-15;20;278
28;2025-11-15;21;252
28;2025-11-15;22;112
28;2025-11-15;23;15
28;2025-11-16;0;3
28;2025-11-16;1;1
28;2025-11-16;2;0
28;2025-11-16;3;1
28;2025-11-16;4;0
28;2025-11-16;5;30
28;2025-11-16;6;78
28;2025-11-16;7;161
28;2025-11-16;8;254
28;2025-11-16;9;344
28;2025-11-16;10;388
28;2025-11-16;11;430
28;2025-11-16;12;450
28;2025-11-16;13;536
28;2025-11-16;14;510
28;2025-11-16;15;510
28;2025-11-16;16;463
28;2025-11-16;17;476
28;2025-11-16;18;423
28;2025-11-16;19;371
28;2025-11-16;20;291
28;2025-11-16;21;235
28;2025-11-16;22;109
28;2025-11-16;23;12
28;2025-11-17;0;0
28;2025-11-17;1;0
28;2025-11-17;2;0
28;2025-11-17;3;0
28;2025-11-17;4;2
28;2025-11-17;5;74
28;2025-11-17;6;259
28;2025-11-17;7;727
28;2025-11-17;8;1221
28;2025-11-17;9;820
28;2025-11-17;10;606
28;2025-11-17;11;527
28;2025-11-17;12;667
28;2025-11-17;13;673
28;2025-11-17;14;604
28;2025-11-17;15;603
28;2025-11-17;16;867
28;2025-11-17;17;959
28;2025-11-17;18;933
28;2025-11-17;19;700
28;2025-11-17;20;457
28;2025-11-17;21;291
28;2025-11-17;22;105
28;2025-11-17;23;5
28;2025-11-18;0;0
28;2025-11-18;1;0
28;2025-11-18;2;0
28;2025-11-18;3;0
28;2025-11-18;4;1
28;2025-11-18;5;73
28;2025-11-18;6;252
28;2025-11-18;7;773
28;2025-11-18;8;1310
28;2025-11-18;9;807
28;2025-11-18;10;663
28;2025-11-18;11;564
28;2025-11-18;12;680
28;2025-11-18;13;684
28;2025-11-18;14;653
28;2025-11-18;15;673
28;2025-11-18;16;767
28;2025-11-18;17;981
28;2025-11-18;18;932
28;2025-11-18;19;684
28;2025-11-18;20;482
28;2025-11-18;21;315
28;2025-11-18;22;118
28;2025-11-18;23;12
28;2025-11-19;0;0
28;2025-11-19;1;0
28;2025-11-19;2;0
28;2025-11-19;3;0
28;2025-11-19;4;2
28;2025-11-19;5;79
28;2025-11-19;6;258
28;2025-11-19;7;785
28;2025-11-19;8;1270
28;2025-11-19;9;887
28;2025-11-19;10;627
28;2025-11-19;11;601
28;2025-11-19;12;751
28;2025-11-19;13;742
28;2025-11-19;14;694
28;2025-11-19;15;703
28;2025-11-19;16;971
28;2025-11-19;17;1060
28;2025-11-19;18;1053
28;2025-11-19;19;813
28;2025-11-19;20;559
28;2025-11-19;21;350
28;2025-11-19;22;125
28;2025-11-19;23;17
28;2025-11-20;0;4
28;2025-11-20;1;1
28;2025-11-20;2;0
28;2025-11-20;3;0
28;2025-11-20;4;1
28;2025-11-20;5;84
28;2025-11-20;6;260
28;2025-11-20;7;820
28;2025-11-20;8;1269
28;2025-11-20;9;851
28;2025-11-20;10;601
28;2025-11-20;11;569
28;2025-11-20;12;710
28;2025-11-20;13;724
28;2025-11-20;14;676
28;2025-11-20;15;755
28;2025-11-20;16;897
28;2025-11-20;17;1106
28;2025-11-20;18;1084
28;2025-11-20;19;782
28;2025-11-20;20;574
28;2025-11-20;21;339
28;2025-11-20;22;132
28;2025-11-20;23;15
28;2025-11-21;0;1
28;2025-11-21;1;0
28;2025-11-21;2;0
28;2025-11-21;3;0
28;2025-11-21;4;2
28;2025-11-21;5;77
28;2025-11-21;6;277
28;2025-11-21;7;832
28;2025-11-21;8;1273
28;2025-11-21;9;840
28;2025-11-21;10;639
28;2025-11-21;11;611
28;2025-11-21;12;787
28;2025-11-21;13;723
28;2025-11-21;14;723
28;2025-11-21;15;735
28;2025-11-21;16;965
28;2025-11-21;17;1000
28;2025-11-21;18;882
28;2025-11-21;19;637
28;2025-11-21;20;453
28;2025-11-21;21;345
28;2025-11-21;22;130
28;2025-11-21;23;21
28;2025-11-22;0;1
28;2025-11-22;1;0
28;2025-11-22;2;0
28;2025-11-22;3;0
28;2025-11-22;4;1
28;2025-11-22;5;38
28;2025-11-22;6;105
28;2025-11-22;7;225
28;2025-11-22;8;392
28;2025-11-22;9;454
28;2025-11-22;10;489
28;2025-11-22;11;496
28;2025-11-22;12;587
28;2025-11-22;13;599
28;2025-11-22;14;553
28;2025-11-22;15;589
28;2025-11-22;16;585
28;2025-11-22;17;569
28;2025-11-22;18;501
28;2025-11-22;19;384
28;2025-11-22;20;282
28;2025-11-22;21;255
28;2025-11-22;22;113
28;2025-11-22;23;15
28;2025-11-23;0;3
28;2025-11-23;1;1
28;2025-11-23;2;0
28;2025-11-23;3;1
28;2025-11-23;4;0
28;2025-11-23;5;30
28;2025-11-23;6;78
28;2025-11-23;7;161
28;2025-11-23;8;255
28;2025-11-23;9;346
28;2025-11-23;10;390
28;2025-11-23;11;431
28;2025-11-23;12;452
28;2025-11-23;13;538
28;2025-11-23;14;512
28;2025-11-23;15;512
28;2025-11-23;16;465
28;2025-11-23;17;478
28;2025-11-23;18;425
28;2025-11-23;19;373
28;2025-11-23;20;292
28;2025-11-23;21;236
28;2025-11-23;22;109
28;2025-11-23;23;12
28;2025-11-24;0;0
28;2025-11-24;1;0
28;2025-11-24;2;0
28;2025-11-24;3;0
28;2025-11-24;4;2
28;2025-11-24;5;73
28;2025-11-24;6;257
28;2025-11-24;7;722
28;2025-11-24;8;1212
28;2025-11-24;9;814
28;2025-11-24;10;602
28;2025-11-24;11;523
28;2025-11-24;12;662
28;2025-11-24;13;668
28;2025-11-24;14;599
28;2025-11-24;15;599
28;2025-11-24;16;860
28;2025-11-24;17;952
28;2025-11-24;18;926
28;2025-11-24;19;695
28;2025-11-24;20;454
28;2025-11-24;21;289
28;2025-11-24;22;105
28;2025-11-24;23;5
28;2025-11-25;0;0
28;2025-11-25;1;0
28;2025-11-25;2;0
28;2025-11-25;3;0
28;2025-11-25;4;1
28;2025-11-25;5;74
28;2025-11-25;6;256
28;2025-11-25;7;785
28;2025-11-25;8;1330
28;2025-11-25;9;820
28;2025-11-25;10;674
28;2025-11-25;11;573
28;2025-11-25;12;691
28;2025-11-25;13;695
28;2025-11-25;14;663
28;2025-11-25;15;683
28;2025-11-25;16;779
28;2025-11-25;17;997
28;2025-11-25;18;946
28;2025-11-25;19;695
28;2025-11-25;20;489
28;2025-11-25;21;320
28;2025-11-25;22;119
28;2025-11-25;23;12
28;2025-11-26;0;0
28;2025-11-26;1;0
28;2025-11-26;2;0
28;2025-11-26;3;0
28;2025-11-26;4;2
28;2025-11-26;5;78
28;2025-11-26;6;253
28;2025-11-26;7;768
28;2025-11-26;8;1243
28;2025-11-26;9;868
28;2025-11-26;10;614
28;2025-11-26;11;589
28;2025-11-26;12;735
28;2025-11-26;13;726
28;2025-11-26;14;679
28;2025-11-26;15;688
28;2025-11-26;16;950
28;2025-11-26;17;1037
28;2025-11-26;18;1031
28;2025-11-26;19;795
28;2025-11-26;20;547
28;2025-11-26;21;342
28;2025-11-26;22;123
28;2025-11-26;23;17
28;2025-11-27;0;4
28;2025-11-27;1;1
28;2025-11-27;2;0
28;2025-11-27;3;0
28;2025-11-27;4;1
28;2025-11-27;5;84
28;2025-11-27;6;257
28;2025-11-27;7;811
28;2025-11-27;8;1254
28;2025-11-27;9;842
28;2025-11-27;10;594
28;2025-11-27;11;562
28;2025-11-27;12;702
28;2025-11-27;13;716
28;2025-11-27;14;668
28;2025-11-27;15;746
28;2025-11-27;16;887
28;2025-11-27;17;1093
28;2025-11-27;18;1072
28;2025-11-27;19;773
28;2025-11-27;20;567
28;2025-11-27;21;335
28;2025-11-27;22;131
28;2025-11-27;23;15
28;2025-11-28;0;1
28;2025-11-28;1;0
28;2025-11-28;2;0
28;2025-11-28;3;0
28;2025-11-28;4;2
28;2025-11-28;5;77
28;2025-11-28;6;275
28;2025-11-28;7;829
28;2025-11-28;8;1268
28;2025-11-28;9;837
28;2025-11-28;10;636
28;2025-11-28;11;609
28;2025-11-28;12;784
28;2025-11-28;13;721
28;2025-11-28;14;720
28;2025-11-28;15;732
28;2025-11-28;16;962
28;2025-11-28;17;996
28;2025-11-28;18;878
28;2025-11-28;19;634
28;2025-11-28;20;452
28;2025-11-28;21;344
28;2025-11-28;22;129
28;2025-11-28;23;21
28;2025-11-29;0;1
28;2025-11-29;1;0
28;2025-11-29;2;0
28;2025-11-29;3;0
28;2025-11-29;4;1
28;2025-11-29;5;38
28;2025-11-29;6;106
28;2025-11-29;7;229
28;2025-11-29;8;399
28;2025-11-29;9;462
28;2025-11-29;10;498
28;2025-11-29;11;505
28;2025-11-29;12;598
28;2025-11-29;13;610
28;2025-11-29;14;562
28;2025-11-29;15;599
28;2025-11-29;16;596
28;2025-11-29;17;579
28;2025-11-29;18;510
28;2025-11-29;19;391
28;2025-11-29;20;287
28;2025-11-29;21;260
28;2025-11-29;22;114
28;2025-11-29;23;15
28;2025-11-30;0;3
28;2025-11-30;1;1
28;2025-11-30;2;0
28;2025-11-30;3;1
28;2025-11-30;4;0
28;2025-11-30;5;30
28;2025-11-30;6;78
28;2025-11-30;7;161
28;2025-11-30;8;256
28;2025-11-30;9;346
28;2025-11-30;10;390
28;2025-11-30;11;432
28;2025-11-30;12;453
28;2025-11-30;13;539
28;2025-11-30;14;513
28;2025-11-30;15;513
28;2025-11-30;16;466
28;2025-11-30;17;479
28;2025-11-30;18;426
28;2025-11-30;19;373
28;2025-11-30;20;293
28;2025-11-30;21;236
28;2025-11-30;22;109
28;2025-11-30;23;12
28;2025-12-01;0;0
28;2025-12-01;1;0
28;2025-12-01;2;0
28;2025-12-01;3;0
28;2025-12-01;4;2
28;2025-12-01;5;74
28;2025-12-01;6;263
28;2025-12-01;7;737
28;2025-12-01;8;1237
28;2025-12-01;9;831
28;2025-12-01;10;614
28;2025-12-01;11;534
28;2025-12-01;12;676
28;2025-12-01;13;682
28;2025-12-01;14;612
28;2025-12-01;15;611
28;2025-12-01;16;878
28;2025-12-01;17;972
28;2025-12-01;18;945
28;2025-12-01;19;710
28;2025-12-01;20;463
28;2025-12-01;21;295
28;2025-12-01;22;106
28;2025-12-01;23;5
28;2025-12-02;0;0
28;2025-12-02;1;0
28;2025-12-02;2;0
28;2025-12-02;3;0
28;2025-12-02;4;1
28;2025-12-02;5;74
28;2025-12-02;6;256
28;2025-12-02;7;785
28;2025-12-02;8;1330
28;2025-12-02;9;820
28;2025-12-02;10;674
28;2025-12-02;11;573
28;2025-12-02;12;691
28;2025-12-02;13;695
28;2025-12-02;14;663
28;2025-12-02;15;683
28;2025-12-02;16;779
28;2025-12-02;17;997
28;2025-12-02;18;946
28;2025-12-02;19;695
28;2025-12-02;20;489
28;2025-12-02;21;320
28;2025-12-02;22;119
28;2025-12-02;23;12
28;2025-12-03;0;0
28;2025-12-03;1;0
28;2025-12-03;2;0
28;2025-12-03;3;0
28;2025-12-03;4;2
28;2025-12-03;5;79
28;2025-12-03;6;259
28;2025-12-03;7;786
28;2025-12-03;8;1272
28;2025-12-03;9;889
28;2025-12-03;10;628
28;2025-12-03;11;602
28;2025-12-03;12;752
28;2025-12-03;13;743
28;2025-12-03;14;695
28;2025-12-03;15;704
28;2025-12-03;16;972
28;2025-12-03;17;1062
28;2025-12-03;18;1055
28;2025-12-03;19;814
28;2025-12-03;20;560
28;2025-12-03;21;350
28;2025-12-03;22;125
28;2025-12-03;23;17
28;2025-12-04;0;4
28;2025-12-04;1;1
28;2025-12-04;2;0
28;2025-12-04;3;0
28;2025-12-04;4;1
28;2025-12-04;5;84
28;2025-12-04;6;261
28;2025-12-04;7;823
28;2025-12-04;8;1273
28;2025-12-04;9;854
28;2025-12-04;10;603
28;2025-12-04;11;570
28;2025-12-04;12;712
28;2025-12-04;13;727
28;2025-12-04;14;678
28;2025-12-04;15;757
28;2025-12-04;16;900
28;2025-12-04;17;1109
28;2025-12-04;18;1088
28;2025-12-04;19;785
28;2025-12-04;20;575
28;2025-12-04;21;340
28;2025-12-04;22;132
28;2025-12-04;23;15
28;2025-12-05;0;1
28;2025-12-05;1;0
28;2025-12-05;2;0
28;2025-12-05;3;0
28;2025-12-05;4;2
28;2025-12-05;5;77
28;2025-12-05;6;279
28;2025-12-05;7;839
28;2025-12-05;8;1284
28;2025-12-05;9;847
28;2025-12-05;10;644
28;2025-12-05;11;616
28;2025-12-05;12;793
28;2025-12-05;13;729
28;2025-12-05;14;729
28;2025-12-05;15;741
28;2025-12-05;16;973
28;2025-12-05;17;1008
28;2025-12-05;18;889
28;2025-12-05;19;642
28;2025-12-05;20;457
28;2025-12-05;21;348
28;2025-12-05;22;130
28;2025-12-05;23;21
28;2025-12-06;0;1
28;2025-12-06;1;0
28;2025-12-06;2;0
28;2025-12-06;3;0
28;2025-12-06;4;1
28;2025-12-06;5;38
28;2025-12-06;6;107
28;2025-12-06;7;230
28;2025-12-06;8;401
28;2025-12-06;9;463
28;2025-12-06;10;500
28;2025-12-06;11;507
28;2025-12-06;12;600
28;2025-12-06;13;612
28;2025-12-06;14;564
28;2025-12-06;15;602
28;2025-12-06;16;598
28;2025-12-06;17;581
28;2025-12-06;18;512
28;2025-12-06;19;392
28;2025-12-06;20;288
28;2025-12-06;21;261
28;2025-12-06;22;114
28;2025-12-06;23;15
28;2025-12-07;0;3
28;2025-12-07;1;1
28;2025-12-07;2;0
28;2025-12-07;3;1
28;2025-12-07;4;0
28;2025-12-07;5;30
28;2025-12-07;6;78
28;2025-12-07;7;162
28;2025-12-07;8;256
28;2025-12-07;9;347
28;2025-12-07;10;391
28;2025-12-07;11;433
28;2025-12-07;12;453
28;2025-12-07;13;540
28;2025-12-07;14;514
28;2025-12-07;15;514
28;2025-12-07;16;466
28;2025-12-07;17;480
28;2025-12-07;18;426
28;2025-12-07;19;374
28;2025-12-07;20;293
28;2025-12-07;21;236
28;2025-12-07;22;109
28;2025-12-07;23;12
28;2025-12-08;0;0
28;2025-12-08;1;0
28;2025-12-08;2;0
28;2025-12-08;3;0
28;2025-12-08;4;2
28;2025-12-08;5;74
28;2025-12-08;6;263
28;2025-12-08;7;737
28;2025-12-08;8;1238
28;2025-12-08;9;832
28;2025-12-08;10;615
28;2025-12-08;11;534
28;2025-12-08;12;676
28;2025-12-08;13;682
28;2025-12-08;14;612
28;2025-12-08;15;612
28;2025-12-08;16;879
28;2025-12-08;17;973
28;2025-12-08;18;946
28;2025-12-08;19;710
28;2025-12-08;20;463
28;2025-12-08;21;295
28;2025-12-08;22;106
28;2025-12-08;23;5
28;2025-12-09;0;0
28;2025-12-09;1;0
28;2025-12-09;2;0
28;2025-12-09;3;0
28;2025-12-09;4;1
28;2025-12-09;5;73
28;2025-12-09;6;256
28;2025-12-09;7;783
28;2025-12-09;8;1326
28;2025-12-09;9;817
28;2025-12-09;10;672
28;2025-12-09;11;571
28;2025-12-09;12;689
28;2025-12-09;13;693
28;2025-12-09;14;661
28;2025-12-09;15;681
28;2025-12-09;16;777
28;2025-12-09;17;994
28;2025-12-09;18;943
28;2025-12-09;19;693
28;2025-12-09;20;488
28;2025-12-09;21;319
28;2025-12-09;22;119
28;2025-12-09;23;12
28;2025-12-10;0;0
28;2025-12-10;1;0
28;2025-12-10;2;0
28;2025-12-10;3;0
28;2025-12-10;4;2
28;2025-12-10;5;79
28;2025-12-10;6;255
28;2025-12-10;7;776
28;2025-12-10;8;1255
28;2025-12-10;9;877
28;2025-12-10;10;620
28;2025-12-10;11;594
28;2025-12-10;12;742
28;2025-12-10;13;733
28;2025-12-10;14;686
28;2025-12-10;15;695
28;2025-12-10;16;959
28;2025-12-10;17;1048
28;2025-12-10;18;1041
28;2025-12-10;19;803
28;2025-12-10;20;553
28;2025-12-10;21;346
28;2025-12-10;22;124
28;2025-12-10;23;17
28;2025-12-11;0;4
28;2025-12-11;1;1
28;2025-12-11;2;0
28;2025-12-11;3;0
28;2025-12-11;4;1
28;2025-12-11;5;84
28;2025-12-11;6;258
28;2025-12-11;7;813
28;2025-12-11;8;1258
28;2025-12-11;9;844
28;2025-12-11;10;596
28;2025-12-11;11;564
28;2025-12-11;12;703
28;2025-12-11;13;718
28;2025-12-11;14;670
28;2025-12-11;15;748
28;2025-12-11;16;890
28;2025-12-11;17;1096
28;2025-12-11;18;1075
28;2025-12-11;19;775
28;2025-12-11;20;568
28;2025-12-11;21;336
28;2025-12-11;22;131
28;2025-12-11;23;15
28;2025-12-12;0;1
28;2025-12-12;1;0
28;2025-12-12;2;0
28;2025-12-12;3;0
28;2025-12-12;4;2
28;2025-12-12;5;77
28;2025-12-12;6;275
28;2025-12-12;7;827
28;2025-12-12;8;1265
28;2025-12-12;9;835
28;2025-12-12;10;635
28;2025-12-12;11;607
28;2025-12-12;12;782
28;2025-12-12;13;719
28;2025-12-12;14;718
28;2025-12-12;15;731
28;2025-12-12;16;959
28;2025-12-12;17;994
28;2025-12-12;18;876
28;2025-12-12;19;633
28;2025-12-12;20;450
28;2025-12-12;21;343
28;2025-12-12;22;129
28;2025-12-12;23;21
28;2025-12-13;0;1
28;2025-12-13;1;0
28;2025-12-13;2;0
28;2025-12-13;3;0
28;2025-12-13;4;1
28;2025-12-13;5;38
28;2025-12-13;6;105
28;2025-12-13;7;227
28;2025-12-13;8;395
28;2025-12-13;9;457
28;2025-12-13;10;493
28;2025-12-13;11;500
28;2025-12-13;12;592
28;2025-12-13;13;604
28;2025-12-13;14;557
28;2025-12-13;15;594
28;2025-12-13;16;590
28;2025-12-13;17;574
28;2025-12-13;18;505
28;2025-12-13;19;387
28;2025-12-13;20;284
28;2025-12-13;21;257
28;2025-12-13;22;113
28;2025-12-13;23;15
28;2025-12-14;0;3
28;2025-12-14;1;1
28;2025-12-14;2;0
28;2025-12-14;3;1
28;2025-12-14;4;0
28;2025-12-14;5;30
28;2025-12-14;6;77
28;2025-12-14;7;160
28;2025-12-14;8;254
28;2025-12-14;9;343
28;2025-12-14;10;387
28;2025-12-14;11;428
28;2025-12-14;12;449
28;2025-12-14;13;534
28;2025-12-14;14;509
28;2025-12-14;15;509
28;2025-12-14;16;461
28;2025-12-14;17;475
28;2025-12-14;18;422
28;2025-12-14;19;370
28;2025-12-14;20;290
28;2025-12-14;21;234
28;2025-12-14;22;109
28;2025-12-14;23;12
28;2025-12-15;0;0
28;2025-12-15;1;0
28;2025-12-15;2;0
28;2025-12-15;3;0
28;2025-12-15;4;2
28;2025-12-15;5;74
28;2025-12-15;6;261
28;2025-12-15;7;732
28;2025-12-15;8;1229
28;2025-12-15;9;826
28;2025-12-15;10;610
28;2025-12-15;11;530
28;2025-12-15;12;671
28;2025-12-15;13;677
28;2025-12-15;14;608
28;2025-12-15;15;607
28;2025-12-15;16;872
28;2025-12-15;17;966
28;2025-12-15;18;939
28;2025-12-15;19;705
28;2025-12-15;20;460
28;2025-12-15;21;293
28;2025-12-15;22;106
28;2025-12-15;23;5
28;2025-12-16;0;0
28;2025-12-16;1;0
28;2025-12-16;2;0
28;2025-12-16;3;0
28;2025-12-16;4;1
28;2025-12-16;5;73
28;2025-12-16;6;254
28;2025-12-16;7;778
28;2025-12-16;8;1318
28;2025-12-16;9;812
28;2025-12-16;10;668
28;2025-12-16;11;568
28;2025-12-16;12;685
28;2025-12-16;13;689
28;2025-12-16;14;657
28;2025-12-16;15;677
28;2025-12-16;16;772
28;2025-12-16;17;988
28;2025-12-16;18;938
28;2025-12-16;19;689
28;2025-12-16;20;485
28;2025-12-16;21;317
28;2025-12-16;22;119
28;2025-12-16;23;12
28;2025-12-17;0;0
28;2025-12-17;1;0
28;2025-12-17;2;0
28;2025-12-17;3;0
28;2025-12-17;4;2
28;2025-12-17;5;79
28;2025-12-17;6;259
28;2025-12-17;7;788
28;2025-12-17;8;1275
28;2025-12-17;9;891
28;2025-12-17;10;630
28;2025-12-17;11;604
28;2025-12-17;12;754
28;2025-12-17;13;745
28;2025-12-17;14;697
28;2025-12-17;15;706
28;2025-12-17;16;975
28;2025-12-17;17;1064
28;2025-12-17;18;1058
28;2025-12-17;19;816
28;2025-12-17;20;562
28;2025-12-17;21;351
28;2025-12-17;22;125
28;2025-12-17;23;17
28;2025-12-18;0;4
28;2025-12-18;1;1
28;2025-12-18;2;0
28;2025-12-18;3;0
28;2025-12-18;4;1
28;2025-12-18;5;84
28;2025-12-18;6;261
28;2025-12-18;7;824
28;2025-12-18;8;1275
28;2025-12-18;9;855
28;2025-12-18;10;604
28;2025-12-18;11;571
28;2025-12-18;12;713
28;2025-12-18;13;728
28;2025-12-18;14;679
28;2025-12-18;15;758
28;2025-12-18;16;902
28;2025-12-18;17;1111
28;2025-12-18;18;1089
28;2025-12-18;19;786
28;2025-12-18;20;576
28;2025-12-18;21;340
28;2025-12-18;22;132
28;2025-12-18;23;15
28;2025-12-19;0;1
28;2025-12-19;1;0
28;2025-12-19;2;0
28;2025-12-19;3;0
28;2025-12-19;4;2
28;2025-12-19;5;77
28;2025-12-19;6;279
28;2025-12-19;7;838
28;2025-12-19;8;1282
28;2025-12-19;9;846
28;2025-12-19;10;643
28;2025-12-19;11;616
28;2025-12-19;12;793
28;2025-12-19;13;729
28;2025-12-19;14;728
28;2025-12-19;15;741
28;2025-12-19;16;972
28;2025-12-19;17;1008
28;2025-12-19;18;888
28;2025-12-19;19;641
28;2025-12-19;20;457
28;2025-12-19;21;347
28;2025-12-19;22;130
28;2025-12-19;23;21
28;2025-12-20;0;1
28;2025-12-20;1;0
28;2025-12-20;2;0
28;2025-12-20;3;0
28;2025-12-20;4;1
28;2025-12-20;5;38
28;2025-12-20;6;107
28;2025-12-20;7;230
28;2025-12-20;8;400
28;2025-12-20;9;463
28;2025-12-20;10;499
28;2025-12-20;11;507
28;2025-12-20;12;599
28;2025-12-20;13;612
28;2025-12-20;14;564
28;2025-12-20;15;601
28;2025-12-20;16;597
28;2025-12-20;17;581
28;2025-12-20;18;511
28;2025-12-20;19;392
28;2025-12-20;20;287
28;2025-12-20;21;260
28;2025-12-20;22;114
28;2025-12-20;23;15
28;2025-12-21;0;3
28;2025-12-21;1;1
28;2025-12-21;2;0
28;2025-12-21;3;1
28;2025-12-21;4;0
28;2025-12-21;5;30
28;2025-12-21;6;78
28;2025-12-21;7;161
28;2025-12-21;8;256
28;2025-12-21;9;346
28;2025-12-21;10;390
28;2025-12-21;11;432
28;2025-12-21;12;452
28;2025-12-21;13;538
28;2025-12-21;14;513
28;2025-12-21;15;513
28;2025-12-21;16;465
28;2025-12-21;17;479
28;2025-12-21;18;425
28;2025-12-21;19;373
28;2025-12-21;20;293
28;2025-12-21;21;236
28;2025-12-21;22;109
28;2025-12-21;23;12
28;2025-12-22;0;0
28;2025-12-22;1;0
28;2025-12-22;2;0
28;2025-12-22;3;0
28;2025-12-22;4;2
28;2025-12-22;5;74
28;2025-12-22;6;261
28;2025-12-22;7;732
28;2025-12-22;8;1228
28;2025-12-22;9;825
28;2025-12-22;10;610
28;2025-12-22;11;530
28;2025-12-22;12;671
28;2025-12-22;13;677
28;2025-12-22;14;607
28;2025-12-22;15;607
28;2025-12-22;16;872
28;2025-12-22;17;965
28;2025-12-22;18;939
28;2025-12-22;19;705
28;2025-12-22;20;460
28;2025-12-22;21;293
28;2025-12-22;22;106
28;2025-12-22;23;5
28;2025-12-23;0;0
28;2025-12-23;1;0
28;2025-12-23;2;0
28;2025-12-23;3;0
28;2025-12-23;4;1
28;2025-12-23;5;73
28;2025-12-23;6;254
28;2025-12-23;7;780
28;2025-12-23;8;1321
28;2025-12-23;9;814
28;2025-12-23;10;669
28;2025-12-23;11;569
28;2025-12-23;12;686
28;2025-12-23;13;690
28;2025-12-23;14;658
28;2025-12-23;15;678
28;2025-12-23;16;774
28;2025-12-23;17;989
28;2025-12-23;18;939
28;2025-12-23;19;690
28;2025-12-23;20;486
28;2025-12-23;21;317
28;2025-12-23;22;119
28;2025-12-23;23;12
28;2025-12-24;0;0
28;2025-12-24;1;0
28;2025-12-24;2;0
28;2025-12-24;3;0
28;2025-12-24;4;2
28;2025-12-24;5;79
28;2025-12-24;6;255
28;2025-12-24;7;774
28;2025-12-24;8;1253
28;2025-12-24;9;876
28;2025-12-24;10;619
28;2025-12-24;11;594
28;2025-12-24;12;741
28;2025-12-24;13;732
28;2025-12-24;14;685
28;2025-12-24;15;694
28;2025-12-24;16;958
28;2025-12-24;17;1046
28;2025-12-24;18;1040
28;2025-12-24;19;802
28;2025-12-24;20;552
28;2025-12-24;21;345
28;2025-12-24;22;124
28;2025-12-24;23;17
28;2025-12-25;0;4
28;2025-12-25;1;1
28;2025-12-25;2;0
28;2025-12-25;3;0
28;2025-12-25;4;1
28;2025-12-25;5;84
28;2025-12-25;6;256
28;2025-12-25;7;808
28;2025-12-25;8;1250
28;2025-12-25;9;839
28;2025-12-25;10;592
28;2025-12-25;11;560
28;2025-12-25;12;699
28;2025-12-25;13;714
28;2025-12-25;14;666
28;2025-12-25;15;744
28;2025-12-25;16;884
28;2025-12-25;17;1090
28;2025-12-25;18;1069
28;2025-12-25;19;771
28;2025-12-25;20;565
28;2025-12-25;21;334
28;2025-12-25;22;131
28;2025-12-25;23;15
28;2025-12-26;0;1
28;2025-12-26;1;0
28;2025-12-26;2;0
28;2025-12-26;3;0
28;2025-12-26;4;2
28;2025-12-26;5;76
28;2025-12-26;6;272
28;2025-12-26;7;818
28;2025-12-26;8;1252
28;2025-12-26;9;826
28;2025-12-26;10;628
28;2025-12-26;11;601
28;2025-12-26;12;774
28;2025-12-26;13;711
28;2025-12-26;14;711
28;2025-12-26;15;723
28;2025-12-26;16;949
28;2025-12-26;17;983
28;2025-12-26;18;867
28;2025-12-26;19;626
28;2025-12-26;20;446
28;2025-12-26;21;339
28;2025-12-26;22;128
28;2025-12-26;23;21
28;2025-12-27;0;1
28;2025-12-27;1;0
28;2025-12-27;2;0
28;2025-12-27;3;0
28;2025-12-27;4;1
28;2025-12-27;5;38
28;2025-12-27;6;106
28;2025-12-27;7;228
28;2025-12-27;8;398
28;2025-12-27;9;460
28;2025-12-27;10;496
28;2025-12-27;11;503
28;2025-12-27;12;596
28;2025-12-27;13;607
28;2025-12-27;14;560
28;2025-12-27;15;597
28;2025-12-27;16;593
28;2025-12-27;17;577
28;2025-12-27;18;508
28;2025-12-27;19;390
28;2025-12-27;20;286
28;2025-12-27;21;259
28;2025-12-27;22;113
28;2025-12-27;23;15
28;2025-12-28;0;3
28;2025-12-28;1;1
28;2025-12-28;2;0
28;2025-12-28;3;1
28;2025-12-28;4;0
28;2025-12-28;5;30
28;2025-12-28;6;77
28;2025-12-28;7;159
28;2025-12-28;8;252
28;2025-12-28;9;342
28;2025-12-28;10;385
28;2025-12-28;11;426
28;2025-12-28;12;447
28;2025-12-28;13;532
28;2025-12-28;14;506
28;2025-12-28;15;506
28;2025-12-28;16;459
28;2025-12-28;17;472
28;2025-12-28;18;420
28;2025-12-28;19;368
28;2025-12-28;20;289
28;2025-12-28;21;233
28;2025-12-28;22;108
28;2025-12-28;23;12
28;2025-12-29;0;0
28;2025-12-29;1;0
28;2025-12-29;2;0
28;2025-12-29;3;0
28;2025-12-29;4;2
28;2025-12-29;5;71
28;2025-12-29;6;249
28;2025-12-29;7;698
28;2025-12-29;8;1172
28;2025-12-29;9;788
28;2025-12-29;10;582
28;2025-12-29;11;506
28;2025-12-29;12;640
28;2025-12-29;13;646
28;2025-12-29;14;580
28;2025-12-29;15;579
28;2025-12-29;16;832
28;2025-12-29;17;921
28;2025-12-29;18;896
28;2025-12-29;19;673
28;2025-12-29;20;439
28;2025-12-29;21;280
28;2025-12-29;22;101
28;2025-12-29;23;5
28;2025-12-30;0;0
28;2025-12-30;1;0
28;2025-12-30;2;0
28;2025-12-30;3;0
28;2025-12-30;4;1
28;2025-12-30;5;67
28;2025-12-30;6;231
28;2025-12-30;7;708
28;2025-12-30;8;1200
28;2025-12-30;9;739
28;2025-12-30;10;608
28;2025-12-30;11;517
28;2025-12-30;12;623
28;2025-12-30;13;627
28;2025-12-30;14;598
28;2025-12-30;15;616
28;2025-12-30;16;703
28;2025-12-30;17;899
28;2025-12-30;18;853
28;2025-12-30;19;627
28;2025-12-30;20;441
28;2025-12-30;21;288
28;2025-12-30;22;108
28;2025-12-30;23;11
28;2025-12-31;0;2
28;2025-12-31;1;1
28;2025-12-31;2;0
28;2025-12-31;3;0
28;2025-12-31;4;1
28;2025-12-31;5;29
28;2025-12-31;6;76
28;2025-12-31;7;160
28;2025-12-31;8;265
28;2025-12-31;9;334
28;2025-12-31;10;370
28;2025-12-31;11;396
28;2025-12-31;12;436
28;2025-12-31;13;488
28;2025-12-31;14;459
28;2025-12-31;15;470
28;2025-12-31;16;442
28;2025-12-31;17;445
28;2025-12-31;18;394
28;2025-12-31;19;328
28;2025-12-31;20;252
28;2025-12-31;21;211
28;2025-12-31;22;97
28;2025-12-31;23;12
50;2025-11-01;0;38
50;2025-11-01;1;2
50;2025-11-01;2;0
50;2025-11-01;3;0
50;2025-11-01;4;2
50;2025-11-01;5;49
50;2025-11-01;6;368
50;2025-11-01;7;1241
50;2025-11-01;8;1924
50;2025-11-01;9;1510
50;2025-11-01;10;1080
50;2025-11-01;11;1096
50;2025-11-01;12;1032
50;2025-11-01;13;1084
50;2025-11-01;14;1032
50;2025-11-01;15;1257
50;2025-11-01;16;1559
50;2025-11-01;17;1517
50;2025-11-01;18;1156
50;2025-11-01;19;846
50;2025-11-01;20;611
50;2025-11-01;21;395
50;2025-11-01;22;199
50;2025-11-01;23;121
50;2025-11-02;0;2
50;2025-11-02;1;0
50;2025-11-02;2;0
50;2025-11-02;3;0
50;2025-11-02;4;0
50;2025-11-02;5;1
50;2025-11-02;6;4
50;2025-11-02;7;7
50;2025-11-02;8;11
50;2025-11-02;9;12
50;2025-11-02;10;23
50;2025-11-02;11;46
50;2025-11-02;12;38
50;2025-11-02;13;48
50;2025-11-02;14;82
50;2025-11-02;15;70
50;2025-11-02;16;94
50;2025-11-02;17;80
50;2025-11-02;18;50
50;2025-11-02;19;47
50;2025-11-02;20;38
50;2025-11-02;21;26
50;2025-11-02;22;29
50;2025-11-02;23;8
50;2025-11-03;0;11
50;2025-11-03;1;1
50;2025-11-03;2;0
50;2025-11-03;3;0
50;2025-11-03;4;0
50;2025-11-03;5;1
50;2025-11-03;6;4
50;2025-11-03;7;8
50;2025-11-03;8;13
50;2025-11-03;9;17
50;2025-11-03;10;22
50;2025-11-03;11;42
50;2025-11-03;12;43
50;2025-11-03;13;47
50;2025-11-03;14;73
50;2025-11-03;15;69
50;2025-11-03;16;82
50;2025-11-03;17;70
50;2025-11-03;18;41
50;2025-11-03;19;38
50;2025-11-03;20;31
50;2025-11-03;21;21
50;2025-11-03;22;23
50;2025-11-03;23;6
50;2025-11-04;0;7
50;2025-11-04;1;1
50;2025-11-04;2;0
50;2025-11-04;3;0
50;2025-11-04;4;0
50;2025-11-04;5;1
50;2025-11-04;6;4
50;2025-11-04;7;7
50;2025-11-04;8;11
50;2025-11-04;9;14
50;2025-11-04;10;20
50;2025-11-04;11;39
50;2025-11-04;12;37
50;2025-11-04;13;42
50;2025-11-04;14;69
50;2025-11-04;15;63
50;2025-11-04;16;78
50;2025-11-04;17;67
50;2025-11-04;18;40
50;2025-11-04;19;37
50;2025-11-04;20;31
50;2025-11-04;21;21
50;2025-11-04;22;23
50;2025-11-04;23;6
50;2025-11-05;0;27
50;2025-11-05;1;4
50;2025-11-05;2;0
50;2025-11-05;3;0
50;2025-11-05;4;3
50;2025-11-05;5;78
50;2025-11-05;6;525
50;2025-11-05;7;1708
50;2025-11-05;8;2825
50;2025-11-05;9;2138
50;2025-11-05;10;1666
50;2025-11-05;11;1593
50;2025-11-05;12;1509
50;2025-11-05;13;1517
50;2025-11-05;14;1445
50;2025-11-05;15;1651
50;2025-11-05;16;1688
50;2025-11-05;17;2382
50;2025-11-05;18;2404
50;2025-11-05;19;1438
50;2025-11-05;20;892
50;2025-11-05;21;644
50;2025-11-05;22;268
50;2025-11-05;23;148
50;2025-11-06;0;44
50;2025-11-06;1;2
50;2025-11-06;2;0
50;2025-11-06;3;0
50;2025-11-06;4;3
50;2025-11-06;5;70
50;2025-11-06;6;478
50;2025-11-06;7;1600
50;2025-11-06;8;2589
50;2025-11-06;9;2096
50;2025-11-06;10;1682
50;2025-11-06;11;1492
50;2025-11-06;12;1479
50;2025-11-06;13;1469
50;2025-11-06;14;1414
50;2025-11-06;15;1612
50;2025-11-06;16;1610
50;2025-11-06;17;2318
50;2025-11-06;18;2421
50;2025-11-06;19;1458
50;2025-11-06;20;961
50;2025-11-06;21;681
50;2025-11-06;22;263
50;2025-11-06;23;154
50;2025-11-07;0;37
50;2025-11-07;1;1
50;2025-11-07;2;0
50;2025-11-07;3;0
50;2025-11-07;4;3
50;2025-11-07;5;69
50;2025-11-07;6;521
50;2025-11-07;7;1762
50;2025-11-07;8;2731
50;2025-11-07;9;2135
50;2025-11-07;10;1530
50;2025-11-07;11;1546
50;2025-11-07;12;1443
50;2025-11-07;13;1524
50;2025-11-07;14;1448
50;2025-11-07;15;1760
50;2025-11-07;16;2200
50;2025-11-07;17;2141
50;2025-11-07;18;1640
50;2025-11-07;19;1199
50;2025-11-07;20;866
50;2025-11-07;21;558
50;2025-11-07;22;281
50;2025-11-07;23;171
50;2025-11-08;0;41
50;2025-11-08;1;5
50;2025-11-08;2;0
50;2025-11-08;3;1
50;2025-11-08;4;0
50;2025-11-08;5;4
50;2025-11-08;6;7
50;2025-11-08;7;13
50;2025-11-08;8;22
50;2025-11-08;9;37
50;2025-11-08;10;20
50;2025-11-08;11;33
50;2025-11-08;12;63
50;2025-11-08;13;48
50;2025-11-08;14;50
50;2025-11-08;15;70
50;2025-11-08;16;50
50;2025-11-08;17;45
50;2025-11-08;18;16
50;2025-11-08;19;13
50;2025-11-08;20;10
50;2025-11-08;21;9
50;2025-11-08;22;7
50;2025-11-08;23;3
50;2025-11-09;0;2
50;2025-11-09;1;0
50;2025-11-09;2;0
50;2025-11-09;3;0
50;2025-11-09;4;0
50;2025-11-09;5;1
50;2025-11-09;6;4
50;2025-11-09;7;7
50;2025-11-09;8;12
50;2025-11-09;9;12
50;2025-11-09;10;24
50;2025-11-09;11;49
50;2025-11-09;12;40
50;2025-11-09;13;50
50;2025-11-09;14;87
50;2025-11-09;15;74
50;2025-11-09;16;100
50;2025-11-09;17;84
50;2025-11-09;18;53
50;2025-11-09;19;49
50;2025-11-09;20;41
50;2025-11-09;21;27
50;2025-11-09;22;30
50;2025-11-09;23;8
50;2025-11-10;0;14
50;2025-11-10;1;3
50;2025-11-10;2;1
50;2025-11-10;3;0
50;2025-11-10;4;3
50;2025-11-10;5;67
50;2025-11-10;6;512
50;2025-11-10;7;1712
50;2025-11-10;8;2768
50;2025-11-10;9;2237
50;2025-11-10;10;1646
50;2025-11-10;11;1446
50;2025-11-10;12;1305
50;2025-11-10;13;1456
50;2025-11-10;14;1381
50;2025-11-10;15;1629
50;2025-11-10;16;1618
50;2025-11-10;17;2320
50;2025-11-10;18;2500
50;2025-11-10;19;1322
50;2025-11-10;20;881
50;2025-11-10;21;629
50;2025-11-10;22;229
50;2025-11-10;23;118
50;2025-11-11;0;28
50;2025-11-11;1;2
50;2025-11-11;2;0
50;2025-11-11;3;0
50;2025-11-11;4;2
50;2025-11-11;5;77
50;2025-11-11;6;583
50;2025-11-11;7;1820
50;2025-11-11;8;2868
50;2025-11-11;9;2254
50;2025-11-11;10;1780
50;2025-11-11;11;1552
50;2025-11-11;12;1397
50;2025-11-11;13;1542
50;2025-11-11;14;1427
50;2025-11-11;15;1693
50;2025-11-11;16;1765
50;2025-11-11;17;2549
50;2025-11-11;18;2557
50;2025-11-11;19;1517
50;2025-11-11;20;999
50;2025-11-11;21;613
50;2025-11-11;22;248
50;2025-11-11;23;147
50;2025-11-12;0;27
50;2025-11-12;1;4
50;2025-11-12;2;0
50;2025-11-12;3;0
50;2025-11-12;4;3
50;2025-11-12;5;78
50;2025-11-12;6;522
50;2025-11-12;7;1697
50;2025-11-12;8;2806
50;2025-11-12;9;2123
50;2025-11-12;10;1655
50;2025-11-12;11;1583
50;2025-11-12;12;1499
50;2025-11-12;13;1507
50;2025-11-12;14;1436
50;2025-11-12;15;1640
50;2025-11-12;16;1676
50;2025-11-12;17;2366
50;2025-11-12;18;2388
50;2025-11-12;19;1429
50;2025-11-12;20;886
50;2025-11-12;21;639
50;2025-11-12;22;267
50;2025-11-12;23;147
50;2025-11-13;0;44
50;2025-11-13;1;2
50;2025-11-13;2;0
50;2025-11-13;3;0
50;2025-11-13;4;3
50;2025-11-13;5;70
50;2025-11-13;6;481
50;2025-11-13;7;1610
50;2025-11-13;8;2605
50;2025-11-13;9;2109
50;2025-11-13;10;1692
50;2025-11-13;11;1501
50;2025-11-13;12;1488
50;2025-11-13;13;1478
50;2025-11-13;14;1422
50;2025-11-13;15;1622
50;2025-11-13;16;1620
50;2025-11-13;17;2332
50;2025-11-13;18;2436
50;2025-11-13;19;1467
50;2025-11-13;20;967
50;2025-11-13;21;685
50;2025-11-13;22;264
50;2025-11-13;23;154
50;2025-11-14;0;37
50;2025-11-14;1;1
50;2025-11-14;2;0
50;2025-11-14;3;0
50;2025-11-14;4;3
50;2025-11-14;5;69
50;2025-11-14;6;522
50;2025-11-14;7;1767
50;2025-11-14;8;2739
50;2025-11-14;9;2142
50;2025-11-14;10;1534
50;2025-11-14;11;1551
50;2025-11-14;12;1447
50;2025-11-14;13;1528
50;2025-11-14;14;1452
50;2025-11-14;15;1765
50;2025-11-14;16;2206
50;2025-11-14;17;2147
50;2025-11-14;18;1645
50;2025-11-14;19;1202
50;2025-11-14;20;868
50;2025-11-14;21;560
50;2025-11-14;22;282
50;2025-11-14;23;171
50;2025-11-15;0;66
50;2025-11-15;1;5
50;2025-11-15;2;0
50;2025-11-15;3;0
50;2025-11-15;4;1
50;2025-11-15;5;32
50;2025-11-15;6;184
50;2025-11-15;7;395
50;2025-11-15;8;595
50;2025-11-15;9;658
50;2025-11-15;10;631
50;2025-11-15;11;812
50;2025-11-15;12;823
50;2025-11-15;13;880
50;2025-11-15;14;868
50;2025-11-15;15;849
50;2025-11-15;16;815
50;2025-11-15;17;811
50;2025-11-15;18;722
50;2025-11-15;19;660
50;2025-11-15;20;504
50;2025-11-15;21;408
50;2025-11-15;22;236
50;2025-11-15;23;152
50;2025-11-16;0;56
50;2025-11-16;1;9
50;2025-11-16;2;2
50;2025-11-16;3;2
50;2025-11-16;4;2
50;2025-11-16;5;27
50;2025-11-16;6;134
50;2025-11-16;7;252
50;2025-11-16;8;381
50;2025-11-16;9;471
50;2025-11-16;10;524
50;2025-11-16;11;651
50;2025-11-16;12;727
50;2025-11-16;13;782
50;2025-11-16;14;836
50;2025-11-16;15;740
50;2025-11-16;16;737
50;2025-11-16;17;740
50;2025-11-16;18;671
50;2025-11-16;19;585
50;2025-11-16;20;485
50;2025-11-16;21;378
50;2025-11-16;22;229
50;2025-11-16;23;123
50;2025-11-17;0;14
50;2025-11-17;1;3
50;2025-11-17;2;1
50;2025-11-17;3;0
50;2025-11-17;4;3
50;2025-11-17;5;67
50;2025-11-17;6;506
50;2025-11-17;7;1691
50;2025-11-17;8;2734
50;2025-11-17;9;2209
50;2025-11-17;10;1625
50;2025-11-17;11;1428
50;2025-11-17;12;1289
50;2025-11-17;13;1438
50;2025-11-17;14;1363
50;2025-11-17;15;1609
50;2025-11-17;16;1598
50;2025-11-17;17;2291
50;2025-11-17;18;2469
50;2025-11-17;19;1305
50;2025-11-17;20;870
50;2025-11-17;21;621
50;2025-11-17;22;228
50;2025-11-17;23;117
50;2025-11-18;0;28
50;2025-11-18;1;2
50;2025-11-18;2;0
50;2025-11-18;3;0
50;2025-11-18;4;2
50;2025-11-18;5;76
50;2025-11-18;6;574
50;2025-11-18;7;1791
50;2025-11-18;8;2822
50;2025-11-18;9;2218
50;2025-11-18;10;1752
50;2025-11-18;11;1527
50;2025-11-18;12;1375
50;2025-11-18;13;1517
50;2025-11-18;14;1405
50;2025-11-18;15;1666
50;2025-11-18;16;1737
50;2025-11-18;17;2508
50;2025-11-18;18;2516
50;2025-11-18;19;1493
50;2025-11-18;20;983
50;2025-11-18;21;604
50;2025-11-18;22;246
50;2025-11-18;23;147
50;2025-11-19;0;27
50;2025-11-19;1;4
50;2025-11-19;2;0
50;2025-11-19;3;0
50;2025-11-19;4;3
50;2025-11-19;5;78
50;2025-11-19;6;524
50;2025-11-19;7;1704
50;2025-11-19;8;2819
50;2025-11-19;9;2133
50;2025-11-19;10;1662
50;2025-11-19;11;1590
50;2025-11-19;12;1506
50;2025-11-19;13;1514
50;2025-11-19;14;1442
50;2025-11-19;15;1648
50;2025-11-19;16;1684
50;2025-11-19;17;2377
50;2025-11-19;18;2399
50;2025-11-19;19;1435
50;2025-11-19;20;890
50;2025-11-19;21;642
50;2025-11-19;22;268
50;2025-11-19;23;148
50;2025-11-20;0;44
50;2025-11-20;1;2
50;2025-11-20;2;0
50;2025-11-20;3;0
50;2025-11-20;4;3
50;2025-11-20;5;70
50;2025-11-20;6;479
50;2025-11-20;7;1606
50;2025-11-20;8;2599
50;2025-11-20;9;2104
50;2025-11-20;10;1688
50;2025-11-20;11;1498
50;2025-11-20;12;1484
50;2025-11-20;13;1475
50;2025-11-20;14;1419
50;2025-11-20;15;1618
50;2025-11-20;16;1617
50;2025-11-20;17;2327
50;2025-11-20;18;2430
50;2025-11-20;19;1463
50;2025-11-20;20;965
50;2025-11-20;21;683
50;2025-11-20;22;264
50;2025-11-20;23;154
50;2025-11-21;0;37
50;2025-11-21;1;1
50;2025-11-21;2;0
50;2025-11-21;3;0
50;2025-11-21;4;3
50;2025-11-21;5;69
50;2025-11-21;6;519
50;2025-11-21;7;1758
50;2025-11-21;8;2725
50;2025-11-21;9;2130
50;2025-11-21;10;1526
50;2025-11-21;11;1543
50;2025-11-21;12;1440
50;2025-11-21;13;1520
50;2025-11-21;14;1445
50;2025-11-21;15;1756
50;2025-11-21;16;2194
50;2025-11-21;17;2136
50;2025-11-21;18;1636
50;2025-11-21;19;1196
50;2025-11-21;20;864
50;2025-11-21;21;557
50;2025-11-21;22;281
50;2025-11-21;23;171
50;2025-11-22;0;67
50;2025-11-22;1;5
50;2025-11-22;2;0
50;2025-11-22;3;0
50;2025-11-22;4;1
50;2025-11-22;5;32
50;2025-11-22;6;186
50;2025-11-22;7;400
50;2025-11-22;8;602
50;2025-11-22;9;667
50;2025-11-22;10;638
50;2025-11-22;11;822
50;2025-11-22;12;833
50;2025-11-22;13;890
50;2025-11-22;14;878
50;2025-11-22;15;859
50;2025-11-22;16;825
50;2025-11-22;17;821
50;2025-11-22;18;731
50;2025-11-22;19;668
50;2025-11-22;20;510
50;2025-11-22;21;413
50;2025-11-22;22;237
50;2025-11-22;23;152
50;2025-11-23;0;56
50;2025-11-23;1;9
50;2025-11-23;2;2
50;2025-11-23;3;2
50;2025-11-23;4;2
50;2025-11-23;5;28
50;2025-11-23;6;134
50;2025-11-23;7;253
50;2025-11-23;8;382
50;2025-11-23;9;473
50;2025-11-23;10;526
50;2025-11-23;11;654
50;2025-11-23;12;730
50;2025-11-23;13;785
50;2025-11-23;14;839
50;2025-11-23;15;743
50;2025-11-23;16;740
50;2025-11-23;17;743
50;2025-11-23;18;674
50;2025-11-23;19;587
50;2025-11-23;20;487
50;2025-11-23;21;379
50;2025-11-23;22;230
50;2025-11-23;23;123
50;2025-11-24;0;14
50;2025-11-24;1;3
50;2025-11-24;2;1
50;2025-11-24;3;0
50;2025-11-24;4;3
50;2025-11-24;5;66
50;2025-11-24;6;502
50;2025-11-24;7;1679
50;2025-11-24;8;2714
50;2025-11-24;9;2193
50;2025-11-24;10;1613
50;2025-11-24;11;1418
50;2025-11-24;12;1279
50;2025-11-24;13;1428
50;2025-11-24;14;1354
50;2025-11-24;15;1597
50;2025-11-24;16;1587
50;2025-11-24;17;2274
50;2025-11-24;18;2451
50;2025-11-24;19;1296
50;2025-11-24;20;864
50;2025-11-24;21;616
50;2025-11-24;22;227
50;2025-11-24;23;117
50;2025-11-25;0;28
50;2025-11-25;1;2
50;2025-11-25;2;0
50;2025-11-25;3;0
50;2025-11-25;4;2
50;2025-11-25;5;77
50;2025-11-25;6;583
50;2025-11-25;7;1820
50;2025-11-25;8;2867
50;2025-11-25;9;2253
50;2025-11-25;10;1780
50;2025-11-25;11;1552
50;2025-11-25;12;1396
50;2025-11-25;13;1541
50;2025-11-25;14;1427
50;2025-11-25;15;1693
50;2025-11-25;16;1764
50;2025-11-25;17;2548
50;2025-11-25;18;2556
50;2025-11-25;19;1516
50;2025-11-25;20;999
50;2025-11-25;21;613
50;2025-11-25;22;248
50;2025-11-25;23;147
50;2025-11-26;0;26
50;2025-11-26;1;4
50;2025-11-26;2;0
50;2025-11-26;3;0
50;2025-11-26;4;3
50;2025-11-26;5;77
50;2025-11-26;6;513
50;2025-11-26;7;1668
50;2025-11-26;8;2759
50;2025-11-26;9;2087
50;2025-11-26;10;1627
50;2025-11-26;11;1556
50;2025-11-26;12;1473
50;2025-11-26;13;1481
50;2025-11-26;14;1411
50;2025-11-26;15;1613
50;2025-11-26;16;1648
50;2025-11-26;17;2326
50;2025-11-26;18;2347
50;2025-11-26;19;1404
50;2025-11-26;20;871
50;2025-11-26;21;629
50;2025-11-26;22;265
50;2025-11-26;23;147
50;2025-11-27;0;44
50;2025-11-27;1;2
50;2025-11-27;2;0
50;2025-11-27;3;0
50;2025-11-27;4;3
50;2025-11-27;5;70
50;2025-11-27;6;474
50;2025-11-27;7;1588
50;2025-11-27;8;2569
50;2025-11-27;9;2080
50;2025-11-27;10;1669
50;2025-11-27;11;1481
50;2025-11-27;12;1467
50;2025-11-27;13;1458
50;2025-11-27;14;1403
50;2025-11-27;15;1600
50;2025-11-27;16;1598
50;2025-11-27;17;2300
50;2025-11-27;18;2402
50;2025-11-27;19;1447
50;2025-11-27;20;954
50;2025-11-27;21;675
50;2025-11-27;22;262
50;2025-11-27;23;154
50;2025-11-28;0;37
50;2025-11-28;1;1
50;2025-11-28;2;0
50;2025-11-28;3;0
50;2025-11-28;4;3
50;2025-11-28;5;69
50;2025-11-28;6;517
50;2025-11-28;7;1751
50;2025-11-28;8;2714
50;2025-11-28;9;2122
50;2025-11-28;10;1520
50;2025-11-28;11;1537
50;2025-11-28;12;1434
50;2025-11-28;13;1514
50;2025-11-28;14;1439
50;2025-11-28;15;1749
50;2025-11-28;16;2186
50;2025-11-28;17;2128
50;2025-11-28;18;1630
50;2025-11-28;19;1191
50;2025-11-28;20;860
50;2025-11-28;21;555
50;2025-11-28;22;280
50;2025-11-28;23;171
50;2025-11-29;0;67
50;2025-11-29;1;5
50;2025-11-29;2;0
50;2025-11-29;3;0
50;2025-11-29;4;1
50;2025-11-29;5;32
50;2025-11-29;6;190
50;2025-11-29;7;407
50;2025-11-29;8;613
50;2025-11-29;9;678
50;2025-11-29;10;650
50;2025-11-29;11;837
50;2025-11-29;12;848
50;2025-11-29;13;906
50;2025-11-29;14;894
50;2025-11-29;15;875
50;2025-11-29;16;840
50;2025-11-29;17;835
50;2025-11-29;18;744
50;2025-11-29;19;680
50;2025-11-29;20;519
50;2025-11-29;21;420
50;2025-11-29;22;239
50;2025-11-29;23;153
50;2025-11-30;0;56
50;2025-11-30;1;9
50;2025-11-30;2;2
50;2025-11-30;3;2
50;2025-11-30;4;2
50;2025-11-30;5;28
50;2025-11-30;6;135
50;2025-11-30;7;253
50;2025-11-30;8;383
50;2025-11-30;9;474
50;2025-11-30;10;527
50;2025-11-30;11;655
50;2025-11-30;12;731
50;2025-11-30;13;787
50;2025-11-30;14;840
50;2025-11-30;15;745
50;2025-11-30;16;742
50;2025-11-30;17;745
50;2025-11-30;18;675
50;2025-11-30;19;588
50;2025-11-30;20;488
50;2025-11-30;21;380
50;2025-11-30;22;230
50;2025-11-30;23;123
50;2025-12-01;0;14
50;2025-12-01;1;3
50;2025-12-01;2;1
50;2025-12-01;3;0
50;2025-12-01;4;3
50;2025-12-01;5;67
50;2025-12-01;6;513
50;2025-12-01;7;1714
50;2025-12-01;8;2770
50;2025-12-01;9;2238
50;2025-12-01;10;1647
50;2025-12-01;11;1447
50;2025-12-01;12;1306
50;2025-12-01;13;1457
50;2025-12-01;14;1382
50;2025-12-01;15;1631
50;2025-12-01;16;1620
50;2025-12-01;17;2321
50;2025-12-01;18;2502
50;2025-12-01;19;1323
50;2025-12-01;20;882
50;2025-12-01;21;629
50;2025-12-01;22;229
50;2025-12-01;23;118
50;2025-12-02;0;28
50;2025-12-02;1;2
50;2025-12-02;2;0
50;2025-12-02;3;0
50;2025-12-02;4;2
50;2025-12-02;5;77
50;2025-12-02;6;583
50;2025-12-02;7;1820
50;2025-12-02;8;2867
50;2025-12-02;9;2253
50;2025-12-02;10;1780
50;2025-12-02;11;1551
50;2025-12-02;12;1396
50;2025-12-02;13;1541
50;2025-12-02;14;1427
50;2025-12-02;15;1693
50;2025-12-02;16;1764
50;2025-12-02;17;2548
50;2025-12-02;18;2556
50;2025-12-02;19;1516
50;2025-12-02;20;999
50;2025-12-02;21;613
50;2025-12-02;22;248
50;2025-12-02;23;147
50;2025-12-03;0;27
50;2025-12-03;1;4
50;2025-12-03;2;0
50;2025-12-03;3;0
50;2025-12-03;4;3
50;2025-12-03;5;78
50;2025-12-03;6;525
50;2025-12-03;7;1707
50;2025-12-03;8;2823
50;2025-12-03;9;2136
50;2025-12-03;10;1665
50;2025-12-03;11;1592
50;2025-12-03;12;1508
50;2025-12-03;13;1516
50;2025-12-03;14;1444
50;2025-12-03;15;1650
50;2025-12-03;16;1686
50;2025-12-03;17;2380
50;2025-12-03;18;2402
50;2025-12-03;19;1437
50;2025-12-03;20;891
50;2025-12-03;21;643
50;2025-12-03;22;268
50;2025-12-03;23;148
50;2025-12-04;0;44
50;2025-12-04;1;2
50;2025-12-04;2;0
50;2025-12-04;3;0
50;2025-12-04;4;3
50;2025-12-04;5;70
50;2025-12-04;6;481
50;2025-12-04;7;1611
50;2025-12-04;8;2607
50;2025-12-04;9;2110
50;2025-12-04;10;1693
50;2025-12-04;11;1502
50;2025-12-04;12;1489
50;2025-12-04;13;1479
50;2025-12-04;14;1424
50;2025-12-04;15;1624
50;2025-12-04;16;1622
50;2025-12-04;17;2334
50;2025-12-04;18;2438
50;2025-12-04;19;1468
50;2025-12-04;20;968
50;2025-12-04;21;685
50;2025-12-04;22;264
50;2025-12-04;23;154
50;2025-12-05;0;37
50;2025-12-05;1;1
50;2025-12-05;2;0
50;2025-12-05;3;0
50;2025-12-05;4;3
50;2025-12-05;5;69
50;2025-12-05;6;524
50;2025-12-05;7;1772
50;2025-12-05;8;2747
50;2025-12-05;9;2148
50;2025-12-05;10;1538
50;2025-12-05;11;1555
50;2025-12-05;12;1451
50;2025-12-05;13;1532
50;2025-12-05;14;1456
50;2025-12-05;15;1770
50;2025-12-05;16;2212
50;2025-12-05;17;2153
50;2025-12-05;18;1650
50;2025-12-05;19;1206
50;2025-12-05;20;871
50;2025-12-05;21;562
50;2025-12-05;22;282
50;2025-12-05;23;171
50;2025-12-06;0;67
50;2025-12-06;1;5
50;2025-12-06;2;0
50;2025-12-06;3;0
50;2025-12-06;4;1
50;2025-12-06;5;32
50;2025-12-06;6;190
50;2025-12-06;7;409
50;2025-12-06;8;615
50;2025-12-06;9;681
50;2025-12-06;10;652
50;2025-12-06;11;840
50;2025-12-06;12;851
50;2025-12-06;13;909
50;2025-12-06;14;897
50;2025-12-06;15;878
50;2025-12-06;16;843
50;2025-12-06;17;838
50;2025-12-06;18;747
50;2025-12-06;19;683
50;2025-12-06;20;521
50;2025-12-06;21;421
50;2025-12-06;22;240
50;2025-12-06;23;153
50;2025-12-07;0;56
50;2025-12-07;1;9
50;2025-12-07;2;2
50;2025-12-07;3;2
50;2025-12-07;4;2
50;2025-12-07;5;28
50;2025-12-07;6;135
50;2025-12-07;7;254
50;2025-12-07;8;383
50;2025-12-07;9;474
50;2025-12-07;10;527
50;2025-12-07;11;656
50;2025-12-07;12;732
50;2025-12-07;13;788
50;2025-12-07;14;842
50;2025-12-07;15;746
50;2025-12-07;16;743
50;2025-12-07;17;746
50;2025-12-07;18;676
50;2025-12-07;19;589
50;2025-12-07;20;488
50;2025-12-07;21;381
50;2025-12-07;22;230
50;2025-12-07;23;123
50;2025-12-08;0;14
50;2025-12-08;1;3
50;2025-12-08;2;1
50;2025-12-08;3;0
50;2025-12-08;4;3
50;2025-12-08;5;67
50;2025-12-08;6;513
50;2025-12-08;7;1715
50;2025-12-08;8;2772
50;2025-12-08;9;2240
50;2025-12-08;10;1648
50;2025-12-08;11;1448
50;2025-12-08;12;1307
50;2025-12-08;13;1458
50;2025-12-08;14;1383
50;2025-12-08;15;1632
50;2025-12-08;16;1621
50;2025-12-08;17;2323
50;2025-12-08;18;2504
50;2025-12-08;19;1324
50;2025-12-08;20;882
50;2025-12-08;21;630
50;2025-12-08;22;229
50;2025-12-08;23;118
50;2025-12-09;0;28
50;2025-12-09;1;2
50;2025-12-09;2;0
50;2025-12-09;3;0
50;2025-12-09;4;2
50;2025-12-09;5;77
50;2025-12-09;6;581
50;2025-12-09;7;1814
50;2025-12-09;8;2858
50;2025-12-09;9;2246
50;2025-12-09;10;1774
50;2025-12-09;11;1547
50;2025-12-09;12;1392
50;2025-12-09;13;1536
50;2025-12-09;14;1422
50;2025-12-09;15;1687
50;2025-12-09;16;1759
50;2025-12-09;17;2540
50;2025-12-09;18;2548
50;2025-12-09;19;1511
50;2025-12-09;20;996
50;2025-12-09;21;611
50;2025-12-09;22;248
50;2025-12-09;23;147
50;2025-12-10;0;27
50;2025-12-10;1;4
50;2025-12-10;2;0
50;2025-12-10;3;0
50;2025-12-10;4;3
50;2025-12-10;5;77
50;2025-12-10;6;518
50;2025-12-10;7;1684
50;2025-12-10;8;2786
50;2025-12-10;9;2108
50;2025-12-10;10;1643
50;2025-12-10;11;1571
50;2025-12-10;12;1488
50;2025-12-10;13;1496
50;2025-12-10;14;1425
50;2025-12-10;15;1629
50;2025-12-10;16;1664
50;2025-12-10;17;2349
50;2025-12-10;18;2371
50;2025-12-10;19;1418
50;2025-12-10;20;880
50;2025-12-10;21;635
50;2025-12-10;22;266
50;2025-12-10;23;147
50;2025-12-11;0;44
50;2025-12-11;1;2
50;2025-12-11;2;0
50;2025-12-11;3;0
50;2025-12-11;4;3
50;2025-12-11;5;70
50;2025-12-11;6;475
50;2025-12-11;7;1592
50;2025-12-11;8;2576
50;2025-12-11;9;2085
50;2025-12-11;10;1673
50;2025-12-11;11;1485
50;2025-12-11;12;1471
50;2025-12-11;13;1462
50;2025-12-11;14;1407
50;2025-12-11;15;1604
50;2025-12-11;16;1602
50;2025-12-11;17;2306
50;2025-12-11;18;2409
50;2025-12-11;19;1450
50;2025-12-11;20;956
50;2025-12-11;21;677
50;2025-12-11;22;263
50;2025-12-11;23;154
50;2025-12-12;0;37
50;2025-12-12;1;1
50;2025-12-12;2;0
50;2025-12-12;3;0
50;2025-12-12;4;3
50;2025-12-12;5;68
50;2025-12-12;6;516
50;2025-12-12;7;1747
50;2025-12-12;8;2707
50;2025-12-12;9;2117
50;2025-12-12;10;1516
50;2025-12-12;11;1533
50;2025-12-12;12;1430
50;2025-12-12;13;1510
50;2025-12-12;14;1435
50;2025-12-12;15;1745
50;2025-12-12;16;2180
50;2025-12-12;17;2122
50;2025-12-12;18;1626
50;2025-12-12;19;1189
50;2025-12-12;20;858
50;2025-12-12;21;553
50;2025-12-12;22;280
50;2025-12-12;23;171
50;2025-12-13;0;67
50;2025-12-13;1;5
50;2025-12-13;2;0
50;2025-12-13;3;0
50;2025-12-13;4;1
50;2025-12-13;5;32
50;2025-12-13;6;188
50;2025-12-13;7;404
50;2025-12-13;8;607
50;2025-12-13;9;672
50;2025-12-13;10;643
50;2025-12-13;11;829
50;2025-12-13;12;840
50;2025-12-13;13;898
50;2025-12-13;14;886
50;2025-12-13;15;866
50;2025-12-13;16;832
50;2025-12-13;17;827
50;2025-12-13;18;737
50;2025-12-13;19;674
50;2025-12-13;20;514
50;2025-12-13;21;416
50;2025-12-13;22;238
50;2025-12-13;23;152
50;2025-12-14;0;56
50;2025-12-14;1;9
50;2025-12-14;2;2
50;2025-12-14;3;2
50;2025-12-14;4;2
50;2025-12-14;5;27
50;2025-12-14;6;133
50;2025-12-14;7;251
50;2025-12-14;8;379
50;2025-12-14;9;470
50;2025-12-14;10;522
50;2025-12-14;11;649
50;2025-12-14;12;725
50;2025-12-14;13;780
50;2025-12-14;14;833
50;2025-12-14;15;738
50;2025-12-14;16;735
50;2025-12-14;17;738
50;2025-12-14;18;669
50;2025-12-14;19;583
50;2025-12-14;20;483
50;2025-12-14;21;377
50;2025-12-14;22;229
50;2025-12-14;23;123
50;2025-12-15;0;14
50;2025-12-15;1;3
50;2025-12-15;2;1
50;2025-12-15;3;0
50;2025-12-15;4;3
50;2025-12-15;5;67
50;2025-12-15;6;509
50;2025-12-15;7;1702
50;2025-12-15;8;2752
50;2025-12-15;9;2224
50;2025-12-15;10;1636
50;2025-12-15;11;1438
50;2025-12-15;12;1297
50;2025-12-15;13;1448
50;2025-12-15;14;1373
50;2025-12-15;15;1620
50;2025-12-15;16;1609
50;2025-12-15;17;2306
50;2025-12-15;18;2486
50;2025-12-15;19;1314
50;2025-12-15;20;876
50;2025-12-15;21;625
50;2025-12-15;22;228
50;2025-12-15;23;117
50;2025-12-16;0;28
50;2025-12-16;1;2
50;2025-12-16;2;0
50;2025-12-16;3;0
50;2025-12-16;4;2
50;2025-12-16;5;76
50;2025-12-16;6;578
50;2025-12-16;7;1803
50;2025-12-16;8;2841
50;2025-12-16;9;2233
50;2025-12-16;10;1764
50;2025-12-16;11;1538
50;2025-12-16;12;1384
50;2025-12-16;13;1527
50;2025-12-16;14;1414
50;2025-12-16;15;1677
50;2025-12-16;16;1748
50;2025-12-16;17;2525
50;2025-12-16;18;2533
50;2025-12-16;19;1502
50;2025-12-16;20;990
50;2025-12-16;21;607
50;2025-12-16;22;247
50;2025-12-16;23;147
50;2025-12-17;0;27
50;2025-12-17;1;4
50;2025-12-17;2;0
50;2025-12-17;3;0
50;2025-12-17;4;3
50;2025-12-17;5;78
50;2025-12-17;6;526
50;2025-12-17;7;1711
50;2025-12-17;8;2830
50;2025-12-17;9;2142
50;2025-12-17;10;1669
50;2025-12-17;11;1596
50;2025-12-17;12;1512
50;2025-12-17;13;1520
50;2025-12-17;14;1448
50;2025-12-17;15;1654
50;2025-12-17;16;1691
50;2025-12-17;17;2387
50;2025-12-17;18;2408
50;2025-12-17;19;1441
50;2025-12-17;20;894
50;2025-12-17;21;645
50;2025-12-17;22;268
50;2025-12-17;23;148
50;2025-12-18;0;44
50;2025-12-18;1;2
50;2025-12-18;2;0
50;2025-12-18;3;0
50;2025-12-18;4;3
50;2025-12-18;5;70
50;2025-12-18;6;482
50;2025-12-18;7;1613
50;2025-12-18;8;2611
50;2025-12-18;9;2113
50;2025-12-18;10;1696
50;2025-12-18;11;1504
50;2025-12-18;12;1491
50;2025-12-18;13;1481
50;2025-12-18;14;1425
50;2025-12-18;15;1626
50;2025-12-18;16;1624
50;2025-12-18;17;2337
50;2025-12-18;18;2441
50;2025-12-18;19;1470
50;2025-12-18;20;969
50;2025-12-18;21;686
50;2025-12-18;22;264
50;2025-12-18;23;154
50;2025-12-19;0;37
50;2025-12-19;1;1
50;2025-12-19;2;0
50;2025-12-19;3;0
50;2025-12-19;4;3
50;2025-12-19;5;69
50;2025-12-19;6;523
50;2025-12-19;7;1771
50;2025-12-19;8;2744
50;2025-12-19;9;2146
50;2025-12-19;10;1537
50;2025-12-19;11;1554
50;2025-12-19;12;1450
50;2025-12-19;13;1531
50;2025-12-19;14;1455
50;2025-12-19;15;1769
50;2025-12-19;16;2210
50;2025-12-19;17;2151
50;2025-12-19;18;1648
50;2025-12-19;19;1205
50;2025-12-19;20;870
50;2025-12-19;21;561
50;2025-12-19;22;282
50;2025-12-19;23;171
50;2025-12-20;0;67
50;2025-12-20;1;5
50;2025-12-20;2;0
50;2025-12-20;3;0
50;2025-12-20;4;1
50;2025-12-20;5;32
50;2025-12-20;6;190
50;2025-12-20;7;409
50;2025-12-20;8;615
50;2025-12-20;9;680
50;2025-12-20;10;652
50;2025-12-20;11;839
50;2025-12-20;12;851
50;2025-12-20;13;909
50;2025-12-20;14;897
50;2025-12-20;15;877
50;2025-12-20;16;843
50;2025-12-20;17;838
50;2025-12-20;18;746
50;2025-12-20;19;682
50;2025-12-20;20;521
50;2025-12-20;21;421
50;2025-12-20;22;240
50;2025-12-20;23;153
50;2025-12-21;0;56
50;2025-12-21;1;9
50;2025-12-21;2;2
50;2025-12-21;3;2
50;2025-12-21;4;2
50;2025-12-21;5;28
50;2025-12-21;6;135
50;2025-12-21;7;253
50;2025-12-21;8;382
50;2025-12-21;9;473
50;2025-12-21;10;526
50;2025-12-21;11;655
50;2025-12-21;12;731
50;2025-12-21;13;786
50;2025-12-21;14;840
50;2025-12-21;15;744
50;2025-12-21;16;741
50;2025-12-21;17;744
50;2025-12-21;18;675
50;2025-12-21;19;587
50;2025-12-21;20;487
50;2025-12-21;21;380
50;2025-12-21;22;230
50;2025-12-21;23;123
50;2025-12-22;0;14
50;2025-12-22;1;3
50;2025-12-22;2;1
50;2025-12-22;3;0
50;2025-12-22;4;3
50;2025-12-22;5;67
50;2025-12-22;6;509
50;2025-12-22;7;1701
50;2025-12-22;8;2751
50;2025-12-22;9;2222
50;2025-12-22;10;1635
50;2025-12-22;11;1437
50;2025-12-22;12;1297
50;2025-12-22;13;1447
50;2025-12-22;14;1372
50;2025-12-22;15;1619
50;2025-12-22;16;1608
50;2025-12-22;17;2305
50;2025-12-22;18;2484
50;2025-12-22;19;1313
50;2025-12-22;20;875
50;2025-12-22;21;625
50;2025-12-22;22;228
50;2025-12-22;23;117
50;2025-12-23;0;28
50;2025-12-23;1;2
50;2025-12-23;2;0
50;2025-12-23;3;0
50;2025-12-23;4;2
50;2025-12-23;5;76
50;2025-12-23;6;579
50;2025-12-23;7;1806
50;2025-12-23;8;2846
50;2025-12-23;9;2236
50;2025-12-23;10;1766
50;2025-12-23;11;1540
50;2025-12-23;12;1386
50;2025-12-23;13;1530
50;2025-12-23;14;1416
50;2025-12-23;15;1680
50;2025-12-23;16;1751
50;2025-12-23;17;2529
50;2025-12-23;18;2537
50;2025-12-23;19;1505
50;2025-12-23;20;992
50;2025-12-23;21;609
50;2025-12-23;22;247
50;2025-12-23;23;147
50;2025-12-24;0;27
50;2025-12-24;1;4
50;2025-12-24;2;0
50;2025-12-24;3;0
50;2025-12-24;4;3
50;2025-12-24;5;77
50;2025-12-24;6;517
50;2025-12-24;7;1682
50;2025-12-24;8;2782
50;2025-12-24;9;2105
50;2025-12-24;10;1640
50;2025-12-24;11;1569
50;2025-12-24;12;1486
50;2025-12-24;13;1494
50;2025-12-24;14;1423
50;2025-12-24;15;1626
50;2025-12-24;16;1662
50;2025-12-24;17;2346
50;2025-12-24;18;2367
50;2025-12-24;19;1416
50;2025-12-24;20;878
50;2025-12-24;21;634
50;2025-12-24;22;266
50;2025-12-24;23;147
50;2025-12-25;0;43
50;2025-12-25;1;2
50;2025-12-25;2;0
50;2025-12-25;3;0
50;2025-12-25;4;3
50;2025-12-25;5;70
50;2025-12-25;6;472
50;2025-12-25;7;1583
50;2025-12-25;8;2561
50;2025-12-25;9;2073
50;2025-12-25;10;1663
50;2025-12-25;11;1476
50;2025-12-25;12;1463
50;2025-12-25;13;1453
50;2025-12-25;14;1398
50;2025-12-25;15;1595
50;2025-12-25;16;1593
50;2025-12-25;17;2293
50;2025-12-25;18;2395
50;2025-12-25;19;1442
50;2025-12-25;20;951
50;2025-12-25;21;673
50;2025-12-25;22;262
50;2025-12-25;23;154
50;2025-12-26;0;37
50;2025-12-26;1;1
50;2025-12-26;2;0
50;2025-12-26;3;0
50;2025-12-26;4;3
50;2025-12-26;5;68
50;2025-12-26;6;511
50;2025-12-26;7;1728
50;2025-12-26;8;2679
50;2025-12-26;9;2094
50;2025-12-26;10;1500
50;2025-12-26;11;1517
50;2025-12-26;12;1415
50;2025-12-26;13;1494
50;2025-12-26;14;1420
50;2025-12-26;15;1726
50;2025-12-26;16;2157
50;2025-12-26;17;2100
50;2025-12-26;18;1609
50;2025-12-26;19;1176
50;2025-12-26;20;849
50;2025-12-26;21;548
50;2025-12-26;22;278
50;2025-12-26;23;170
50;2025-12-27;0;67
50;2025-12-27;1;5
50;2025-12-27;2;0
50;2025-12-27;3;0
50;2025-12-27;4;1
50;2025-12-27;5;32
50;2025-12-27;6;189
50;2025-12-27;7;406
50;2025-12-27;8;611
50;2025-12-27;9;676
50;2025-12-27;10;647
50;2025-12-27;11;834
50;2025-12-27;12;845
50;2025-12-27;13;903
50;2025-12-27;14;891
50;2025-12-27;15;871
50;2025-12-27;16;837
50;2025-12-27;17;832
50;2025-12-27;18;742
50;2025-12-27;19;678
50;2025-12-27;20;517
50;2025-12-27;21;418
50;2025-12-27;22;239
50;2025-12-27;23;152
50;2025-12-28;0;56
50;2025-12-28;1;9
50;2025-12-28;2;2
50;2025-12-28;3;2
50;2025-12-28;4;2
50;2025-12-28;5;27
50;2025-12-28;6;133
50;2025-12-28;7;250
50;2025-12-28;8;378
50;2025-12-28;9;467
50;2025-12-28;10;520
50;2025-12-28;11;646
50;2025-12-28;12;721
50;2025-12-28;13;776
50;2025-12-28;14;829
50;2025-12-28;15;735
50;2025-12-28;16;732
50;2025-12-28;17;735
50;2025-12-28;18;666
50;2025-12-28;19;580
50;2025-12-28;20;481
50;2025-12-28;21;375
50;2025-12-28;22;228
50;2025-12-28;23;123
50;2025-12-29;0;13
50;2025-12-29;1;3
50;2025-12-29;2;1
50;2025-12-29;3;0
50;2025-12-29;4;3
50;2025-12-29;5;64
50;2025-12-29;6;486
50;2025-12-29;7;1624
50;2025-12-29;8;2626
50;2025-12-29;9;2121
50;2025-12-29;10;1561
50;2025-12-29;11;1372
50;2025-12-29;12;1238
50;2025-12-29;13;1381
50;2025-12-29;14;1310
50;2025-12-29;15;1545
50;2025-12-29;16;1535
50;2025-12-29;17;2200
50;2025-12-29;18;2371
50;2025-12-29;19;1254
50;2025-12-29;20;836
50;2025-12-29;21;596
50;2025-12-29;22;218
50;2025-12-29;23;113
50;2025-12-30;0;25
50;2025-12-30;1;2
50;2025-12-30;2;0
50;2025-12-30;3;0
50;2025-12-30;4;2
50;2025-12-30;5;70
50;2025-12-30;6;526
50;2025-12-30;7;1641
50;2025-12-30;8;2586
50;2025-12-30;9;2032
50;2025-12-30;10;1605
50;2025-12-30;11;1399
50;2025-12-30;12;1259
50;2025-12-30;13;1390
50;2025-12-30;14;1287
50;2025-12-30;15;1526
50;2025-12-30;16;1591
50;2025-12-30;17;2298
50;2025-12-30;18;2305
50;2025-12-30;19;1367
50;2025-12-30;20;901
50;2025-12-30;21;553
50;2025-12-30;22;226
50;2025-12-30;23;135
50;2025-12-31;0;52
50;2025-12-31;1;6
50;2025-12-31;2;1
50;2025-12-31;3;1
50;2025-12-31;4;1
50;2025-12-31;5;26
50;2025-12-31;6;133
50;2025-12-31;7;266
50;2025-12-31;8;401
50;2025-12-31;9;472
50;2025-12-31;10;493
50;2025-12-31;11;622
50;2025-12-31;12;668
50;2025-12-31;13;717
50;2025-12-31;14;743
50;2025-12-31;15;684
50;2025-12-31;16;671
50;2025-12-31;17;672
50;2025-12-31;18;605
50;2025-12-31;19;537
50;2025-12-31;20;431
50;2025-12-31;21;341
50;2025-12-31;22;203
50;2025-12-31;23;117
