route;date;hour;prediction
1;2025-11-01;0;3
1;2025-11-01;1;0
1;2025-11-01;2;0
1;2025-11-01;3;0
1;2025-11-01;4;4
1;2025-11-01;5;95
1;2025-11-01;6;365
1;2025-11-01;7;1061
1;2025-11-01;8;1292
1;2025-11-01;9;1176
1;2025-11-01;10;1148
1;2025-11-01;11;1192
1;2025-11-01;12;1254
1;2025-11-01;13;1304
1;2025-11-01;14;1239
1;2025-11-01;15;1287
1;2025-11-01;16;1296
1;2025-11-01;17;1388
1;2025-11-01;18;1163
1;2025-11-01;19;974
1;2025-11-01;20;660
1;2025-11-01;21;421
1;2025-11-01;22;173
1;2025-11-01;23;40
1;2025-11-02;0;1
1;2025-11-02;1;0
1;2025-11-02;2;0
1;2025-11-02;3;0
1;2025-11-02;4;0
1;2025-11-02;5;22
1;2025-11-02;6;114
1;2025-11-02;7;252
1;2025-11-02;8;346
1;2025-11-02;9;583
1;2025-11-02;10;668
1;2025-11-02;11;696
1;2025-11-02;12;805
1;2025-11-02;13;829
1;2025-11-02;14;779
1;2025-11-02;15;692
1;2025-11-02;16;634
1;2025-11-02;17;563
1;2025-11-02;18;500
1;2025-11-02;19;437
1;2025-11-02;20;325
1;2025-11-02;21;260
1;2025-11-02;22;98
1;2025-11-02;23;27
1;2025-11-03;0;2
1;2025-11-03;1;0
1;2025-11-03;2;0
1;2025-11-03;3;0
1;2025-11-03;4;0
1;2025-11-03;5;24
1;2025-11-03;6;124
1;2025-11-03;7;275
1;2025-11-03;8;378
1;2025-11-03;9;618
1;2025-11-03;10;720
1;2025-11-03;11;734
1;2025-11-03;12;860
1;2025-11-03;13;890
1;2025-11-03;14;832
1;2025-11-03;15;735
1;2025-11-03;16;663
1;2025-11-03;17;597
1;2025-11-03;18;529
1;2025-11-03;19;461
1;2025-11-03;20;348
1;2025-11-03;21;268
1;2025-11-03;22;104
1;2025-11-03;23;27
1;2025-11-04;0;2
1;2025-11-04;1;0
1;2025-11-04;2;0
1;2025-11-04;3;0
1;2025-11-04;4;0
1;2025-11-04;5;21
1;2025-11-04;6;109
1;2025-11-04;7;240
1;2025-11-04;8;330
1;2025-11-04;9;546
1;2025-11-04;10;632
1;2025-11-04;11;651
1;2025-11-04;12;758
1;2025-11-04;13;783
1;2025-11-04;14;734
1;2025-11-04;15;649
1;2025-11-04;16;589
1;2025-11-04;17;528
1;2025-11-04;18;468
1;2025-11-04;19;409
1;2025-11-04;20;306
1;2025-11-04;21;240
1;2025-11-04;22;92
1;2025-11-04;23;25
1;2025-11-05;0;3
1;2025-11-05;1;0
1;2025-11-05;2;0
1;2025-11-05;3;0
1;2025-11-05;4;8
1;2025-11-05;5;138
1;2025-11-05;6;554
1;2025-11-05;7;1469
1;2025-11-05;8;1983
1;2025-11-05;9;1472
1;2025-11-05;10;1370
1;2025-11-05;11;1342
1;2025-11-05;12;1412
1;2025-11-05;13;1469
1;2025-11-05;14;1390
1;2025-11-05;15;1521
1;2025-11-05;16;1526
1;2025-11-05;17;1797
1;2025-11-05;18;1797
1;2025-11-05;19;1348
1;2025-11-05;20;889
1;2025-11-05;21;496
1;2025-11-05;22;214
1;2025-11-05;23;36
1;2025-11-06;0;6
1;2025-11-06;1;0
1;2025-11-06;2;0
1;2025-11-06;3;0
1;2025-11-06;4;10
1;2025-11-06;5;119
1;2025-11-06;6;492
1;2025-11-06;7;1486
1;2025-11-06;8;1960
1;2025-11-06;9;1490
1;2025-11-06;10;1392
1;2025-11-06;11;1383
1;2025-11-06;12;1431
1;2025-11-06;13;1438
1;2025-11-06;14;1419
1;2025-11-06;15;1509
1;2025-11-06;16;1546
1;2025-11-06;17;1793
1;2025-11-06;18;1842
1;2025-11-06;19;1333
1;2025-11-06;20;894
1;2025-11-06;21;477
1;2025-11-06;22;195
1;2025-11-06;23;39
1;2025-11-07;0;4
1;2025-11-07;1;0
1;2025-11-07;2;0
1;2025-11-07;3;0
1;2025-11-07;4;7
1;2025-11-07;5;136
1;2025-11-07;6;499
1;2025-11-07;7;1502
1;2025-11-07;8;1819
1;2025-11-07;9;1453
1;2025-11-07;10;1313
1;2025-11-07;11;1374
1;2025-11-07;12;1376
1;2025-11-07;13;1410
1;2025-11-07;14;1352
1;2025-11-07;15;1498
1;2025-11-07;16;1607
1;2025-11-07;17;1816
1;2025-11-07;18;1519
1;2025-11-07;19;1241
1;2025-11-07;20;813
1;2025-11-07;21;494
1;2025-11-07;22;204
1;2025-11-07;23;44
1;2025-11-08;0;5
1;2025-11-08;1;0
1;2025-11-08;2;0
1;2025-11-08;3;0
1;2025-11-08;4;0
1;2025-11-08;5;35
1;2025-11-08;6;163
1;2025-11-08;7;364
1;2025-11-08;8;513
1;2025-11-08;9;766
1;2025-11-08;10;918
1;2025-11-08;11;915
1;2025-11-08;12;1074
1;2025-11-08;13;1107
1;2025-11-08;14;1049
1;2025-11-08;15;922
1;2025-11-08;16;823
1;2025-11-08;17;759
1;2025-11-08;18;666
1;2025-11-08;19;582
1;2025-11-08;20;442
1;2025-11-08;21;309
1;2025-11-08;22;132
1;2025-11-08;23;29
1;2025-11-09;0;1
1;2025-11-09;1;0
1;2025-11-09;2;0
1;2025-11-09;3;0
1;2025-11-09;4;0
1;2025-11-09;5;23
1;2025-11-09;6;116
1;2025-11-09;7;262
1;2025-11-09;8;358
1;2025-11-09;9;603
1;2025-11-09;10;685
1;2025-11-09;11;732
1;2025-11-09;12;831
1;2025-11-09;13;856
1;2025-11-09;14;816
1;2025-11-09;15;731
1;2025-11-09;16;678
1;2025-11-09;17;611
1;2025-11-09;18;529
1;2025-11-09;19;457
1;2025-11-09;20;340
1;2025-11-09;21;268
1;2025-11-09;22;109
1;2025-11-09;23;28
1;2025-11-10;0;0
1;2025-11-10;1;0
1;2025-11-10;2;0
1;2025-11-10;3;0
1;2025-11-10;4;9
1;2025-11-10;5;139
1;2025-11-10;6;513
1;2025-11-10;7;1474
1;2025-11-10;8;1940
1;2025-11-10;9;1476
1;2025-11-10;10;1304
1;2025-11-10;11;1299
1;2025-11-10;12;1392
1;2025-11-10;13;1430
1;2025-11-10;14;1427
1;2025-11-10;15;1527
1;2025-11-10;16;1603
1;2025-11-10;17;1873
1;2025-11-10;18;1949
1;2025-11-10;19;1428
1;2025-11-10;20;900
1;2025-11-10;21;462
1;2025-11-10;22;181
1;2025-11-10;23;43
1;2025-11-11;0;5
1;2025-11-11;1;0
1;2025-11-11;2;0
1;2025-11-11;3;1
1;2025-11-11;4;11
1;2025-11-11;5;116
1;2025-11-11;6;519
1;2025-11-11;7;1535
1;2025-11-11;8;1931
1;2025-11-11;9;1514
1;2025-11-11;10;1376
1;2025-11-11;11;1349
1;2025-11-11;12;1383
1;2025-11-11;13;1417
1;2025-11-11;14;1294
1;2025-11-11;15;1416
1;2025-11-11;16;1489
1;2025-11-11;17;1791
1;2025-11-11;18;1805
1;2025-11-11;19;1406
1;2025-11-11;20;875
1;2025-11-11;21;489
1;2025-11-11;22;194
1;2025-11-11;23;39
1;2025-11-12;0;3
1;2025-11-12;1;0
1;2025-11-12;2;0
1;2025-11-12;3;0
1;2025-11-12;4;8
1;2025-11-12;5;138
1;2025-11-12;6;554
1;2025-11-12;7;1469
1;2025-11-12;8;1983
1;2025-11-12;9;1472
1;2025-11-12;10;1370
1;2025-11-12;11;1342
1;2025-11-12;12;1412
1;2025-11-12;13;1469
1;2025-11-12;14;1390
1;2025-11-12;15;1521
1;2025-11-12;16;1526
1;2025-11-12;17;1797
1;2025-11-12;18;1797
1;2025-11-12;19;1348
1;2025-11-12;20;889
1;2025-11-12;21;496
1;2025-11-12;22;214
1;2025-11-12;23;36
1;2025-11-13;0;6
1;2025-11-13;1;0
1;2025-11-13;2;0
1;2025-11-13;3;0
1;2025-11-13;4;10
1;2025-11-13;5;119
1;2025-11-13;6;492
1;2025-11-13;7;1486
1;2025-11-13;8;1960
1;2025-11-13;9;1490
1;2025-11-13;10;1392
1;2025-11-13;11;1383
1;2025-11-13;12;1431
1;2025-11-13;13;1438
1;2025-11-13;14;1419
1;2025-11-13;15;1509
1;2025-11-13;16;1546
1;2025-11-13;17;1793
1;2025-11-13;18;1842
1;2025-11-13;19;1332
1;2025-11-13;20;893
1;2025-11-13;21;477
1;2025-11-13;22;195
1;2025-11-13;23;39
1;2025-11-14;0;4
1;2025-11-14;1;0
1;2025-11-14;2;0
1;2025-11-14;3;0
1;2025-11-14;4;7
1;2025-11-14;5;136
1;2025-11-14;6;499
1;2025-11-14;7;1502
1;2025-11-14;8;1819
1;2025-11-14;9;1453
1;2025-11-14;10;1313
1;2025-11-14;11;1375
1;2025-11-14;12;1376
1;2025-11-14;13;1410
1;2025-11-14;14;1352
1;2025-11-14;15;1498
1;2025-11-14;16;1607
1;2025-11-14;17;1817
1;2025-11-14;18;1519
1;2025-11-14;19;1241
1;2025-11-14;20;813
1;2025-11-14;21;493
1;2025-11-14;22;204
1;2025-11-14;23;44
1;2025-11-15;0;5
1;2025-11-15;1;0
1;2025-11-15;2;0
1;2025-11-15;3;0
1;2025-11-15;4;0
1;2025-11-15;5;35
1;2025-11-15;6;163
1;2025-11-15;7;364
1;2025-11-15;8;513
1;2025-11-15;9;766
1;2025-11-15;10;918
1;2025-11-15;11;915
1;2025-11-15;12;1074
1;2025-11-15;13;1107
1;2025-11-15;14;1049
1;2025-11-15;15;922
1;2025-11-15;16;823
1;2025-11-15;17;759
1;2025-11-15;18;666
1;2025-11-15;19;582
1;2025-11-15;20;442
1;2025-11-15;21;309
1;2025-11-15;22;132
1;2025-11-15;23;29
1;2025-11-16;0;1
1;2025-11-16;1;0
1;2025-11-16;2;0
1;2025-11-16;3;0
1;2025-11-16;4;0
1;2025-11-16;5;23
1;2025-11-16;6;116
1;2025-11-16;7;263
1;2025-11-16;8;359
1;2025-11-16;9;603
1;2025-11-16;10;686
1;2025-11-16;11;733
1;2025-11-16;12;832
1;2025-11-16;13;856
1;2025-11-16;14;817
1;2025-11-16;15;731
1;2025-11-16;16;678
1;2025-11-16;17;611
1;2025-11-16;18;529
1;2025-11-16;19;457
1;2025-11-16;20;341
1;2025-11-16;21;268
1;2025-11-16;22;109
1;2025-11-16;23;28
1;2025-11-17;0;0
1;2025-11-17;1;0
1;2025-11-17;2;0
1;2025-11-17;3;0
1;2025-11-17;4;9
1;2025-11-17;5;139
1;2025-11-17;6;513
1;2025-11-17;7;1477
1;2025-11-17;8;1943
1;2025-11-17;9;1478
1;2025-11-17;10;1306
1;2025-11-17;11;1301
1;2025-11-17;12;1395
1;2025-11-17;13;1432
1;2025-11-17;14;1429
1;2025-11-17;15;1530
1;2025-11-17;16;1605
1;2025-11-17;17;1876
1;2025-11-17;18;1952
1;2025-11-17;19;1430
1;2025-11-17;20;902
1;2025-11-17;21;463
1;2025-11-17;22;182
1;2025-11-17;23;43
1;2025-11-18;0;5
1;2025-11-18;1;0
1;2025-11-18;2;0
1;2025-11-18;3;1
1;2025-11-18;4;11
1;2025-11-18;5;116
1;2025-11-18;6;521
1;2025-11-18;7;1538
1;2025-11-18;8;1935
1;2025-11-18;9;1517
1;2025-11-18;10;1379
1;2025-11-18;11;1352
1;2025-11-18;12;1386
1;2025-11-18;13;1420
1;2025-11-18;14;1297
1;2025-11-18;15;1419
1;2025-11-18;16;1493
1;2025-11-18;17;1795
1;2025-11-18;18;1809
1;2025-11-18;19;1409
1;2025-11-18;20;877
1;2025-11-18;21;491
1;2025-11-18;22;194
1;2025-11-18;23;39
1;2025-11-19;0;3
1;2025-11-19;1;0
1;2025-11-19;2;0
1;2025-11-19;3;0
1;2025-11-19;4;8
1;2025-11-19;5;139
1;2025-11-19;6;556
1;2025-11-19;7;1473
1;2025-11-19;8;1989
1;2025-11-19;9;1477
1;2025-11-19;10;1374
1;2025-11-19;11;1347
1;2025-11-19;12;1416
1;2025-11-19;13;1474
1;2025-11-19;14;1394
1;2025-11-19;15;1526
1;2025-11-19;16;1531
1;2025-11-19;17;1803
1;2025-11-19;18;1802
1;2025-11-19;19;1352
1;2025-11-19;20;892
1;2025-11-19;21;498
1;2025-11-19;22;215
1;2025-11-19;23;35
1;2025-11-20;0;6
1;2025-11-20;1;0
1;2025-11-20;2;0
1;2025-11-20;3;0
1;2025-11-20;4;10
1;2025-11-20;5;120
1;2025-11-20;6;494
1;2025-11-20;7;1491
1;2025-11-20;8;1968
1;2025-11-20;9;1496
1;2025-11-20;10;1397
1;2025-11-20;11;1388
1;2025-11-20;12;1437
1;2025-11-20;13;1443
1;2025-11-20;14;1425
1;2025-11-20;15;1515
1;2025-11-20;16;1552
1;2025-11-20;17;1801
1;2025-11-20;18;1850
1;2025-11-20;19;1338
1;2025-11-20;20;897
1;2025-11-20;21;479
1;2025-11-20;22;195
1;2025-11-20;23;39
1;2025-11-21;0;4
1;2025-11-21;1;0
1;2025-11-21;2;0
1;2025-11-21;3;0
1;2025-11-21;4;7
1;2025-11-21;5;137
1;2025-11-21;6;501
1;2025-11-21;7;1508
1;2025-11-21;8;1828
1;2025-11-21;9;1460
1;2025-11-21;10;1319
1;2025-11-21;11;1381
1;2025-11-21;12;1383
1;2025-11-21;13;1417
1;2025-11-21;14;1359
1;2025-11-21;15;1505
1;2025-11-21;16;1615
1;2025-11-21;17;1825
1;2025-11-21;18;1527
1;2025-11-21;19;1247
1;2025-11-21;20;817
1;2025-11-21;21;495
1;2025-11-21;22;205
1;2025-11-21;23;44
1;2025-11-22;0;5
1;2025-11-22;1;0
1;2025-11-22;2;0
1;2025-11-22;3;0
1;2025-11-22;4;0
1;2025-11-22;5;35
1;2025-11-22;6;163
1;2025-11-22;7;366
1;2025-11-22;8;516
1;2025-11-22;9;770
1;2025-11-22;10;923
1;2025-11-22;11;920
1;2025-11-22;12;1080
1;2025-11-22;13;1113
1;2025-11-22;14;1055
1;2025-11-22;15;927
1;2025-11-22;16;828
1;2025-11-22;17;763
1;2025-11-22;18;670
1;2025-11-22;19;586
1;2025-11-22;20;445
1;2025-11-22;21;310
1;2025-11-22;22;133
1;2025-11-22;23;29
1;2025-11-23;0;1
1;2025-11-23;1;0
1;2025-11-23;2;0
1;2025-11-23;3;0
1;2025-11-23;4;0
1;2025-11-23;5;23
1;2025-11-23;6;117
1;2025-11-23;7;264
1;2025-11-23;8;361
1;2025-11-23;9;606
1;2025-11-23;10;689
1;2025-11-23;11;737
1;2025-11-23;12;836
1;2025-11-23;13;861
1;2025-11-23;14;821
1;2025-11-23;15;735
1;2025-11-23;16;682
1;2025-11-23;17;615
1;2025-11-23;18;532
1;2025-11-23;19;459
1;2025-11-23;20;342
1;2025-11-23;21;269
1;2025-11-23;22;109
1;2025-11-23;23;28
1;2025-11-24;0;0
1;2025-11-24;1;0
1;2025-11-24;2;0
1;2025-11-24;3;0
1;2025-11-24;4;9
1;2025-11-24;5;140
1;2025-11-24;6;516
1;2025-11-24;7;1485
1;2025-11-24;8;1954
1;2025-11-24;9;1486
1;2025-11-24;10;1314
1;2025-11-24;11;1308
1;2025-11-24;12;1402
1;2025-11-24;13;1440
1;2025-11-24;14;1437
1;2025-11-24;15;1538
1;2025-11-24;16;1614
1;2025-11-24;17;1886
1;2025-11-24;18;1962
1;2025-11-24;19;1438
1;2025-11-24;20;907
1;2025-11-24;21;465
1;2025-11-24;22;182
1;2025-11-24;23;43
1;2025-11-25;0;5
1;2025-11-25;1;0
1;2025-11-25;2;0
1;2025-11-25;3;1
1;2025-11-25;4;11
1;2025-11-25;5;117
1;2025-11-25;6;523
1;2025-11-25;7;1546
1;2025-11-25;8;1946
1;2025-11-25;9;1525
1;2025-11-25;10;1386
1;2025-11-25;11;1359
1;2025-11-25;12;1393
1;2025-11-25;13;1428
1;2025-11-25;14;1305
1;2025-11-25;15;1427
1;2025-11-25;16;1501
1;2025-11-25;17;1805
1;2025-11-25;18;1819
1;2025-11-25;19;1417
1;2025-11-25;20;882
1;2025-11-25;21;494
1;2025-11-25;22;195
1;2025-11-25;23;39
1;2025-11-26;0;3
1;2025-11-26;1;0
1;2025-11-26;2;0
1;2025-11-26;3;0
1;2025-11-26;4;8
1;2025-11-26;5;139
1;2025-11-26;6;559
1;2025-11-26;7;1481
1;2025-11-26;8;1999
1;2025-11-26;9;1485
1;2025-11-26;10;1382
1;2025-11-26;11;1354
1;2025-11-26;12;1424
1;2025-11-26;13;1482
1;2025-11-26;14;1402
1;2025-11-26;15;1534
1;2025-11-26;16;1540
1;2025-11-26;17;1813
1;2025-11-26;18;1812
1;2025-11-26;19;1360
1;2025-11-26;20;897
1;2025-11-26;21;501
1;2025-11-26;22;216
1;2025-11-26;23;36
1;2025-11-27;0;6
1;2025-11-27;1;0
1;2025-11-27;2;0
1;2025-11-27;3;0
1;2025-11-27;4;10
1;2025-11-27;5;121
1;2025-11-27;6;497
1;2025-11-27;7;1499
1;2025-11-27;8;1978
1;2025-11-27;9;1504
1;2025-11-27;10;1405
1;2025-11-27;11;1396
1;2025-11-27;12;1445
1;2025-11-27;13;1451
1;2025-11-27;14;1433
1;2025-11-27;15;1523
1;2025-11-27;16;1560
1;2025-11-27;17;1811
1;2025-11-27;18;1860
1;2025-11-27;19;1345
1;2025-11-27;20;901
1;2025-11-27;21;481
1;2025-11-27;22;196
1;2025-11-27;23;39
1;2025-11-28;0;4
1;2025-11-28;1;0
1;2025-11-28;2;0
1;2025-11-28;3;0
1;2025-11-28;4;7
1;2025-11-28;5;137
1;2025-11-28;6;504
1;2025-11-28;7;1516
1;2025-11-28;8;1838
1;2025-11-28;9;1468
1;2025-11-28;10;1326
1;2025-11-28;11;1389
1;2025-11-28;12;1391
1;2025-11-28;13;1425
1;2025-11-28;14;1366
1;2025-11-28;15;1513
1;2025-11-28;16;1623
1;2025-11-28;17;1835
1;2025-11-28;18;1535
1;2025-11-28;19;1254
1;2025-11-28;20;821
1;2025-11-28;21;498
1;2025-11-28;22;206
1;2025-11-28;23;44
1;2025-11-29;0;5
1;2025-11-29;1;0
1;2025-11-29;2;0
1;2025-11-29;3;0
1;2025-11-29;4;0
1;2025-11-29;5;35
1;2025-11-29;6;164
1;2025-11-29;7;368
1;2025-11-29;8;519
1;2025-11-29;9;774
1;2025-11-29;10;928
1;2025-11-29;11;925
1;2025-11-29;12;1085
1;2025-11-29;13;1118
1;2025-11-29;14;1061
1;2025-11-29;15;932
1;2025-11-29;16;833
1;2025-11-29;17;768
1;2025-11-29;18;674
1;2025-11-29;19;589
1;2025-11-29;20;447
1;2025-11-29;21;312
1;2025-11-29;22;134
1;2025-11-29;23;29
1;2025-11-30;0;1
1;2025-11-30;1;0
1;2025-11-30;2;0
1;2025-11-30;3;0
1;2025-11-30;4;0
1;2025-11-30;5;23
1;2025-11-30;6;118
1;2025-11-30;7;265
1;2025-11-30;8;362
1;2025-11-30;9;609
1;2025-11-30;10;693
1;2025-11-30;11;741
1;2025-11-30;12;840
1;2025-11-30;13;866
1;2025-11-30;14;826
1;2025-11-30;15;739
1;2025-11-30;16;686
1;2025-11-30;17;619
1;2025-11-30;18;535
1;2025-11-30;19;462
1;2025-11-30;20;344
1;2025-11-30;21;271
1;2025-11-30;22;110
1;2025-11-30;23;28
1;2025-12-01;0;0
1;2025-12-01;1;0
1;2025-12-01;2;0
1;2025-12-01;3;0
1;2025-12-01;4;9
1;2025-12-01;5;141
1;2025-12-01;6;519
1;2025-12-01;7;1493
1;2025-12-01;8;1964
1;2025-12-01;9;1494
1;2025-12-01;10;1321
1;2025-12-01;11;1315
1;2025-12-01;12;1410
1;2025-12-01;13;1448
1;2025-12-01;14;1444
1;2025-12-01;15;1546
1;2025-12-01;16;1622
1;2025-12-01;17;1896
1;2025-12-01;18;1972
1;2025-12-01;19;1446
1;2025-12-01;20;912
1;2025-12-01;21;468
1;2025-12-01;22;184
1;2025-12-01;23;43
1;2025-12-02;0;5
1;2025-12-02;1;0
1;2025-12-02;2;0
1;2025-12-02;3;1
1;2025-12-02;4;11
1;2025-12-02;5;117
1;2025-12-02;6;526
1;2025-12-02;7;1554
1;2025-12-02;8;1956
1;2025-12-02;9;1534
1;2025-12-02;10;1394
1;2025-12-02;11;1367
1;2025-12-02;12;1401
1;2025-12-02;13;1436
1;2025-12-02;14;1312
1;2025-12-02;15;1435
1;2025-12-02;16;1509
1;2025-12-02;17;1815
1;2025-12-02;18;1829
1;2025-12-02;19;1424
1;2025-12-02;20;887
1;2025-12-02;21;496
1;2025-12-02;22;196
1;2025-12-02;23;39
1;2025-12-03;0;3
1;2025-12-03;1;0
1;2025-12-03;2;0
1;2025-12-03;3;0
1;2025-12-03;4;8
1;2025-12-03;5;140
1;2025-12-03;6;562
1;2025-12-03;7;1489
1;2025-12-03;8;2010
1;2025-12-03;9;1493
1;2025-12-03;10;1389
1;2025-12-03;11;1362
1;2025-12-03;12;1431
1;2025-12-03;13;1489
1;2025-12-03;14;1409
1;2025-12-03;15;1541
1;2025-12-03;16;1548
1;2025-12-03;17;1823
1;2025-12-03;18;1822
1;2025-12-03;19;1368
1;2025-12-03;20;902
1;2025-12-03;21;504
1;2025-12-03;22;218
1;2025-12-03;23;36
1;2025-12-04;0;6
1;2025-12-04;1;0
1;2025-12-04;2;0
1;2025-12-04;3;0
1;2025-12-04;4;10
1;2025-12-04;5;121
1;2025-12-04;6;498
1;2025-12-04;7;1504
1;2025-12-04;8;1985
1;2025-12-04;9;1509
1;2025-12-04;10;1410
1;2025-12-04;11;1400
1;2025-12-04;12;1450
1;2025-12-04;13;1457
1;2025-12-04;14;1438
1;2025-12-04;15;1531
1;2025-12-04;16;1569
1;2025-12-04;17;1820
1;2025-12-04;18;1870
1;2025-12-04;19;1354
1;2025-12-04;20;910
1;2025-12-04;21;489
1;2025-12-04;22;205
1;2025-12-04;23;46
1;2025-12-05;0;4
1;2025-12-05;1;0
1;2025-12-05;2;0
1;2025-12-05;3;0
1;2025-12-05;4;7
1;2025-12-05;5;138
1;2025-12-05;6;506
1;2025-12-05;7;1521
1;2025-12-05;8;1844
1;2025-12-05;9;1473
1;2025-12-05;10;1331
1;2025-12-05;11;1393
1;2025-12-05;12;1395
1;2025-12-05;13;1430
1;2025-12-05;14;1371
1;2025-12-05;15;1520
1;2025-12-05;16;1631
1;2025-12-05;17;1843
1;2025-12-05;18;1546
1;2025-12-05;19;1263
1;2025-12-05;20;829
1;2025-12-05;21;507
1;2025-12-05;22;215
1;2025-12-05;23;52
1;2025-12-06;0;5
1;2025-12-06;1;0
1;2025-12-06;2;0
1;2025-12-06;3;0
1;2025-12-06;4;0
1;2025-12-06;5;34
1;2025-12-06;6;164
1;2025-12-06;7;368
1;2025-12-06;8;520
1;2025-12-06;9;777
1;2025-12-06;10;930
1;2025-12-06;11;927
1;2025-12-06;12;1089
1;2025-12-06;13;1122
1;2025-12-06;14;1065
1;2025-12-06;15;937
1;2025-12-06;16;838
1;2025-12-06;17;772
1;2025-12-06;18;679
1;2025-12-06;19;595
1;2025-12-06;20;452
1;2025-12-06;21;317
1;2025-12-06;22;139
1;2025-12-06;23;33
1;2025-12-07;0;1
1;2025-12-07;1;0
1;2025-12-07;2;0
1;2025-12-07;3;0
1;2025-12-07;4;0
1;2025-12-07;5;22
1;2025-12-07;6;117
1;2025-12-07;7;265
1;2025-12-07;8;363
1;2025-12-07;9;611
1;2025-12-07;10;694
1;2025-12-07;11;742
1;2025-12-07;12;842
1;2025-12-07;13;868
1;2025-12-07;14;828
1;2025-12-07;15;744
1;2025-12-07;16;690
1;2025-12-07;17;623
1;2025-12-07;18;540
1;2025-12-07;19;467
1;2025-12-07;20;349
1;2025-12-07;21;276
1;2025-12-07;22;114
1;2025-12-07;23;32
1;2025-12-08;0;0
1;2025-12-08;1;0
1;2025-12-08;2;0
1;2025-12-08;3;0
1;2025-12-08;4;9
1;2025-12-08;5;139
1;2025-12-08;6;519
1;2025-12-08;7;1496
1;2025-12-08;8;1970
1;2025-12-08;9;1498
1;2025-12-08;10;1324
1;2025-12-08;11;1318
1;2025-12-08;12;1413
1;2025-12-08;13;1452
1;2025-12-08;14;1448
1;2025-12-08;15;1555
1;2025-12-08;16;1633
1;2025-12-08;17;1908
1;2025-12-08;18;1986
1;2025-12-08;19;1458
1;2025-12-08;20;921
1;2025-12-08;21;478
1;2025-12-08;22;192
1;2025-12-08;23;51
1;2025-12-09;0;5
1;2025-12-09;1;0
1;2025-12-09;2;0
1;2025-12-09;3;1
1;2025-12-09;4;11
1;2025-12-09;5;115
1;2025-12-09;6;526
1;2025-12-09;7;1559
1;2025-12-09;8;1963
1;2025-12-09;9;1538
1;2025-12-09;10;1397
1;2025-12-09;11;1370
1;2025-12-09;12;1405
1;2025-12-09;13;1440
1;2025-12-09;14;1316
1;2025-12-09;15;1444
1;2025-12-09;16;1519
1;2025-12-09;17;1826
1;2025-12-09;18;1842
1;2025-12-09;19;1435
1;2025-12-09;20;895
1;2025-12-09;21;505
1;2025-12-09;22;205
1;2025-12-09;23;46
1;2025-12-10;0;3
1;2025-12-10;1;0
1;2025-12-10;2;0
1;2025-12-10;3;0
1;2025-12-10;4;8
1;2025-12-10;5;138
1;2025-12-10;6;561
1;2025-12-10;7;1493
1;2025-12-10;8;2016
1;2025-12-10;9;1497
1;2025-12-10;10;1392
1;2025-12-10;11;1364
1;2025-12-10;12;1435
1;2025-12-10;13;1494
1;2025-12-10;14;1413
1;2025-12-10;15;1551
1;2025-12-10;16;1558
1;2025-12-10;17;1834
1;2025-12-10;18;1836
1;2025-12-10;19;1379
1;2025-12-10;20;911
1;2025-12-10;21;514
1;2025-12-10;22;226
1;2025-12-10;23;45
1;2025-12-11;0;6
1;2025-12-11;1;0
1;2025-12-11;2;0
1;2025-12-11;3;0
1;2025-12-11;4;10
1;2025-12-11;5;119
1;2025-12-11;6;499
1;2025-12-11;7;1512
1;2025-12-11;8;1995
1;2025-12-11;9;1516
1;2025-12-11;10;1417
1;2025-12-11;11;1407
1;2025-12-11;12;1456
1;2025-12-11;13;1464
1;2025-12-11;14;1444
1;2025-12-11;15;1540
1;2025-12-11;16;1579
1;2025-12-11;17;1832
1;2025-12-11;18;1883
1;2025-12-11;19;1364
1;2025-12-11;20;915
1;2025-12-11;21;493
1;2025-12-11;22;206
1;2025-12-11;23;47
1;2025-12-12;0;4
1;2025-12-12;1;0
1;2025-12-12;2;0
1;2025-12-12;3;0
1;2025-12-12;4;7
1;2025-12-12;5;136
1;2025-12-12;6;507
1;2025-12-12;7;1528
1;2025-12-12;8;1853
1;2025-12-12;9;1480
1;2025-12-12;10;1337
1;2025-12-12;11;1400
1;2025-12-12;12;1402
1;2025-12-12;13;1436
1;2025-12-12;14;1377
1;2025-12-12;15;1529
1;2025-12-12;16;1642
1;2025-12-12;17;1855
1;2025-12-12;18;1557
1;2025-12-12;19;1271
1;2025-12-12;20;835
1;2025-12-12;21;511
1;2025-12-12;22;217
1;2025-12-12;23;52
1;2025-12-13;0;5
1;2025-12-13;1;0
1;2025-12-13;2;0
1;2025-12-13;3;0
1;2025-12-13;4;0
1;2025-12-13;5;34
1;2025-12-13;6;165
1;2025-12-13;7;370
1;2025-12-13;8;523
1;2025-12-13;9;781
1;2025-12-13;10;935
1;2025-12-13;11;933
1;2025-12-13;12;1095
1;2025-12-13;13;1128
1;2025-12-13;14;1070
1;2025-12-13;15;943
1;2025-12-13;16;843
1;2025-12-13;17;777
1;2025-12-13;18;683
1;2025-12-13;19;598
1;2025-12-13;20;455
1;2025-12-13;21;319
1;2025-12-13;22;139
1;2025-12-13;23;33
1;2025-12-14;0;1
1;2025-12-14;1;0
1;2025-12-14;2;0
1;2025-12-14;3;0
1;2025-12-14;4;0
1;2025-12-14;5;22
1;2025-12-14;6;118
1;2025-12-14;7;267
1;2025-12-14;8;365
1;2025-12-14;9;614
1;2025-12-14;10;698
1;2025-12-14;11;746
1;2025-12-14;12;847
1;2025-12-14;13;872
1;2025-12-14;14;832
1;2025-12-14;15;748
1;2025-12-14;16;694
1;2025-12-14;17;626
1;2025-12-14;18;543
1;2025-12-14;19;469
1;2025-12-14;20;351
1;2025-12-14;21;277
1;2025-12-14;22;115
1;2025-12-14;23;32
1;2025-12-15;0;0
1;2025-12-15;1;0
1;2025-12-15;2;0
1;2025-12-15;3;0
1;2025-12-15;4;9
1;2025-12-15;5;140
1;2025-12-15;6;521
1;2025-12-15;7;1504
1;2025-12-15;8;1980
1;2025-12-15;9;1506
1;2025-12-15;10;1331
1;2025-12-15;11;1325
1;2025-12-15;12;1421
1;2025-12-15;13;1460
1;2025-12-15;14;1456
1;2025-12-15;15;1563
1;2025-12-15;16;1641
1;2025-12-15;17;1918
1;2025-12-15;18;1996
1;2025-12-15;19;1465
1;2025-12-15;20;926
1;2025-12-15;21;480
1;2025-12-15;22;193
1;2025-12-15;23;51
1;2025-12-16;0;5
1;2025-12-16;1;0
1;2025-12-16;2;0
1;2025-12-16;3;1
1;2025-12-16;4;11
1;2025-12-16;5;116
1;2025-12-16;6;529
1;2025-12-16;7;1567
1;2025-12-16;8;1973
1;2025-12-16;9;1546
1;2025-12-16;10;1405
1;2025-12-16;11;1377
1;2025-12-16;12;1413
1;2025-12-16;13;1448
1;2025-12-16;14;1323
1;2025-12-16;15;1452
1;2025-12-16;16;1528
1;2025-12-16;17;1836
1;2025-12-16;18;1852
1;2025-12-16;19;1443
1;2025-12-16;20;900
1;2025-12-16;21;508
1;2025-12-16;22;206
1;2025-12-16;23;47
1;2025-12-17;0;3
1;2025-12-17;1;0
1;2025-12-17;2;0
1;2025-12-17;3;0
1;2025-12-17;4;8
1;2025-12-17;5;139
1;2025-12-17;6;564
1;2025-12-17;7;1501
1;2025-12-17;8;2026
1;2025-12-17;9;1505
1;2025-12-17;10;1400
1;2025-12-17;11;1372
1;2025-12-17;12;1443
1;2025-12-17;13;1502
1;2025-12-17;14;1421
1;2025-12-17;15;1559
1;2025-12-17;16;1567
1;2025-12-17;17;1844
1;2025-12-17;18;1845
1;2025-12-17;19;1386
1;2025-12-17;20;915
1;2025-12-17;21;517
1;2025-12-17;22;228
1;2025-12-17;23;45
1;2025-12-18;0;6
1;2025-12-18;1;0
1;2025-12-18;2;0
1;2025-12-18;3;0
1;2025-12-18;4;10
1;2025-12-18;5;120
1;2025-12-18;6;502
1;2025-12-18;7;1520
1;2025-12-18;8;2005
1;2025-12-18;9;1524
1;2025-12-18;10;1424
1;2025-12-18;11;1414
1;2025-12-18;12;1464
1;2025-12-18;13;1472
1;2025-12-18;14;1452
1;2025-12-18;15;1549
1;2025-12-18;16;1588
1;2025-12-18;17;1842
1;2025-12-18;18;1893
1;2025-12-18;19;1371
1;2025-12-18;20;920
1;2025-12-18;21;496
1;2025-12-18;22;207
1;2025-12-18;23;47
1;2025-12-19;0;4
1;2025-12-19;1;0
1;2025-12-19;2;0
1;2025-12-19;3;0
1;2025-12-19;4;7
1;2025-12-19;5;137
1;2025-12-19;6;509
1;2025-12-19;7;1536
1;2025-12-19;8;1863
1;2025-12-19;9;1488
1;2025-12-19;10;1344
1;2025-12-19;11;1407
1;2025-12-19;12;1409
1;2025-12-19;13;1444
1;2025-12-19;14;1385
1;2025-12-19;15;1537
1;2025-12-19;16;1650
1;2025-12-19;17;1865
1;2025-12-19;18;1565
1;2025-12-19;19;1278
1;2025-12-19;20;840
1;2025-12-19;21;514
1;2025-12-19;22;218
1;2025-12-19;23;53
1;2025-12-20;0;5
1;2025-12-20;1;0
1;2025-12-20;2;0
1;2025-12-20;3;0
1;2025-12-20;4;0
1;2025-12-20;5;34
1;2025-12-20;6;165
1;2025-12-20;7;372
1;2025-12-20;8;526
1;2025-12-20;9;785
1;2025-12-20;10;940
1;2025-12-20;11;938
1;2025-12-20;12;1100
1;2025-12-20;13;1134
1;2025-12-20;14;1076
1;2025-12-20;15;948
1;2025-12-20;16;848
1;2025-12-20;17;781
1;2025-12-20;18;687
1;2025-12-20;19;602
1;2025-12-20;20;457
1;2025-12-20;21;321
1;2025-12-20;22;140
1;2025-12-20;23;34
1;2025-12-21;0;1
1;2025-12-21;1;0
1;2025-12-21;2;0
1;2025-12-21;3;0
1;2025-12-21;4;0
1;2025-12-21;5;22
1;2025-12-21;6;118
1;2025-12-21;7;268
1;2025-12-21;8;366
1;2025-12-21;9;617
1;2025-12-21;10;702
1;2025-12-21;11;750
1;2025-12-21;12;851
1;2025-12-21;13;877
1;2025-12-21;14;837
1;2025-12-21;15;752
1;2025-12-21;16;698
1;2025-12-21;17;629
1;2025-12-21;18;546
1;2025-12-21;19;471
1;2025-12-21;20;352
1;2025-12-21;21;279
1;2025-12-21;22;116
1;2025-12-21;23;32
1;2025-12-22;0;0
1;2025-12-22;1;0
1;2025-12-22;2;0
1;2025-12-22;3;0
1;2025-12-22;4;9
1;2025-12-22;5;141
1;2025-12-22;6;524
1;2025-12-22;7;1512
1;2025-12-22;8;1990
1;2025-12-22;9;1514
1;2025-12-22;10;1339
1;2025-12-22;11;1333
1;2025-12-22;12;1429
1;2025-12-22;13;1468
1;2025-12-22;14;1464
1;2025-12-22;15;1571
1;2025-12-22;16;1650
1;2025-12-22;17;1928
1;2025-12-22;18;2007
1;2025-12-22;19;1473
1;2025-12-22;20;931
1;2025-12-22;21;483
1;2025-12-22;22;194
1;2025-12-22;23;52
1;2025-12-23;0;5
1;2025-12-23;1;0
1;2025-12-23;2;0
1;2025-12-23;3;1
1;2025-12-23;4;11
1;2025-12-23;5;117
1;2025-12-23;6;532
1;2025-12-23;7;1575
1;2025-12-23;8;1983
1;2025-12-23;9;1554
1;2025-12-23;10;1412
1;2025-12-23;11;1385
1;2025-12-23;12;1420
1;2025-12-23;13;1455
1;2025-12-23;14;1330
1;2025-12-23;15;1459
1;2025-12-23;16;1536
1;2025-12-23;17;1846
1;2025-12-23;18;1862
1;2025-12-23;19;1451
1;2025-12-23;20;904
1;2025-12-23;21;511
1;2025-12-23;22;207
1;2025-12-23;23;47
1;2025-12-24;0;3
1;2025-12-24;1;0
1;2025-12-24;2;0
1;2025-12-24;3;0
1;2025-12-24;4;8
1;2025-12-24;5;139
1;2025-12-24;6;567
1;2025-12-24;7;1509
1;2025-12-24;8;2037
1;2025-12-24;9;1513
1;2025-12-24;10;1407
1;2025-12-24;11;1379
1;2025-12-24;12;1451
1;2025-12-24;13;1510
1;2025-12-24;14;1428
1;2025-12-24;15;1567
1;2025-12-24;16;1575
1;2025-12-24;17;1854
1;2025-12-24;18;1855
1;2025-12-24;19;1394
1;2025-12-24;20;920
1;2025-12-24;21;520
1;2025-12-24;22;229
1;2025-12-24;23;45
1;2025-12-25;0;6
1;2025-12-25;1;0
1;2025-12-25;2;0
1;2025-12-25;3;0
1;2025-12-25;4;10
1;2025-12-25;5;120
1;2025-12-25;6;505
1;2025-12-25;7;1528
1;2025-12-25;8;2016
1;2025-12-25;9;1532
1;2025-12-25;10;1432
1;2025-12-25;11;1422
1;2025-12-25;12;1472
1;2025-12-25;13;1480
1;2025-12-25;14;1459
1;2025-12-25;15;1557
1;2025-12-25;16;1596
1;2025-12-25;17;1852
1;2025-12-25;18;1903
1;2025-12-25;19;1378
1;2025-12-25;20;925
1;2025-12-25;21;499
1;2025-12-25;22;208
1;2025-12-25;23;47
1;2025-12-26;0;4
1;2025-12-26;1;0
1;2025-12-26;2;0
1;2025-12-26;3;0
1;2025-12-26;4;7
1;2025-12-26;5;138
1;2025-12-26;6;512
1;2025-12-26;7;1544
1;2025-12-26;8;1873
1;2025-12-26;9;1496
1;2025-12-26;10;1352
1;2025-12-26;11;1414
1;2025-12-26;12;1417
1;2025-12-26;13;1452
1;2025-12-26;14;1392
1;2025-12-26;15;1545
1;2025-12-26;16;1659
1;2025-12-26;17;1875
1;2025-12-26;18;1574
1;2025-12-26;19;1285
1;2025-12-26;20;844
1;2025-12-26;21;517
1;2025-12-26;22;219
1;2025-12-26;23;53
1;2025-12-27;0;5
1;2025-12-27;1;0
1;2025-12-27;2;0
1;2025-12-27;3;0
1;2025-12-27;4;0
1;2025-12-27;5;35
1;2025-12-27;6;166
1;2025-12-27;7;374
1;2025-12-27;8;528
1;2025-12-27;9;789
1;2025-12-27;10;944
1;2025-12-27;11;942
1;2025-12-27;12;1105
1;2025-12-27;13;1139
1;2025-12-27;14;1081
1;2025-12-27;15;952
1;2025-12-27;16;852
1;2025-12-27;17;785
1;2025-12-27;18;690
1;2025-12-27;19;604
1;2025-12-27;20;460
1;2025-12-27;21;322
1;2025-12-27;22;141
1;2025-12-27;23;34
1;2025-12-28;0;1
1;2025-12-28;1;0
1;2025-12-28;2;0
1;2025-12-28;3;0
1;2025-12-28;4;0
1;2025-12-28;5;22
1;2025-12-28;6;119
1;2025-12-28;7;269
1;2025-12-28;8;368
1;2025-12-28;9;619
1;2025-12-28;10;704
1;2025-12-28;11;753
1;2025-12-28;12;854
1;2025-12-28;13;880
1;2025-12-28;14;840
1;2025-12-28;15;755
1;2025-12-28;16;701
1;2025-12-28;17;632
1;2025-12-28;18;548
1;2025-12-28;19;473
1;2025-12-28;20;354
1;2025-12-28;21;280
1;2025-12-28;22;116
1;2025-12-28;23;33
1;2025-12-29;0;0
1;2025-12-29;1;0
1;2025-12-29;2;0
1;2025-12-29;3;0
1;2025-12-29;4;9
1;2025-12-29;5;131
1;2025-12-29;6;491
1;2025-12-29;7;1426
1;2025-12-29;8;1883
1;2025-12-29;9;1414
1;2025-12-29;10;1223
1;2025-12-29;11;1223
1;2025-12-29;12;1320
1;2025-12-29;13;1374
1;2025-12-29;14;1384
1;2025-12-29;15;1505
1;2025-12-29;16;1552
1;2025-12-29;17;1803
1;2025-12-29;18;1912
1;2025-12-29;19;1392
1;2025-12-29;20;876
1;2025-12-29;21;441
1;2025-12-29;22;175
1;2025-12-29;23;45
1;2025-12-30;0;5
1;2025-12-30;1;0
1;2025-12-30;2;0
1;2025-12-30;3;1
1;2025-12-30;4;10
1;2025-12-30;5;102
1;2025-12-30;6;475
1;2025-12-30;7;1437
1;2025-12-30;8;1789
1;2025-12-30;9;1397
1;2025-12-30;10;1263
1;2025-12-30;11;1240
1;2025-12-30;12;1253
1;2025-12-30;13;1301
1;2025-12-30;14;1177
1;2025-12-30;15;1298
1;2025-12-30;16;1347
1;2025-12-30;17;1629
1;2025-12-30;18;1654
1;2025-12-30;19;1309
1;2025-12-30;20;813
1;2025-12-30;21;447
1;2025-12-30;22;177
1;2025-12-30;23;38
1;2025-12-31;0;3
1;2025-12-31;1;0
1;2025-12-31;2;0
1;2025-12-31;3;0
1;2025-12-31;4;0
1;2025-12-31;5;23
1;2025-12-31;6;119
1;2025-12-31;7;262
1;2025-12-31;8;361
1;2025-12-31;9;583
1;2025-12-31;10;683
1;2025-12-31;11;692
1;2025-12-31;12;814
1;2025-12-31;13;844
1;2025-12-31;14;788
1;2025-12-31;15;695
1;2025-12-31;16;623
1;2025-12-31;17;565
1;2025-12-31;18;499
1;2025-12-31;19;435
1;2025-12-31;20;329
1;2025-12-31;21;251
1;2025-12-31;22;98
1;2025-12-31;23;25
5;2025-11-01;0;0
5;2025-11-01;1;0
5;2025-11-01;2;0
5;2025-11-01;3;0
5;2025-11-01;4;0
5;2025-11-01;5;0
5;2025-11-01;6;0
5;2025-11-01;7;0
5;2025-11-01;8;0
5;2025-11-01;9;0
5;2025-11-01;10;0
5;2025-11-01;11;0
5;2025-11-01;12;0
5;2025-11-01;13;0
5;2025-11-01;14;0
5;2025-11-01;15;0
5;2025-11-01;16;0
5;2025-11-01;17;0
5;2025-11-01;18;0
5;2025-11-01;19;0
5;2025-11-01;20;0
5;2025-11-01;21;0
5;2025-11-01;22;0
5;2025-11-01;23;0
5;2025-11-02;0;0
5;2025-11-02;1;0
5;2025-11-02;2;0
5;2025-11-02;3;0
5;2025-11-02;4;0
5;2025-11-02;5;0
5;2025-11-02;6;0
5;2025-11-02;7;0
5;2025-11-02;8;0
5;2025-11-02;9;0
5;2025-11-02;10;0
5;2025-11-02;11;0
5;2025-11-02;12;0
5;2025-11-02;13;0
5;2025-11-02;14;0
5;2025-11-02;15;0
5;2025-11-02;16;0
5;2025-11-02;17;0
5;2025-11-02;18;0
5;2025-11-02;19;0
5;2025-11-02;20;0
5;2025-11-02;21;0
5;2025-11-02;22;0
5;2025-11-02;23;0
5;2025-11-03;0;0
5;2025-11-03;1;0
5;2025-11-03;2;0
5;2025-11-03;3;0
5;2025-11-03;4;0
5;2025-11-03;5;0
5;2025-11-03;6;0
5;2025-11-03;7;0
5;2025-11-03;8;0
5;2025-11-03;9;0
5;2025-11-03;10;0
5;2025-11-03;11;0
5;2025-11-03;12;0
5;2025-11-03;13;0
5;2025-11-03;14;0
5;2025-11-03;15;0
5;2025-11-03;16;0
5;2025-11-03;17;0
5;2025-11-03;18;0
5;2025-11-03;19;0
5;2025-11-03;20;0
5;2025-11-03;21;0
5;2025-11-03;22;0
5;2025-11-03;23;0
5;2025-11-04;0;0
5;2025-11-04;1;0
5;2025-11-04;2;0
5;2025-11-04;3;0
5;2025-11-04;4;0
5;2025-11-04;5;0
5;2025-11-04;6;0
5;2025-11-04;7;0
5;2025-11-04;8;0
5;2025-11-04;9;0
5;2025-11-04;10;0
5;2025-11-04;11;0
5;2025-11-04;12;0
5;2025-11-04;13;0
5;2025-11-04;14;0
5;2025-11-04;15;0
5;2025-11-04;16;0
5;2025-11-04;17;0
5;2025-11-04;18;0
5;2025-11-04;19;0
5;2025-11-04;20;0
5;2025-11-04;21;0
5;2025-11-04;22;0
5;2025-11-04;23;0
5;2025-11-05;0;0
5;2025-11-05;1;0
5;2025-11-05;2;0
5;2025-11-05;3;0
5;2025-11-05;4;0
5;2025-11-05;5;0
5;2025-11-05;6;0
5;2025-11-05;7;0
5;2025-11-05;8;0
5;2025-11-05;9;0
5;2025-11-05;10;0
5;2025-11-05;11;0
5;2025-11-05;12;0
5;2025-11-05;13;0
5;2025-11-05;14;0
5;2025-11-05;15;0
5;2025-11-05;16;0
5;2025-11-05;17;0
5;2025-11-05;18;0
5;2025-11-05;19;0
5;2025-11-05;20;0
5;2025-11-05;21;0
5;2025-11-05;22;0
5;2025-11-05;23;0
5;2025-11-06;0;0
5;2025-11-06;1;0
5;2025-11-06;2;0
5;2025-11-06;3;0
5;2025-11-06;4;0
5;2025-11-06;5;0
5;2025-11-06;6;0
5;2025-11-06;7;0
5;2025-11-06;8;0
5;2025-11-06;9;0
5;2025-11-06;10;0
5;2025-11-06;11;0
5;2025-11-06;12;0
5;2025-11-06;13;0
5;2025-11-06;14;0
5;2025-11-06;15;0
5;2025-11-06;16;0
5;2025-11-06;17;0
5;2025-11-06;18;0
5;2025-11-06;19;0
5;2025-11-06;20;0
5;2025-11-06;21;0
5;2025-11-06;22;0
5;2025-11-06;23;0
5;2025-11-07;0;0
5;2025-11-07;1;0
5;2025-11-07;2;0
5;2025-11-07;3;0
5;2025-11-07;4;0
5;2025-11-07;5;0
5;2025-11-07;6;0
5;2025-11-07;7;0
5;2025-11-07;8;0
5;2025-11-07;9;0
5;2025-11-07;10;0
5;2025-11-07;11;0
5;2025-11-07;12;0
5;2025-11-07;13;0
5;2025-11-07;14;0
5;2025-11-07;15;0
5;2025-11-07;16;0
5;2025-11-07;17;0
5;2025-11-07;18;0
5;2025-11-07;19;0
5;2025-11-07;20;0
5;2025-11-07;21;0
5;2025-11-07;22;0
5;2025-11-07;23;0
5;2025-11-08;0;0
5;2025-11-08;1;0
5;2025-11-08;2;0
5;2025-11-08;3;0
5;2025-11-08;4;0
5;2025-11-08;5;0
5;2025-11-08;6;0
5;2025-11-08;7;0
5;2025-11-08;8;0
5;2025-11-08;9;0
5;2025-11-08;10;0
5;2025-11-08;11;0
5;2025-11-08;12;0
5;2025-11-08;13;0
5;2025-11-08;14;0
5;2025-11-08;15;0
5;2025-11-08;16;0
5;2025-11-08;17;0
5;2025-11-08;18;0
5;2025-11-08;19;0
5;2025-11-08;20;0
5;2025-11-08;21;0
5;2025-11-08;22;0
5;2025-11-08;23;0
5;2025-11-09;0;0
5;2025-11-09;1;0
5;2025-11-09;2;0
5;2025-11-09;3;0
5;2025-11-09;4;0
5;2025-11-09;5;0
5;2025-11-09;6;0
5;2025-11-09;7;0
5;2025-11-09;8;0
5;2025-11-09;9;0
5;2025-11-09;10;0
5;2025-11-09;11;0
5;2025-11-09;12;0
5;2025-11-09;13;0
5;2025-11-09;14;0
5;2025-11-09;15;0
5;2025-11-09;16;0
5;2025-11-09;17;0
5;2025-11-09;18;0
5;2025-11-09;19;0
5;2025-11-09;20;0
5;2025-11-09;21;0
5;2025-11-09;22;0
5;2025-11-09;23;0
5;2025-11-10;0;0
5;2025-11-10;1;0
5;2025-11-10;2;0
5;2025-11-10;3;0
5;2025-11-10;4;0
5;2025-11-10;5;0
5;2025-11-10;6;0
5;2025-11-10;7;0
5;2025-11-10;8;0
5;2025-11-10;9;0
5;2025-11-10;10;0
5;2025-11-10;11;0
5;2025-11-10;12;0
5;2025-11-10;13;0
5;2025-11-10;14;0
5;2025-11-10;15;0
5;2025-11-10;16;0
5;2025-11-10;17;0
5;2025-11-10;18;0
5;2025-11-10;19;0
5;2025-11-10;20;0
5;2025-11-10;21;0
5;2025-11-10;22;0
5;2025-11-10;23;0
5;2025-11-11;0;0
5;2025-11-11;1;0
5;2025-11-11;2;0
5;2025-11-11;3;0
5;2025-11-11;4;0
5;2025-11-11;5;0
5;2025-11-11;6;0
5;2025-11-11;7;0
5;2025-11-11;8;0
5;2025-11-11;9;0
5;2025-11-11;10;0
5;2025-11-11;11;0
5;2025-11-11;12;0
5;2025-11-11;13;0
5;2025-11-11;14;0
5;2025-11-11;15;0
5;2025-11-11;16;0
5;2025-11-11;17;0
5;2025-11-11;18;0
5;2025-11-11;19;0
5;2025-11-11;20;0
5;2025-11-11;21;0
5;2025-11-11;22;0
5;2025-11-11;23;0
5;2025-11-12;0;0
5;2025-11-12;1;0
5;2025-11-12;2;0
5;2025-11-12;3;0
5;2025-11-12;4;0
5;2025-11-12;5;0
5;2025-11-12;6;0
5;2025-11-12;7;0
5;2025-11-12;8;0
5;2025-11-12;9;0
5;2025-11-12;10;0
5;2025-11-12;11;0
5;2025-11-12;12;0
5;2025-11-12;13;0
5;2025-11-12;14;0
5;2025-11-12;15;0
5;2025-11-12;16;0
5;2025-11-12;17;0
5;2025-11-12;18;0
5;2025-11-12;19;0
5;2025-11-12;20;0
5;2025-11-12;21;0
5;2025-11-12;22;0
5;2025-11-12;23;0
5;2025-11-13;0;0
5;2025-11-13;1;0
5;2025-11-13;2;0
5;2025-11-13;3;0
5;2025-11-13;4;0
5;2025-11-13;5;0
5;2025-11-13;6;0
5;2025-11-13;7;0
5;2025-11-13;8;0
5;2025-11-13;9;0
5;2025-11-13;10;0
5;2025-11-13;11;0
5;2025-11-13;12;0
5;2025-11-13;13;0
5;2025-11-13;14;0
5;2025-11-13;15;0
5;2025-11-13;16;0
5;2025-11-13;17;0
5;2025-11-13;18;0
5;2025-11-13;19;0
5;2025-11-13;20;0
5;2025-11-13;21;0
5;2025-11-13;22;0
5;2025-11-13;23;0
5;2025-11-14;0;0
5;2025-11-14;1;0
5;2025-11-14;2;0
5;2025-11-14;3;0
5;2025-11-14;4;0
5;2025-11-14;5;0
5;2025-11-14;6;0
5;2025-11-14;7;0
5;2025-11-14;8;0
5;2025-11-14;9;0
5;2025-11-14;10;0
5;2025-11-14;11;0
5;2025-11-14;12;0
5;2025-11-14;13;0
5;2025-11-14;14;0
5;2025-11-14;15;0
5;2025-11-14;16;0
5;2025-11-14;17;0
5;2025-11-14;18;0
5;2025-11-14;19;0
5;2025-11-14;20;0
5;2025-11-14;21;0
5;2025-11-14;22;0
5;2025-11-14;23;0
5;2025-11-15;0;0
5;2025-11-15;1;0
5;2025-11-15;2;0
5;2025-11-15;3;0
5;2025-11-15;4;0
5;2025-11-15;5;0
5;2025-11-15;6;0
5;2025-11-15;7;0
5;2025-11-15;8;0
5;2025-11-15;9;0
5;2025-11-15;10;0
5;2025-11-15;11;0
5;2025-11-15;12;0
5;2025-11-15;13;0
5;2025-11-15;14;0
5;2025-11-15;15;0
5;2025-11-15;16;0
5;2025-11-15;17;0
5;2025-11-15;18;0
5;2025-11-15;19;0
5;2025-11-15;20;0
5;2025-11-15;21;0
5;2025-11-15;22;0
5;2025-11-15;23;0
5;2025-11-16;0;0
5;2025-11-16;1;0
5;2025-11-16;2;0
5;2025-11-16;3;0
5;2025-11-16;4;0
5;2025-11-16;5;0
5;2025-11-16;6;0
5;2025-11-16;7;0
5;2025-11-16;8;0
5;2025-11-16;9;0
5;2025-11-16;10;0
5;2025-11-16;11;0
5;2025-11-16;12;0
5;2025-11-16;13;0
5;2025-11-16;14;0
5;2025-11-16;15;0
5;2025-11-16;16;0
5;2025-11-16;17;0
5;2025-11-16;18;0
5;2025-11-16;19;0
5;2025-11-16;20;0
5;2025-11-16;21;0
5;2025-11-16;22;0
5;2025-11-16;23;0
5;2025-11-17;0;0
5;2025-11-17;1;0
5;2025-11-17;2;0
5;2025-11-17;3;0
5;2025-11-17;4;0
5;2025-11-17;5;0
5;2025-11-17;6;0
5;2025-11-17;7;0
5;2025-11-17;8;0
5;2025-11-17;9;0
5;2025-11-17;10;0
5;2025-11-17;11;0
5;2025-11-17;12;0
5;2025-11-17;13;0
5;2025-11-17;14;0
5;2025-11-17;15;0
5;2025-11-17;16;0
5;2025-11-17;17;0
5;2025-11-17;18;0
5;2025-11-17;19;0
5;2025-11-17;20;0
5;2025-11-17;21;0
5;2025-11-17;22;0
5;2025-11-17;23;0
5;2025-11-18;0;0
5;2025-11-18;1;0
5;2025-11-18;2;0
5;2025-11-18;3;0
5;2025-11-18;4;0
5;2025-11-18;5;0
5;2025-11-18;6;0
5;2025-11-18;7;0
5;2025-11-18;8;0
5;2025-11-18;9;0
5;2025-11-18;10;0
5;2025-11-18;11;0
5;2025-11-18;12;0
5;2025-11-18;13;0
5;2025-11-18;14;0
5;2025-11-18;15;0
5;2025-11-18;16;0
5;2025-11-18;17;0
5;2025-11-18;18;0
5;2025-11-18;19;0
5;2025-11-18;20;0
5;2025-11-18;21;0
5;2025-11-18;22;0
5;2025-11-18;23;0
5;2025-11-19;0;0
5;2025-11-19;1;0
5;2025-11-19;2;0
5;2025-11-19;3;0
5;2025-11-19;4;0
5;2025-11-19;5;0
5;2025-11-19;6;0
5;2025-11-19;7;0
5;2025-11-19;8;0
5;2025-11-19;9;0
5;2025-11-19;10;0
5;2025-11-19;11;0
5;2025-11-19;12;0
5;2025-11-19;13;0
5;2025-11-19;14;0
5;2025-11-19;15;0
5;2025-11-19;16;0
5;2025-11-19;17;0
5;2025-11-19;18;0
5;2025-11-19;19;0
5;2025-11-19;20;0
5;2025-11-19;21;0
5;2025-11-19;22;0
5;2025-11-19;23;0
5;2025-11-20;0;0
5;2025-11-20;1;0
5;2025-11-20;2;0
5;2025-11-20;3;0
5;2025-11-20;4;0
5;2025-11-20;5;0
5;2025-11-20;6;0
5;2025-11-20;7;0
5;2025-11-20;8;0
5;2025-11-20;9;0
5;2025-11-20;10;0
5;2025-11-20;11;0
5;2025-11-20;12;0
5;2025-11-20;13;0
5;2025-11-20;14;0
5;2025-11-20;15;0
5;2025-11-20;16;0
5;2025-11-20;17;0
5;2025-11-20;18;0
5;2025-11-20;19;0
5;2025-11-20;20;0
5;2025-11-20;21;0
5;2025-11-20;22;0
5;2025-11-20;23;0
5;2025-11-21;0;0
5;2025-11-21;1;0
5;2025-11-21;2;0
5;2025-11-21;3;0
5;2025-11-21;4;0
5;2025-11-21;5;0
5;2025-11-21;6;0
5;2025-11-21;7;0
5;2025-11-21;8;0
5;2025-11-21;9;0
5;2025-11-21;10;0
5;2025-11-21;11;0
5;2025-11-21;12;0
5;2025-11-21;13;0
5;2025-11-21;14;0
5;2025-11-21;15;0
5;2025-11-21;16;0
5;2025-11-21;17;0
5;2025-11-21;18;0
5;2025-11-21;19;0
5;2025-11-21;20;0
5;2025-11-21;21;0
5;2025-11-21;22;0
5;2025-11-21;23;0
5;2025-11-22;0;0
5;2025-11-22;1;0
5;2025-11-22;2;0
5;2025-11-22;3;0
5;2025-11-22;4;0
5;2025-11-22;5;0
5;2025-11-22;6;0
5;2025-11-22;7;0
5;2025-11-22;8;0
5;2025-11-22;9;0
5;2025-11-22;10;0
5;2025-11-22;11;0
5;2025-11-22;12;0
5;2025-11-22;13;0
5;2025-11-22;14;0
5;2025-11-22;15;0
5;2025-11-22;16;0
5;2025-11-22;17;0
5;2025-11-22;18;0
5;2025-11-22;19;0
5;2025-11-22;20;0
5;2025-11-22;21;0
5;2025-11-22;22;0
5;2025-11-22;23;0
5;2025-11-23;0;0
5;2025-11-23;1;0
5;2025-11-23;2;0
5;2025-11-23;3;0
5;2025-11-23;4;0
5;2025-11-23;5;0
5;2025-11-23;6;0
5;2025-11-23;7;0
5;2025-11-23;8;0
5;2025-11-23;9;0
5;2025-11-23;10;0
5;2025-11-23;11;0
5;2025-11-23;12;0
5;2025-11-23;13;0
5;2025-11-23;14;0
5;2025-11-23;15;0
5;2025-11-23;16;0
5;2025-11-23;17;0
5;2025-11-23;18;0
5;2025-11-23;19;0
5;2025-11-23;20;0
5;2025-11-23;21;0
5;2025-11-23;22;0
5;2025-11-23;23;0
5;2025-11-24;0;0
5;2025-11-24;1;0
5;2025-11-24;2;0
5;2025-11-24;3;0
5;2025-11-24;4;0
5;2025-11-24;5;0
5;2025-11-24;6;0
5;2025-11-24;7;0
5;2025-11-24;8;0
5;2025-11-24;9;0
5;2025-11-24;10;0
5;2025-11-24;11;0
5;2025-11-24;12;0
5;2025-11-24;13;0
5;2025-11-24;14;0
5;2025-11-24;15;0
5;2025-11-24;16;0
5;2025-11-24;17;0
5;2025-11-24;18;0
5;2025-11-24;19;0
5;2025-11-24;20;0
5;2025-11-24;21;0
5;2025-11-24;22;0
5;2025-11-24;23;0
5;2025-11-25;0;0
5;2025-11-25;1;0
5;2025-11-25;2;0
5;2025-11-25;3;0
5;2025-11-25;4;0
5;2025-11-25;5;0
5;2025-11-25;6;0
5;2025-11-25;7;0
5;2025-11-25;8;0
5;2025-11-25;9;0
5;2025-11-25;10;0
5;2025-11-25;11;0
5;2025-11-25;12;0
5;2025-11-25;13;0
5;2025-11-25;14;0
5;2025-11-25;15;0
5;2025-11-25;16;0
5;2025-11-25;17;0
5;2025-11-25;18;0
5;2025-11-25;19;0
5;2025-11-25;20;0
5;2025-11-25;21;0
5;2025-11-25;22;0
5;2025-11-25;23;0
5;2025-11-26;0;0
5;2025-11-26;1;0
5;2025-11-26;2;0
5;2025-11-26;3;0
5;2025-11-26;4;0
5;2025-11-26;5;0
5;2025-11-26;6;0
5;2025-11-26;7;0
5;2025-11-26;8;0
5;2025-11-26;9;0
5;2025-11-26;10;0
5;2025-11-26;11;0
5;2025-11-26;12;0
5;2025-11-26;13;0
5;2025-11-26;14;0
5;2025-11-26;15;0
5;2025-11-26;16;0
5;2025-11-26;17;0
5;2025-11-26;18;0
5;2025-11-26;19;0
5;2025-11-26;20;0
5;2025-11-26;21;0
5;2025-11-26;22;0
5;2025-11-26;23;0
5;2025-11-27;0;0
5;2025-11-27;1;0
5;2025-11-27;2;0
5;2025-11-27;3;0
5;2025-11-27;4;0
5;2025-11-27;5;0
5;2025-11-27;6;0
5;2025-11-27;7;0
5;2025-11-27;8;0
5;2025-11-27;9;0
5;2025-11-27;10;0
5;2025-11-27;11;0
5;2025-11-27;12;0
5;2025-11-27;13;0
5;2025-11-27;14;0
5;2025-11-27;15;0
5;2025-11-27;16;0
5;2025-11-27;17;0
5;2025-11-27;18;0
5;2025-11-27;19;0
5;2025-11-27;20;0
5;2025-11-27;21;0
5;2025-11-27;22;0
5;2025-11-27;23;0
5;2025-11-28;0;0
5;2025-11-28;1;0
5;2025-11-28;2;0
5;2025-11-28;3;0
5;2025-11-28;4;0
5;2025-11-28;5;0
5;2025-11-28;6;0
5;2025-11-28;7;0
5;2025-11-28;8;0
5;2025-11-28;9;0
5;2025-11-28;10;0
5;2025-11-28;11;0
5;2025-11-28;12;0
5;2025-11-28;13;0
5;2025-11-28;14;0
5;2025-11-28;15;0
5;2025-11-28;16;0
5;2025-11-28;17;0
5;2025-11-28;18;0
5;2025-11-28;19;0
5;2025-11-28;20;0
5;2025-11-28;21;0
5;2025-11-28;22;0
5;2025-11-28;23;0
5;2025-11-29;0;0
5;2025-11-29;1;0
5;2025-11-29;2;0
5;2025-11-29;3;0
5;2025-11-29;4;0
5;2025-11-29;5;0
5;2025-11-29;6;0
5;2025-11-29;7;0
5;2025-11-29;8;0
5;2025-11-29;9;0
5;2025-11-29;10;0
5;2025-11-29;11;0
5;2025-11-29;12;0
5;2025-11-29;13;0
5;2025-11-29;14;0
5;2025-11-29;15;0
5;2025-11-29;16;0
5;2025-11-29;17;0
5;2025-11-29;18;0
5;2025-11-29;19;0
5;2025-11-29;20;0
5;2025-11-29;21;0
5;2025-11-29;22;0
5;2025-11-29;23;0
5;2025-11-30;0;0
5;2025-11-30;1;0
5;2025-11-30;2;0
5;2025-11-30;3;0
5;2025-11-30;4;0
5;2025-11-30;5;0
5;2025-11-30;6;0
5;2025-11-30;7;0
5;2025-11-30;8;0
5;2025-11-30;9;0
5;2025-11-30;10;0
5;2025-11-30;11;0
5;2025-11-30;12;0
5;2025-11-30;13;0
5;2025-11-30;14;0
5;2025-11-30;15;0
5;2025-11-30;16;0
5;2025-11-30;17;0
5;2025-11-30;18;0
5;2025-11-30;19;0
5;2025-11-30;20;0
5;2025-11-30;21;0
5;2025-11-30;22;0
5;2025-11-30;23;0
5;2025-12-01;0;0
5;2025-12-01;1;0
5;2025-12-01;2;0
5;2025-12-01;3;0
5;2025-12-01;4;0
5;2025-12-01;5;0
5;2025-12-01;6;0
5;2025-12-01;7;0
5;2025-12-01;8;0
5;2025-12-01;9;0
5;2025-12-01;10;0
5;2025-12-01;11;0
5;2025-12-01;12;0
5;2025-12-01;13;0
5;2025-12-01;14;0
5;2025-12-01;15;0
5;2025-12-01;16;0
5;2025-12-01;17;0
5;2025-12-01;18;0
5;2025-12-01;19;0
5;2025-12-01;20;0
5;2025-12-01;21;0
5;2025-12-01;22;0
5;2025-12-01;23;0
5;2025-12-02;0;0
5;2025-12-02;1;0
5;2025-12-02;2;0
5;2025-12-02;3;0
5;2025-12-02;4;0
5;2025-12-02;5;0
5;2025-12-02;6;0
5;2025-12-02;7;0
5;2025-12-02;8;0
5;2025-12-02;9;0
5;2025-12-02;10;0
5;2025-12-02;11;0
5;2025-12-02;12;0
5;2025-12-02;13;0
5;2025-12-02;14;0
5;2025-12-02;15;0
5;2025-12-02;16;0
5;2025-12-02;17;0
5;2025-12-02;18;0
5;2025-12-02;19;0
5;2025-12-02;20;0
5;2025-12-02;21;0
5;2025-12-02;22;0
5;2025-12-02;23;0
5;2025-12-03;0;0
5;2025-12-03;1;0
5;2025-12-03;2;0
5;2025-12-03;3;0
5;2025-12-03;4;0
5;2025-12-03;5;0
5;2025-12-03;6;0
5;2025-12-03;7;0
5;2025-12-03;8;0
5;2025-12-03;9;0
5;2025-12-03;10;0
5;2025-12-03;11;0
5;2025-12-03;12;0
5;2025-12-03;13;0
5;2025-12-03;14;0
5;2025-12-03;15;0
5;2025-12-03;16;0
5;2025-12-03;17;0
5;2025-12-03;18;0
5;2025-12-03;19;0
5;2025-12-03;20;0
5;2025-12-03;21;0
5;2025-12-03;22;0
5;2025-12-03;23;0
5;2025-12-04;0;0
5;2025-12-04;1;0
5;2025-12-04;2;0
5;2025-12-04;3;0
5;2025-12-04;4;0
5;2025-12-04;5;0
5;2025-12-04;6;0
5;2025-12-04;7;0
5;2025-12-04;8;0
5;2025-12-04;9;0
5;2025-12-04;10;0
5;2025-12-04;11;0
5;2025-12-04;12;0
5;2025-12-04;13;0
5;2025-12-04;14;0
5;2025-12-04;15;0
5;2025-12-04;16;0
5;2025-12-04;17;0
5;2025-12-04;18;0
5;2025-12-04;19;0
5;2025-12-04;20;0
5;2025-12-04;21;0
5;2025-12-04;22;0
5;2025-12-04;23;0
5;2025-12-05;0;0
5;2025-12-05;1;0
5;2025-12-05;2;0
5;2025-12-05;3;0
5;2025-12-05;4;0
5;2025-12-05;5;0
5;2025-12-05;6;0
5;2025-12-05;7;0
5;2025-12-05;8;0
5;2025-12-05;9;0
5;2025-12-05;10;0
5;2025-12-05;11;0
5;2025-12-05;12;0
5;2025-12-05;13;0
5;2025-12-05;14;0
5;2025-12-05;15;0
5;2025-12-05;16;0
5;2025-12-05;17;0
5;2025-12-05;18;0
5;2025-12-05;19;0
5;2025-12-05;20;0
5;2025-12-05;21;0
5;2025-12-05;22;0
5;2025-12-05;23;0
5;2025-12-06;0;0
5;2025-12-06;1;0
5;2025-12-06;2;0
5;2025-12-06;3;0
5;2025-12-06;4;0
5;2025-12-06;5;0
5;2025-12-06;6;0
5;2025-12-06;7;0
5;2025-12-06;8;0
5;2025-12-06;9;0
5;2025-12-06;10;0
5;2025-12-06;11;0
5;2025-12-06;12;0
5;2025-12-06;13;0
5;2025-12-06;14;0
5;2025-12-06;15;0
5;2025-12-06;16;0
5;2025-12-06;17;0
5;2025-12-06;18;0
5;2025-12-06;19;0
5;2025-12-06;20;0
5;2025-12-06;21;0
5;2025-12-06;22;0
5;2025-12-06;23;0
5;2025-12-07;0;0
5;2025-12-07;1;0
5;2025-12-07;2;0
5;2025-12-07;3;0
5;2025-12-07;4;0
5;2025-12-07;5;0
5;2025-12-07;6;0
5;2025-12-07;7;0
5;2025-12-07;8;0
5;2025-12-07;9;0
5;2025-12-07;10;0
5;2025-12-07;11;0
5;2025-12-07;12;0
5;2025-12-07;13;0
5;2025-12-07;14;0
5;2025-12-07;15;0
5;2025-12-07;16;0
5;2025-12-07;17;0
5;2025-12-07;18;0
5;2025-12-07;19;0
5;2025-12-07;20;0
5;2025-12-07;21;0
5;2025-12-07;22;0
5;2025-12-07;23;0
5;2025-12-08;0;0
5;2025-12-08;1;0
5;2025-12-08;2;0
5;2025-12-08;3;0
5;2025-12-08;4;0
5;2025-12-08;5;0
5;2025-12-08;6;0
5;2025-12-08;7;0
5;2025-12-08;8;0
5;2025-12-08;9;0
5;2025-12-08;10;0
5;2025-12-08;11;0
5;2025-12-08;12;0
5;2025-12-08;13;0
5;2025-12-08;14;0
5;2025-12-08;15;0
5;2025-12-08;16;0
5;2025-12-08;17;0
5;2025-12-08;18;0
5;2025-12-08;19;0
5;2025-12-08;20;0
5;2025-12-08;21;0
5;2025-12-08;22;0
5;2025-12-08;23;0
5;2025-12-09;0;0
5;2025-12-09;1;0
5;2025-12-09;2;0
5;2025-12-09;3;0
5;2025-12-09;4;0
5;2025-12-09;5;0
5;2025-12-09;6;0
5;2025-12-09;7;0
5;2025-12-09;8;0
5;2025-12-09;9;0
5;2025-12-09;10;0
5;2025-12-09;11;0
5;2025-12-09;12;0
5;2025-12-09;13;0
5;2025-12-09;14;0
5;2025-12-09;15;0
5;2025-12-09;16;0
5;2025-12-09;17;0
5;2025-12-09;18;0
5;2025-12-09;19;0
5;2025-12-09;20;0
5;2025-12-09;21;0
5;2025-12-09;22;0
5;2025-12-09;23;0
5;2025-12-10;0;0
5;2025-12-10;1;0
5;2025-12-10;2;0
5;2025-12-10;3;0
5;2025-12-10;4;0
5;2025-12-10;5;0
5;2025-12-10;6;0
5;2025-12-10;7;0
5;2025-12-10;8;0
5;2025-12-10;9;0
5;2025-12-10;10;0
5;2025-12-10;11;0
5;2025-12-10;12;0
5;2025-12-10;13;0
5;2025-12-10;14;0
5;2025-12-10;15;0
5;2025-12-10;16;0
5;2025-12-10;17;0
5;2025-12-10;18;0
5;2025-12-10;19;0
5;2025-12-10;20;0
5;2025-12-10;21;0
5;2025-12-10;22;0
5;2025-12-10;23;0
5;2025-12-11;0;0
5;2025-12-11;1;0
5;2025-12-11;2;0
5;2025-12-11;3;0
5;2025-12-11;4;0
5;2025-12-11;5;0
5;2025-12-11;6;0
5;2025-12-11;7;0
5;2025-12-11;8;0
5;2025-12-11;9;0
5;2025-12-11;10;0
5;2025-12-11;11;0
5;2025-12-11;12;0
5;2025-12-11;13;0
5;2025-12-11;14;0
5;2025-12-11;15;0
5;2025-12-11;16;0
5;2025-12-11;17;0
5;2025-12-11;18;0
5;2025-12-11;19;0
5;2025-12-11;20;0
5;2025-12-11;21;0
5;2025-12-11;22;0
5;2025-12-11;23;0
5;2025-12-12;0;0
5;2025-12-12;1;0
5;2025-12-12;2;0
5;2025-12-12;3;0
5;2025-12-12;4;0
5;2025-12-12;5;0
5;2025-12-12;6;0
5;2025-12-12;7;0
5;2025-12-12;8;0
5;2025-12-12;9;0
5;2025-12-12;10;0
5;2025-12-12;11;0
5;2025-12-12;12;0
5;2025-12-12;13;0
5;2025-12-12;14;0
5;2025-12-12;15;0
5;2025-12-12;16;0
5;2025-12-12;17;0
5;2025-12-12;18;0
5;2025-12-12;19;0
5;2025-12-12;20;0
5;2025-12-12;21;0
5;2025-12-12;22;0
5;2025-12-12;23;0
5;2025-12-13;0;0
5;2025-12-13;1;0
5;2025-12-13;2;0
5;2025-12-13;3;0
5;2025-12-13;4;0
5;2025-12-13;5;0
5;2025-12-13;6;0
5;2025-12-13;7;0
5;2025-12-13;8;0
5;2025-12-13;9;0
5;2025-12-13;10;0
5;2025-12-13;11;0
5;2025-12-13;12;0
5;2025-12-13;13;0
5;2025-12-13;14;0
5;2025-12-13;15;0
5;2025-12-13;16;0
5;2025-12-13;17;0
5;2025-12-13;18;0
5;2025-12-13;19;0
5;2025-12-13;20;0
5;2025-12-13;21;0
5;2025-12-13;22;0
5;2025-12-13;23;0
5;2025-12-14;0;0
5;2025-12-14;1;0
5;2025-12-14;2;0
5;2025-12-14;3;0
5;2025-12-14;4;0
5;2025-12-14;5;0
5;2025-12-14;6;0
5;2025-12-14;7;0
5;2025-12-14;8;0
5;2025-12-14;9;0
5;2025-12-14;10;0
5;2025-12-14;11;0
5;2025-12-14;12;0
5;2025-12-14;13;0
5;2025-12-14;14;0
5;2025-12-14;15;0
5;2025-12-14;16;0
5;2025-12-14;17;0
5;2025-12-14;18;0
5;2025-12-14;19;0
5;2025-12-14;20;0
5;2025-12-14;21;0
5;2025-12-14;22;0
5;2025-12-14;23;0
5;2025-12-15;0;0
5;2025-12-15;1;0
5;2025-12-15;2;0
5;2025-12-15;3;0
5;2025-12-15;4;0
5;2025-12-15;5;0
5;2025-12-15;6;0
5;2025-12-15;7;0
5;2025-12-15;8;0
5;2025-12-15;9;0
5;2025-12-15;10;0
5;2025-12-15;11;0
5;2025-12-15;12;0
5;2025-12-15;13;0
5;2025-12-15;14;0
5;2025-12-15;15;0
5;2025-12-15;16;0
5;2025-12-15;17;0
5;2025-12-15;18;0
5;2025-12-15;19;0
5;2025-12-15;20;0
5;2025-12-15;21;0
5;2025-12-15;22;0
5;2025-12-15;23;0
5;2025-12-16;0;6
5;2025-12-16;1;1
5;2025-12-16;2;0
5;2025-12-16;3;0
5;2025-12-16;4;0
5;2025-12-16;5;18
5;2025-12-16;6;96
5;2025-12-16;7;296
5;2025-12-16;8;450
5;2025-12-16;9;353
5;2025-12-16;10;282
5;2025-12-16;11;256
5;2025-12-16;12;250
5;2025-12-16;13;256
5;2025-12-16;14;246
5;2025-12-16;15;286
5;2025-12-16;16;295
5;2025-12-16;17;402
5;2025-12-16;18;424
5;2025-12-16;19;264
5;2025-12-16;20;170
5;2025-12-16;21;106
5;2025-12-16;22;46
5;2025-12-16;23;28
5;2025-12-17;0;8
5;2025-12-17;1;1
5;2025-12-17;2;0
5;2025-12-17;3;0
5;2025-12-17;4;1
5;2025-12-17;5;27
5;2025-12-17;6;133
5;2025-12-17;7;402
5;2025-12-17;8;660
5;2025-12-17;9;500
5;2025-12-17;10;403
5;2025-12-17;11;371
5;2025-12-17;12;380
5;2025-12-17;13;364
5;2025-12-17;14;359
5;2025-12-17;15;404
5;2025-12-17;16;423
5;2025-12-17;17;575
5;2025-12-17;18;595
5;2025-12-17;19;369
5;2025-12-17;20;232
5;2025-12-17;21;154
5;2025-12-17;22;69
5;2025-12-17;23;40
5;2025-12-18;0;11
5;2025-12-18;1;1
5;2025-12-18;2;0
5;2025-12-18;3;0
5;2025-12-18;4;1
5;2025-12-18;5;24
5;2025-12-18;6;131
5;2025-12-18;7;402
5;2025-12-18;8;636
5;2025-12-18;9;497
5;2025-12-18;10;400
5;2025-12-18;11;366
5;2025-12-18;12;379
5;2025-12-18;13;365
5;2025-12-18;14;373
5;2025-12-18;15;405
5;2025-12-18;16;422
5;2025-12-18;17;559
5;2025-12-18;18;610
5;2025-12-18;19;372
5;2025-12-18;20;243
5;2025-12-18;21;161
5;2025-12-18;22;69
5;2025-12-18;23;43
5;2025-12-19;0;12
5;2025-12-19;1;1
5;2025-12-19;2;0
5;2025-12-19;3;0
5;2025-12-19;4;1
5;2025-12-19;5;25
5;2025-12-19;6;137
5;2025-12-19;7;417
5;2025-12-19;8;649
5;2025-12-19;9;503
5;2025-12-19;10;398
5;2025-12-19;11;379
5;2025-12-19;12;379
5;2025-12-19;13;388
5;2025-12-19;14;387
5;2025-12-19;15;444
5;2025-12-19;16;523
5;2025-12-19;17;549
5;2025-12-19;18;451
5;2025-12-19;19;328
5;2025-12-19;20;231
5;2025-12-19;21;147
5;2025-12-19;22;74
5;2025-12-19;23;49
5;2025-12-20;0;21
5;2025-12-20;1;2
5;2025-12-20;2;0
5;2025-12-20;3;0
5;2025-12-20;4;0
5;2025-12-20;5;11
5;2025-12-20;6;65
5;2025-12-20;7;126
5;2025-12-20;8;194
5;2025-12-20;9;206
5;2025-12-20;10;217
5;2025-12-20;11;261
5;2025-12-20;12;277
5;2025-12-20;13;290
5;2025-12-20;14;303
5;2025-12-20;15;279
5;2025-12-20;16;274
5;2025-12-20;17;282
5;2025-12-20;18;258
5;2025-12-20;19;234
5;2025-12-20;20;181
5;2025-12-20;21;141
5;2025-12-20;22;79
5;2025-12-20;23;49
5;2025-12-21;0;21
5;2025-12-21;1;3
5;2025-12-21;2;1
5;2025-12-21;3;1
5;2025-12-21;4;0
5;2025-12-21;5;10
5;2025-12-21;6;52
5;2025-12-21;7;90
5;2025-12-21;8;143
5;2025-12-21;9;174
5;2025-12-21;10;192
5;2025-12-21;11;241
5;2025-12-21;12;264
5;2025-12-21;13;278
5;2025-12-21;14;300
5;2025-12-21;15;277
5;2025-12-21;16;268
5;2025-12-21;17;281
5;2025-12-21;18;248
5;2025-12-21;19;213
5;2025-12-21;20;175
5;2025-12-21;21;139
5;2025-12-21;22;79
5;2025-12-21;23;44
5;2025-12-22;0;7
5;2025-12-22;1;1
5;2025-12-22;2;0
5;2025-12-22;3;0
5;2025-12-22;4;1
5;2025-12-22;5;26
5;2025-12-22;6;136
5;2025-12-22;7;417
5;2025-12-22;8;668
5;2025-12-22;9;515
5;2025-12-22;10;398
5;2025-12-22;11;362
5;2025-12-22;12;349
5;2025-12-22;13;363
5;2025-12-22;14;359
5;2025-12-22;15;408
5;2025-12-22;16;419
5;2025-12-22;17;570
5;2025-12-22;18;619
5;2025-12-22;19;366
5;2025-12-22;20;232
5;2025-12-22;21;152
5;2025-12-22;22;64
5;2025-12-22;23;35
5;2025-12-23;0;8
5;2025-12-23;1;1
5;2025-12-23;2;0
5;2025-12-23;3;0
5;2025-12-23;4;1
5;2025-12-23;5;25
5;2025-12-23;6;138
5;2025-12-23;7;423
5;2025-12-23;8;643
5;2025-12-23;9;504
5;2025-12-23;10;403
5;2025-12-23;11;365
5;2025-12-23;12;358
5;2025-12-23;13;365
5;2025-12-23;14;351
5;2025-12-23;15;408
5;2025-12-23;16;421
5;2025-12-23;17;573
5;2025-12-23;18;606
5;2025-12-23;19;376
5;2025-12-23;20;242
5;2025-12-23;21;152
5;2025-12-23;22;65
5;2025-12-23;23;40
5;2025-12-24;0;8
5;2025-12-24;1;1
5;2025-12-24;2;0
5;2025-12-24;3;0
5;2025-12-24;4;1
5;2025-12-24;5;27
5;2025-12-24;6;133
5;2025-12-24;7;402
5;2025-12-24;8;660
5;2025-12-24;9;500
5;2025-12-24;10;403
5;2025-12-24;11;371
5;2025-12-24;12;380
5;2025-12-24;13;364
5;2025-12-24;14;359
5;2025-12-24;15;404
5;2025-12-24;16;423
5;2025-12-24;17;575
5;2025-12-24;18;595
5;2025-12-24;19;369
5;2025-12-24;20;232
5;2025-12-24;21;154
5;2025-12-24;22;69
5;2025-12-24;23;40
5;2025-12-25;0;11
5;2025-12-25;1;1
5;2025-12-25;2;0
5;2025-12-25;3;0
5;2025-12-25;4;1
5;2025-12-25;5;24
5;2025-12-25;6;131
5;2025-12-25;7;402
5;2025-12-25;8;636
5;2025-12-25;9;497
5;2025-12-25;10;400
5;2025-12-25;11;366
5;2025-12-25;12;379
5;2025-12-25;13;365
5;2025-12-25;14;373
5;2025-12-25;15;405
5;2025-12-25;16;422
5;2025-12-25;17;559
5;2025-12-25;18;610
5;2025-12-25;19;372
5;2025-12-25;20;243
5;2025-12-25;21;161
5;2025-12-25;22;69
5;2025-12-25;23;43
5;2025-12-26;0;12
5;2025-12-26;1;1
5;2025-12-26;2;0
5;2025-12-26;3;0
5;2025-12-26;4;1
5;2025-12-26;5;25
5;2025-12-26;6;137
5;2025-12-26;7;417
5;2025-12-26;8;649
5;2025-12-26;9;503
5;2025-12-26;10;398
5;2025-12-26;11;379
5;2025-12-26;12;379
5;2025-12-26;13;388
5;2025-12-26;14;387
5;2025-12-26;15;444
5;2025-12-26;16;523
5;2025-12-26;17;549
5;2025-12-26;18;451
5;2025-12-26;19;328
5;2025-12-26;20;231
5;2025-12-26;21;147
5;2025-12-26;22;74
5;2025-12-26;23;49
5;2025-12-27;0;21
5;2025-12-27;1;2
5;2025-12-27;2;0
5;2025-12-27;3;0
5;2025-12-27;4;0
5;2025-12-27;5;11
5;2025-12-27;6;65
5;2025-12-27;7;126
5;2025-12-27;8;194
5;2025-12-27;9;206
5;2025-12-27;10;217
5;2025-12-27;11;261
5;2025-12-27;12;277
5;2025-12-27;13;290
5;2025-12-27;14;303
5;2025-12-27;15;279
5;2025-12-27;16;274
5;2025-12-27;17;282
5;2025-12-27;18;258
5;2025-12-27;19;234
5;2025-12-27;20;181
5;2025-12-27;21;141
5;2025-12-27;22;79
5;2025-12-27;23;49
5;2025-12-28;0;21
5;2025-12-28;1;3
5;2025-12-28;2;1
5;2025-12-28;3;1
5;2025-12-28;4;0
5;2025-12-28;5;10
5;2025-12-28;6;52
5;2025-12-28;7;90
5;2025-12-28;8;143
5;2025-12-28;9;174
5;2025-12-28;10;192
5;2025-12-28;11;241
5;2025-12-28;12;264
5;2025-12-28;13;278
5;2025-12-28;14;300
5;2025-12-28;15;277
5;2025-12-28;16;268
5;2025-12-28;17;281
5;2025-12-28;18;248
5;2025-12-28;19;213
5;2025-12-28;20;175
5;2025-12-28;21;139
5;2025-12-28;22;79
5;2025-12-28;23;44
5;2025-12-29;0;7
5;2025-12-29;1;1
5;2025-12-29;2;0
5;2025-12-29;3;0
5;2025-12-29;4;1
5;2025-12-29;5;25
5;2025-12-29;6;133
5;2025-12-29;7;408
5;2025-12-29;8;653
5;2025-12-29;9;503
5;2025-12-29;10;389
5;2025-12-29;11;353
5;2025-12-29;12;340
5;2025-12-29;13;355
5;2025-12-29;14;350
5;2025-12-29;15;399
5;2025-12-29;16;410
5;2025-12-29;17;556
5;2025-12-29;18;604
5;2025-12-29;19;358
5;2025-12-29;20;227
5;2025-12-29;21;148
5;2025-12-29;22;62
5;2025-12-29;23;35
5;2025-12-30;0;7
5;2025-12-30;1;1
5;2025-12-30;2;0
5;2025-12-30;3;0
5;2025-12-30;4;0
5;2025-12-30;5;22
5;2025-12-30;6;123
5;2025-12-30;7;380
5;2025-12-30;8;580
5;2025-12-30;9;456
5;2025-12-30;10;363
5;2025-12-30;11;329
5;2025-12-30;12;322
5;2025-12-30;13;329
5;2025-12-30;14;318
5;2025-12-30;15;369
5;2025-12-30;16;381
5;2025-12-30;17;510
5;2025-12-30;18;536
5;2025-12-30;19;331
5;2025-12-30;20;216
5;2025-12-30;21;136
5;2025-12-30;22;58
5;2025-12-30;23;35
5;2025-12-31;0;9
5;2025-12-31;1;1
5;2025-12-31;2;0
5;2025-12-31;3;0
5;2025-12-31;4;0
5;2025-12-31;5;13
5;2025-12-31;6;58
5;2025-12-31;7;149
5;2025-12-31;8;243
5;2025-12-31;9;209
5;2025-12-31;10;183
5;2025-12-31;11;189
5;2025-12-31;12;200
5;2025-12-31;13;196
5;2025-12-31;14;202
5;2025-12-31;15;211
5;2025-12-31;16;217
5;2025-12-31;17;266
5;2025-12-31;18;261
5;2025-12-31;19;184
5;2025-12-31;20;132
5;2025-12-31;21;94
5;2025-12-31;22;46
5;2025-12-31;23;27
7;2025-11-01;0;99
7;2025-11-01;1;22
7;2025-11-01;2;0
7;2025-11-01;3;0
7;2025-11-01;4;1
7;2025-11-01;5;135
7;2025-11-01;6;504
7;2025-11-01;7;1119
7;2025-11-01;8;1766
7;2025-11-01;9;1368
7;2025-11-01;10;1363
7;2025-11-01;11;1291
7;2025-11-01;12;1424
7;2025-11-01;13;1430
7;2025-11-01;14;1470
7;2025-11-01;15;1565
7;2025-11-01;16;1715
7;2025-11-01;17;1848
7;2025-11-01;18;1611
7;2025-11-01;19;1177
7;2025-11-01;20;855
7;2025-11-01;21;538
7;2025-11-01;22;297
7;2025-11-01;23;216
7;2025-11-02;0;88
7;2025-11-02;1;21
7;2025-11-02;2;0
7;2025-11-02;3;0
7;2025-11-02;4;1
7;2025-11-02;5;28
7;2025-11-02;6;124
7;2025-11-02;7;166
7;2025-11-02;8;357
7;2025-11-02;9;469
7;2025-11-02;10;387
7;2025-11-02;11;558
7;2025-11-02;12;612
7;2025-11-02;13;607
7;2025-11-02;14;650
7;2025-11-02;15;669
7;2025-11-02;16;589
7;2025-11-02;17;607
7;2025-11-02;18;607
7;2025-11-02;19;458
7;2025-11-02;20;383
7;2025-11-02;21;287
7;2025-11-02;22;151
7;2025-11-02;23;112
7;2025-11-03;0;92
7;2025-11-03;1;22
7;2025-11-03;2;0
7;2025-11-03;3;0
7;2025-11-03;4;1
7;2025-11-03;5;32
7;2025-11-03;6;155
7;2025-11-03;7;197
7;2025-11-03;8;426
7;2025-11-03;9;489
7;2025-11-03;10;440
7;2025-11-03;11;581
7;2025-11-03;12;677
7;2025-11-03;13;661
7;2025-11-03;14;690
7;2025-11-03;15;699
7;2025-11-03;16;640
7;2025-11-03;17;651
7;2025-11-03;18;635
7;2025-11-03;19;494
7;2025-11-03;20;412
7;2025-11-03;21;306
7;2025-11-03;22;163
7;2025-11-03;23;124
7;2025-11-04;0;82
7;2025-11-04;1;20
7;2025-11-04;2;0
7;2025-11-04;3;0
7;2025-11-04;4;1
7;2025-11-04;5;27
7;2025-11-04;6;129
7;2025-11-04;7;167
7;2025-11-04;8;360
7;2025-11-04;9;435
7;2025-11-04;10;379
7;2025-11-04;11;517
7;2025-11-04;12;589
7;2025-11-04;13;578
7;2025-11-04;14;609
7;2025-11-04;15;621
7;2025-11-04;16;560
7;2025-11-04;17;573
7;2025-11-04;18;564
7;2025-11-04;19;433
7;2025-11-04;20;362
7;2025-11-04;21;270
7;2025-11-04;22;143
7;2025-11-04;23;108
7;2025-11-05;0;57
7;2025-11-05;1;10
7;2025-11-05;2;0
7;2025-11-05;3;0
7;2025-11-05;4;2
7;2025-11-05;5;195
7;2025-11-05;6;640
7;2025-11-05;7;1563
7;2025-11-05;8;2479
7;2025-11-05;9;1900
7;2025-11-05;10;1707
7;2025-11-05;11;1553
7;2025-11-05;12;1725
7;2025-11-05;13;1568
7;2025-11-05;14;1607
7;2025-11-05;15;1765
7;2025-11-05;16;1876
7;2025-11-05;17;2445
7;2025-11-05;18;2515
7;2025-11-05;19;1674
7;2025-11-05;20;1063
7;2025-11-05;21;625
7;2025-11-05;22;295
7;2025-11-05;23;183
7;2025-11-06;0;64
7;2025-11-06;1;17
7;2025-11-06;2;0
7;2025-11-06;3;0
7;2025-11-06;4;1
7;2025-11-06;5;183
7;2025-11-06;6;637
7;2025-11-06;7;1596
7;2025-11-06;8;2454
7;2025-11-06;9;1823
7;2025-11-06;10;1598
7;2025-11-06;11;1536
7;2025-11-06;12;1672
7;2025-11-06;13;1572
7;2025-11-06;14;1704
7;2025-11-06;15;1739
7;2025-11-06;16;1855
7;2025-11-06;17;2293
7;2025-11-06;18;2599
7;2025-11-06;19;1650
7;2025-11-06;20;1058
7;2025-11-06;21;629
7;2025-11-06;22;303
7;2025-11-06;23;207
7;2025-11-07;0;74
7;2025-11-07;1;15
7;2025-11-07;2;0
7;2025-11-07;3;0
7;2025-11-07;4;2
7;2025-11-07;5;175
7;2025-11-07;6;614
7;2025-11-07;7;1480
7;2025-11-07;8;2265
7;2025-11-07;9;1728
7;2025-11-07;10;1647
7;2025-11-07;11;1541
7;2025-11-07;12;1614
7;2025-11-07;13;1643
7;2025-11-07;14;1678
7;2025-11-07;15;1826
7;2025-11-07;16;2027
7;2025-11-07;17;2277
7;2025-11-07;18;1976
7;2025-11-07;19;1412
7;2025-11-07;20;988
7;2025-11-07;21;598
7;2025-11-07;22;314
7;2025-11-07;23;232
7;2025-11-08;0;97
7;2025-11-08;1;25
7;2025-11-08;2;0
7;2025-11-08;3;0
7;2025-11-08;4;1
7;2025-11-08;5;46
7;2025-11-08;6;230
7;2025-11-08;7;307
7;2025-11-08;8;594
7;2025-11-08;9;557
7;2025-11-08;10;593
7;2025-11-08;11;662
7;2025-11-08;12;832
7;2025-11-08;13;824
7;2025-11-08;14;825
7;2025-11-08;15;796
7;2025-11-08;16;789
7;2025-11-08;17;760
7;2025-11-08;18;737
7;2025-11-08;19;630
7;2025-11-08;20;493
7;2025-11-08;21;369
7;2025-11-08;22;196
7;2025-11-08;23;153
7;2025-11-09;0;85
7;2025-11-09;1;22
7;2025-11-09;2;0
7;2025-11-09;3;1
7;2025-11-09;4;1
7;2025-11-09;5;27
7;2025-11-09;6;125
7;2025-11-09;7;185
7;2025-11-09;8;362
7;2025-11-09;9;455
7;2025-11-09;10;412
7;2025-11-09;11;590
7;2025-11-09;12;626
7;2025-11-09;13;639
7;2025-11-09;14;687
7;2025-11-09;15;701
7;2025-11-09;16;622
7;2025-11-09;17;635
7;2025-11-09;18;622
7;2025-11-09;19;497
7;2025-11-09;20;395
7;2025-11-09;21;295
7;2025-11-09;22;154
7;2025-11-09;23;112
7;2025-11-10;0;62
7;2025-11-10;1;11
7;2025-11-10;2;0
7;2025-11-10;3;0
7;2025-11-10;4;1
7;2025-11-10;5;192
7;2025-11-10;6;628
7;2025-11-10;7;1615
7;2025-11-10;8;2519
7;2025-11-10;9;1812
7;2025-11-10;10;1604
7;2025-11-10;11;1509
7;2025-11-10;12;1524
7;2025-11-10;13;1554
7;2025-11-10;14;1569
7;2025-11-10;15;1714
7;2025-11-10;16;1803
7;2025-11-10;17;2380
7;2025-11-10;18;2545
7;2025-11-10;19;1709
7;2025-11-10;20;1062
7;2025-11-10;21;601
7;2025-11-10;22;286
7;2025-11-10;23;155
7;2025-11-11;0;57
7;2025-11-11;1;13
7;2025-11-11;2;0
7;2025-11-11;3;0
7;2025-11-11;4;2
7;2025-11-11;5;192
7;2025-11-11;6;637
7;2025-11-11;7;1684
7;2025-11-11;8;2458
7;2025-11-11;9;1905
7;2025-11-11;10;1671
7;2025-11-11;11;1593
7;2025-11-11;12;1656
7;2025-11-11;13;1619
7;2025-11-11;14;1574
7;2025-11-11;15;1804
7;2025-11-11;16;1841
7;2025-11-11;17;2376
7;2025-11-11;18;2645
7;2025-11-11;19;1779
7;2025-11-11;20;1132
7;2025-11-11;21;681
7;2025-11-11;22;318
7;2025-11-11;23;197
7;2025-11-12;0;57
7;2025-11-12;1;10
7;2025-11-12;2;0
7;2025-11-12;3;0
7;2025-11-12;4;2
7;2025-11-12;5;195
7;2025-11-12;6;641
7;2025-11-12;7;1564
7;2025-11-12;8;2481
7;2025-11-12;9;1901
7;2025-11-12;10;1706
7;2025-11-12;11;1552
7;2025-11-12;12;1724
7;2025-11-12;13;1568
7;2025-11-12;14;1607
7;2025-11-12;15;1765
7;2025-11-12;16;1876
7;2025-11-12;17;2445
7;2025-11-12;18;2515
7;2025-11-12;19;1674
7;2025-11-12;20;1063
7;2025-11-12;21;625
7;2025-11-12;22;295
7;2025-11-12;23;183
7;2025-11-13;0;63
7;2025-11-13;1;17
7;2025-11-13;2;0
7;2025-11-13;3;0
7;2025-11-13;4;1
7;2025-11-13;5;184
7;2025-11-13;6;638
7;2025-11-13;7;1597
7;2025-11-13;8;2455
7;2025-11-13;9;1824
7;2025-11-13;10;1598
7;2025-11-13;11;1536
7;2025-11-13;12;1672
7;2025-11-13;13;1572
7;2025-11-13;14;1704
7;2025-11-13;15;1739
7;2025-11-13;16;1855
7;2025-11-13;17;2293
7;2025-11-13;18;2599
7;2025-11-13;19;1650
7;2025-11-13;20;1058
7;2025-11-13;21;629
7;2025-11-13;22;303
7;2025-11-13;23;207
7;2025-11-14;0;74
7;2025-11-14;1;15
7;2025-11-14;2;0
7;2025-11-14;3;0
7;2025-11-14;4;2
7;2025-11-14;5;176
7;2025-11-14;6;615
7;2025-11-14;7;1481
7;2025-11-14;8;2266
7;2025-11-14;9;1729
7;2025-11-14;10;1646
7;2025-11-14;11;1540
7;2025-11-14;12;1614
7;2025-11-14;13;1642
7;2025-11-14;14;1678
7;2025-11-14;15;1826
7;2025-11-14;16;2026
7;2025-11-14;17;2277
7;2025-11-14;18;1975
7;2025-11-14;19;1412
7;2025-11-14;20;988
7;2025-11-14;21;598
7;2025-11-14;22;314
7;2025-11-14;23;232
7;2025-11-15;0;101
7;2025-11-15;1;26
7;2025-11-15;2;0
7;2025-11-15;3;0
7;2025-11-15;4;1
7;2025-11-15;5;63
7;2025-11-15;6;298
7;2025-11-15;7;497
7;2025-11-15;8;747
7;2025-11-15;9;842
7;2025-11-15;10;895
7;2025-11-15;11;1055
7;2025-11-15;12;1175
7;2025-11-15;13;1237
7;2025-11-15;14;1298
7;2025-11-15;15;1207
7;2025-11-15;16;1150
7;2025-11-15;17;1111
7;2025-11-15;18;1080
7;2025-11-15;19;1028
7;2025-11-15;20;763
7;2025-11-15;21;612
7;2025-11-15;22;327
7;2025-11-15;23;209
7;2025-11-16;0;101
7;2025-11-16;1;22
7;2025-11-16;2;2
7;2025-11-16;3;4
7;2025-11-16;4;1
7;2025-11-16;5;44
7;2025-11-16;6;205
7;2025-11-16;7;338
7;2025-11-16;8;532
7;2025-11-16;9;663
7;2025-11-16;10;733
7;2025-11-16;11;941
7;2025-11-16;12;1012
7;2025-11-16;13;1064
7;2025-11-16;14;1162
7;2025-11-16;15;1105
7;2025-11-16;16;1020
7;2025-11-16;17;1053
7;2025-11-16;18;948
7;2025-11-16;19;828
7;2025-11-16;20;663
7;2025-11-16;21;518
7;2025-11-16;22;289
7;2025-11-16;23;173
7;2025-11-17;0;62
7;2025-11-17;1;11
7;2025-11-17;2;0
7;2025-11-17;3;0
7;2025-11-17;4;1
7;2025-11-17;5;193
7;2025-11-17;6;630
7;2025-11-17;7;1617
7;2025-11-17;8;2523
7;2025-11-17;9;1815
7;2025-11-17;10;1607
7;2025-11-17;11;1511
7;2025-11-17;12;1527
7;2025-11-17;13;1556
7;2025-11-17;14;1572
7;2025-11-17;15;1717
7;2025-11-17;16;1806
7;2025-11-17;17;2384
7;2025-11-17;18;2549
7;2025-11-17;19;1712
7;2025-11-17;20;1064
7;2025-11-17;21;602
7;2025-11-17;22;286
7;2025-11-17;23;156
7;2025-11-18;0;57
7;2025-11-18;1;13
7;2025-11-18;2;0
7;2025-11-18;3;0
7;2025-11-18;4;2
7;2025-11-18;5;193
7;2025-11-18;6;639
7;2025-11-18;7;1688
7;2025-11-18;8;2464
7;2025-11-18;9;1910
7;2025-11-18;10;1675
7;2025-11-18;11;1597
7;2025-11-18;12;1661
7;2025-11-18;13;1623
7;2025-11-18;14;1578
7;2025-11-18;15;1808
7;2025-11-18;16;1846
7;2025-11-18;17;2382
7;2025-11-18;18;2651
7;2025-11-18;19;1783
7;2025-11-18;20;1135
7;2025-11-18;21;682
7;2025-11-18;22;318
7;2025-11-18;23;197
7;2025-11-19;0;57
7;2025-11-19;1;10
7;2025-11-19;2;0
7;2025-11-19;3;0
7;2025-11-19;4;2
7;2025-11-19;5;196
7;2025-11-19;6;643
7;2025-11-19;7;1569
7;2025-11-19;8;2488
7;2025-11-19;9;1907
7;2025-11-19;10;1712
7;2025-11-19;11;1558
7;2025-11-19;12;1730
7;2025-11-19;13;1572
7;2025-11-19;14;1612
7;2025-11-19;15;1770
7;2025-11-19;16;1882
7;2025-11-19;17;2453
7;2025-11-19;18;2522
7;2025-11-19;19;1680
7;2025-11-19;20;1067
7;2025-11-19;21;627
7;2025-11-19;22;296
7;2025-11-19;23;183
7;2025-11-20;0;64
7;2025-11-20;1;17
7;2025-11-20;2;0
7;2025-11-20;3;0
7;2025-11-20;4;1
7;2025-11-20;5;184
7;2025-11-20;6;641
7;2025-11-20;7;1603
7;2025-11-20;8;2464
7;2025-11-20;9;1831
7;2025-11-20;10;1604
7;2025-11-20;11;1543
7;2025-11-20;12;1679
7;2025-11-20;13;1578
7;2025-11-20;14;1711
7;2025-11-20;15;1746
7;2025-11-20;16;1862
7;2025-11-20;17;2302
7;2025-11-20;18;2608
7;2025-11-20;19;1656
7;2025-11-20;20;1062
7;2025-11-20;21;631
7;2025-11-20;22;304
7;2025-11-20;23;207
7;2025-11-21;0;74
7;2025-11-21;1;15
7;2025-11-21;2;0
7;2025-11-21;3;0
7;2025-11-21;4;2
7;2025-11-21;5;177
7;2025-11-21;6;618
7;2025-11-21;7;1488
7;2025-11-21;8;2277
7;2025-11-21;9;1737
7;2025-11-21;10;1654
7;2025-11-21;11;1547
7;2025-11-21;12;1621
7;2025-11-21;13;1650
7;2025-11-21;14;1686
7;2025-11-21;15;1834
7;2025-11-21;16;2035
7;2025-11-21;17;2287
7;2025-11-21;18;1985
7;2025-11-21;19;1419
7;2025-11-21;20;993
7;2025-11-21;21;600
7;2025-11-21;22;315
7;2025-11-21;23;233
7;2025-11-22;0;101
7;2025-11-22;1;26
7;2025-11-22;2;0
7;2025-11-22;3;0
7;2025-11-22;4;1
7;2025-11-22;5;64
7;2025-11-22;6;299
7;2025-11-22;7;500
7;2025-11-22;8;751
7;2025-11-22;9;847
7;2025-11-22;10;899
7;2025-11-22;11;1060
7;2025-11-22;12;1181
7;2025-11-22;13;1243
7;2025-11-22;14;1304
7;2025-11-22;15;1213
7;2025-11-22;16;1156
7;2025-11-22;17;1116
7;2025-11-22;18;1086
7;2025-11-22;19;1033
7;2025-11-22;20;766
7;2025-11-22;21;615
7;2025-11-22;22;328
7;2025-11-22;23;210
7;2025-11-23;0;101
7;2025-11-23;1;22
7;2025-11-23;2;2
7;2025-11-23;3;4
7;2025-11-23;4;1
7;2025-11-23;5;45
7;2025-11-23;6;206
7;2025-11-23;7;340
7;2025-11-23;8;535
7;2025-11-23;9;667
7;2025-11-23;10;736
7;2025-11-23;11;946
7;2025-11-23;12;1017
7;2025-11-23;13;1069
7;2025-11-23;14;1167
7;2025-11-23;15;1111
7;2025-11-23;16;1025
7;2025-11-23;17;1058
7;2025-11-23;18;952
7;2025-11-23;19;832
7;2025-11-23;20;666
7;2025-11-23;21;520
7;2025-11-23;22;291
7;2025-11-23;23;175
7;2025-11-24;0;62
7;2025-11-24;1;11
7;2025-11-24;2;0
7;2025-11-24;3;0
7;2025-11-24;4;1
7;2025-11-24;5;194
7;2025-11-24;6;633
7;2025-11-24;7;1626
7;2025-11-24;8;2536
7;2025-11-24;9;1825
7;2025-11-24;10;1616
7;2025-11-24;11;1520
7;2025-11-24;12;1535
7;2025-11-24;13;1565
7;2025-11-24;14;1581
7;2025-11-24;15;1726
7;2025-11-24;16;1816
7;2025-11-24;17;2397
7;2025-11-24;18;2563
7;2025-11-24;19;1721
7;2025-11-24;20;1070
7;2025-11-24;21;605
7;2025-11-24;22;288
7;2025-11-24;23;157
7;2025-11-25;0;57
7;2025-11-25;1;13
7;2025-11-25;2;0
7;2025-11-25;3;0
7;2025-11-25;4;2
7;2025-11-25;5;194
7;2025-11-25;6;642
7;2025-11-25;7;1697
7;2025-11-25;8;2477
7;2025-11-25;9;1920
7;2025-11-25;10;1684
7;2025-11-25;11;1606
7;2025-11-25;12;1670
7;2025-11-25;13;1632
7;2025-11-25;14;1587
7;2025-11-25;15;1818
7;2025-11-25;16;1856
7;2025-11-25;17;2395
7;2025-11-25;18;2666
7;2025-11-25;19;1793
7;2025-11-25;20;1141
7;2025-11-25;21;686
7;2025-11-25;22;319
7;2025-11-25;23;198
7;2025-11-26;0;57
7;2025-11-26;1;10
7;2025-11-26;2;0
7;2025-11-26;3;0
7;2025-11-26;4;2
7;2025-11-26;5;197
7;2025-11-26;6;647
7;2025-11-26;7;1578
7;2025-11-26;8;2501
7;2025-11-26;9;1917
7;2025-11-26;10;1721
7;2025-11-26;11;1566
7;2025-11-26;12;1739
7;2025-11-26;13;1581
7;2025-11-26;14;1621
7;2025-11-26;15;1780
7;2025-11-26;16;1892
7;2025-11-26;17;2466
7;2025-11-26;18;2536
7;2025-11-26;19;1688
7;2025-11-26;20;1073
7;2025-11-26;21;630
7;2025-11-26;22;297
7;2025-11-26;23;185
7;2025-11-27;0;64
7;2025-11-27;1;17
7;2025-11-27;2;0
7;2025-11-27;3;0
7;2025-11-27;4;1
7;2025-11-27;5;185
7;2025-11-27;6;644
7;2025-11-27;7;1612
7;2025-11-27;8;2478
7;2025-11-27;9;1841
7;2025-11-27;10;1613
7;2025-11-27;11;1551
7;2025-11-27;12;1687
7;2025-11-27;13;1587
7;2025-11-27;14;1720
7;2025-11-27;15;1756
7;2025-11-27;16;1872
7;2025-11-27;17;2315
7;2025-11-27;18;2622
7;2025-11-27;19;1665
7;2025-11-27;20;1068
7;2025-11-27;21;634
7;2025-11-27;22;305
7;2025-11-27;23;208
7;2025-11-28;0;74
7;2025-11-28;1;15
7;2025-11-28;2;0
7;2025-11-28;3;0
7;2025-11-28;4;2
7;2025-11-28;5;178
7;2025-11-28;6;622
7;2025-11-28;7;1497
7;2025-11-28;8;2290
7;2025-11-28;9;1747
7;2025-11-28;10;1663
7;2025-11-28;11;1556
7;2025-11-28;12;1630
7;2025-11-28;13;1659
7;2025-11-28;14;1695
7;2025-11-28;15;1844
7;2025-11-28;16;2046
7;2025-11-28;17;2300
7;2025-11-28;18;1996
7;2025-11-28;19;1427
7;2025-11-28;20;998
7;2025-11-28;21;604
7;2025-11-28;22;317
7;2025-11-28;23;234
7;2025-11-29;0;102
7;2025-11-29;1;26
7;2025-11-29;2;0
7;2025-11-29;3;0
7;2025-11-29;4;1
7;2025-11-29;5;64
7;2025-11-29;6;300
7;2025-11-29;7;503
7;2025-11-29;8;755
7;2025-11-29;9;851
7;2025-11-29;10;904
7;2025-11-29;11;1065
7;2025-11-29;12;1187
7;2025-11-29;13;1249
7;2025-11-29;14;1311
7;2025-11-29;15;1218
7;2025-11-29;16;1162
7;2025-11-29;17;1122
7;2025-11-29;18;1091
7;2025-11-29;19;1038
7;2025-11-29;20;769
7;2025-11-29;21;617
7;2025-11-29;22;330
7;2025-11-29;23;211
7;2025-11-30;0;101
7;2025-11-30;1;22
7;2025-11-30;2;2
7;2025-11-30;3;4
7;2025-11-30;4;1
7;2025-11-30;5;45
7;2025-11-30;6;207
7;2025-11-30;7;342
7;2025-11-30;8;538
7;2025-11-30;9;670
7;2025-11-30;10;740
7;2025-11-30;11;951
7;2025-11-30;12;1022
7;2025-11-30;13;1075
7;2025-11-30;14;1173
7;2025-11-30;15;1117
7;2025-11-30;16;1030
7;2025-11-30;17;1063
7;2025-11-30;18;958
7;2025-11-30;19;836
7;2025-11-30;20;670
7;2025-11-30;21;522
7;2025-11-30;22;292
7;2025-11-30;23;175
7;2025-12-01;0;62
7;2025-12-01;1;11
7;2025-12-01;2;0
7;2025-12-01;3;0
7;2025-12-01;4;1
7;2025-12-01;5;195
7;2025-12-01;6;636
7;2025-12-01;7;1635
7;2025-12-01;8;2549
7;2025-12-01;9;1835
7;2025-12-01;10;1625
7;2025-12-01;11;1528
7;2025-12-01;12;1544
7;2025-12-01;13;1573
7;2025-12-01;14;1589
7;2025-12-01;15;1736
7;2025-12-01;16;1826
7;2025-12-01;17;2410
7;2025-12-01;18;2577
7;2025-12-01;19;1731
7;2025-12-01;20;1076
7;2025-12-01;21;609
7;2025-12-01;22;289
7;2025-12-01;23;157
7;2025-12-02;0;57
7;2025-12-02;1;13
7;2025-12-02;2;0
7;2025-12-02;3;0
7;2025-12-02;4;2
7;2025-12-02;5;195
7;2025-12-02;6;646
7;2025-12-02;7;1706
7;2025-12-02;8;2491
7;2025-12-02;9;1931
7;2025-12-02;10;1694
7;2025-12-02;11;1615
7;2025-12-02;12;1679
7;2025-12-02;13;1641
7;2025-12-02;14;1595
7;2025-12-02;15;1828
7;2025-12-02;16;1866
7;2025-12-02;17;2408
7;2025-12-02;18;2680
7;2025-12-02;19;1802
7;2025-12-02;20;1147
7;2025-12-02;21;689
7;2025-12-02;22;321
7;2025-12-02;23;199
7;2025-12-03;0;57
7;2025-12-03;1;10
7;2025-12-03;2;0
7;2025-12-03;3;0
7;2025-12-03;4;2
7;2025-12-03;5;198
7;2025-12-03;6;650
7;2025-12-03;7;1586
7;2025-12-03;8;2515
7;2025-12-03;9;1927
7;2025-12-03;10;1730
7;2025-12-03;11;1574
7;2025-12-03;12;1748
7;2025-12-03;13;1590
7;2025-12-03;14;1629
7;2025-12-03;15;1789
7;2025-12-03;16;1902
7;2025-12-03;17;2479
7;2025-12-03;18;2550
7;2025-12-03;19;1698
7;2025-12-03;20;1079
7;2025-12-03;21;635
7;2025-12-03;22;300
7;2025-12-03;23;186
7;2025-12-04;0;64
7;2025-12-04;1;17
7;2025-12-04;2;0
7;2025-12-04;3;0
7;2025-12-04;4;1
7;2025-12-04;5;186
7;2025-12-04;6;646
7;2025-12-04;7;1618
7;2025-12-04;8;2487
7;2025-12-04;9;1847
7;2025-12-04;10;1619
7;2025-12-04;11;1557
7;2025-12-04;12;1694
7;2025-12-04;13;1593
7;2025-12-04;14;1726
7;2025-12-04;15;1765
7;2025-12-04;16;1882
7;2025-12-04;17;2327
7;2025-12-04;18;2637
7;2025-12-04;19;1676
7;2025-12-04;20;1076
7;2025-12-04;21;645
7;2025-12-04;22;314
7;2025-12-04;23;217
7;2025-12-05;0;74
7;2025-12-05;1;15
7;2025-12-05;2;0
7;2025-12-05;3;0
7;2025-12-05;4;2
7;2025-12-05;5;178
7;2025-12-05;6;624
7;2025-12-05;7;1501
7;2025-12-05;8;2298
7;2025-12-05;9;1753
7;2025-12-05;10;1668
7;2025-12-05;11;1561
7;2025-12-05;12;1635
7;2025-12-05;13;1665
7;2025-12-05;14;1701
7;2025-12-05;15;1852
7;2025-12-05;16;2055
7;2025-12-05;17;2310
7;2025-12-05;18;2009
7;2025-12-05;19;1438
7;2025-12-05;20;1008
7;2025-12-05;21;616
7;2025-12-05;22;328
7;2025-12-05;23;245
7;2025-12-06;0;102
7;2025-12-06;1;26
7;2025-12-06;2;0
7;2025-12-06;3;0
7;2025-12-06;4;1
7;2025-12-06;5;63
7;2025-12-06;6;300
7;2025-12-06;7;503
7;2025-12-06;8;757
7;2025-12-06;9;853
7;2025-12-06;10;905
7;2025-12-06;11;1067
7;2025-12-06;12;1189
7;2025-12-06;13;1253
7;2025-12-06;14;1315
7;2025-12-06;15;1225
7;2025-12-06;16;1168
7;2025-12-06;17;1128
7;2025-12-06;18;1099
7;2025-12-06;19;1045
7;2025-12-06;20;776
7;2025-12-06;21;625
7;2025-12-06;22;336
7;2025-12-06;23;217
7;2025-12-07;0;102
7;2025-12-07;1;22
7;2025-12-07;2;2
7;2025-12-07;3;4
7;2025-12-07;4;1
7;2025-12-07;5;43
7;2025-12-07;6;207
7;2025-12-07;7;342
7;2025-12-07;8;539
7;2025-12-07;9;671
7;2025-12-07;10;741
7;2025-12-07;11;953
7;2025-12-07;12;1024
7;2025-12-07;13;1077
7;2025-12-07;14;1176
7;2025-12-07;15;1123
7;2025-12-07;16;1036
7;2025-12-07;17;1069
7;2025-12-07;18;965
7;2025-12-07;19;844
7;2025-12-07;20;676
7;2025-12-07;21;530
7;2025-12-07;22;299
7;2025-12-07;23;181
7;2025-12-08;0;63
7;2025-12-08;1;11
7;2025-12-08;2;0
7;2025-12-08;3;0
7;2025-12-08;4;1
7;2025-12-08;5;192
7;2025-12-08;6;636
7;2025-12-08;7;1638
7;2025-12-08;8;2557
7;2025-12-08;9;1839
7;2025-12-08;10;1628
7;2025-12-08;11;1531
7;2025-12-08;12;1548
7;2025-12-08;13;1578
7;2025-12-08;14;1593
7;2025-12-08;15;1747
7;2025-12-08;16;1838
7;2025-12-08;17;2425
7;2025-12-08;18;2594
7;2025-12-08;19;1745
7;2025-12-08;20;1087
7;2025-12-08;21;622
7;2025-12-08;22;301
7;2025-12-08;23;168
7;2025-12-09;0;58
7;2025-12-09;1;13
7;2025-12-09;2;0
7;2025-12-09;3;0
7;2025-12-09;4;2
7;2025-12-09;5;192
7;2025-12-09;6;646
7;2025-12-09;7;1711
7;2025-12-09;8;2500
7;2025-12-09;9;1936
7;2025-12-09;10;1697
7;2025-12-09;11;1619
7;2025-12-09;12;1683
7;2025-12-09;13;1646
7;2025-12-09;14;1601
7;2025-12-09;15;1840
7;2025-12-09;16;1878
7;2025-12-09;17;2424
7;2025-12-09;18;2698
7;2025-12-09;19;1816
7;2025-12-09;20;1158
7;2025-12-09;21;701
7;2025-12-09;22;331
7;2025-12-09;23;209
7;2025-12-10;0;58
7;2025-12-10;1;10
7;2025-12-10;2;0
7;2025-12-10;3;0
7;2025-12-10;4;2
7;2025-12-10;5;195
7;2025-12-10;6;650
7;2025-12-10;7;1590
7;2025-12-10;8;2522
7;2025-12-10;9;1932
7;2025-12-10;10;1734
7;2025-12-10;11;1578
7;2025-12-10;12;1751
7;2025-12-10;13;1594
7;2025-12-10;14;1633
7;2025-12-10;15;1800
7;2025-12-10;16;1915
7;2025-12-10;17;2494
7;2025-12-10;18;2568
7;2025-12-10;19;1712
7;2025-12-10;20;1090
7;2025-12-10;21;647
7;2025-12-10;22;311
7;2025-12-10;23;197
7;2025-12-11;0;64
7;2025-12-11;1;17
7;2025-12-11;2;0
7;2025-12-11;3;0
7;2025-12-11;4;1
7;2025-12-11;5;184
7;2025-12-11;6;647
7;2025-12-11;7;1625
7;2025-12-11;8;2500
7;2025-12-11;9;1856
7;2025-12-11;10;1626
7;2025-12-11;11;1564
7;2025-12-11;12;1701
7;2025-12-11;13;1600
7;2025-12-11;14;1734
7;2025-12-11;15;1777
7;2025-12-11;16;1894
7;2025-12-11;17;2342
7;2025-12-11;18;2654
7;2025-12-11;19;1688
7;2025-12-11;20;1084
7;2025-12-11;21;649
7;2025-12-11;22;317
7;2025-12-11;23;219
7;2025-12-12;0;75
7;2025-12-12;1;15
7;2025-12-12;2;0
7;2025-12-12;3;0
7;2025-12-12;4;2
7;2025-12-12;5;177
7;2025-12-12;6;625
7;2025-12-12;7;1508
7;2025-12-12;8;2310
7;2025-12-12;9;1761
7;2025-12-12;10;1675
7;2025-12-12;11;1568
7;2025-12-12;12;1643
7;2025-12-12;13;1673
7;2025-12-12;14;1708
7;2025-12-12;15;1864
7;2025-12-12;16;2068
7;2025-12-12;17;2325
7;2025-12-12;18;2022
7;2025-12-12;19;1448
7;2025-12-12;20;1014
7;2025-12-12;21;620
7;2025-12-12;22;330
7;2025-12-12;23;246
7;2025-12-13;0;102
7;2025-12-13;1;26
7;2025-12-13;2;0
7;2025-12-13;3;0
7;2025-12-13;4;1
7;2025-12-13;5;63
7;2025-12-13;6;301
7;2025-12-13;7;506
7;2025-12-13;8;761
7;2025-12-13;9;857
7;2025-12-13;10;910
7;2025-12-13;11;1072
7;2025-12-13;12;1195
7;2025-12-13;13;1259
7;2025-12-13;14;1321
7;2025-12-13;15;1231
7;2025-12-13;16;1174
7;2025-12-13;17;1133
7;2025-12-13;18;1105
7;2025-12-13;19;1050
7;2025-12-13;20;780
7;2025-12-13;21;628
7;2025-12-13;22;338
7;2025-12-13;23;218
7;2025-12-14;0;102
7;2025-12-14;1;22
7;2025-12-14;2;2
7;2025-12-14;3;4
7;2025-12-14;4;1
7;2025-12-14;5;43
7;2025-12-14;6;208
7;2025-12-14;7;344
7;2025-12-14;8;542
7;2025-12-14;9;674
7;2025-12-14;10;745
7;2025-12-14;11;958
7;2025-12-14;12;1029
7;2025-12-14;13;1082
7;2025-12-14;14;1182
7;2025-12-14;15;1129
7;2025-12-14;16;1041
7;2025-12-14;17;1074
7;2025-12-14;18;970
7;2025-12-14;19;848
7;2025-12-14;20;680
7;2025-12-14;21;532
7;2025-12-14;22;300
7;2025-12-14;23;182
7;2025-12-15;0;63
7;2025-12-15;1;11
7;2025-12-15;2;0
7;2025-12-15;3;0
7;2025-12-15;4;1
7;2025-12-15;5;194
7;2025-12-15;6;640
7;2025-12-15;7;1647
7;2025-12-15;8;2570
7;2025-12-15;9;1849
7;2025-12-15;10;1637
7;2025-12-15;11;1540
7;2025-12-15;12;1556
7;2025-12-15;13;1587
7;2025-12-15;14;1602
7;2025-12-15;15;1757
7;2025-12-15;16;1848
7;2025-12-15;17;2438
7;2025-12-15;18;2608
7;2025-12-15;19;1754
7;2025-12-15;20;1093
7;2025-12-15;21;625
7;2025-12-15;22;303
7;2025-12-15;23;169
7;2025-12-16;0;58
7;2025-12-16;1;13
7;2025-12-16;2;0
7;2025-12-16;3;0
7;2025-12-16;4;2
7;2025-12-16;5;193
7;2025-12-16;6;650
7;2025-12-16;7;1720
7;2025-12-16;8;2513
7;2025-12-16;9;1947
7;2025-12-16;10;1706
7;2025-12-16;11;1628
7;2025-12-16;12;1692
7;2025-12-16;13;1655
7;2025-12-16;14;1609
7;2025-12-16;15;1849
7;2025-12-16;16;1889
7;2025-12-16;17;2437
7;2025-12-16;18;2712
7;2025-12-16;19;1826
7;2025-12-16;20;1164
7;2025-12-16;21;704
7;2025-12-16;22;333
7;2025-12-16;23;210
7;2025-12-17;0;58
7;2025-12-17;1;10
7;2025-12-17;2;0
7;2025-12-17;3;0
7;2025-12-17;4;2
7;2025-12-17;5;197
7;2025-12-17;6;654
7;2025-12-17;7;1598
7;2025-12-17;8;2535
7;2025-12-17;9;1943
7;2025-12-17;10;1743
7;2025-12-17;11;1586
7;2025-12-17;12;1760
7;2025-12-17;13;1602
7;2025-12-17;14;1642
7;2025-12-17;15;1810
7;2025-12-17;16;1925
7;2025-12-17;17;2507
7;2025-12-17;18;2582
7;2025-12-17;19;1721
7;2025-12-17;20;1095
7;2025-12-17;21;650
7;2025-12-17;22;312
7;2025-12-17;23;197
7;2025-12-18;0;64
7;2025-12-18;1;17
7;2025-12-18;2;0
7;2025-12-18;3;0
7;2025-12-18;4;1
7;2025-12-18;5;185
7;2025-12-18;6;651
7;2025-12-18;7;1633
7;2025-12-18;8;2514
7;2025-12-18;9;1866
7;2025-12-18;10;1634
7;2025-12-18;11;1572
7;2025-12-18;12;1710
7;2025-12-18;13;1609
7;2025-12-18;14;1743
7;2025-12-18;15;1787
7;2025-12-18;16;1905
7;2025-12-18;17;2355
7;2025-12-18;18;2668
7;2025-12-18;19;1697
7;2025-12-18;20;1090
7;2025-12-18;21;652
7;2025-12-18;22;318
7;2025-12-18;23;220
7;2025-12-19;0;75
7;2025-12-19;1;15
7;2025-12-19;2;0
7;2025-12-19;3;0
7;2025-12-19;4;2
7;2025-12-19;5;178
7;2025-12-19;6;629
7;2025-12-19;7;1516
7;2025-12-19;8;2323
7;2025-12-19;9;1771
7;2025-12-19;10;1684
7;2025-12-19;11;1576
7;2025-12-19;12;1651
7;2025-12-19;13;1682
7;2025-12-19;14;1717
7;2025-12-19;15;1874
7;2025-12-19;16;2079
7;2025-12-19;17;2338
7;2025-12-19;18;2033
7;2025-12-19;19;1455
7;2025-12-19;20;1020
7;2025-12-19;21;624
7;2025-12-19;22;332
7;2025-12-19;23;248
7;2025-12-20;0;103
7;2025-12-20;1;27
7;2025-12-20;2;0
7;2025-12-20;3;0
7;2025-12-20;4;1
7;2025-12-20;5;63
7;2025-12-20;6;302
7;2025-12-20;7;508
7;2025-12-20;8;765
7;2025-12-20;9;861
7;2025-12-20;10;914
7;2025-12-20;11;1077
7;2025-12-20;12;1200
7;2025-12-20;13;1265
7;2025-12-20;14;1327
7;2025-12-20;15;1236
7;2025-12-20;16;1180
7;2025-12-20;17;1138
7;2025-12-20;18;1110
7;2025-12-20;19;1055
7;2025-12-20;20;783
7;2025-12-20;21;631
7;2025-12-20;22;339
7;2025-12-20;23;219
7;2025-12-21;0;103
7;2025-12-21;1;23
7;2025-12-21;2;2
7;2025-12-21;3;4
7;2025-12-21;4;1
7;2025-12-21;5;44
7;2025-12-21;6;208
7;2025-12-21;7;346
7;2025-12-21;8;545
7;2025-12-21;9;678
7;2025-12-21;10;749
7;2025-12-21;11;963
7;2025-12-21;12;1034
7;2025-12-21;13;1087
7;2025-12-21;14;1188
7;2025-12-21;15;1134
7;2025-12-21;16;1046
7;2025-12-21;17;1080
7;2025-12-21;18;975
7;2025-12-21;19;852
7;2025-12-21;20;683
7;2025-12-21;21;535
7;2025-12-21;22;301
7;2025-12-21;23;183
7;2025-12-22;0;63
7;2025-12-22;1;11
7;2025-12-22;2;0
7;2025-12-22;3;0
7;2025-12-22;4;1
7;2025-12-22;5;194
7;2025-12-22;6;643
7;2025-12-22;7;1656
7;2025-12-22;8;2584
7;2025-12-22;9;1859
7;2025-12-22;10;1646
7;2025-12-22;11;1548
7;2025-12-22;12;1565
7;2025-12-22;13;1595
7;2025-12-22;14;1611
7;2025-12-22;15;1766
7;2025-12-22;16;1858
7;2025-12-22;17;2451
7;2025-12-22;18;2622
7;2025-12-22;19;1763
7;2025-12-22;20;1099
7;2025-12-22;21;629
7;2025-12-22;22;304
7;2025-12-22;23;170
7;2025-12-23;0;58
7;2025-12-23;1;13
7;2025-12-23;2;0
7;2025-12-23;3;0
7;2025-12-23;4;2
7;2025-12-23;5;194
7;2025-12-23;6;653
7;2025-12-23;7;1729
7;2025-12-23;8;2527
7;2025-12-23;9;1957
7;2025-12-23;10;1716
7;2025-12-23;11;1636
7;2025-12-23;12;1701
7;2025-12-23;13;1664
7;2025-12-23;14;1618
7;2025-12-23;15;1859
7;2025-12-23;16;1899
7;2025-12-23;17;2450
7;2025-12-23;18;2726
7;2025-12-23;19;1835
7;2025-12-23;20;1170
7;2025-12-23;21;708
7;2025-12-23;22;334
7;2025-12-23;23;212
7;2025-12-24;0;58
7;2025-12-24;1;10
7;2025-12-24;2;0
7;2025-12-24;3;0
7;2025-12-24;4;2
7;2025-12-24;5;197
7;2025-12-24;6;657
7;2025-12-24;7;1607
7;2025-12-24;8;2549
7;2025-12-24;9;1953
7;2025-12-24;10;1752
7;2025-12-24;11;1595
7;2025-12-24;12;1769
7;2025-12-24;13;1611
7;2025-12-24;14;1651
7;2025-12-24;15;1819
7;2025-12-24;16;1936
7;2025-12-24;17;2520
7;2025-12-24;18;2595
7;2025-12-24;19;1730
7;2025-12-24;20;1101
7;2025-12-24;21;654
7;2025-12-24;22;314
7;2025-12-24;23;199
7;2025-12-25;0;65
7;2025-12-25;1;17
7;2025-12-25;2;0
7;2025-12-25;3;0
7;2025-12-25;4;1
7;2025-12-25;5;186
7;2025-12-25;6;654
7;2025-12-25;7;1642
7;2025-12-25;8;2527
7;2025-12-25;9;1876
7;2025-12-25;10;1643
7;2025-12-25;11;1580
7;2025-12-25;12;1719
7;2025-12-25;13;1618
7;2025-12-25;14;1752
7;2025-12-25;15;1796
7;2025-12-25;16;1915
7;2025-12-25;17;2368
7;2025-12-25;18;2682
7;2025-12-25;19;1706
7;2025-12-25;20;1096
7;2025-12-25;21;656
7;2025-12-25;22;320
7;2025-12-25;23;221
7;2025-12-26;0;76
7;2025-12-26;1;15
7;2025-12-26;2;0
7;2025-12-26;3;0
7;2025-12-26;4;2
7;2025-12-26;5;179
7;2025-12-26;6;632
7;2025-12-26;7;1525
7;2025-12-26;8;2336
7;2025-12-26;9;1781
7;2025-12-26;10;1693
7;2025-12-26;11;1585
7;2025-12-26;12;1660
7;2025-12-26;13;1691
7;2025-12-26;14;1726
7;2025-12-26;15;1884
7;2025-12-26;16;2090
7;2025-12-26;17;2351
7;2025-12-26;18;2044
7;2025-12-26;19;1463
7;2025-12-26;20;1025
7;2025-12-26;21;627
7;2025-12-26;22;334
7;2025-12-26;23;249
7;2025-12-27;0;104
7;2025-12-27;1;27
7;2025-12-27;2;0
7;2025-12-27;3;0
7;2025-12-27;4;1
7;2025-12-27;5;64
7;2025-12-27;6;304
7;2025-12-27;7;511
7;2025-12-27;8;768
7;2025-12-27;9;865
7;2025-12-27;10;918
7;2025-12-27;11;1082
7;2025-12-27;12;1205
7;2025-12-27;13;1270
7;2025-12-27;14;1332
7;2025-12-27;15;1242
7;2025-12-27;16;1184
7;2025-12-27;17;1143
7;2025-12-27;18;1115
7;2025-12-27;19;1060
7;2025-12-27;20;787
7;2025-12-27;21;633
7;2025-12-27;22;340
7;2025-12-27;23;220
7;2025-12-28;0;103
7;2025-12-28;1;23
7;2025-12-28;2;2
7;2025-12-28;3;4
7;2025-12-28;4;1
7;2025-12-28;5;44
7;2025-12-28;6;209
7;2025-12-28;7;348
7;2025-12-28;8;547
7;2025-12-28;9;680
7;2025-12-28;10;751
7;2025-12-28;11;967
7;2025-12-28;12;1037
7;2025-12-28;13;1091
7;2025-12-28;14;1192
7;2025-12-28;15;1139
7;2025-12-28;16;1050
7;2025-12-28;17;1083
7;2025-12-28;18;979
7;2025-12-28;19;856
7;2025-12-28;20;685
7;2025-12-28;21;537
7;2025-12-28;22;303
7;2025-12-28;23;184
7;2025-12-29;0;61
7;2025-12-29;1;11
7;2025-12-29;2;0
7;2025-12-29;3;0
7;2025-12-29;4;1
7;2025-12-29;5;184
7;2025-12-29;6;594
7;2025-12-29;7;1555
7;2025-12-29;8;2445
7;2025-12-29;9;1731
7;2025-12-29;10;1532
7;2025-12-29;11;1434
7;2025-12-29;12;1437
7;2025-12-29;13;1475
7;2025-12-29;14;1501
7;2025-12-29;15;1637
7;2025-12-29;16;1710
7;2025-12-29;17;2264
7;2025-12-29;18;2437
7;2025-12-29;19;1642
7;2025-12-29;20;1017
7;2025-12-29;21;570
7;2025-12-29;22;280
7;2025-12-29;23;153
7;2025-12-30;0;52
7;2025-12-30;1;12
7;2025-12-30;2;0
7;2025-12-30;3;0
7;2025-12-30;4;2
7;2025-12-30;5;176
7;2025-12-30;6;569
7;2025-12-30;7;1561
7;2025-12-30;8;2241
7;2025-12-30;9;1749
7;2025-12-30;10;1527
7;2025-12-30;11;1449
7;2025-12-30;12;1523
7;2025-12-30;13;1478
7;2025-12-30;14;1442
7;2025-12-30;15;1682
7;2025-12-30;16;1669
7;2025-12-30;17;2151
7;2025-12-30;18;2459
7;2025-12-30;19;1658
7;2025-12-30;20;1043
7;2025-12-30;21;633
7;2025-12-30;22;299
7;2025-12-30;23;186
7;2025-12-31;0;90
7;2025-12-31;1;20
7;2025-12-31;2;1
7;2025-12-31;3;2
7;2025-12-31;4;1
7;2025-12-31;5;45
7;2025-12-31;6;227
7;2025-12-31;7;337
7;2025-12-31;8;536
7;2025-12-31;9;657
7;2025-12-31;10;737
7;2025-12-31;11;895
7;2025-12-31;12;1004
7;2025-12-31;13;1051
7;2025-12-31;14;1138
7;2025-12-31;15;1048
7;2025-12-31;16;977
7;2025-12-31;17;1004
7;2025-12-31;18;895
7;2025-12-31;19;817
7;2025-12-31;20;647
7;2025-12-31;21;524
7;2025-12-31;22;288
7;2025-12-31;23;167
11;2025-11-01;0;99
11;2025-11-01;1;1
11;2025-11-01;2;0
11;2025-11-01;3;0
11;2025-11-01;4;1
11;2025-11-01;5;229
11;2025-11-01;6;1102
11;2025-11-01;7;1707
11;2025-11-01;8;2330
11;2025-11-01;9;1813
11;2025-11-01;10;1668
11;2025-11-01;11;1757
11;2025-11-01;12;1910
11;2025-11-01;13;1864
11;2025-11-01;14;2031
11;2025-11-01;15;2014
11;2025-11-01;16;2118
11;2025-11-01;17;2442
11;2025-11-01;18;2072
11;2025-11-01;19;1688
11;2025-11-01;20;1218
11;2025-11-01;21;802
11;2025-11-01;22;408
11;2025-11-01;23;309
11;2025-11-02;0;107
11;2025-11-02;1;14
11;2025-11-02;2;0
11;2025-11-02;3;1
11;2025-11-02;4;1
11;2025-11-02;5;110
11;2025-11-02;6;470
11;2025-11-02;7;471
11;2025-11-02;8;647
11;2025-11-02;9;901
11;2025-11-02;10;986
11;2025-11-02;11;1447
11;2025-11-02;12;1509
11;2025-11-02;13;1491
11;2025-11-02;14;1549
11;2025-11-02;15;1534
11;2025-11-02;16;1444
11;2025-11-02;17;1608
11;2025-11-02;18;1211
11;2025-11-02;19;969
11;2025-11-02;20;778
11;2025-11-02;21;582
11;2025-11-02;22;337
11;2025-11-02;23;234
11;2025-11-03;0;106
11;2025-11-03;1;11
11;2025-11-03;2;0
11;2025-11-03;3;1
11;2025-11-03;4;1
11;2025-11-03;5;125
11;2025-11-03;6;548
11;2025-11-03;7;532
11;2025-11-03;8;731
11;2025-11-03;9;952
11;2025-11-03;10;1064
11;2025-11-03;11;1495
11;2025-11-03;12;1591
11;2025-11-03;13;1549
11;2025-11-03;14;1636
11;2025-11-03;15;1596
11;2025-11-03;16;1507
11;2025-11-03;17;1653
11;2025-11-03;18;1272
11;2025-11-03;19;1073
11;2025-11-03;20;825
11;2025-11-03;21;610
11;2025-11-03;22;353
11;2025-11-03;23;244
11;2025-11-04;0;96
11;2025-11-04;1;11
11;2025-11-04;2;0
11;2025-11-04;3;1
11;2025-11-04;4;1
11;2025-11-04;5;108
11;2025-11-04;6;468
11;2025-11-04;7;459
11;2025-11-04;8;631
11;2025-11-04;9;843
11;2025-11-04;10;934
11;2025-11-04;11;1334
11;2025-11-04;12;1409
11;2025-11-04;13;1380
11;2025-11-04;14;1448
11;2025-11-04;15;1421
11;2025-11-04;16;1339
11;2025-11-04;17;1478
11;2025-11-04;18;1128
11;2025-11-04;19;933
11;2025-11-04;20;729
11;2025-11-04;21;541
11;2025-11-04;22;314
11;2025-11-04;23;217
11;2025-11-05;0;66
11;2025-11-05;1;0
11;2025-11-05;2;0
11;2025-11-05;3;0
11;2025-11-05;4;1
11;2025-11-05;5;263
11;2025-11-05;6;1240
11;2025-11-05;7;2440
11;2025-11-05;8;3099
11;2025-11-05;9;2348
11;2025-11-05;10;1901
11;2025-11-05;11;1909
11;2025-11-05;12;1907
11;2025-11-05;13;2020
11;2025-11-05;14;1997
11;2025-11-05;15;1954
11;2025-11-05;16;2101
11;2025-11-05;17;2678
11;2025-11-05;18;3010
11;2025-11-05;19;2154
11;2025-11-05;20;1370
11;2025-11-05;21;800
11;2025-11-05;22;399
11;2025-11-05;23;234
11;2025-11-06;0;59
11;2025-11-06;1;0
11;2025-11-06;2;0
11;2025-11-06;3;0
11;2025-11-06;4;1
11;2025-11-06;5;253
11;2025-11-06;6;1296
11;2025-11-06;7;2393
11;2025-11-06;8;3143
11;2025-11-06;9;2425
11;2025-11-06;10;2036
11;2025-11-06;11;1865
11;2025-11-06;12;2008
11;2025-11-06;13;2078
11;2025-11-06;14;2055
11;2025-11-06;15;1903
11;2025-11-06;16;2269
11;2025-11-06;17;2750
11;2025-11-06;18;3187
11;2025-11-06;19;2252
11;2025-11-06;20;1453
11;2025-11-06;21;865
11;2025-11-06;22;409
11;2025-11-06;23;250
11;2025-11-07;0;72
11;2025-11-07;1;2
11;2025-11-07;2;0
11;2025-11-07;3;0
11;2025-11-07;4;1
11;2025-11-07;5;261
11;2025-11-07;6;1264
11;2025-11-07;7;2329
11;2025-11-07;8;3137
11;2025-11-07;9;2244
11;2025-11-07;10;1847
11;2025-11-07;11;1785
11;2025-11-07;12;1869
11;2025-11-07;13;1890
11;2025-11-07;14;2007
11;2025-11-07;15;2059
11;2025-11-07;16;2317
11;2025-11-07;17;2766
11;2025-11-07;18;2436
11;2025-11-07;19;1894
11;2025-11-07;20;1331
11;2025-11-07;21;839
11;2025-11-07;22;393
11;2025-11-07;23;311
11;2025-11-08;0;108
11;2025-11-08;1;2
11;2025-11-08;2;0
11;2025-11-08;3;0
11;2025-11-08;4;1
11;2025-11-08;5;175
11;2025-11-08;6;820
11;2025-11-08;7;761
11;2025-11-08;8;1036
11;2025-11-08;9;1182
11;2025-11-08;10;1380
11;2025-11-08;11;1731
11;2025-11-08;12;1922
11;2025-11-08;13;1856
11;2025-11-08;14;2004
11;2025-11-08;15;1887
11;2025-11-08;16;1821
11;2025-11-08;17;1893
11;2025-11-08;18;1552
11;2025-11-08;19;1458
11;2025-11-08;20;1008
11;2025-11-08;21;731
11;2025-11-08;22;418
11;2025-11-08;23;286
11;2025-11-09;0;112
11;2025-11-09;1;15
11;2025-11-09;2;0
11;2025-11-09;3;1
11;2025-11-09;4;1
11;2025-11-09;5;110
11;2025-11-09;6;485
11;2025-11-09;7;491
11;2025-11-09;8;676
11;2025-11-09;9;925
11;2025-11-09;10;1027
11;2025-11-09;11;1475
11;2025-11-09;12;1570
11;2025-11-09;13;1561
11;2025-11-09;14;1623
11;2025-11-09;15;1588
11;2025-11-09;16;1535
11;2025-11-09;17;1666
11;2025-11-09;18;1264
11;2025-11-09;19;1023
11;2025-11-09;20;798
11;2025-11-09;21;599
11;2025-11-09;22;350
11;2025-11-09;23;241
11;2025-11-10;0;74
11;2025-11-10;1;11
11;2025-11-10;2;0
11;2025-11-10;3;0
11;2025-11-10;4;1
11;2025-11-10;5;247
11;2025-11-10;6;1309
11;2025-11-10;7;2333
11;2025-11-10;8;3087
11;2025-11-10;9;2306
11;2025-11-10;10;1821
11;2025-11-10;11;1825
11;2025-11-10;12;1784
11;2025-11-10;13;1853
11;2025-11-10;14;1911
11;2025-11-10;15;1992
11;2025-11-10;16;2181
11;2025-11-10;17;2726
11;2025-11-10;18;2908
11;2025-11-10;19;2151
11;2025-11-10;20;1242
11;2025-11-10;21;774
11;2025-11-10;22;341
11;2025-11-10;23;202
11;2025-11-11;0;54
11;2025-11-11;1;1
11;2025-11-11;2;0
11;2025-11-11;3;0
11;2025-11-11;4;1
11;2025-11-11;5;244
11;2025-11-11;6;1319
11;2025-11-11;7;2435
11;2025-11-11;8;3251
11;2025-11-11;9;2442
11;2025-11-11;10;1983
11;2025-11-11;11;1836
11;2025-11-11;12;1897
11;2025-11-11;13;2028
11;2025-11-11;14;1937
11;2025-11-11;15;1963
11;2025-11-11;16;2179
11;2025-11-11;17;2822
11;2025-11-11;18;3001
11;2025-11-11;19;2284
11;2025-11-11;20;1490
11;2025-11-11;21;822
11;2025-11-11;22;372
11;2025-11-11;23;230
11;2025-11-12;0;66
11;2025-11-12;1;0
11;2025-11-12;2;0
11;2025-11-12;3;0
11;2025-11-12;4;1
11;2025-11-12;5;263
11;2025-11-12;6;1240
11;2025-11-12;7;2440
11;2025-11-12;8;3099
11;2025-11-12;9;2348
11;2025-11-12;10;1901
11;2025-11-12;11;1909
11;2025-11-12;12;1907
11;2025-11-12;13;2020
11;2025-11-12;14;1997
11;2025-11-12;15;1954
11;2025-11-12;16;2101
11;2025-11-12;17;2678
11;2025-11-12;18;3010
11;2025-11-12;19;2154
11;2025-11-12;20;1370
11;2025-11-12;21;800
11;2025-11-12;22;399
11;2025-11-12;23;234
11;2025-11-13;0;59
11;2025-11-13;1;0
11;2025-11-13;2;0
11;2025-11-13;3;0
11;2025-11-13;4;1
11;2025-11-13;5;253
11;2025-11-13;6;1296
11;2025-11-13;7;2393
11;2025-11-13;8;3143
11;2025-11-13;9;2425
11;2025-11-13;10;2037
11;2025-11-13;11;1865
11;2025-11-13;12;2008
11;2025-11-13;13;2078
11;2025-11-13;14;2055
11;2025-11-13;15;1903
11;2025-11-13;16;2269
11;2025-11-13;17;2750
11;2025-11-13;18;3187
11;2025-11-13;19;2252
11;2025-11-13;20;1453
11;2025-11-13;21;865
11;2025-11-13;22;409
11;2025-11-13;23;250
11;2025-11-14;0;71
11;2025-11-14;1;2
11;2025-11-14;2;0
11;2025-11-14;3;0
11;2025-11-14;4;1
11;2025-11-14;5;261
11;2025-11-14;6;1264
11;2025-11-14;7;2329
11;2025-11-14;8;3137
11;2025-11-14;9;2244
11;2025-11-14;10;1847
11;2025-11-14;11;1786
11;2025-11-14;12;1870
11;2025-11-14;13;1890
11;2025-11-14;14;2007
11;2025-11-14;15;2059
11;2025-11-14;16;2317
11;2025-11-14;17;2766
11;2025-11-14;18;2436
11;2025-11-14;19;1894
11;2025-11-14;20;1331
11;2025-11-14;21;839
11;2025-11-14;22;393
11;2025-11-14;23;311
11;2025-11-15;0;108
11;2025-11-15;1;2
11;2025-11-15;2;0
11;2025-11-15;3;0
11;2025-11-15;4;1
11;2025-11-15;5;175
11;2025-11-15;6;820
11;2025-11-15;7;761
11;2025-11-15;8;1036
11;2025-11-15;9;1182
11;2025-11-15;10;1380
11;2025-11-15;11;1731
11;2025-11-15;12;1922
11;2025-11-15;13;1856
11;2025-11-15;14;2004
11;2025-11-15;15;1887
11;2025-11-15;16;1821
11;2025-11-15;17;1893
11;2025-11-15;18;1552
11;2025-11-15;19;1458
11;2025-11-15;20;1008
11;2025-11-15;21;731
11;2025-11-15;22;418
11;2025-11-15;23;286
11;2025-11-16;0;112
11;2025-11-16;1;15
11;2025-11-16;2;0
11;2025-11-16;3;1
11;2025-11-16;4;1
11;2025-11-16;5;110
11;2025-11-16;6;485
11;2025-11-16;7;491
11;2025-11-16;8;676
11;2025-11-16;9;926
11;2025-11-16;10;1028
11;2025-11-16;11;1476
11;2025-11-16;12;1571
11;2025-11-16;13;1562
11;2025-11-16;14;1624
11;2025-11-16;15;1589
11;2025-11-16;16;1537
11;2025-11-16;17;1667
11;2025-11-16;18;1265
11;2025-11-16;19;1024
11;2025-11-16;20;799
11;2025-11-16;21;600
11;2025-11-16;22;350
11;2025-11-16;23;241
11;2025-11-17;0;74
11;2025-11-17;1;11
11;2025-11-17;2;0
11;2025-11-17;3;0
11;2025-11-17;4;1
11;2025-11-17;5;248
11;2025-11-17;6;1311
11;2025-11-17;7;2336
11;2025-11-17;8;3092
11;2025-11-17;9;2309
11;2025-11-17;10;1824
11;2025-11-17;11;1827
11;2025-11-17;12;1787
11;2025-11-17;13;1855
11;2025-11-17;14;1914
11;2025-11-17;15;1996
11;2025-11-17;16;2185
11;2025-11-17;17;2730
11;2025-11-17;18;2912
11;2025-11-17;19;2155
11;2025-11-17;20;1244
11;2025-11-17;21;775
11;2025-11-17;22;341
11;2025-11-17;23;202
11;2025-11-18;0;54
11;2025-11-18;1;1
11;2025-11-18;2;0
11;2025-11-18;3;0
11;2025-11-18;4;1
11;2025-11-18;5;244
11;2025-11-18;6;1323
11;2025-11-18;7;2440
11;2025-11-18;8;3259
11;2025-11-18;9;2448
11;2025-11-18;10;1988
11;2025-11-18;11;1841
11;2025-11-18;12;1901
11;2025-11-18;13;2033
11;2025-11-18;14;1943
11;2025-11-18;15;1968
11;2025-11-18;16;2184
11;2025-11-18;17;2828
11;2025-11-18;18;3008
11;2025-11-18;19;2289
11;2025-11-18;20;1493
11;2025-11-18;21;823
11;2025-11-18;22;372
11;2025-11-18;23;229
11;2025-11-19;0;66
11;2025-11-19;1;0
11;2025-11-19;2;0
11;2025-11-19;3;0
11;2025-11-19;4;1
11;2025-11-19;5;264
11;2025-11-19;6;1244
11;2025-11-19;7;2447
11;2025-11-19;8;3109
11;2025-11-19;9;2356
11;2025-11-19;10;1907
11;2025-11-19;11;1916
11;2025-11-19;12;1913
11;2025-11-19;13;2027
11;2025-11-19;14;2003
11;2025-11-19;15;1960
11;2025-11-19;16;2108
11;2025-11-19;17;2687
11;2025-11-19;18;3019
11;2025-11-19;19;2161
11;2025-11-19;20;1374
11;2025-11-19;21;803
11;2025-11-19;22;401
11;2025-11-19;23;234
11;2025-11-20;0;59
11;2025-11-20;1;0
11;2025-11-20;2;0
11;2025-11-20;3;0
11;2025-11-20;4;1
11;2025-11-20;5;254
11;2025-11-20;6;1301
11;2025-11-20;7;2403
11;2025-11-20;8;3156
11;2025-11-20;9;2434
11;2025-11-20;10;2045
11;2025-11-20;11;1874
11;2025-11-20;12;2017
11;2025-11-20;13;2086
11;2025-11-20;14;2064
11;2025-11-20;15;1911
11;2025-11-20;16;2278
11;2025-11-20;17;2761
11;2025-11-20;18;3199
11;2025-11-20;19;2261
11;2025-11-20;20;1458
11;2025-11-20;21;869
11;2025-11-20;22;410
11;2025-11-20;23;249
11;2025-11-21;0;72
11;2025-11-21;1;2
11;2025-11-21;2;0
11;2025-11-21;3;0
11;2025-11-21;4;1
11;2025-11-21;5;262
11;2025-11-21;6;1270
11;2025-11-21;7;2340
11;2025-11-21;8;3152
11;2025-11-21;9;2255
11;2025-11-21;10;1856
11;2025-11-21;11;1794
11;2025-11-21;12;1879
11;2025-11-21;13;1899
11;2025-11-21;14;2016
11;2025-11-21;15;2068
11;2025-11-21;16;2327
11;2025-11-21;17;2779
11;2025-11-21;18;2447
11;2025-11-21;19;1902
11;2025-11-21;20;1337
11;2025-11-21;21;842
11;2025-11-21;22;394
11;2025-11-21;23;311
11;2025-11-22;0;109
11;2025-11-22;1;2
11;2025-11-22;2;0
11;2025-11-22;3;0
11;2025-11-22;4;1
11;2025-11-22;5;176
11;2025-11-22;6;824
11;2025-11-22;7;765
11;2025-11-22;8;1042
11;2025-11-22;9;1189
11;2025-11-22;10;1388
11;2025-11-22;11;1741
11;2025-11-22;12;1932
11;2025-11-22;13;1867
11;2025-11-22;14;2015
11;2025-11-22;15;1898
11;2025-11-22;16;1831
11;2025-11-22;17;1903
11;2025-11-22;18;1561
11;2025-11-22;19;1466
11;2025-11-22;20;1014
11;2025-11-22;21;734
11;2025-11-22;22;420
11;2025-11-22;23;287
11;2025-11-23;0;113
11;2025-11-23;1;15
11;2025-11-23;2;0
11;2025-11-23;3;1
11;2025-11-23;4;1
11;2025-11-23;5;111
11;2025-11-23;6;488
11;2025-11-23;7;494
11;2025-11-23;8;680
11;2025-11-23;9;931
11;2025-11-23;10;1034
11;2025-11-23;11;1484
11;2025-11-23;12;1580
11;2025-11-23;13;1570
11;2025-11-23;14;1633
11;2025-11-23;15;1597
11;2025-11-23;16;1546
11;2025-11-23;17;1677
11;2025-11-23;18;1272
11;2025-11-23;19;1030
11;2025-11-23;20;803
11;2025-11-23;21;603
11;2025-11-23;22;352
11;2025-11-23;23;242
11;2025-11-24;0;74
11;2025-11-24;1;11
11;2025-11-24;2;0
11;2025-11-24;3;0
11;2025-11-24;4;1
11;2025-11-24;5;249
11;2025-11-24;6;1318
11;2025-11-24;7;2349
11;2025-11-24;8;3109
11;2025-11-24;9;2322
11;2025-11-24;10;1834
11;2025-11-24;11;1837
11;2025-11-24;12;1797
11;2025-11-24;13;1866
11;2025-11-24;14;1924
11;2025-11-24;15;2006
11;2025-11-24;16;2196
11;2025-11-24;17;2745
11;2025-11-24;18;2928
11;2025-11-24;19;2167
11;2025-11-24;20;1251
11;2025-11-24;21;780
11;2025-11-24;22;343
11;2025-11-24;23;203
11;2025-11-25;0;54
11;2025-11-25;1;1
11;2025-11-25;2;0
11;2025-11-25;3;0
11;2025-11-25;4;1
11;2025-11-25;5;246
11;2025-11-25;6;1329
11;2025-11-25;7;2454
11;2025-11-25;8;3277
11;2025-11-25;9;2462
11;2025-11-25;10;1999
11;2025-11-25;11;1851
11;2025-11-25;12;1912
11;2025-11-25;13;2044
11;2025-11-25;14;1953
11;2025-11-25;15;1979
11;2025-11-25;16;2196
11;2025-11-25;17;2844
11;2025-11-25;18;3024
11;2025-11-25;19;2302
11;2025-11-25;20;1501
11;2025-11-25;21;828
11;2025-11-25;22;374
11;2025-11-25;23;231
11;2025-11-26;0;66
11;2025-11-26;1;0
11;2025-11-26;2;0
11;2025-11-26;3;0
11;2025-11-26;4;1
11;2025-11-26;5;265
11;2025-11-26;6;1250
11;2025-11-26;7;2460
11;2025-11-26;8;3126
11;2025-11-26;9;2368
11;2025-11-26;10;1918
11;2025-11-26;11;1926
11;2025-11-26;12;1923
11;2025-11-26;13;2038
11;2025-11-26;14;2014
11;2025-11-26;15;1971
11;2025-11-26;16;2119
11;2025-11-26;17;2701
11;2025-11-26;18;3036
11;2025-11-26;19;2173
11;2025-11-26;20;1382
11;2025-11-26;21;807
11;2025-11-26;22;403
11;2025-11-26;23;235
11;2025-11-27;0;59
11;2025-11-27;1;0
11;2025-11-27;2;0
11;2025-11-27;3;0
11;2025-11-27;4;1
11;2025-11-27;5;256
11;2025-11-27;6;1308
11;2025-11-27;7;2416
11;2025-11-27;8;3174
11;2025-11-27;9;2447
11;2025-11-27;10;2056
11;2025-11-27;11;1884
11;2025-11-27;12;2028
11;2025-11-27;13;2098
11;2025-11-27;14;2075
11;2025-11-27;15;1923
11;2025-11-27;16;2290
11;2025-11-27;17;2777
11;2025-11-27;18;3216
11;2025-11-27;19;2273
11;2025-11-27;20;1466
11;2025-11-27;21;873
11;2025-11-27;22;412
11;2025-11-27;23;251
11;2025-11-28;0;72
11;2025-11-28;1;2
11;2025-11-28;2;0
11;2025-11-28;3;0
11;2025-11-28;4;1
11;2025-11-28;5;264
11;2025-11-28;6;1277
11;2025-11-28;7;2353
11;2025-11-28;8;3168
11;2025-11-28;9;2267
11;2025-11-28;10;1866
11;2025-11-28;11;1804
11;2025-11-28;12;1889
11;2025-11-28;13;1910
11;2025-11-28;14;2027
11;2025-11-28;15;2079
11;2025-11-28;16;2341
11;2025-11-28;17;2794
11;2025-11-28;18;2461
11;2025-11-28;19;1914
11;2025-11-28;20;1344
11;2025-11-28;21;847
11;2025-11-28;22;396
11;2025-11-28;23;313
11;2025-11-29;0;109
11;2025-11-29;1;2
11;2025-11-29;2;0
11;2025-11-29;3;0
11;2025-11-29;4;1
11;2025-11-29;5;177
11;2025-11-29;6;828
11;2025-11-29;7;769
11;2025-11-29;8;1047
11;2025-11-29;9;1196
11;2025-11-29;10;1396
11;2025-11-29;11;1750
11;2025-11-29;12;1943
11;2025-11-29;13;1877
11;2025-11-29;14;2026
11;2025-11-29;15;1909
11;2025-11-29;16;1842
11;2025-11-29;17;1914
11;2025-11-29;18;1569
11;2025-11-29;19;1474
11;2025-11-29;20;1019
11;2025-11-29;21;738
11;2025-11-29;22;422
11;2025-11-29;23;289
11;2025-11-30;0;113
11;2025-11-30;1;15
11;2025-11-30;2;0
11;2025-11-30;3;1
11;2025-11-30;4;1
11;2025-11-30;5;111
11;2025-11-30;6;491
11;2025-11-30;7;496
11;2025-11-30;8;684
11;2025-11-30;9;936
11;2025-11-30;10;1039
11;2025-11-30;11;1491
11;2025-11-30;12;1588
11;2025-11-30;13;1579
11;2025-11-30;14;1642
11;2025-11-30;15;1606
11;2025-11-30;16;1554
11;2025-11-30;17;1685
11;2025-11-30;18;1279
11;2025-11-30;19;1035
11;2025-11-30;20;807
11;2025-11-30;21;606
11;2025-11-30;22;354
11;2025-11-30;23;244
11;2025-12-01;0;74
11;2025-12-01;1;11
11;2025-12-01;2;0
11;2025-12-01;3;0
11;2025-12-01;4;1
11;2025-12-01;5;250
11;2025-12-01;6;1325
11;2025-12-01;7;2362
11;2025-12-01;8;3126
11;2025-12-01;9;2334
11;2025-12-01;10;1844
11;2025-12-01;11;1847
11;2025-12-01;12;1807
11;2025-12-01;13;1876
11;2025-12-01;14;1934
11;2025-12-01;15;2017
11;2025-12-01;16;2208
11;2025-12-01;17;2760
11;2025-12-01;18;2944
11;2025-12-01;19;2179
11;2025-12-01;20;1258
11;2025-12-01;21;784
11;2025-12-01;22;345
11;2025-12-01;23;204
11;2025-12-02;0;54
11;2025-12-02;1;1
11;2025-12-02;2;0
11;2025-12-02;3;0
11;2025-12-02;4;1
11;2025-12-02;5;247
11;2025-12-02;6;1337
11;2025-12-02;7;2467
11;2025-12-02;8;3294
11;2025-12-02;9;2475
11;2025-12-02;10;2010
11;2025-12-02;11;1862
11;2025-12-02;12;1923
11;2025-12-02;13;2055
11;2025-12-02;14;1964
11;2025-12-02;15;1990
11;2025-12-02;16;2209
11;2025-12-02;17;2859
11;2025-12-02;18;3040
11;2025-12-02;19;2314
11;2025-12-02;20;1509
11;2025-12-02;21;833
11;2025-12-02;22;377
11;2025-12-02;23;232
11;2025-12-03;0;66
11;2025-12-03;1;0
11;2025-12-03;2;0
11;2025-12-03;3;0
11;2025-12-03;4;1
11;2025-12-03;5;267
11;2025-12-03;6;1256
11;2025-12-03;7;2473
11;2025-12-03;8;3143
11;2025-12-03;9;2381
11;2025-12-03;10;1927
11;2025-12-03;11;1937
11;2025-12-03;12;1934
11;2025-12-03;13;2048
11;2025-12-03;14;2024
11;2025-12-03;15;1981
11;2025-12-03;16;2130
11;2025-12-03;17;2716
11;2025-12-03;18;3052
11;2025-12-03;19;2186
11;2025-12-03;20;1390
11;2025-12-03;21;812
11;2025-12-03;22;405
11;2025-12-03;23;237
11;2025-12-04;0;59
11;2025-12-04;1;0
11;2025-12-04;2;0
11;2025-12-04;3;0
11;2025-12-04;4;1
11;2025-12-04;5;256
11;2025-12-04;6;1310
11;2025-12-04;7;2421
11;2025-12-04;8;3180
11;2025-12-04;9;2452
11;2025-12-04;10;2060
11;2025-12-04;11;1887
11;2025-12-04;12;2032
11;2025-12-04;13;2103
11;2025-12-04;14;2080
11;2025-12-04;15;1938
11;2025-12-04;16;2307
11;2025-12-04;17;2794
11;2025-12-04;18;3238
11;2025-12-04;19;2292
11;2025-12-04;20;1484
11;2025-12-04;21;890
11;2025-12-04;22;426
11;2025-12-04;23;264
11;2025-12-05;0;72
11;2025-12-05;1;2
11;2025-12-05;2;0
11;2025-12-05;3;0
11;2025-12-05;4;1
11;2025-12-05;5;264
11;2025-12-05;6;1279
11;2025-12-05;7;2356
11;2025-12-05;8;3174
11;2025-12-05;9;2271
11;2025-12-05;10;1869
11;2025-12-05;11;1807
11;2025-12-05;12;1892
11;2025-12-05;13;1914
11;2025-12-05;14;2032
11;2025-12-05;15;2093
11;2025-12-05;16;2355
11;2025-12-05;17;2810
11;2025-12-05;18;2480
11;2025-12-05;19;1933
11;2025-12-05;20;1362
11;2025-12-05;21;864
11;2025-12-05;22;411
11;2025-12-05;23;328
11;2025-12-06;0;110
11;2025-12-06;1;2
11;2025-12-06;2;0
11;2025-12-06;3;0
11;2025-12-06;4;1
11;2025-12-06;5;173
11;2025-12-06;6;828
11;2025-12-06;7;766
11;2025-12-06;8;1046
11;2025-12-06;9;1194
11;2025-12-06;10;1395
11;2025-12-06;11;1751
11;2025-12-06;12;1944
11;2025-12-06;13;1879
11;2025-12-06;14;2029
11;2025-12-06;15;1925
11;2025-12-06;16;1858
11;2025-12-06;17;1930
11;2025-12-06;18;1587
11;2025-12-06;19;1490
11;2025-12-06;20;1034
11;2025-12-06;21;752
11;2025-12-06;22;433
11;2025-12-06;23;300
11;2025-12-07;0;113
11;2025-12-07;1;15
11;2025-12-07;2;0
11;2025-12-07;3;1
11;2025-12-07;4;1
11;2025-12-07;5;108
11;2025-12-07;6;489
11;2025-12-07;7;493
11;2025-12-07;8;681
11;2025-12-07;9;934
11;2025-12-07;10;1038
11;2025-12-07;11;1492
11;2025-12-07;12;1589
11;2025-12-07;13;1580
11;2025-12-07;14;1643
11;2025-12-07;15;1619
11;2025-12-07;16;1567
11;2025-12-07;17;1699
11;2025-12-07;18;1293
11;2025-12-07;19;1049
11;2025-12-07;20;820
11;2025-12-07;21;619
11;2025-12-07;22;364
11;2025-12-07;23;253
11;2025-12-08;0;74
11;2025-12-08;1;11
11;2025-12-08;2;0
11;2025-12-08;3;0
11;2025-12-08;4;1
11;2025-12-08;5;245
11;2025-12-08;6;1324
11;2025-12-08;7;2361
11;2025-12-08;8;3129
11;2025-12-08;9;2335
11;2025-12-08;10;1842
11;2025-12-08;11;1846
11;2025-12-08;12;1805
11;2025-12-08;13;1876
11;2025-12-08;14;1935
11;2025-12-08;15;2038
11;2025-12-08;16;2230
11;2025-12-08;17;2783
11;2025-12-08;18;2971
11;2025-12-08;19;2204
11;2025-12-08;20;1279
11;2025-12-08;21;803
11;2025-12-08;22;361
11;2025-12-08;23;219
11;2025-12-09;0;54
11;2025-12-09;1;1
11;2025-12-09;2;0
11;2025-12-09;3;0
11;2025-12-09;4;1
11;2025-12-09;5;241
11;2025-12-09;6;1336
11;2025-12-09;7;2469
11;2025-12-09;8;3300
11;2025-12-09;9;2476
11;2025-12-09;10;2009
11;2025-12-09;11;1861
11;2025-12-09;12;1922
11;2025-12-09;13;2057
11;2025-12-09;14;1965
11;2025-12-09;15;2011
11;2025-12-09;16;2231
11;2025-12-09;17;2884
11;2025-12-09;18;3069
11;2025-12-09;19;2339
11;2025-12-09;20;1530
11;2025-12-09;21;851
11;2025-12-09;22;391
11;2025-12-09;23;246
11;2025-12-10;0;67
11;2025-12-10;1;0
11;2025-12-10;2;0
11;2025-12-10;3;0
11;2025-12-10;4;1
11;2025-12-10;5;262
11;2025-12-10;6;1254
11;2025-12-10;7;2474
11;2025-12-10;8;3146
11;2025-12-10;9;2381
11;2025-12-10;10;1927
11;2025-12-10;11;1936
11;2025-12-10;12;1933
11;2025-12-10;13;2048
11;2025-12-10;14;2024
11;2025-12-10;15;2002
11;2025-12-10;16;2152
11;2025-12-10;17;2740
11;2025-12-10;18;3080
11;2025-12-10;19;2210
11;2025-12-10;20;1412
11;2025-12-10;21;831
11;2025-12-10;22;421
11;2025-12-10;23;252
11;2025-12-11;0;60
11;2025-12-11;1;0
11;2025-12-11;2;0
11;2025-12-11;3;0
11;2025-12-11;4;1
11;2025-12-11;5;251
11;2025-12-11;6;1314
11;2025-12-11;7;2430
11;2025-12-11;8;3196
11;2025-12-11;9;2462
11;2025-12-11;10;2067
11;2025-12-11;11;1894
11;2025-12-11;12;2038
11;2025-12-11;13;2110
11;2025-12-11;14;2087
11;2025-12-11;15;1955
11;2025-12-11;16;2325
11;2025-12-11;17;2817
11;2025-12-11;18;3263
11;2025-12-11;19;2311
11;2025-12-11;20;1496
11;2025-12-11;21;897
11;2025-12-11;22;430
11;2025-12-11;23;266
11;2025-12-12;0;72
11;2025-12-12;1;2
11;2025-12-12;2;0
11;2025-12-12;3;0
11;2025-12-12;4;1
11;2025-12-12;5;259
11;2025-12-12;6;1283
11;2025-12-12;7;2366
11;2025-12-12;8;3189
11;2025-12-12;9;2279
11;2025-12-12;10;1875
11;2025-12-12;11;1813
11;2025-12-12;12;1897
11;2025-12-12;13;1920
11;2025-12-12;14;2038
11;2025-12-12;15;2110
11;2025-12-12;16;2374
11;2025-12-12;17;2831
11;2025-12-12;18;2500
11;2025-12-12;19;1949
11;2025-12-12;20;1372
11;2025-12-12;21;871
11;2025-12-12;22;415
11;2025-12-12;23;331
11;2025-12-13;0;110
11;2025-12-13;1;2
11;2025-12-13;2;0
11;2025-12-13;3;0
11;2025-12-13;4;1
11;2025-12-13;5;174
11;2025-12-13;6;832
11;2025-12-13;7;770
11;2025-12-13;8;1051
11;2025-12-13;9;1201
11;2025-12-13;10;1403
11;2025-12-13;11;1760
11;2025-12-13;12;1954
11;2025-12-13;13;1890
11;2025-12-13;14;2039
11;2025-12-13;15;1935
11;2025-12-13;16;1869
11;2025-12-13;17;1940
11;2025-12-13;18;1595
11;2025-12-13;19;1498
11;2025-12-13;20;1040
11;2025-12-13;21;756
11;2025-12-13;22;436
11;2025-12-13;23;301
11;2025-12-14;0;114
11;2025-12-14;1;15
11;2025-12-14;2;0
11;2025-12-14;3;1
11;2025-12-14;4;1
11;2025-12-14;5;109
11;2025-12-14;6;491
11;2025-12-14;7;496
11;2025-12-14;8;685
11;2025-12-14;9;939
11;2025-12-14;10;1044
11;2025-12-14;11;1499
11;2025-12-14;12;1597
11;2025-12-14;13;1589
11;2025-12-14;14;1652
11;2025-12-14;15;1628
11;2025-12-14;16;1575
11;2025-12-14;17;1708
11;2025-12-14;18;1300
11;2025-12-14;19;1055
11;2025-12-14;20;824
11;2025-12-14;21;622
11;2025-12-14;22;366
11;2025-12-14;23;254
11;2025-12-15;0;75
11;2025-12-15;1;11
11;2025-12-15;2;0
11;2025-12-15;3;0
11;2025-12-15;4;1
11;2025-12-15;5;246
11;2025-12-15;6;1330
11;2025-12-15;7;2374
11;2025-12-15;8;3146
11;2025-12-15;9;2347
11;2025-12-15;10;1852
11;2025-12-15;11;1856
11;2025-12-15;12;1815
11;2025-12-15;13;1886
11;2025-12-15;14;1945
11;2025-12-15;15;2048
11;2025-12-15;16;2242
11;2025-12-15;17;2798
11;2025-12-15;18;2987
11;2025-12-15;19;2216
11;2025-12-15;20;1286
11;2025-12-15;21;808
11;2025-12-15;22;363
11;2025-12-15;23;221
11;2025-12-16;0;55
11;2025-12-16;1;1
11;2025-12-16;2;0
11;2025-12-16;3;0
11;2025-12-16;4;1
11;2025-12-16;5;243
11;2025-12-16;6;1343
11;2025-12-16;7;2482
11;2025-12-16;8;3317
11;2025-12-16;9;2489
11;2025-12-16;10;2019
11;2025-12-16;11;1871
11;2025-12-16;12;1932
11;2025-12-16;13;2067
11;2025-12-16;14;1975
11;2025-12-16;15;2022
11;2025-12-16;16;2243
11;2025-12-16;17;2899
11;2025-12-16;18;3086
11;2025-12-16;19;2351
11;2025-12-16;20;1539
11;2025-12-16;21;856
11;2025-12-16;22;393
11;2025-12-16;23;247
11;2025-12-17;0;67
11;2025-12-17;1;0
11;2025-12-17;2;0
11;2025-12-17;3;0
11;2025-12-17;4;1
11;2025-12-17;5;263
11;2025-12-17;6;1261
11;2025-12-17;7;2486
11;2025-12-17;8;3163
11;2025-12-17;9;2394
11;2025-12-17;10;1937
11;2025-12-17;11;1946
11;2025-12-17;12;1943
11;2025-12-17;13;2059
11;2025-12-17;14;2035
11;2025-12-17;15;2013
11;2025-12-17;16;2164
11;2025-12-17;17;2755
11;2025-12-17;18;3096
11;2025-12-17;19;2223
11;2025-12-17;20;1420
11;2025-12-17;21;836
11;2025-12-17;22;423
11;2025-12-17;23;254
11;2025-12-18;0;60
11;2025-12-18;1;0
11;2025-12-18;2;0
11;2025-12-18;3;0
11;2025-12-18;4;1
11;2025-12-18;5;252
11;2025-12-18;6;1321
11;2025-12-18;7;2444
11;2025-12-18;8;3213
11;2025-12-18;9;2475
11;2025-12-18;10;2077
11;2025-12-18;11;1904
11;2025-12-18;12;2048
11;2025-12-18;13;2121
11;2025-12-18;14;2098
11;2025-12-18;15;1966
11;2025-12-18;16;2338
11;2025-12-18;17;2833
11;2025-12-18;18;3280
11;2025-12-18;19;2324
11;2025-12-18;20;1504
11;2025-12-18;21;902
11;2025-12-18;22;432
11;2025-12-18;23;268
11;2025-12-19;0;73
11;2025-12-19;1;2
11;2025-12-19;2;0
11;2025-12-19;3;0
11;2025-12-19;4;1
11;2025-12-19;5;260
11;2025-12-19;6;1289
11;2025-12-19;7;2379
11;2025-12-19;8;3206
11;2025-12-19;9;2292
11;2025-12-19;10;1885
11;2025-12-19;11;1823
11;2025-12-19;12;1907
11;2025-12-19;13;1930
11;2025-12-19;14;2049
11;2025-12-19;15;2121
11;2025-12-19;16;2387
11;2025-12-19;17;2846
11;2025-12-19;18;2514
11;2025-12-19;19;1960
11;2025-12-19;20;1380
11;2025-12-19;21;876
11;2025-12-19;22;418
11;2025-12-19;23;333
11;2025-12-20;0;111
11;2025-12-20;1;2
11;2025-12-20;2;0
11;2025-12-20;3;0
11;2025-12-20;4;1
11;2025-12-20;5;175
11;2025-12-20;6;836
11;2025-12-20;7;774
11;2025-12-20;8;1057
11;2025-12-20;9;1207
11;2025-12-20;10;1410
11;2025-12-20;11;1769
11;2025-12-20;12;1964
11;2025-12-20;13;1900
11;2025-12-20;14;2050
11;2025-12-20;15;1945
11;2025-12-20;16;1879
11;2025-12-20;17;1951
11;2025-12-20;18;1604
11;2025-12-20;19;1506
11;2025-12-20;20;1045
11;2025-12-20;21;760
11;2025-12-20;22;438
11;2025-12-20;23;303
11;2025-12-21;0;115
11;2025-12-21;1;15
11;2025-12-21;2;0
11;2025-12-21;3;1
11;2025-12-21;4;1
11;2025-12-21;5;109
11;2025-12-21;6;494
11;2025-12-21;7;499
11;2025-12-21;8;689
11;2025-12-21;9;944
11;2025-12-21;10;1049
11;2025-12-21;11;1507
11;2025-12-21;12;1606
11;2025-12-21;13;1597
11;2025-12-21;14;1661
11;2025-12-21;15;1636
11;2025-12-21;16;1584
11;2025-12-21;17;1717
11;2025-12-21;18;1307
11;2025-12-21;19;1060
11;2025-12-21;20;829
11;2025-12-21;21;625
11;2025-12-21;22;368
11;2025-12-21;23;256
11;2025-12-22;0;75
11;2025-12-22;1;11
11;2025-12-22;2;0
11;2025-12-22;3;0
11;2025-12-22;4;1
11;2025-12-22;5;248
11;2025-12-22;6;1338
11;2025-12-22;7;2387
11;2025-12-22;8;3163
11;2025-12-22;9;2360
11;2025-12-22;10;1862
11;2025-12-22;11;1866
11;2025-12-22;12;1825
11;2025-12-22;13;1896
11;2025-12-22;14;1955
11;2025-12-22;15;2059
11;2025-12-22;16;2254
11;2025-12-22;17;2813
11;2025-12-22;18;3003
11;2025-12-22;19;2228
11;2025-12-22;20;1294
11;2025-12-22;21;813
11;2025-12-22;22;365
11;2025-12-22;23;222
11;2025-12-23;0;55
11;2025-12-23;1;1
11;2025-12-23;2;0
11;2025-12-23;3;0
11;2025-12-23;4;1
11;2025-12-23;5;244
11;2025-12-23;6;1350
11;2025-12-23;7;2495
11;2025-12-23;8;3335
11;2025-12-23;9;2502
11;2025-12-23;10;2030
11;2025-12-23;11;1881
11;2025-12-23;12;1943
11;2025-12-23;13;2078
11;2025-12-23;14;1986
11;2025-12-23;15;2032
11;2025-12-23;16;2255
11;2025-12-23;17;2915
11;2025-12-23;18;3102
11;2025-12-23;19;2364
11;2025-12-23;20;1547
11;2025-12-23;21;861
11;2025-12-23;22;395
11;2025-12-23;23;248
11;2025-12-24;0;68
11;2025-12-24;1;0
11;2025-12-24;2;0
11;2025-12-24;3;0
11;2025-12-24;4;1
11;2025-12-24;5;264
11;2025-12-24;6;1268
11;2025-12-24;7;2499
11;2025-12-24;8;3180
11;2025-12-24;9;2406
11;2025-12-24;10;1947
11;2025-12-24;11;1956
11;2025-12-24;12;1953
11;2025-12-24;13;2070
11;2025-12-24;14;2046
11;2025-12-24;15;2024
11;2025-12-24;16;2176
11;2025-12-24;17;2769
11;2025-12-24;18;3113
11;2025-12-24;19;2235
11;2025-12-24;20;1428
11;2025-12-24;21;841
11;2025-12-24;22;426
11;2025-12-24;23;255
11;2025-12-25;0;60
11;2025-12-25;1;0
11;2025-12-25;2;0
11;2025-12-25;3;0
11;2025-12-25;4;1
11;2025-12-25;5;253
11;2025-12-25;6;1328
11;2025-12-25;7;2457
11;2025-12-25;8;3230
11;2025-12-25;9;2488
11;2025-12-25;10;2088
11;2025-12-25;11;1915
11;2025-12-25;12;2059
11;2025-12-25;13;2132
11;2025-12-25;14;2109
11;2025-12-25;15;1977
11;2025-12-25;16;2351
11;2025-12-25;17;2849
11;2025-12-25;18;3298
11;2025-12-25;19;2337
11;2025-12-25;20;1512
11;2025-12-25;21;907
11;2025-12-25;22;434
11;2025-12-25;23;269
11;2025-12-26;0;73
11;2025-12-26;1;2
11;2025-12-26;2;0
11;2025-12-26;3;0
11;2025-12-26;4;1
11;2025-12-26;5;262
11;2025-12-26;6;1296
11;2025-12-26;7;2391
11;2025-12-26;8;3222
11;2025-12-26;9;2304
11;2025-12-26;10;1895
11;2025-12-26;11;1832
11;2025-12-26;12;1917
11;2025-12-26;13;1941
11;2025-12-26;14;2060
11;2025-12-26;15;2132
11;2025-12-26;16;2399
11;2025-12-26;17;2861
11;2025-12-26;18;2527
11;2025-12-26;19;1971
11;2025-12-26;20;1387
11;2025-12-26;21;880
11;2025-12-26;22;420
11;2025-12-26;23;334
11;2025-12-27;0;111
11;2025-12-27;1;2
11;2025-12-27;2;0
11;2025-12-27;3;0
11;2025-12-27;4;1
11;2025-12-27;5;176
11;2025-12-27;6;840
11;2025-12-27;7;777
11;2025-12-27;8;1062
11;2025-12-27;9;1213
11;2025-12-27;10;1417
11;2025-12-27;11;1777
11;2025-12-27;12;1973
11;2025-12-27;13;1909
11;2025-12-27;14;2060
11;2025-12-27;15;1955
11;2025-12-27;16;1888
11;2025-12-27;17;1960
11;2025-12-27;18;1612
11;2025-12-27;19;1514
11;2025-12-27;20;1050
11;2025-12-27;21;764
11;2025-12-27;22;440
11;2025-12-27;23;304
11;2025-12-28;0;115
11;2025-12-28;1;15
11;2025-12-28;2;0
11;2025-12-28;3;1
11;2025-12-28;4;1
11;2025-12-28;5;110
11;2025-12-28;6;495
11;2025-12-28;7;501
11;2025-12-28;8;691
11;2025-12-28;9;947
11;2025-12-28;10;1053
11;2025-12-28;11;1512
11;2025-12-28;12;1612
11;2025-12-28;13;1603
11;2025-12-28;14;1667
11;2025-12-28;15;1642
11;2025-12-28;16;1590
11;2025-12-28;17;1723
11;2025-12-28;18;1312
11;2025-12-28;19;1064
11;2025-12-28;20;831
11;2025-12-28;21;628
11;2025-12-28;22;369
11;2025-12-28;23;257
11;2025-12-29;0;69
11;2025-12-29;1;10
11;2025-12-29;2;0
11;2025-12-29;3;0
11;2025-12-29;4;1
11;2025-12-29;5;236
11;2025-12-29;6;1268
11;2025-12-29;7;2244
11;2025-12-29;8;2957
11;2025-12-29;9;2222
11;2025-12-29;10;1740
11;2025-12-29;11;1750
11;2025-12-29;12;1681
11;2025-12-29;13;1771
11;2025-12-29;14;1845
11;2025-12-29;15;1933
11;2025-12-29;16;2095
11;2025-12-29;17;2626
11;2025-12-29;18;2795
11;2025-12-29;19;2038
11;2025-12-29;20;1166
11;2025-12-29;21;730
11;2025-12-29;22;329
11;2025-12-29;23;196
11;2025-12-30;0;50
11;2025-12-30;1;1
11;2025-12-30;2;0
11;2025-12-30;3;0
11;2025-12-30;4;1
11;2025-12-30;5;223
11;2025-12-30;6;1224
11;2025-12-30;7;2227
11;2025-12-30;8;2999
11;2025-12-30;9;2270
11;2025-12-30;10;1840
11;2025-12-30;11;1656
11;2025-12-30;12;1718
11;2025-12-30;13;1866
11;2025-12-30;14;1761
11;2025-12-30;15;1806
11;2025-12-30;16;1978
11;2025-12-30;17;2601
11;2025-12-30;18;2739
11;2025-12-30;19;2091
11;2025-12-30;20;1367
11;2025-12-30;21;744
11;2025-12-30;22;338
11;2025-12-30;23;210
11;2025-12-31;0;97
11;2025-12-31;1;9
11;2025-12-31;2;0
11;2025-12-31;3;0
11;2025-12-31;4;1
11;2025-12-31;5;122
11;2025-12-31;6;535
11;2025-12-31;7;514
11;2025-12-31;8;706
11;2025-12-31;9;898
11;2025-12-31;10;1012
11;2025-12-31;11;1399
11;2025-12-31;12;1500
11;2025-12-31;13;1453
11;2025-12-31;14;1544
11;2025-12-31;15;1498
11;2025-12-31;16;1415
11;2025-12-31;17;1544
11;2025-12-31;18;1197
11;2025-12-31;19;1030
11;2025-12-31;20;780
11;2025-12-31;21;573
11;2025-12-31;22;332
11;2025-12-31;23;230
12;2025-11-01;0;44
12;2025-11-01;1;3
12;2025-11-01;2;0
12;2025-11-01;3;0
12;2025-11-01;4;4
12;2025-11-01;5;287
12;2025-11-01;6;1158
12;2025-11-01;7;1946
12;2025-11-01;8;2380
12;2025-11-01;9;1967
12;2025-11-01;10;1723
12;2025-11-01;11;1737
12;2025-11-01;12;1786
12;2025-11-01;13;1982
12;2025-11-01;14;1840
12;2025-11-01;15;1981
12;2025-11-01;16;2398
12;2025-11-01;17;2375
12;2025-11-01;18;2164
12;2025-11-01;19;1841
12;2025-11-01;20;1228
12;2025-11-01;21;905
12;2025-11-01;22;478
12;2025-11-01;23;315
12;2025-11-02;0;80
12;2025-11-02;1;4
12;2025-11-02;2;0
12;2025-11-02;3;0
12;2025-11-02;4;3
12;2025-11-02;5;133
12;2025-11-02;6;493
12;2025-11-02;7;658
12;2025-11-02;8;695
12;2025-11-02;9;885
12;2025-11-02;10;1093
12;2025-11-02;11;1192
12;2025-11-02;12;1299
12;2025-11-02;13;1511
12;2025-11-02;14;1380
12;2025-11-02;15;1396
12;2025-11-02;16;1393
12;2025-11-02;17;1471
12;2025-11-02;18;1233
12;2025-11-02;19;948
12;2025-11-02;20;736
12;2025-11-02;21;572
12;2025-11-02;22;362
12;2025-11-02;23;192
12;2025-11-03;0;78
12;2025-11-03;1;4
12;2025-11-03;2;0
12;2025-11-03;3;0
12;2025-11-03;4;2
12;2025-11-03;5;154
12;2025-11-03;6;558
12;2025-11-03;7;706
12;2025-11-03;8;764
12;2025-11-03;9;956
12;2025-11-03;10;1166
12;2025-11-03;11;1249
12;2025-11-03;12;1337
12;2025-11-03;13;1549
12;2025-11-03;14;1413
12;2025-11-03;15;1412
12;2025-11-03;16;1439
12;2025-11-03;17;1481
12;2025-11-03;18;1292
12;2025-11-03;19;1038
12;2025-11-03;20;776
12;2025-11-03;21;611
12;2025-11-03;22;369
12;2025-11-03;23;214
12;2025-11-04;0;71
12;2025-11-04;1;3
12;2025-11-04;2;0
12;2025-11-04;3;0
12;2025-11-04;4;2
12;2025-11-04;5;132
12;2025-11-04;6;481
12;2025-11-04;7;621
12;2025-11-04;8;666
12;2025-11-04;9;839
12;2025-11-04;10;1028
12;2025-11-04;11;1109
12;2025-11-04;12;1195
12;2025-11-04;13;1387
12;2025-11-04;14;1266
12;2025-11-04;15;1271
12;2025-11-04;16;1285
12;2025-11-04;17;1335
12;2025-11-04;18;1147
12;2025-11-04;19;906
12;2025-11-04;20;687
12;2025-11-04;21;538
12;2025-11-04;22;332
12;2025-11-04;23;186
12;2025-11-05;0;60
12;2025-11-05;1;1
12;2025-11-05;2;0
12;2025-11-05;3;0
12;2025-11-05;4;7
12;2025-11-05;5;327
12;2025-11-05;6;1420
12;2025-11-05;7;2654
12;2025-11-05;8;3561
12;2025-11-05;9;2572
12;2025-11-05;10;2142
12;2025-11-05;11;2044
12;2025-11-05;12;2061
12;2025-11-05;13;2085
12;2025-11-05;14;1974
12;2025-11-05;15;2258
12;2025-11-05;16;2748
12;2025-11-05;17;3023
12;2025-11-05;18;3099
12;2025-11-05;19;2372
12;2025-11-05;20;1562
12;2025-11-05;21;993
12;2025-11-05;22;493
12;2025-11-05;23;256
12;2025-11-06;0;52
12;2025-11-06;1;2
12;2025-11-06;2;0
12;2025-11-06;3;0
12;2025-11-06;4;7
12;2025-11-06;5;303
12;2025-11-06;6;1377
12;2025-11-06;7;2673
12;2025-11-06;8;3556
12;2025-11-06;9;2529
12;2025-11-06;10;2090
12;2025-11-06;11;1954
12;2025-11-06;12;2036
12;2025-11-06;13;2076
12;2025-11-06;14;1987
12;2025-11-06;15;2243
12;2025-11-06;16;2676
12;2025-11-06;17;3001
12;2025-11-06;18;3165
12;2025-11-06;19;2409
12;2025-11-06;20;1555
12;2025-11-06;21;954
12;2025-11-06;22;489
12;2025-11-06;23;262
12;2025-11-07;0;57
12;2025-11-07;1;1
12;2025-11-07;2;0
12;2025-11-07;3;0
12;2025-11-07;4;4
12;2025-11-07;5;319
12;2025-11-07;6;1373
12;2025-11-07;7;2622
12;2025-11-07;8;3282
12;2025-11-07;9;2423
12;2025-11-07;10;1919
12;2025-11-07;11;1906
12;2025-11-07;12;1953
12;2025-11-07;13;2088
12;2025-11-07;14;1986
12;2025-11-07;15;2276
12;2025-11-07;16;2843
12;2025-11-07;17;2901
12;2025-11-07;18;2566
12;2025-11-07;19;2091
12;2025-11-07;20;1386
12;2025-11-07;21;957
12;2025-11-07;22;494
12;2025-11-07;23;317
12;2025-11-08;0;74
12;2025-11-08;1;3
12;2025-11-08;2;0
12;2025-11-08;3;0
12;2025-11-08;4;2
12;2025-11-08;5;224
12;2025-11-08;6;790
12;2025-11-08;7;893
12;2025-11-08;8;1026
12;2025-11-08;9;1230
12;2025-11-08;10;1453
12;2025-11-08;11;1519
12;2025-11-08;12;1562
12;2025-11-08;13;1765
12;2025-11-08;14;1634
12;2025-11-08;15;1581
12;2025-11-08;16;1700
12;2025-11-08;17;1626
12;2025-11-08;18;1538
12;2025-11-08;19;1357
12;2025-11-08;20;937
12;2025-11-08;21;751
12;2025-11-08;22;401
12;2025-11-08;23;289
12;2025-11-09;0;82
12;2025-11-09;1;4
12;2025-11-09;2;0
12;2025-11-09;3;0
12;2025-11-09;4;3
12;2025-11-09;5;135
12;2025-11-09;6;516
12;2025-11-09;7;685
12;2025-11-09;8;722
12;2025-11-09;9;923
12;2025-11-09;10;1148
12;2025-11-09;11;1259
12;2025-11-09;12;1352
12;2025-11-09;13;1563
12;2025-11-09;14;1468
12;2025-11-09;15;1482
12;2025-11-09;16;1493
12;2025-11-09;17;1524
12;2025-11-09;18;1299
12;2025-11-09;19;1008
12;2025-11-09;20;765
12;2025-11-09;21;594
12;2025-11-09;22;373
12;2025-11-09;23;204
12;2025-11-10;0;54
12;2025-11-10;1;3
12;2025-11-10;2;0
12;2025-11-10;3;0
12;2025-11-10;4;6
12;2025-11-10;5;308
12;2025-11-10;6;1401
12;2025-11-10;7;2629
12;2025-11-10;8;3469
12;2025-11-10;9;2456
12;2025-11-10;10;1934
12;2025-11-10;11;1868
12;2025-11-10;12;2005
12;2025-11-10;13;1948
12;2025-11-10;14;1948
12;2025-11-10;15;2178
12;2025-11-10;16;2658
12;2025-11-10;17;2953
12;2025-11-10;18;3148
12;2025-11-10;19;2310
12;2025-11-10;20;1550
12;2025-11-10;21;925
12;2025-11-10;22;444
12;2025-11-10;23;227
12;2025-11-11;0;48
12;2025-11-11;1;1
12;2025-11-11;2;0
12;2025-11-11;3;0
12;2025-11-11;4;6
12;2025-11-11;5;329
12;2025-11-11;6;1424
12;2025-11-11;7;2774
12;2025-11-11;8;3635
12;2025-11-11;9;2537
12;2025-11-11;10;2081
12;2025-11-11;11;2019
12;2025-11-11;12;2049
12;2025-11-11;13;2096
12;2025-11-11;14;2013
12;2025-11-11;15;2239
12;2025-11-11;16;2665
12;2025-11-11;17;3026
12;2025-11-11;18;3215
12;2025-11-11;19;2371
12;2025-11-11;20;1512
12;2025-11-11;21;918
12;2025-11-11;22;474
12;2025-11-11;23;248
12;2025-11-12;0;60
12;2025-11-12;1;1
12;2025-11-12;2;0
12;2025-11-12;3;0
12;2025-11-12;4;7
12;2025-11-12;5;327
12;2025-11-12;6;1420
12;2025-11-12;7;2654
12;2025-11-12;8;3561
12;2025-11-12;9;2572
12;2025-11-12;10;2143
12;2025-11-12;11;2044
12;2025-11-12;12;2061
12;2025-11-12;13;2085
12;2025-11-12;14;1974
12;2025-11-12;15;2258
12;2025-11-12;16;2748
12;2025-11-12;17;3023
12;2025-11-12;18;3099
12;2025-11-12;19;2372
12;2025-11-12;20;1562
12;2025-11-12;21;993
12;2025-11-12;22;493
12;2025-11-12;23;255
12;2025-11-13;0;52
12;2025-11-13;1;2
12;2025-11-13;2;0
12;2025-11-13;3;0
12;2025-11-13;4;7
12;2025-11-13;5;303
12;2025-11-13;6;1377
12;2025-11-13;7;2674
12;2025-11-13;8;3557
12;2025-11-13;9;2529
12;2025-11-13;10;2091
12;2025-11-13;11;1954
12;2025-11-13;12;2036
12;2025-11-13;13;2076
12;2025-11-13;14;1988
12;2025-11-13;15;2244
12;2025-11-13;16;2676
12;2025-11-13;17;3001
12;2025-11-13;18;3165
12;2025-11-13;19;2408
12;2025-11-13;20;1553
12;2025-11-13;21;953
12;2025-11-13;22;489
12;2025-11-13;23;262
12;2025-11-14;0;57
12;2025-11-14;1;1
12;2025-11-14;2;0
12;2025-11-14;3;0
12;2025-11-14;4;4
12;2025-11-14;5;319
12;2025-11-14;6;1373
12;2025-11-14;7;2622
12;2025-11-14;8;3282
12;2025-11-14;9;2423
12;2025-11-14;10;1919
12;2025-11-14;11;1906
12;2025-11-14;12;1953
12;2025-11-14;13;2088
12;2025-11-14;14;1986
12;2025-11-14;15;2276
12;2025-11-14;16;2843
12;2025-11-14;17;2901
12;2025-11-14;18;2566
12;2025-11-14;19;2091
12;2025-11-14;20;1386
12;2025-11-14;21;957
12;2025-11-14;22;494
12;2025-11-14;23;317
12;2025-11-15;0;74
12;2025-11-15;1;3
12;2025-11-15;2;0
12;2025-11-15;3;0
12;2025-11-15;4;2
12;2025-11-15;5;224
12;2025-11-15;6;790
12;2025-11-15;7;893
12;2025-11-15;8;1027
12;2025-11-15;9;1230
12;2025-11-15;10;1454
12;2025-11-15;11;1519
12;2025-11-15;12;1562
12;2025-11-15;13;1766
12;2025-11-15;14;1634
12;2025-11-15;15;1581
12;2025-11-15;16;1700
12;2025-11-15;17;1626
12;2025-11-15;18;1538
12;2025-11-15;19;1356
12;2025-11-15;20;936
12;2025-11-15;21;750
12;2025-11-15;22;401
12;2025-11-15;23;289
12;2025-11-16;0;82
12;2025-11-16;1;4
12;2025-11-16;2;0
12;2025-11-16;3;0
12;2025-11-16;4;3
12;2025-11-16;5;136
12;2025-11-16;6;516
12;2025-11-16;7;685
12;2025-11-16;8;722
12;2025-11-16;9;924
12;2025-11-16;10;1150
12;2025-11-16;11;1260
12;2025-11-16;12;1354
12;2025-11-16;13;1565
12;2025-11-16;14;1470
12;2025-11-16;15;1484
12;2025-11-16;16;1494
12;2025-11-16;17;1525
12;2025-11-16;18;1300
12;2025-11-16;19;1008
12;2025-11-16;20;765
12;2025-11-16;21;594
12;2025-11-16;22;373
12;2025-11-16;23;204
12;2025-11-17;0;54
12;2025-11-17;1;3
12;2025-11-17;2;0
12;2025-11-17;3;0
12;2025-11-17;4;6
12;2025-11-17;5;308
12;2025-11-17;6;1403
12;2025-11-17;7;2633
12;2025-11-17;8;3474
12;2025-11-17;9;2460
12;2025-11-17;10;1937
12;2025-11-17;11;1872
12;2025-11-17;12;2008
12;2025-11-17;13;1951
12;2025-11-17;14;1952
12;2025-11-17;15;2182
12;2025-11-17;16;2662
12;2025-11-17;17;2958
12;2025-11-17;18;3152
12;2025-11-17;19;2313
12;2025-11-17;20;1553
12;2025-11-17;21;927
12;2025-11-17;22;445
12;2025-11-17;23;228
12;2025-11-18;0;48
12;2025-11-18;1;1
12;2025-11-18;2;0
12;2025-11-18;3;0
12;2025-11-18;4;6
12;2025-11-18;5;330
12;2025-11-18;6;1428
12;2025-11-18;7;2781
12;2025-11-18;8;3644
12;2025-11-18;9;2543
12;2025-11-18;10;2087
12;2025-11-18;11;2024
12;2025-11-18;12;2053
12;2025-11-18;13;2101
12;2025-11-18;14;2018
12;2025-11-18;15;2245
12;2025-11-18;16;2671
12;2025-11-18;17;3033
12;2025-11-18;18;3222
12;2025-11-18;19;2376
12;2025-11-18;20;1515
12;2025-11-18;21;919
12;2025-11-18;22;475
12;2025-11-18;23;247
12;2025-11-19;0;60
12;2025-11-19;1;1
12;2025-11-19;2;0
12;2025-11-19;3;0
12;2025-11-19;4;7
12;2025-11-19;5;328
12;2025-11-19;6;1425
12;2025-11-19;7;2662
12;2025-11-19;8;3571
12;2025-11-19;9;2580
12;2025-11-19;10;2150
12;2025-11-19;11;2051
12;2025-11-19;12;2067
12;2025-11-19;13;2092
12;2025-11-19;14;1981
12;2025-11-19;15;2265
12;2025-11-19;16;2757
12;2025-11-19;17;3033
12;2025-11-19;18;3108
12;2025-11-19;19;2380
12;2025-11-19;20;1567
12;2025-11-19;21;996
12;2025-11-19;22;495
12;2025-11-19;23;256
12;2025-11-20;0;51
12;2025-11-20;1;2
12;2025-11-20;2;0
12;2025-11-20;3;0
12;2025-11-20;4;7
12;2025-11-20;5;305
12;2025-11-20;6;1383
12;2025-11-20;7;2684
12;2025-11-20;8;3571
12;2025-11-20;9;2539
12;2025-11-20;10;2099
12;2025-11-20;11;1962
12;2025-11-20;12;2044
12;2025-11-20;13;2084
12;2025-11-20;14;1996
12;2025-11-20;15;2253
12;2025-11-20;16;2686
12;2025-11-20;17;3013
12;2025-11-20;18;3177
12;2025-11-20;19;2417
12;2025-11-20;20;1559
12;2025-11-20;21;956
12;2025-11-20;22;490
12;2025-11-20;23;262
12;2025-11-21;0;57
12;2025-11-21;1;1
12;2025-11-21;2;0
12;2025-11-21;3;0
12;2025-11-21;4;4
12;2025-11-21;5;321
12;2025-11-21;6;1379
12;2025-11-21;7;2635
12;2025-11-21;8;3298
12;2025-11-21;9;2434
12;2025-11-21;10;1928
12;2025-11-21;11;1915
12;2025-11-21;12;1962
12;2025-11-21;13;2098
12;2025-11-21;14;1995
12;2025-11-21;15;2287
12;2025-11-21;16;2856
12;2025-11-21;17;2914
12;2025-11-21;18;2578
12;2025-11-21;19;2101
12;2025-11-21;20;1392
12;2025-11-21;21;961
12;2025-11-21;22;496
12;2025-11-21;23;318
12;2025-11-22;0;74
12;2025-11-22;1;3
12;2025-11-22;2;0
12;2025-11-22;3;0
12;2025-11-22;4;2
12;2025-11-22;5;225
12;2025-11-22;6;794
12;2025-11-22;7;898
12;2025-11-22;8;1032
12;2025-11-22;9;1237
12;2025-11-22;10;1462
12;2025-11-22;11;1528
12;2025-11-22;12;1571
12;2025-11-22;13;1776
12;2025-11-22;14;1643
12;2025-11-22;15;1590
12;2025-11-22;16;1710
12;2025-11-22;17;1635
12;2025-11-22;18;1546
12;2025-11-22;19;1363
12;2025-11-22;20;941
12;2025-11-22;21;754
12;2025-11-22;22;403
12;2025-11-22;23;290
12;2025-11-23;0;82
12;2025-11-23;1;4
12;2025-11-23;2;0
12;2025-11-23;3;0
12;2025-11-23;4;3
12;2025-11-23;5;136
12;2025-11-23;6;519
12;2025-11-23;7;689
12;2025-11-23;8;726
12;2025-11-23;9;929
12;2025-11-23;10;1156
12;2025-11-23;11;1267
12;2025-11-23;12;1361
12;2025-11-23;13;1573
12;2025-11-23;14;1478
12;2025-11-23;15;1492
12;2025-11-23;16;1503
12;2025-11-23;17;1533
12;2025-11-23;18;1307
12;2025-11-23;19;1013
12;2025-11-23;20;769
12;2025-11-23;21;597
12;2025-11-23;22;375
12;2025-11-23;23;205
12;2025-11-24;0;55
12;2025-11-24;1;3
12;2025-11-24;2;0
12;2025-11-24;3;0
12;2025-11-24;4;6
12;2025-11-24;5;310
12;2025-11-24;6;1410
12;2025-11-24;7;2648
12;2025-11-24;8;3493
12;2025-11-24;9;2473
12;2025-11-24;10;1948
12;2025-11-24;11;1882
12;2025-11-24;12;2019
12;2025-11-24;13;1962
12;2025-11-24;14;1962
12;2025-11-24;15;2194
12;2025-11-24;16;2677
12;2025-11-24;17;2974
12;2025-11-24;18;3170
12;2025-11-24;19;2326
12;2025-11-24;20;1561
12;2025-11-24;21;931
12;2025-11-24;22;448
12;2025-11-24;23;229
12;2025-11-25;0;48
12;2025-11-25;1;1
12;2025-11-25;2;0
12;2025-11-25;3;0
12;2025-11-25;4;6
12;2025-11-25;5;331
12;2025-11-25;6;1436
12;2025-11-25;7;2796
12;2025-11-25;8;3663
12;2025-11-25;9;2557
12;2025-11-25;10;2098
12;2025-11-25;11;2035
12;2025-11-25;12;2065
12;2025-11-25;13;2113
12;2025-11-25;14;2028
12;2025-11-25;15;2257
12;2025-11-25;16;2686
12;2025-11-25;17;3050
12;2025-11-25;18;3240
12;2025-11-25;19;2389
12;2025-11-25;20;1523
12;2025-11-25;21;924
12;2025-11-25;22;477
12;2025-11-25;23;248
12;2025-11-26;0;60
12;2025-11-26;1;1
12;2025-11-26;2;0
12;2025-11-26;3;0
12;2025-11-26;4;7
12;2025-11-26;5;330
12;2025-11-26;6;1432
12;2025-11-26;7;2677
12;2025-11-26;8;3591
12;2025-11-26;9;2593
12;2025-11-26;10;2161
12;2025-11-26;11;2062
12;2025-11-26;12;2078
12;2025-11-26;13;2103
12;2025-11-26;14;1992
12;2025-11-26;15;2278
12;2025-11-26;16;2771
12;2025-11-26;17;3050
12;2025-11-26;18;3125
12;2025-11-26;19;2392
12;2025-11-26;20;1575
12;2025-11-26;21;1001
12;2025-11-26;22;497
12;2025-11-26;23;257
12;2025-11-27;0;52
12;2025-11-27;1;2
12;2025-11-27;2;0
12;2025-11-27;3;0
12;2025-11-27;4;7
12;2025-11-27;5;306
12;2025-11-27;6;1391
12;2025-11-27;7;2699
12;2025-11-27;8;3590
12;2025-11-27;9;2553
12;2025-11-27;10;2111
12;2025-11-27;11;1973
12;2025-11-27;12;2055
12;2025-11-27;13;2096
12;2025-11-27;14;2007
12;2025-11-27;15;2265
12;2025-11-27;16;2701
12;2025-11-27;17;3029
12;2025-11-27;18;3194
12;2025-11-27;19;2430
12;2025-11-27;20;1567
12;2025-11-27;21;961
12;2025-11-27;22;493
12;2025-11-27;23;264
12;2025-11-28;0;57
12;2025-11-28;1;1
12;2025-11-28;2;0
12;2025-11-28;3;0
12;2025-11-28;4;4
12;2025-11-28;5;323
12;2025-11-28;6;1386
12;2025-11-28;7;2649
12;2025-11-28;8;3316
12;2025-11-28;9;2447
12;2025-11-28;10;1939
12;2025-11-28;11;1926
12;2025-11-28;12;1973
12;2025-11-28;13;2109
12;2025-11-28;14;2007
12;2025-11-28;15;2299
12;2025-11-28;16;2871
12;2025-11-28;17;2931
12;2025-11-28;18;2593
12;2025-11-28;19;2112
12;2025-11-28;20;1400
12;2025-11-28;21;966
12;2025-11-28;22;498
12;2025-11-28;23;320
12;2025-11-29;0;74
12;2025-11-29;1;3
12;2025-11-29;2;0
12;2025-11-29;3;0
12;2025-11-29;4;2
12;2025-11-29;5;226
12;2025-11-29;6;798
12;2025-11-29;7;903
12;2025-11-29;8;1038
12;2025-11-29;9;1244
12;2025-11-29;10;1470
12;2025-11-29;11;1536
12;2025-11-29;12;1580
12;2025-11-29;13;1786
12;2025-11-29;14;1652
12;2025-11-29;15;1599
12;2025-11-29;16;1719
12;2025-11-29;17;1644
12;2025-11-29;18;1554
12;2025-11-29;19;1370
12;2025-11-29;20;946
12;2025-11-29;21;758
12;2025-11-29;22;405
12;2025-11-29;23;292
12;2025-11-30;0;83
12;2025-11-30;1;4
12;2025-11-30;2;0
12;2025-11-30;3;0
12;2025-11-30;4;3
12;2025-11-30;5;137
12;2025-11-30;6;522
12;2025-11-30;7;693
12;2025-11-30;8;730
12;2025-11-30;9;934
12;2025-11-30;10;1163
12;2025-11-30;11;1274
12;2025-11-30;12;1368
12;2025-11-30;13;1581
12;2025-11-30;14;1486
12;2025-11-30;15;1500
12;2025-11-30;16;1511
12;2025-11-30;17;1541
12;2025-11-30;18;1314
12;2025-11-30;19;1019
12;2025-11-30;20;773
12;2025-11-30;21;600
12;2025-11-30;22;377
12;2025-11-30;23;206
12;2025-12-01;0;55
12;2025-12-01;1;3
12;2025-12-01;2;0
12;2025-12-01;3;0
12;2025-12-01;4;6
12;2025-12-01;5;312
12;2025-12-01;6;1418
12;2025-12-01;7;2662
12;2025-12-01;8;3511
12;2025-12-01;9;2486
12;2025-12-01;10;1959
12;2025-12-01;11;1893
12;2025-12-01;12;2030
12;2025-12-01;13;1973
12;2025-12-01;14;1973
12;2025-12-01;15;2206
12;2025-12-01;16;2692
12;2025-12-01;17;2990
12;2025-12-01;18;3187
12;2025-12-01;19;2339
12;2025-12-01;20;1569
12;2025-12-01;21;937
12;2025-12-01;22;450
12;2025-12-01;23;230
12;2025-12-02;0;49
12;2025-12-02;1;1
12;2025-12-02;2;0
12;2025-12-02;3;0
12;2025-12-02;4;6
12;2025-12-02;5;333
12;2025-12-02;6;1444
12;2025-12-02;7;2812
12;2025-12-02;8;3683
12;2025-12-02;9;2571
12;2025-12-02;10;2110
12;2025-12-02;11;2046
12;2025-12-02;12;2076
12;2025-12-02;13;2124
12;2025-12-02;14;2040
12;2025-12-02;15;2270
12;2025-12-02;16;2701
12;2025-12-02;17;3066
12;2025-12-02;18;3258
12;2025-12-02;19;2402
12;2025-12-02;20;1531
12;2025-12-02;21;930
12;2025-12-02;22;479
12;2025-12-02;23;250
12;2025-12-03;0;61
12;2025-12-03;1;1
12;2025-12-03;2;0
12;2025-12-03;3;0
12;2025-12-03;4;7
12;2025-12-03;5;331
12;2025-12-03;6;1440
12;2025-12-03;7;2692
12;2025-12-03;8;3610
12;2025-12-03;9;2607
12;2025-12-03;10;2172
12;2025-12-03;11;2072
12;2025-12-03;12;2089
12;2025-12-03;13;2114
12;2025-12-03;14;2003
12;2025-12-03;15;2290
12;2025-12-03;16;2786
12;2025-12-03;17;3066
12;2025-12-03;18;3143
12;2025-12-03;19;2406
12;2025-12-03;20;1584
12;2025-12-03;21;1007
12;2025-12-03;22;500
12;2025-12-03;23;259
12;2025-12-04;0;52
12;2025-12-04;1;2
12;2025-12-04;2;0
12;2025-12-04;3;0
12;2025-12-04;4;7
12;2025-12-04;5;307
12;2025-12-04;6;1395
12;2025-12-04;7;2708
12;2025-12-04;8;3602
12;2025-12-04;9;2562
12;2025-12-04;10;2118
12;2025-12-04;11;1979
12;2025-12-04;12;2063
12;2025-12-04;13;2105
12;2025-12-04;14;2015
12;2025-12-04;15;2278
12;2025-12-04;16;2716
12;2025-12-04;17;3044
12;2025-12-04;18;3212
12;2025-12-04;19;2445
12;2025-12-04;20;1579
12;2025-12-04;21;976
12;2025-12-04;22;505
12;2025-12-04;23;276
12;2025-12-05;0;57
12;2025-12-05;1;1
12;2025-12-05;2;0
12;2025-12-05;3;0
12;2025-12-05;4;4
12;2025-12-05;5;323
12;2025-12-05;6;1390
12;2025-12-05;7;2657
12;2025-12-05;8;3326
12;2025-12-05;9;2454
12;2025-12-05;10;1946
12;2025-12-05;11;1932
12;2025-12-05;12;1979
12;2025-12-05;13;2117
12;2025-12-05;14;2013
12;2025-12-05;15;2310
12;2025-12-05;16;2882
12;2025-12-05;17;2944
12;2025-12-05;18;2611
12;2025-12-05;19;2129
12;2025-12-05;20;1414
12;2025-12-05;21;983
12;2025-12-05;22;514
12;2025-12-05;23;335
12;2025-12-06;0;75
12;2025-12-06;1;3
12;2025-12-06;2;0
12;2025-12-06;3;0
12;2025-12-06;4;2
12;2025-12-06;5;225
12;2025-12-06;6;800
12;2025-12-06;7;904
12;2025-12-06;8;1040
12;2025-12-06;9;1246
12;2025-12-06;10;1474
12;2025-12-06;11;1541
12;2025-12-06;12;1584
12;2025-12-06;13;1791
12;2025-12-06;14;1658
12;2025-12-06;15;1609
12;2025-12-06;16;1730
12;2025-12-06;17;1655
12;2025-12-06;18;1566
12;2025-12-06;19;1381
12;2025-12-06;20;955
12;2025-12-06;21;769
12;2025-12-06;22;415
12;2025-12-06;23;301
12;2025-12-07;0;83
12;2025-12-07;1;4
12;2025-12-07;2;0
12;2025-12-07;3;0
12;2025-12-07;4;3
12;2025-12-07;5;135
12;2025-12-07;6;522
12;2025-12-07;7;694
12;2025-12-07;8;731
12;2025-12-07;9;936
12;2025-12-07;10;1165
12;2025-12-07;11;1277
12;2025-12-07;12;1371
12;2025-12-07;13;1586
12;2025-12-07;14;1490
12;2025-12-07;15;1509
12;2025-12-07;16;1519
12;2025-12-07;17;1550
12;2025-12-07;18;1325
12;2025-12-07;19;1029
12;2025-12-07;20;782
12;2025-12-07;21;610
12;2025-12-07;22;386
12;2025-12-07;23;215
12;2025-12-08;0;55
12;2025-12-08;1;3
12;2025-12-08;2;0
12;2025-12-08;3;0
12;2025-12-08;4;6
12;2025-12-08;5;309
12;2025-12-08;6;1419
12;2025-12-08;7;2669
12;2025-12-08;8;3521
12;2025-12-08;9;2492
12;2025-12-08;10;1963
12;2025-12-08;11;1896
12;2025-12-08;12;2034
12;2025-12-08;13;1979
12;2025-12-08;14;1979
12;2025-12-08;15;2222
12;2025-12-08;16;2709
12;2025-12-08;17;3008
12;2025-12-08;18;3210
12;2025-12-08;19;2357
12;2025-12-08;20;1585
12;2025-12-08;21;954
12;2025-12-08;22;465
12;2025-12-08;23;245
12;2025-12-09;0;49
12;2025-12-09;1;1
12;2025-12-09;2;0
12;2025-12-09;3;0
12;2025-12-09;4;6
12;2025-12-09;5;331
12;2025-12-09;6;1446
12;2025-12-09;7;2820
12;2025-12-09;8;3695
12;2025-12-09;9;2579
12;2025-12-09;10;2115
12;2025-12-09;11;2051
12;2025-12-09;12;2081
12;2025-12-09;13;2131
12;2025-12-09;14;2047
12;2025-12-09;15;2286
12;2025-12-09;16;2718
12;2025-12-09;17;3085
12;2025-12-09;18;3280
12;2025-12-09;19;2420
12;2025-12-09;20;1546
12;2025-12-09;21;946
12;2025-12-09;22;493
12;2025-12-09;23;263
12;2025-12-10;0;61
12;2025-12-10;1;1
12;2025-12-10;2;0
12;2025-12-10;3;0
12;2025-12-10;4;7
12;2025-12-10;5;328
12;2025-12-10;6;1442
12;2025-12-10;7;2699
12;2025-12-10;8;3621
12;2025-12-10;9;2614
12;2025-12-10;10;2178
12;2025-12-10;11;2077
12;2025-12-10;12;2094
12;2025-12-10;13;2121
12;2025-12-10;14;2009
12;2025-12-10;15;2306
12;2025-12-10;16;2804
12;2025-12-10;17;3085
12;2025-12-10;18;3165
12;2025-12-10;19;2425
12;2025-12-10;20;1599
12;2025-12-10;21;1024
12;2025-12-10;22;516
12;2025-12-10;23;274
12;2025-12-11;0;52
12;2025-12-11;1;2
12;2025-12-11;2;0
12;2025-12-11;3;0
12;2025-12-11;4;7
12;2025-12-11;5;305
12;2025-12-11;6;1400
12;2025-12-11;7;2722
12;2025-12-11;8;3621
12;2025-12-11;9;2574
12;2025-12-11;10;2127
12;2025-12-11;11;1988
12;2025-12-11;12;2072
12;2025-12-11;13;2114
12;2025-12-11;14;2025
12;2025-12-11;15;2293
12;2025-12-11;16;2733
12;2025-12-11;17;3064
12;2025-12-11;18;3233
12;2025-12-11;19;2461
12;2025-12-11;20;1590
12;2025-12-11;21;982
12;2025-12-11;22;509
12;2025-12-11;23;278
12;2025-12-12;0;58
12;2025-12-12;1;1
12;2025-12-12;2;0
12;2025-12-12;3;0
12;2025-12-12;4;4
12;2025-12-12;5;321
12;2025-12-12;6;1395
12;2025-12-12;7;2670
12;2025-12-12;8;3344
12;2025-12-12;9;2465
12;2025-12-12;10;1954
12;2025-12-12;11;1941
12;2025-12-12;12;1987
12;2025-12-12;13;2126
12;2025-12-12;14;2023
12;2025-12-12;15;2325
12;2025-12-12;16;2901
12;2025-12-12;17;2963
12;2025-12-12;18;2628
12;2025-12-12;19;2142
12;2025-12-12;20;1424
12;2025-12-12;21;989
12;2025-12-12;22;517
12;2025-12-12;23;337
12;2025-12-13;0;75
12;2025-12-13;1;3
12;2025-12-13;2;0
12;2025-12-13;3;0
12;2025-12-13;4;2
12;2025-12-13;5;226
12;2025-12-13;6;804
12;2025-12-13;7;909
12;2025-12-13;8;1046
12;2025-12-13;9;1253
12;2025-12-13;10;1482
12;2025-12-13;11;1549
12;2025-12-13;12;1593
12;2025-12-13;13;1801
12;2025-12-13;14;1668
12;2025-12-13;15;1618
12;2025-12-13;16;1739
12;2025-12-13;17;1663
12;2025-12-13;18;1574
12;2025-12-13;19;1388
12;2025-12-13;20;960
12;2025-12-13;21;773
12;2025-12-13;22;417
12;2025-12-13;23;302
12;2025-12-14;0;84
12;2025-12-14;1;4
12;2025-12-14;2;0
12;2025-12-14;3;0
12;2025-12-14;4;3
12;2025-12-14;5;136
12;2025-12-14;6;525
12;2025-12-14;7;697
12;2025-12-14;8;735
12;2025-12-14;9;941
12;2025-12-14;10;1171
12;2025-12-14;11;1285
12;2025-12-14;12;1378
12;2025-12-14;13;1594
12;2025-12-14;14;1499
12;2025-12-14;15;1517
12;2025-12-14;16;1528
12;2025-12-14;17;1558
12;2025-12-14;18;1333
12;2025-12-14;19;1034
12;2025-12-14;20;786
12;2025-12-14;21;613
12;2025-12-14;22;388
12;2025-12-14;23;216
12;2025-12-15;0;55
12;2025-12-15;1;3
12;2025-12-15;2;0
12;2025-12-15;3;0
12;2025-12-15;4;6
12;2025-12-15;5;310
12;2025-12-15;6;1427
12;2025-12-15;7;2683
12;2025-12-15;8;3539
12;2025-12-15;9;2505
12;2025-12-15;10;1973
12;2025-12-15;11;1907
12;2025-12-15;12;2045
12;2025-12-15;13;1990
12;2025-12-15;14;1990
12;2025-12-15;15;2234
12;2025-12-15;16;2724
12;2025-12-15;17;3024
12;2025-12-15;18;3227
12;2025-12-15;19;2370
12;2025-12-15;20;1593
12;2025-12-15;21;959
12;2025-12-15;22;468
12;2025-12-15;23;247
12;2025-12-16;0;49
12;2025-12-16;1;1
12;2025-12-16;2;0
12;2025-12-16;3;0
12;2025-12-16;4;6
12;2025-12-16;5;332
12;2025-12-16;6;1454
12;2025-12-16;7;2835
12;2025-12-16;8;3715
12;2025-12-16;9;2593
12;2025-12-16;10;2127
12;2025-12-16;11;2062
12;2025-12-16;12;2092
12;2025-12-16;13;2143
12;2025-12-16;14;2058
12;2025-12-16;15;2298
12;2025-12-16;16;2733
12;2025-12-16;17;3102
12;2025-12-16;18;3298
12;2025-12-16;19;2433
12;2025-12-16;20;1554
12;2025-12-16;21;951
12;2025-12-16;22;496
12;2025-12-16;23;264
12;2025-12-17;0;61
12;2025-12-17;1;1
12;2025-12-17;2;0
12;2025-12-17;3;0
12;2025-12-17;4;7
12;2025-12-17;5;330
12;2025-12-17;6;1449
12;2025-12-17;7;2713
12;2025-12-17;8;3640
12;2025-12-17;9;2627
12;2025-12-17;10;2189
12;2025-12-17;11;2088
12;2025-12-17;12;2105
12;2025-12-17;13;2132
12;2025-12-17;14;2020
12;2025-12-17;15;2319
12;2025-12-17;16;2819
12;2025-12-17;17;3102
12;2025-12-17;18;3182
12;2025-12-17;19;2438
12;2025-12-17;20;1608
12;2025-12-17;21;1030
12;2025-12-17;22;519
12;2025-12-17;23;275
12;2025-12-18;0;53
12;2025-12-18;1;2
12;2025-12-18;2;0
12;2025-12-18;3;0
12;2025-12-18;4;7
12;2025-12-18;5;307
12;2025-12-18;6;1407
12;2025-12-18;7;2736
12;2025-12-18;8;3640
12;2025-12-18;9;2587
12;2025-12-18;10;2139
12;2025-12-18;11;1999
12;2025-12-18;12;2082
12;2025-12-18;13;2126
12;2025-12-18;14;2036
12;2025-12-18;15;2305
12;2025-12-18;16;2748
12;2025-12-18;17;3080
12;2025-12-18;18;3251
12;2025-12-18;19;2474
12;2025-12-18;20;1598
12;2025-12-18;21;988
12;2025-12-18;22;512
12;2025-12-18;23;279
12;2025-12-19;0;58
12;2025-12-19;1;1
12;2025-12-19;2;0
12;2025-12-19;3;0
12;2025-12-19;4;4
12;2025-12-19;5;323
12;2025-12-19;6;1403
12;2025-12-19;7;2684
12;2025-12-19;8;3362
12;2025-12-19;9;2479
12;2025-12-19;10;1965
12;2025-12-19;11;1951
12;2025-12-19;12;1998
12;2025-12-19;13;2137
12;2025-12-19;14;2034
12;2025-12-19;15;2338
12;2025-12-19;16;2916
12;2025-12-19;17;2979
12;2025-12-19;18;2642
12;2025-12-19;19;2153
12;2025-12-19;20;1431
12;2025-12-19;21;994
12;2025-12-19;22;519
12;2025-12-19;23;339
12;2025-12-20;0;76
12;2025-12-20;1;3
12;2025-12-20;2;0
12;2025-12-20;3;0
12;2025-12-20;4;2
12;2025-12-20;5;227
12;2025-12-20;6;808
12;2025-12-20;7;913
12;2025-12-20;8;1051
12;2025-12-20;9;1260
12;2025-12-20;10;1490
12;2025-12-20;11;1558
12;2025-12-20;12;1602
12;2025-12-20;13;1811
12;2025-12-20;14;1677
12;2025-12-20;15;1627
12;2025-12-20;16;1749
12;2025-12-20;17;1673
12;2025-12-20;18;1583
12;2025-12-20;19;1396
12;2025-12-20;20;965
12;2025-12-20;21;777
12;2025-12-20;22;419
12;2025-12-20;23;304
12;2025-12-21;0;84
12;2025-12-21;1;4
12;2025-12-21;2;0
12;2025-12-21;3;0
12;2025-12-21;4;3
12;2025-12-21;5;136
12;2025-12-21;6;528
12;2025-12-21;7;701
12;2025-12-21;8;739
12;2025-12-21;9;946
12;2025-12-21;10;1177
12;2025-12-21;11;1291
12;2025-12-21;12;1386
12;2025-12-21;13;1603
12;2025-12-21;14;1507
12;2025-12-21;15;1525
12;2025-12-21;16;1537
12;2025-12-21;17;1566
12;2025-12-21;18;1340
12;2025-12-21;19;1040
12;2025-12-21;20;790
12;2025-12-21;21;617
12;2025-12-21;22;391
12;2025-12-21;23;217
12;2025-12-22;0;56
12;2025-12-22;1;3
12;2025-12-22;2;0
12;2025-12-22;3;0
12;2025-12-22;4;6
12;2025-12-22;5;312
12;2025-12-22;6;1434
12;2025-12-22;7;2697
12;2025-12-22;8;3558
12;2025-12-22;9;2519
12;2025-12-22;10;1984
12;2025-12-22;11;1918
12;2025-12-22;12;2056
12;2025-12-22;13;2001
12;2025-12-22;14;2000
12;2025-12-22;15;2246
12;2025-12-22;16;2738
12;2025-12-22;17;3041
12;2025-12-22;18;3244
12;2025-12-22;19;2383
12;2025-12-22;20;1602
12;2025-12-22;21;965
12;2025-12-22;22;470
12;2025-12-22;23;248
12;2025-12-23;0;49
12;2025-12-23;1;1
12;2025-12-23;2;0
12;2025-12-23;3;0
12;2025-12-23;4;6
12;2025-12-23;5;334
12;2025-12-23;6;1462
12;2025-12-23;7;2850
12;2025-12-23;8;3735
12;2025-12-23;9;2606
12;2025-12-23;10;2138
12;2025-12-23;11;2073
12;2025-12-23;12;2103
12;2025-12-23;13;2154
12;2025-12-23;14;2069
12;2025-12-23;15;2311
12;2025-12-23;16;2748
12;2025-12-23;17;3119
12;2025-12-23;18;3316
12;2025-12-23;19;2446
12;2025-12-23;20;1562
12;2025-12-23;21;956
12;2025-12-23;22;499
12;2025-12-23;23;266
12;2025-12-24;0;61
12;2025-12-24;1;1
12;2025-12-24;2;0
12;2025-12-24;3;0
12;2025-12-24;4;7
12;2025-12-24;5;332
12;2025-12-24;6;1457
12;2025-12-24;7;2728
12;2025-12-24;8;3659
12;2025-12-24;9;2641
12;2025-12-24;10;2201
12;2025-12-24;11;2099
12;2025-12-24;12;2116
12;2025-12-24;13;2144
12;2025-12-24;14;2031
12;2025-12-24;15;2332
12;2025-12-24;16;2835
12;2025-12-24;17;3119
12;2025-12-24;18;3199
12;2025-12-24;19;2451
12;2025-12-24;20;1617
12;2025-12-24;21;1036
12;2025-12-24;22;521
12;2025-12-24;23;276
12;2025-12-25;0;53
12;2025-12-25;1;2
12;2025-12-25;2;0
12;2025-12-25;3;0
12;2025-12-25;4;7
12;2025-12-25;5;308
12;2025-12-25;6;1415
12;2025-12-25;7;2750
12;2025-12-25;8;3659
12;2025-12-25;9;2601
12;2025-12-25;10;2150
12;2025-12-25;11;2009
12;2025-12-25;12;2094
12;2025-12-25;13;2137
12;2025-12-25;14;2047
12;2025-12-25;15;2318
12;2025-12-25;16;2762
12;2025-12-25;17;3097
12;2025-12-25;18;3268
12;2025-12-25;19;2487
12;2025-12-25;20;1607
12;2025-12-25;21;993
12;2025-12-25;22;514
12;2025-12-25;23;281
12;2025-12-26;0;58
12;2025-12-26;1;1
12;2025-12-26;2;0
12;2025-12-26;3;0
12;2025-12-26;4;4
12;2025-12-26;5;325
12;2025-12-26;6;1410
12;2025-12-26;7;2698
12;2025-12-26;8;3380
12;2025-12-26;9;2492
12;2025-12-26;10;1976
12;2025-12-26;11;1962
12;2025-12-26;12;2009
12;2025-12-26;13;2148
12;2025-12-26;14;2045
12;2025-12-26;15;2351
12;2025-12-26;16;2932
12;2025-12-26;17;2995
12;2025-12-26;18;2657
12;2025-12-26;19;2164
12;2025-12-26;20;1438
12;2025-12-26;21;999
12;2025-12-26;22;522
12;2025-12-26;23;341
12;2025-12-27;0;76
12;2025-12-27;1;3
12;2025-12-27;2;0
12;2025-12-27;3;0
12;2025-12-27;4;2
12;2025-12-27;5;228
12;2025-12-27;6;812
12;2025-12-27;7;917
12;2025-12-27;8;1056
12;2025-12-27;9;1265
12;2025-12-27;10;1496
12;2025-12-27;11;1565
12;2025-12-27;12;1609
12;2025-12-27;13;1819
12;2025-12-27;14;1684
12;2025-12-27;15;1634
12;2025-12-27;16;1757
12;2025-12-27;17;1681
12;2025-12-27;18;1590
12;2025-12-27;19;1402
12;2025-12-27;20;969
12;2025-12-27;21;780
12;2025-12-27;22;421
12;2025-12-27;23;306
12;2025-12-28;0;84
12;2025-12-28;1;4
12;2025-12-28;2;0
12;2025-12-28;3;0
12;2025-12-28;4;3
12;2025-12-28;5;137
12;2025-12-28;6;530
12;2025-12-28;7;704
12;2025-12-28;8;741
12;2025-12-28;9;949
12;2025-12-28;10;1182
12;2025-12-28;11;1296
12;2025-12-28;12;1391
12;2025-12-28;13;1609
12;2025-12-28;14;1512
12;2025-12-28;15;1531
12;2025-12-28;16;1543
12;2025-12-28;17;1572
12;2025-12-28;18;1345
12;2025-12-28;19;1044
12;2025-12-28;20;793
12;2025-12-28;21;619
12;2025-12-28;22;392
12;2025-12-28;23;218
12;2025-12-29;0;53
12;2025-12-29;1;3
12;2025-12-29;2;0
12;2025-12-29;3;0
12;2025-12-29;4;6
12;2025-12-29;5;298
12;2025-12-29;6;1363
12;2025-12-29;7;2520
12;2025-12-29;8;3372
12;2025-12-29;9;2362
12;2025-12-29;10;1813
12;2025-12-29;11;1749
12;2025-12-29;12;1920
12;2025-12-29;13;1825
12;2025-12-29;14;1860
12;2025-12-29;15;2043
12;2025-12-29;16;2546
12;2025-12-29;17;2816
12;2025-12-29;18;3017
12;2025-12-29;19;2227
12;2025-12-29;20;1508
12;2025-12-29;21;896
12;2025-12-29;22;434
12;2025-12-29;23;222
12;2025-12-30;0;43
12;2025-12-30;1;1
12;2025-12-30;2;0
12;2025-12-30;3;0
12;2025-12-30;4;5
12;2025-12-30;5;307
12;2025-12-30;6;1305
12;2025-12-30;7;2555
12;2025-12-30;8;3356
12;2025-12-30;9;2326
12;2025-12-30;10;1894
12;2025-12-30;11;1861
12;2025-12-30;12;1887
12;2025-12-30;13;1920
12;2025-12-30;14;1843
12;2025-12-30;15;2011
12;2025-12-30;16;2418
12;2025-12-30;17;2762
12;2025-12-30;18;2935
12;2025-12-30;19;2176
12;2025-12-30;20;1385
12;2025-12-30;21;837
12;2025-12-30;22;445
12;2025-12-30;23;230
12;2025-12-31;0;71
12;2025-12-31;1;3
12;2025-12-31;2;0
12;2025-12-31;3;0
12;2025-12-31;4;2
12;2025-12-31;5;151
12;2025-12-31;6;540
12;2025-12-31;7;669
12;2025-12-31;8;731
12;2025-12-31;9;909
12;2025-12-31;10;1103
12;2025-12-31;11;1175
12;2025-12-31;12;1250
12;2025-12-31;13;1445
12;2025-12-31;14;1318
12;2025-12-31;15;1311
12;2025-12-31;16;1346
12;2025-12-31;17;1371
12;2025-12-31;18;1216
12;2025-12-31;19;992
12;2025-12-31;20;732
12;2025-12-31;21;578
12;2025-12-31;22;344
12;2025-12-31;23;206
17;2025-11-01;0;161
17;2025-11-01;1;26
17;2025-11-01;2;0
17;2025-11-01;3;0
17;2025-11-01;4;17
17;2025-11-01;5;244
17;2025-11-01;6;1153
17;2025-11-01;7;2994
17;2025-11-01;8;3876
17;2025-11-01;9;3201
17;2025-11-01;10;2830
17;2025-11-01;11;3052
17;2025-11-01;12;3198
17;2025-11-01;13;3368
17;2025-11-01;14;3451
17;2025-11-01;15;3620
17;2025-11-01;16;4048
17;2025-11-01;17;4247
17;2025-11-01;18;3902
17;2025-11-01;19;2944
17;2025-11-01;20;2219
17;2025-11-01;21;1533
17;2025-11-01;22;834
17;2025-11-01;23;471
17;2025-11-02;0;180
17;2025-11-02;1;24
17;2025-11-02;2;0
17;2025-11-02;3;0
17;2025-11-02;4;3
17;2025-11-02;5;103
17;2025-11-02;6;418
17;2025-11-02;7;807
17;2025-11-02;8;1192
17;2025-11-02;9;1633
17;2025-11-02;10;1937
17;2025-11-02;11;2458
17;2025-11-02;12;2803
17;2025-11-02;13;3042
17;2025-11-02;14;3138
17;2025-11-02;15;3093
17;2025-11-02;16;3009
17;2025-11-02;17;2834
17;2025-11-02;18;2468
17;2025-11-02;19;1993
17;2025-11-02;20;1498
17;2025-11-02;21;1087
17;2025-11-02;22;676
17;2025-11-02;23;305
17;2025-11-03;0;186
17;2025-11-03;1;24
17;2025-11-03;2;0
17;2025-11-03;3;0
17;2025-11-03;4;3
17;2025-11-03;5;110
17;2025-11-03;6;450
17;2025-11-03;7;901
17;2025-11-03;8;1315
17;2025-11-03;9;1762
17;2025-11-03;10;2049
17;2025-11-03;11;2555
17;2025-11-03;12;2893
17;2025-11-03;13;3136
17;2025-11-03;14;3221
17;2025-11-03;15;3186
17;2025-11-03;16;3124
17;2025-11-03;17;2930
17;2025-11-03;18;2577
17;2025-11-03;19;2071
17;2025-11-03;20;1575
17;2025-11-03;21;1145
17;2025-11-03;22;710
17;2025-11-03;23;338
17;2025-11-04;0;166
17;2025-11-04;1;22
17;2025-11-04;2;0
17;2025-11-04;3;0
17;2025-11-04;4;3
17;2025-11-04;5;97
17;2025-11-04;6;396
17;2025-11-04;7;781
17;2025-11-04;8;1145
17;2025-11-04;9;1547
17;2025-11-04;10;1812
17;2025-11-04;11;2275
17;2025-11-04;12;2583
17;2025-11-04;13;2801
17;2025-11-04;14;2882
17;2025-11-04;15;2847
17;2025-11-04;16;2783
17;2025-11-04;17;2614
17;2025-11-04;18;2291
17;2025-11-04;19;1844
17;2025-11-04;20;1396
17;2025-11-04;21;1015
17;2025-11-04;22;630
17;2025-11-04;23;294
17;2025-11-05;0;123
17;2025-11-05;1;11
17;2025-11-05;2;0
17;2025-11-05;3;0
17;2025-11-05;4;26
17;2025-11-05;5;308
17;2025-11-05;6;1518
17;2025-11-05;7;4128
17;2025-11-05;8;5407
17;2025-11-05;9;3865
17;2025-11-05;10;3082
17;2025-11-05;11;3048
17;2025-11-05;12;3068
17;2025-11-05;13;3136
17;2025-11-05;14;3255
17;2025-11-05;15;3353
17;2025-11-05;16;3712
17;2025-11-05;17;4551
17;2025-11-05;18;4799
17;2025-11-05;19;3336
17;2025-11-05;20;2323
17;2025-11-05;21;1475
17;2025-11-05;22;748
17;2025-11-05;23;390
17;2025-11-06;0;135
17;2025-11-06;1;12
17;2025-11-06;2;0
17;2025-11-06;3;0
17;2025-11-06;4;26
17;2025-11-06;5;325
17;2025-11-06;6;1530
17;2025-11-06;7;4107
17;2025-11-06;8;5333
17;2025-11-06;9;3883
17;2025-11-06;10;3118
17;2025-11-06;11;3092
17;2025-11-06;12;3115
17;2025-11-06;13;3187
17;2025-11-06;14;3260
17;2025-11-06;15;3334
17;2025-11-06;16;3805
17;2025-11-06;17;4514
17;2025-11-06;18;4724
17;2025-11-06;19;3426
17;2025-11-06;20;2444
17;2025-11-06;21;1503
17;2025-11-06;22;758
17;2025-11-06;23;395
17;2025-11-07;0;148
17;2025-11-07;1;17
17;2025-11-07;2;0
17;2025-11-07;3;0
17;2025-11-07;4;24
17;2025-11-07;5;316
17;2025-11-07;6;1534
17;2025-11-07;7;4112
17;2025-11-07;8;5281
17;2025-11-07;9;3832
17;2025-11-07;10;3036
17;2025-11-07;11;3064
17;2025-11-07;12;3075
17;2025-11-07;13;3203
17;2025-11-07;14;3283
17;2025-11-07;15;3582
17;2025-11-07;16;4222
17;2025-11-07;17;4761
17;2025-11-07;18;4416
17;2025-11-07;19;3254
17;2025-11-07;20;2401
17;2025-11-07;21;1600
17;2025-11-07;22;809
17;2025-11-07;23;477
17;2025-11-08;0;213
17;2025-11-08;1;27
17;2025-11-08;2;0
17;2025-11-08;3;0
17;2025-11-08;4;5
17;2025-11-08;5;135
17;2025-11-08;6;583
17;2025-11-08;7;1267
17;2025-11-08;8;1808
17;2025-11-08;9;2292
17;2025-11-08;10;2545
17;2025-11-08;11;3034
17;2025-11-08;12;3367
17;2025-11-08;13;3630
17;2025-11-08;14;3667
17;2025-11-08;15;3625
17;2025-11-08;16;3657
17;2025-11-08;17;3404
17;2025-11-08;18;3062
17;2025-11-08;19;2433
17;2025-11-08;20;1890
17;2025-11-08;21;1382
17;2025-11-08;22;839
17;2025-11-08;23;462
17;2025-11-09;0;190
17;2025-11-09;1;25
17;2025-11-09;2;0
17;2025-11-09;3;0
17;2025-11-09;4;3
17;2025-11-09;5;103
17;2025-11-09;6;433
17;2025-11-09;7;848
17;2025-11-09;8;1235
17;2025-11-09;9;1696
17;2025-11-09;10;2013
17;2025-11-09;11;2568
17;2025-11-09;12;2945
17;2025-11-09;13;3195
17;2025-11-09;14;3297
17;2025-11-09;15;3237
17;2025-11-09;16;3170
17;2025-11-09;17;3010
17;2025-11-09;18;2606
17;2025-11-09;19;2072
17;2025-11-09;20;1555
17;2025-11-09;21;1139
17;2025-11-09;22;701
17;2025-11-09;23;330
17;2025-11-10;0;116
17;2025-11-10;1;13
17;2025-11-10;2;0
17;2025-11-10;3;0
17;2025-11-10;4;26
17;2025-11-10;5;301
17;2025-11-10;6;1505
17;2025-11-10;7;4011
17;2025-11-10;8;5301
17;2025-11-10;9;3773
17;2025-11-10;10;2895
17;2025-11-10;11;2860
17;2025-11-10;12;2872
17;2025-11-10;13;2975
17;2025-11-10;14;3018
17;2025-11-10;15;3145
17;2025-11-10;16;3578
17;2025-11-10;17;4309
17;2025-11-10;18;4633
17;2025-11-10;19;3099
17;2025-11-10;20;2173
17;2025-11-10;21;1359
17;2025-11-10;22;645
17;2025-11-10;23;318
17;2025-11-11;0;108
17;2025-11-11;1;10
17;2025-11-11;2;0
17;2025-11-11;3;0
17;2025-11-11;4;24
17;2025-11-11;5;328
17;2025-11-11;6;1551
17;2025-11-11;7;4168
17;2025-11-11;8;5399
17;2025-11-11;9;3869
17;2025-11-11;10;3010
17;2025-11-11;11;2986
17;2025-11-11;12;3002
17;2025-11-11;13;3064
17;2025-11-11;14;3152
17;2025-11-11;15;3241
17;2025-11-11;16;3612
17;2025-11-11;17;4578
17;2025-11-11;18;4861
17;2025-11-11;19;3384
17;2025-11-11;20;2340
17;2025-11-11;21;1451
17;2025-11-11;22;692
17;2025-11-11;23;363
17;2025-11-12;0;124
17;2025-11-12;1;11
17;2025-11-12;2;0
17;2025-11-12;3;0
17;2025-11-12;4;26
17;2025-11-12;5;308
17;2025-11-12;6;1518
17;2025-11-12;7;4128
17;2025-11-12;8;5408
17;2025-11-12;9;3865
17;2025-11-12;10;3081
17;2025-11-12;11;3047
17;2025-11-12;12;3066
17;2025-11-12;13;3135
17;2025-11-12;14;3254
17;2025-11-12;15;3353
17;2025-11-12;16;3713
17;2025-11-12;17;4552
17;2025-11-12;18;4799
17;2025-11-12;19;3336
17;2025-11-12;20;2323
17;2025-11-12;21;1475
17;2025-11-12;22;748
17;2025-11-12;23;389
17;2025-11-13;0;135
17;2025-11-13;1;12
17;2025-11-13;2;0
17;2025-11-13;3;0
17;2025-11-13;4;26
17;2025-11-13;5;325
17;2025-11-13;6;1530
17;2025-11-13;7;4107
17;2025-11-13;8;5333
17;2025-11-13;9;3883
17;2025-11-13;10;3118
17;2025-11-13;11;3092
17;2025-11-13;12;3115
17;2025-11-13;13;3187
17;2025-11-13;14;3260
17;2025-11-13;15;3334
17;2025-11-13;16;3805
17;2025-11-13;17;4514
17;2025-11-13;18;4724
17;2025-11-13;19;3426
17;2025-11-13;20;2444
17;2025-11-13;21;1503
17;2025-11-13;22;758
17;2025-11-13;23;395
17;2025-11-14;0;148
17;2025-11-14;1;17
17;2025-11-14;2;0
17;2025-11-14;3;0
17;2025-11-14;4;24
17;2025-11-14;5;316
17;2025-11-14;6;1534
17;2025-11-14;7;4112
17;2025-11-14;8;5280
17;2025-11-14;9;3832
17;2025-11-14;10;3037
17;2025-11-14;11;3065
17;2025-11-14;12;3076
17;2025-11-14;13;3203
17;2025-11-14;14;3283
17;2025-11-14;15;3582
17;2025-11-14;16;4222
17;2025-11-14;17;4761
17;2025-11-14;18;4416
17;2025-11-14;19;3254
17;2025-11-14;20;2401
17;2025-11-14;21;1599
17;2025-11-14;22;809
17;2025-11-14;23;477
17;2025-11-15;0;213
17;2025-11-15;1;27
17;2025-11-15;2;0
17;2025-11-15;3;0
17;2025-11-15;4;5
17;2025-11-15;5;135
17;2025-11-15;6;583
17;2025-11-15;7;1267
17;2025-11-15;8;1808
17;2025-11-15;9;2292
17;2025-11-15;10;2545
17;2025-11-15;11;3034
17;2025-11-15;12;3367
17;2025-11-15;13;3630
17;2025-11-15;14;3667
17;2025-11-15;15;3625
17;2025-11-15;16;3657
17;2025-11-15;17;3404
17;2025-11-15;18;3062
17;2025-11-15;19;2433
17;2025-11-15;20;1890
17;2025-11-15;21;1382
17;2025-11-15;22;839
17;2025-11-15;23;462
17;2025-11-16;0;190
17;2025-11-16;1;25
17;2025-11-16;2;0
17;2025-11-16;3;0
17;2025-11-16;4;3
17;2025-11-16;5;103
17;2025-11-16;6;434
17;2025-11-16;7;849
17;2025-11-16;8;1236
17;2025-11-16;9;1697
17;2025-11-16;10;2014
17;2025-11-16;11;2570
17;2025-11-16;12;2947
17;2025-11-16;13;3198
17;2025-11-16;14;3299
17;2025-11-16;15;3239
17;2025-11-16;16;3173
17;2025-11-16;17;3013
17;2025-11-16;18;2608
17;2025-11-16;19;2074
17;2025-11-16;20;1556
17;2025-11-16;21;1140
17;2025-11-16;22;702
17;2025-11-16;23;330
17;2025-11-17;0;116
17;2025-11-17;1;13
17;2025-11-17;2;0
17;2025-11-17;3;0
17;2025-11-17;4;26
17;2025-11-17;5;301
17;2025-11-17;6;1508
17;2025-11-17;7;4017
17;2025-11-17;8;5309
17;2025-11-17;9;3779
17;2025-11-17;10;2900
17;2025-11-17;11;2864
17;2025-11-17;12;2877
17;2025-11-17;13;2980
17;2025-11-17;14;3023
17;2025-11-17;15;3150
17;2025-11-17;16;3583
17;2025-11-17;17;4316
17;2025-11-17;18;4640
17;2025-11-17;19;3104
17;2025-11-17;20;2176
17;2025-11-17;21;1361
17;2025-11-17;22;646
17;2025-11-17;23;318
17;2025-11-18;0;108
17;2025-11-18;1;10
17;2025-11-18;2;0
17;2025-11-18;3;0
17;2025-11-18;4;24
17;2025-11-18;5;329
17;2025-11-18;6;1554
17;2025-11-18;7;4178
17;2025-11-18;8;5412
17;2025-11-18;9;3879
17;2025-11-18;10;3018
17;2025-11-18;11;2994
17;2025-11-18;12;3010
17;2025-11-18;13;3071
17;2025-11-18;14;3160
17;2025-11-18;15;3250
17;2025-11-18;16;3620
17;2025-11-18;17;4589
17;2025-11-18;18;4872
17;2025-11-18;19;3392
17;2025-11-18;20;2345
17;2025-11-18;21;1453
17;2025-11-18;22;693
17;2025-11-18;23;362
17;2025-11-19;0;124
17;2025-11-19;1;11
17;2025-11-19;2;0
17;2025-11-19;3;0
17;2025-11-19;4;26
17;2025-11-19;5;309
17;2025-11-19;6;1523
17;2025-11-19;7;4141
17;2025-11-19;8;5424
17;2025-11-19;9;3877
17;2025-11-19;10;3092
17;2025-11-19;11;3057
17;2025-11-19;12;3076
17;2025-11-19;13;3145
17;2025-11-19;14;3264
17;2025-11-19;15;3364
17;2025-11-19;16;3724
17;2025-11-19;17;4566
17;2025-11-19;18;4814
17;2025-11-19;19;3347
17;2025-11-19;20;2330
17;2025-11-19;21;1479
17;2025-11-19;22;750
17;2025-11-19;23;390
17;2025-11-20;0;135
17;2025-11-20;1;12
17;2025-11-20;2;0
17;2025-11-20;3;0
17;2025-11-20;4;26
17;2025-11-20;5;326
17;2025-11-20;6;1536
17;2025-11-20;7;4124
17;2025-11-20;8;5354
17;2025-11-20;9;3898
17;2025-11-20;10;3131
17;2025-11-20;11;3106
17;2025-11-20;12;3127
17;2025-11-20;13;3200
17;2025-11-20;14;3273
17;2025-11-20;15;3348
17;2025-11-20;16;3820
17;2025-11-20;17;4531
17;2025-11-20;18;4742
17;2025-11-20;19;3439
17;2025-11-20;20;2453
17;2025-11-20;21;1508
17;2025-11-20;22;760
17;2025-11-20;23;395
17;2025-11-21;0;148
17;2025-11-21;1;17
17;2025-11-21;2;0
17;2025-11-21;3;0
17;2025-11-21;4;24
17;2025-11-21;5;318
17;2025-11-21;6;1541
17;2025-11-21;7;4132
17;2025-11-21;8;5305
17;2025-11-21;9;3851
17;2025-11-21;10;3051
17;2025-11-21;11;3079
17;2025-11-21;12;3090
17;2025-11-21;13;3218
17;2025-11-21;14;3299
17;2025-11-21;15;3599
17;2025-11-21;16;4241
17;2025-11-21;17;4783
17;2025-11-21;18;4437
17;2025-11-21;19;3269
17;2025-11-21;20;2412
17;2025-11-21;21;1607
17;2025-11-21;22;812
17;2025-11-21;23;478
17;2025-11-22;0;213
17;2025-11-22;1;27
17;2025-11-22;2;0
17;2025-11-22;3;0
17;2025-11-22;4;5
17;2025-11-22;5;135
17;2025-11-22;6;586
17;2025-11-22;7;1274
17;2025-11-22;8;1818
17;2025-11-22;9;2305
17;2025-11-22;10;2559
17;2025-11-22;11;3051
17;2025-11-22;12;3386
17;2025-11-22;13;3650
17;2025-11-22;14;3687
17;2025-11-22;15;3645
17;2025-11-22;16;3678
17;2025-11-22;17;3423
17;2025-11-22;18;3078
17;2025-11-22;19;2446
17;2025-11-22;20;1900
17;2025-11-22;21;1389
17;2025-11-22;22;843
17;2025-11-22;23;463
17;2025-11-23;0;191
17;2025-11-23;1;25
17;2025-11-23;2;0
17;2025-11-23;3;0
17;2025-11-23;4;3
17;2025-11-23;5;104
17;2025-11-23;6;436
17;2025-11-23;7;853
17;2025-11-23;8;1243
17;2025-11-23;9;1706
17;2025-11-23;10;2025
17;2025-11-23;11;2584
17;2025-11-23;12;2963
17;2025-11-23;13;3216
17;2025-11-23;14;3318
17;2025-11-23;15;3257
17;2025-11-23;16;3190
17;2025-11-23;17;3030
17;2025-11-23;18;2623
17;2025-11-23;19;2085
17;2025-11-23;20;1565
17;2025-11-23;21;1146
17;2025-11-23;22;706
17;2025-11-23;23;332
17;2025-11-24;0;117
17;2025-11-24;1;13
17;2025-11-24;2;0
17;2025-11-24;3;0
17;2025-11-24;4;26
17;2025-11-24;5;303
17;2025-11-24;6;1516
17;2025-11-24;7;4039
17;2025-11-24;8;5338
17;2025-11-24;9;3799
17;2025-11-24;10;2916
17;2025-11-24;11;2880
17;2025-11-24;12;2893
17;2025-11-24;13;2997
17;2025-11-24;14;3040
17;2025-11-24;15;3168
17;2025-11-24;16;3603
17;2025-11-24;17;4340
17;2025-11-24;18;4666
17;2025-11-24;19;3121
17;2025-11-24;20;2189
17;2025-11-24;21;1368
17;2025-11-24;22;650
17;2025-11-24;23;320
17;2025-11-25;0;108
17;2025-11-25;1;10
17;2025-11-25;2;0
17;2025-11-25;3;0
17;2025-11-25;4;24
17;2025-11-25;5;331
17;2025-11-25;6;1563
17;2025-11-25;7;4200
17;2025-11-25;8;5441
17;2025-11-25;9;3900
17;2025-11-25;10;3034
17;2025-11-25;11;3010
17;2025-11-25;12;3026
17;2025-11-25;13;3089
17;2025-11-25;14;3178
17;2025-11-25;15;3268
17;2025-11-25;16;3640
17;2025-11-25;17;4614
17;2025-11-25;18;4898
17;2025-11-25;19;3410
17;2025-11-25;20;2358
17;2025-11-25;21;1461
17;2025-11-25;22;697
17;2025-11-25;23;364
17;2025-11-26;0;124
17;2025-11-26;1;11
17;2025-11-26;2;0
17;2025-11-26;3;0
17;2025-11-26;4;26
17;2025-11-26;5;311
17;2025-11-26;6;1531
17;2025-11-26;7;4163
17;2025-11-26;8;5454
17;2025-11-26;9;3899
17;2025-11-26;10;3108
17;2025-11-26;11;3074
17;2025-11-26;12;3093
17;2025-11-26;13;3162
17;2025-11-26;14;3282
17;2025-11-26;15;3383
17;2025-11-26;16;3745
17;2025-11-26;17;4590
17;2025-11-26;18;4840
17;2025-11-26;19;3365
17;2025-11-26;20;2343
17;2025-11-26;21;1487
17;2025-11-26;22;754
17;2025-11-26;23;392
17;2025-11-27;0;136
17;2025-11-27;1;12
17;2025-11-27;2;0
17;2025-11-27;3;0
17;2025-11-27;4;26
17;2025-11-27;5;328
17;2025-11-27;6;1544
17;2025-11-27;7;4146
17;2025-11-27;8;5383
17;2025-11-27;9;3919
17;2025-11-27;10;3148
17;2025-11-27;11;3122
17;2025-11-27;12;3144
17;2025-11-27;13;3218
17;2025-11-27;14;3291
17;2025-11-27;15;3366
17;2025-11-27;16;3841
17;2025-11-27;17;4557
17;2025-11-27;18;4768
17;2025-11-27;19;3458
17;2025-11-27;20;2466
17;2025-11-27;21;1516
17;2025-11-27;22;764
17;2025-11-27;23;397
17;2025-11-28;0;149
17;2025-11-28;1;17
17;2025-11-28;2;0
17;2025-11-28;3;0
17;2025-11-28;4;24
17;2025-11-28;5;320
17;2025-11-28;6;1550
17;2025-11-28;7;4154
17;2025-11-28;8;5335
17;2025-11-28;9;3872
17;2025-11-28;10;3068
17;2025-11-28;11;3096
17;2025-11-28;12;3107
17;2025-11-28;13;3236
17;2025-11-28;14;3317
17;2025-11-28;15;3619
17;2025-11-28;16;4264
17;2025-11-28;17;4809
17;2025-11-28;18;4461
17;2025-11-28;19;3287
17;2025-11-28;20;2425
17;2025-11-28;21;1615
17;2025-11-28;22;817
17;2025-11-28;23;481
17;2025-11-29;0;214
17;2025-11-29;1;27
17;2025-11-29;2;0
17;2025-11-29;3;0
17;2025-11-29;4;5
17;2025-11-29;5;136
17;2025-11-29;6;589
17;2025-11-29;7;1281
17;2025-11-29;8;1829
17;2025-11-29;9;2318
17;2025-11-29;10;2573
17;2025-11-29;11;3068
17;2025-11-29;12;3405
17;2025-11-29;13;3670
17;2025-11-29;14;3707
17;2025-11-29;15;3664
17;2025-11-29;16;3698
17;2025-11-29;17;3441
17;2025-11-29;18;3095
17;2025-11-29;19;2459
17;2025-11-29;20;1910
17;2025-11-29;21;1396
17;2025-11-29;22;847
17;2025-11-29;23;466
17;2025-11-30;0;192
17;2025-11-30;1;25
17;2025-11-30;2;0
17;2025-11-30;3;0
17;2025-11-30;4;3
17;2025-11-30;5;105
17;2025-11-30;6;438
17;2025-11-30;7;858
17;2025-11-30;8;1250
17;2025-11-30;9;1715
17;2025-11-30;10;2036
17;2025-11-30;11;2598
17;2025-11-30;12;2980
17;2025-11-30;13;3233
17;2025-11-30;14;3336
17;2025-11-30;15;3275
17;2025-11-30;16;3208
17;2025-11-30;17;3046
17;2025-11-30;18;2637
17;2025-11-30;19;2096
17;2025-11-30;20;1573
17;2025-11-30;21;1152
17;2025-11-30;22;709
17;2025-11-30;23;334
17;2025-12-01;0;117
17;2025-12-01;1;13
17;2025-12-01;2;0
17;2025-12-01;3;0
17;2025-12-01;4;26
17;2025-12-01;5;305
17;2025-12-01;6;1524
17;2025-12-01;7;4061
17;2025-12-01;8;5367
17;2025-12-01;9;3820
17;2025-12-01;10;2932
17;2025-12-01;11;2896
17;2025-12-01;12;2909
17;2025-12-01;13;3014
17;2025-12-01;14;3056
17;2025-12-01;15;3185
17;2025-12-01;16;3622
17;2025-12-01;17;4364
17;2025-12-01;18;4691
17;2025-12-01;19;3139
17;2025-12-01;20;2201
17;2025-12-01;21;1376
17;2025-12-01;22;653
17;2025-12-01;23;322
17;2025-12-02;0;108
17;2025-12-02;1;10
17;2025-12-02;2;0
17;2025-12-02;3;0
17;2025-12-02;4;25
17;2025-12-02;5;333
17;2025-12-02;6;1571
17;2025-12-02;7;4222
17;2025-12-02;8;5471
17;2025-12-02;9;3921
17;2025-12-02;10;3051
17;2025-12-02;11;3027
17;2025-12-02;12;3043
17;2025-12-02;13;3106
17;2025-12-02;14;3196
17;2025-12-02;15;3286
17;2025-12-02;16;3660
17;2025-12-02;17;4639
17;2025-12-02;18;4924
17;2025-12-02;19;3428
17;2025-12-02;20;2371
17;2025-12-02;21;1469
17;2025-12-02;22;701
17;2025-12-02;23;366
17;2025-12-03;0;124
17;2025-12-03;1;11
17;2025-12-03;2;0
17;2025-12-03;3;0
17;2025-12-03;4;26
17;2025-12-03;5;312
17;2025-12-03;6;1539
17;2025-12-03;7;4185
17;2025-12-03;8;5482
17;2025-12-03;9;3919
17;2025-12-03;10;3125
17;2025-12-03;11;3090
17;2025-12-03;12;3110
17;2025-12-03;13;3180
17;2025-12-03;14;3299
17;2025-12-03;15;3400
17;2025-12-03;16;3765
17;2025-12-03;17;4615
17;2025-12-03;18;4867
17;2025-12-03;19;3384
17;2025-12-03;20;2357
17;2025-12-03;21;1497
17;2025-12-03;22;759
17;2025-12-03;23;395
17;2025-12-04;0;136
17;2025-12-04;1;12
17;2025-12-04;2;0
17;2025-12-04;3;0
17;2025-12-04;4;26
17;2025-12-04;5;327
17;2025-12-04;6;1546
17;2025-12-04;7;4153
17;2025-12-04;8;5393
17;2025-12-04;9;3926
17;2025-12-04;10;3153
17;2025-12-04;11;3128
17;2025-12-04;12;3150
17;2025-12-04;13;3226
17;2025-12-04;14;3299
17;2025-12-04;15;3393
17;2025-12-04;16;3868
17;2025-12-04;17;4586
17;2025-12-04;18;4801
17;2025-12-04;19;3488
17;2025-12-04;20;2494
17;2025-12-04;21;1542
17;2025-12-04;22;785
17;2025-12-04;23;418
17;2025-12-05;0;149
17;2025-12-05;1;17
17;2025-12-05;2;0
17;2025-12-05;3;0
17;2025-12-05;4;24
17;2025-12-05;5;320
17;2025-12-05;6;1552
17;2025-12-05;7;4160
17;2025-12-05;8;5343
17;2025-12-05;9;3878
17;2025-12-05;10;3073
17;2025-12-05;11;3101
17;2025-12-05;12;3112
17;2025-12-05;13;3243
17;2025-12-05;14;3324
17;2025-12-05;15;3644
17;2025-12-05;16;4290
17;2025-12-05;17;4835
17;2025-12-05;18;4495
17;2025-12-05;19;3319
17;2025-12-05;20;2456
17;2025-12-05;21;1645
17;2025-12-05;22;842
17;2025-12-05;23;506
17;2025-12-06;0;215
17;2025-12-06;1;27
17;2025-12-06;2;0
17;2025-12-06;3;0
17;2025-12-06;4;5
17;2025-12-06;5;127
17;2025-12-06;6;583
17;2025-12-06;7;1275
17;2025-12-06;8;1825
17;2025-12-06;9;2316
17;2025-12-06;10;2571
17;2025-12-06;11;3069
17;2025-12-06;12;3407
17;2025-12-06;13;3675
17;2025-12-06;14;3712
17;2025-12-06;15;3694
17;2025-12-06;16;3729
17;2025-12-06;17;3472
17;2025-12-06;18;3129
17;2025-12-06;19;2491
17;2025-12-06;20;1938
17;2025-12-06;21;1422
17;2025-12-06;22;869
17;2025-12-06;23;486
17;2025-12-07;0;192
17;2025-12-07;1;25
17;2025-12-07;2;0
17;2025-12-07;3;0
17;2025-12-07;4;3
17;2025-12-07;5;97
17;2025-12-07;6;432
17;2025-12-07;7;852
17;2025-12-07;8;1244
17;2025-12-07;9;1712
17;2025-12-07;10;2033
17;2025-12-07;11;2598
17;2025-12-07;12;2980
17;2025-12-07;13;3236
17;2025-12-07;14;3339
17;2025-12-07;15;3301
17;2025-12-07;16;3234
17;2025-12-07;17;3072
17;2025-12-07;18;2667
17;2025-12-07;19;2124
17;2025-12-07;20;1598
17;2025-12-07;21;1176
17;2025-12-07;22;729
17;2025-12-07;23;353
17;2025-12-08;0;117
17;2025-12-08;1;13
17;2025-12-08;2;0
17;2025-12-08;3;0
17;2025-12-08;4;26
17;2025-12-08;5;295
17;2025-12-08;6;1519
17;2025-12-08;7;4062
17;2025-12-08;8;5373
17;2025-12-08;9;3820
17;2025-12-08;10;2929
17;2025-12-08;11;2894
17;2025-12-08;12;2906
17;2025-12-08;13;3013
17;2025-12-08;14;3056
17;2025-12-08;15;3219
17;2025-12-08;16;3657
17;2025-12-08;17;4401
17;2025-12-08;18;4735
17;2025-12-08;19;3177
17;2025-12-08;20;2236
17;2025-12-08;21;1407
17;2025-12-08;22;679
17;2025-12-08;23;346
17;2025-12-09;0;108
17;2025-12-09;1;10
17;2025-12-09;2;0
17;2025-12-09;3;0
17;2025-12-09;4;24
17;2025-12-09;5;322
17;2025-12-09;6;1566
17;2025-12-09;7;4225
17;2025-12-09;8;5480
17;2025-12-09;9;3922
17;2025-12-09;10;3049
17;2025-12-09;11;3026
17;2025-12-09;12;3042
17;2025-12-09;13;3107
17;2025-12-09;14;3196
17;2025-12-09;15;3321
17;2025-12-09;16;3696
17;2025-12-09;17;4679
17;2025-12-09;18;4970
17;2025-12-09;19;3467
17;2025-12-09;20;2405
17;2025-12-09;21;1499
17;2025-12-09;22;724
17;2025-12-09;23;388
17;2025-12-10;0;125
17;2025-12-10;1;11
17;2025-12-10;2;0
17;2025-12-10;3;0
17;2025-12-10;4;26
17;2025-12-10;5;302
17;2025-12-10;6;1534
17;2025-12-10;7;4186
17;2025-12-10;8;5490
17;2025-12-10;9;3919
17;2025-12-10;10;3121
17;2025-12-10;11;3088
17;2025-12-10;12;3106
17;2025-12-10;13;3178
17;2025-12-10;14;3299
17;2025-12-10;15;3435
17;2025-12-10;16;3802
17;2025-12-10;17;4656
17;2025-12-10;18;4912
17;2025-12-10;19;3425
17;2025-12-10;20;2393
17;2025-12-10;21;1530
17;2025-12-10;22;785
17;2025-12-10;23;420
17;2025-12-11;0;137
17;2025-12-11;1;12
17;2025-12-11;2;0
17;2025-12-11;3;0
17;2025-12-11;4;26
17;2025-12-11;5;319
17;2025-12-11;6;1547
17;2025-12-11;7;4171
17;2025-12-11;8;5421
17;2025-12-11;9;3942
17;2025-12-11;10;3163
17;2025-12-11;11;3138
17;2025-12-11;12;3159
17;2025-12-11;13;3236
17;2025-12-11;14;3310
17;2025-12-11;15;3420
17;2025-12-11;16;3899
17;2025-12-11;17;4622
17;2025-12-11;18;4839
17;2025-12-11;19;3516
17;2025-12-11;20;2514
17;2025-12-11;21;1554
17;2025-12-11;22;792
17;2025-12-11;23;422
17;2025-12-12;0;150
17;2025-12-12;1;17
17;2025-12-12;2;0
17;2025-12-12;3;0
17;2025-12-12;4;24
17;2025-12-12;5;311
17;2025-12-12;6;1553
17;2025-12-12;7;4178
17;2025-12-12;8;5370
17;2025-12-12;9;3894
17;2025-12-12;10;3083
17;2025-12-12;11;3111
17;2025-12-12;12;3121
17;2025-12-12;13;3254
17;2025-12-12;14;3335
17;2025-12-12;15;3673
17;2025-12-12;16;4323
17;2025-12-12;17;4874
17;2025-12-12;18;4530
17;2025-12-12;19;3346
17;2025-12-12;20;2475
17;2025-12-12;21;1657
17;2025-12-12;22;849
17;2025-12-12;23;510
17;2025-12-13;0;216
17;2025-12-13;1;27
17;2025-12-13;2;0
17;2025-12-13;3;0
17;2025-12-13;4;5
17;2025-12-13;5;128
17;2025-12-13;6;586
17;2025-12-13;7;1282
17;2025-12-13;8;1835
17;2025-12-13;9;2328
17;2025-12-13;10;2585
17;2025-12-13;11;3086
17;2025-12-13;12;3426
17;2025-12-13;13;3695
17;2025-12-13;14;3732
17;2025-12-13;15;3714
17;2025-12-13;16;3749
17;2025-12-13;17;3491
17;2025-12-13;18;3146
17;2025-12-13;19;2504
17;2025-12-13;20;1949
17;2025-12-13;21;1430
17;2025-12-13;22;873
17;2025-12-13;23;488
17;2025-12-14;0;193
17;2025-12-14;1;25
17;2025-12-14;2;0
17;2025-12-14;3;0
17;2025-12-14;4;3
17;2025-12-14;5;97
17;2025-12-14;6;435
17;2025-12-14;7;856
17;2025-12-14;8;1250
17;2025-12-14;9;1721
17;2025-12-14;10;2044
17;2025-12-14;11;2612
17;2025-12-14;12;2996
17;2025-12-14;13;3254
17;2025-12-14;14;3357
17;2025-12-14;15;3318
17;2025-12-14;16;3252
17;2025-12-14;17;3089
17;2025-12-14;18;2681
17;2025-12-14;19;2135
17;2025-12-14;20;1607
17;2025-12-14;21;1182
17;2025-12-14;22;733
17;2025-12-14;23;355
17;2025-12-15;0;118
17;2025-12-15;1;13
17;2025-12-15;2;0
17;2025-12-15;3;0
17;2025-12-15;4;27
17;2025-12-15;5;297
17;2025-12-15;6;1527
17;2025-12-15;7;4083
17;2025-12-15;8;5402
17;2025-12-15;9;3841
17;2025-12-15;10;2945
17;2025-12-15;11;2910
17;2025-12-15;12;2922
17;2025-12-15;13;3030
17;2025-12-15;14;3073
17;2025-12-15;15;3236
17;2025-12-15;16;3676
17;2025-12-15;17;4425
17;2025-12-15;18;4760
17;2025-12-15;19;3195
17;2025-12-15;20;2249
17;2025-12-15;21;1415
17;2025-12-15;22;683
17;2025-12-15;23;348
17;2025-12-16;0;108
17;2025-12-16;1;10
17;2025-12-16;2;0
17;2025-12-16;3;0
17;2025-12-16;4;24
17;2025-12-16;5;324
17;2025-12-16;6;1574
17;2025-12-16;7;4247
17;2025-12-16;8;5509
17;2025-12-16;9;3943
17;2025-12-16;10;3065
17;2025-12-16;11;3042
17;2025-12-16;12;3058
17;2025-12-16;13;3125
17;2025-12-16;14;3214
17;2025-12-16;15;3339
17;2025-12-16;16;3717
17;2025-12-16;17;4705
17;2025-12-16;18;4997
17;2025-12-16;19;3486
17;2025-12-16;20;2418
17;2025-12-16;21;1508
17;2025-12-16;22;728
17;2025-12-16;23;390
17;2025-12-17;0;126
17;2025-12-17;1;11
17;2025-12-17;2;0
17;2025-12-17;3;0
17;2025-12-17;4;27
17;2025-12-17;5;303
17;2025-12-17;6;1542
17;2025-12-17;7;4208
17;2025-12-17;8;5520
17;2025-12-17;9;3941
17;2025-12-17;10;3138
17;2025-12-17;11;3104
17;2025-12-17;12;3123
17;2025-12-17;13;3196
17;2025-12-17;14;3317
17;2025-12-17;15;3454
17;2025-12-17;16;3823
17;2025-12-17;17;4681
17;2025-12-17;18;4938
17;2025-12-17;19;3443
17;2025-12-17;20;2406
17;2025-12-17;21;1538
17;2025-12-17;22;790
17;2025-12-17;23;422
17;2025-12-18;0;138
17;2025-12-18;1;12
17;2025-12-18;2;0
17;2025-12-18;3;0
17;2025-12-18;4;27
17;2025-12-18;5;320
17;2025-12-18;6;1556
17;2025-12-18;7;4193
17;2025-12-18;8;5450
17;2025-12-18;9;3963
17;2025-12-18;10;3180
17;2025-12-18;11;3155
17;2025-12-18;12;3176
17;2025-12-18;13;3254
17;2025-12-18;14;3327
17;2025-12-18;15;3439
17;2025-12-18;16;3920
17;2025-12-18;17;4647
17;2025-12-18;18;4865
17;2025-12-18;19;3534
17;2025-12-18;20;2527
17;2025-12-18;21;1563
17;2025-12-18;22;796
17;2025-12-18;23;424
17;2025-12-19;0;151
17;2025-12-19;1;17
17;2025-12-19;2;0
17;2025-12-19;3;0
17;2025-12-19;4;25
17;2025-12-19;5;313
17;2025-12-19;6;1561
17;2025-12-19;7;4200
17;2025-12-19;8;5399
17;2025-12-19;9;3915
17;2025-12-19;10;3099
17;2025-12-19;11;3128
17;2025-12-19;12;3138
17;2025-12-19;13;3271
17;2025-12-19;14;3353
17;2025-12-19;15;3693
17;2025-12-19;16;4346
17;2025-12-19;17;4900
17;2025-12-19;18;4555
17;2025-12-19;19;3364
17;2025-12-19;20;2489
17;2025-12-19;21;1666
17;2025-12-19;22;854
17;2025-12-19;23;513
17;2025-12-20;0;217
17;2025-12-20;1;28
17;2025-12-20;2;0
17;2025-12-20;3;0
17;2025-12-20;4;5
17;2025-12-20;5;129
17;2025-12-20;6;589
17;2025-12-20;7;1289
17;2025-12-20;8;1845
17;2025-12-20;9;2340
17;2025-12-20;10;2599
17;2025-12-20;11;3102
17;2025-12-20;12;3444
17;2025-12-20;13;3715
17;2025-12-20;14;3752
17;2025-12-20;15;3733
17;2025-12-20;16;3769
17;2025-12-20;17;3509
17;2025-12-20;18;3162
17;2025-12-20;19;2518
17;2025-12-20;20;1959
17;2025-12-20;21;1438
17;2025-12-20;22;878
17;2025-12-20;23;491
17;2025-12-21;0;194
17;2025-12-21;1;26
17;2025-12-21;2;0
17;2025-12-21;3;0
17;2025-12-21;4;3
17;2025-12-21;5;98
17;2025-12-21;6;437
17;2025-12-21;7;861
17;2025-12-21;8;1257
17;2025-12-21;9;1730
17;2025-12-21;10;2054
17;2025-12-21;11;2626
17;2025-12-21;12;3012
17;2025-12-21;13;3271
17;2025-12-21;14;3375
17;2025-12-21;15;3336
17;2025-12-21;16;3269
17;2025-12-21;17;3106
17;2025-12-21;18;2696
17;2025-12-21;19;2146
17;2025-12-21;20;1616
17;2025-12-21;21;1189
17;2025-12-21;22;737
17;2025-12-21;23;357
17;2025-12-22;0;119
17;2025-12-22;1;13
17;2025-12-22;2;0
17;2025-12-22;3;0
17;2025-12-22;4;27
17;2025-12-22;5;298
17;2025-12-22;6;1535
17;2025-12-22;7;4105
17;2025-12-22;8;5430
17;2025-12-22;9;3861
17;2025-12-22;10;2960
17;2025-12-22;11;2925
17;2025-12-22;12;2937
17;2025-12-22;13;3046
17;2025-12-22;14;3089
17;2025-12-22;15;3254
17;2025-12-22;16;3696
17;2025-12-22;17;4449
17;2025-12-22;18;4786
17;2025-12-22;19;3212
17;2025-12-22;20;2261
17;2025-12-22;21;1423
17;2025-12-22;22;687
17;2025-12-22;23;350
17;2025-12-23;0;109
17;2025-12-23;1;10
17;2025-12-23;2;0
17;2025-12-23;3;0
17;2025-12-23;4;25
17;2025-12-23;5;325
17;2025-12-23;6;1583
17;2025-12-23;7;4269
17;2025-12-23;8;5538
17;2025-12-23;9;3964
17;2025-12-23;10;3081
17;2025-12-23;11;3058
17;2025-12-23;12;3074
17;2025-12-23;13;3141
17;2025-12-23;14;3231
17;2025-12-23;15;3357
17;2025-12-23;16;3737
17;2025-12-23;17;4730
17;2025-12-23;18;5023
17;2025-12-23;19;3505
17;2025-12-23;20;2431
17;2025-12-23;21;1516
17;2025-12-23;22;732
17;2025-12-23;23;393
17;2025-12-24;0;126
17;2025-12-24;1;11
17;2025-12-24;2;0
17;2025-12-24;3;0
17;2025-12-24;4;27
17;2025-12-24;5;305
17;2025-12-24;6;1550
17;2025-12-24;7;4230
17;2025-12-24;8;5549
17;2025-12-24;9;3961
17;2025-12-24;10;3155
17;2025-12-24;11;3121
17;2025-12-24;12;3139
17;2025-12-24;13;3213
17;2025-12-24;14;3334
17;2025-12-24;15;3473
17;2025-12-24;16;3844
17;2025-12-24;17;4706
17;2025-12-24;18;4965
17;2025-12-24;19;3461
17;2025-12-24;20;2419
17;2025-12-24;21;1546
17;2025-12-24;22;794
17;2025-12-24;23;425
17;2025-12-25;0;139
17;2025-12-25;1;12
17;2025-12-25;2;0
17;2025-12-25;3;0
17;2025-12-25;4;27
17;2025-12-25;5;322
17;2025-12-25;6;1564
17;2025-12-25;7;4215
17;2025-12-25;8;5479
17;2025-12-25;9;3984
17;2025-12-25;10;3196
17;2025-12-25;11;3171
17;2025-12-25;12;3193
17;2025-12-25;13;3271
17;2025-12-25;14;3344
17;2025-12-25;15;3458
17;2025-12-25;16;3941
17;2025-12-25;17;4672
17;2025-12-25;18;4891
17;2025-12-25;19;3553
17;2025-12-25;20;2541
17;2025-12-25;21;1571
17;2025-12-25;22;801
17;2025-12-25;23;427
17;2025-12-26;0;151
17;2025-12-26;1;17
17;2025-12-26;2;0
17;2025-12-26;3;0
17;2025-12-26;4;25
17;2025-12-26;5;314
17;2025-12-26;6;1570
17;2025-12-26;7;4222
17;2025-12-26;8;5428
17;2025-12-26;9;3936
17;2025-12-26;10;3116
17;2025-12-26;11;3144
17;2025-12-26;12;3154
17;2025-12-26;13;3289
17;2025-12-26;14;3371
17;2025-12-26;15;3713
17;2025-12-26;16;4369
17;2025-12-26;17;4926
17;2025-12-26;18;4579
17;2025-12-26;19;3382
17;2025-12-26;20;2502
17;2025-12-26;21;1675
17;2025-12-26;22;858
17;2025-12-26;23;516
17;2025-12-27;0;219
17;2025-12-27;1;28
17;2025-12-27;2;0
17;2025-12-27;3;0
17;2025-12-27;4;5
17;2025-12-27;5;129
17;2025-12-27;6;592
17;2025-12-27;7;1295
17;2025-12-27;8;1853
17;2025-12-27;9;2351
17;2025-12-27;10;2611
17;2025-12-27;11;3116
17;2025-12-27;12;3460
17;2025-12-27;13;3732
17;2025-12-27;14;3769
17;2025-12-27;15;3750
17;2025-12-27;16;3786
17;2025-12-27;17;3525
17;2025-12-27;18;3177
17;2025-12-27;19;2529
17;2025-12-27;20;1968
17;2025-12-27;21;1444
17;2025-12-27;22;882
17;2025-12-27;23;493
17;2025-12-28;0;195
17;2025-12-28;1;26
17;2025-12-28;2;0
17;2025-12-28;3;0
17;2025-12-28;4;3
17;2025-12-28;5;98
17;2025-12-28;6;439
17;2025-12-28;7;864
17;2025-12-28;8;1262
17;2025-12-28;9;1737
17;2025-12-28;10;2062
17;2025-12-28;11;2636
17;2025-12-28;12;3024
17;2025-12-28;13;3283
17;2025-12-28;14;3388
17;2025-12-28;15;3349
17;2025-12-28;16;3282
17;2025-12-28;17;3118
17;2025-12-28;18;2706
17;2025-12-28;19;2154
17;2025-12-28;20;1622
17;2025-12-28;21;1194
17;2025-12-28;22;740
17;2025-12-28;23;358
17;2025-12-29;0;111
17;2025-12-29;1;13
17;2025-12-29;2;0
17;2025-12-29;3;0
17;2025-12-29;4;25
17;2025-12-29;5;287
17;2025-12-29;6;1458
17;2025-12-29;7;3879
17;2025-12-29;8;5124
17;2025-12-29;9;3622
17;2025-12-29;10;2768
17;2025-12-29;11;2712
17;2025-12-29;12;2736
17;2025-12-29;13;2824
17;2025-12-29;14;2878
17;2025-12-29;15;2989
17;2025-12-29;16;3439
17;2025-12-29;17;4114
17;2025-12-29;18;4455
17;2025-12-29;19;2904
17;2025-12-29;20;2042
17;2025-12-29;21;1296
17;2025-12-29;22;619
17;2025-12-29;23;305
17;2025-12-30;0;98
17;2025-12-30;1;9
17;2025-12-30;2;0
17;2025-12-30;3;0
17;2025-12-30;4;23
17;2025-12-30;5;299
17;2025-12-30;6;1431
17;2025-12-30;7;3889
17;2025-12-30;8;4962
17;2025-12-30;9;3558
17;2025-12-30;10;2752
17;2025-12-30;11;2735
17;2025-12-30;12;2745
17;2025-12-30;13;2766
17;2025-12-30;14;2877
17;2025-12-30;15;2918
17;2025-12-30;16;3285
17;2025-12-30;17;4207
17;2025-12-30;18;4499
17;2025-12-30;19;3119
17;2025-12-30;20;2147
17;2025-12-30;21;1332
17;2025-12-30;22;632
17;2025-12-30;23;331
17;2025-12-31;0;175
17;2025-12-31;1;23
17;2025-12-31;2;0
17;2025-12-31;3;0
17;2025-12-31;4;3
17;2025-12-31;5;105
17;2025-12-31;6;427
17;2025-12-31;7;866
17;2025-12-31;8;1260
17;2025-12-31;9;1676
17;2025-12-31;10;1935
17;2025-12-31;11;2396
17;2025-12-31;12;2706
17;2025-12-31;13;2932
17;2025-12-31;14;3007
17;2025-12-31;15;2979
17;2025-12-31;16;2928
17;2025-12-31;17;2742
17;2025-12-31;18;2421
17;2025-12-31;19;1941
17;2025-12-31;20;1483
17;2025-12-31;21;1080
17;2025-12-31;22;668
17;2025-12-31;23;326
25;2025-11-01;0;1
25;2025-11-01;1;0
25;2025-11-01;2;0
25;2025-11-01;3;0
25;2025-11-01;4;0
25;2025-11-01;5;15
25;2025-11-01;6;203
25;2025-11-01;7;394
25;2025-11-01;8;653
25;2025-11-01;9;392
25;2025-11-01;10;369
25;2025-11-01;11;436
25;2025-11-01;12;433
25;2025-11-01;13;609
25;2025-11-01;14;573
25;2025-11-01;15;705
25;2025-11-01;16;778
25;2025-11-01;17;708
25;2025-11-01;18;633
25;2025-11-01;19;540
25;2025-11-01;20;308
25;2025-11-01;21;224
25;2025-11-01;22;124
25;2025-11-01;23;30
25;2025-11-02;0;16
25;2025-11-02;1;0
25;2025-11-02;2;0
25;2025-11-02;3;0
25;2025-11-02;4;0
25;2025-11-02;5;9
25;2025-11-02;6;95
25;2025-11-02;7;101
25;2025-11-02;8;193
25;2025-11-02;9;217
25;2025-11-02;10;220
25;2025-11-02;11;313
25;2025-11-02;12;369
25;2025-11-02;13;483
25;2025-11-02;14;551
25;2025-11-02;15;638
25;2025-11-02;16;534
25;2025-11-02;17;518
25;2025-11-02;18;418
25;2025-11-02;19;309
25;2025-11-02;20;237
25;2025-11-02;21;156
25;2025-11-02;22;98
25;2025-11-02;23;37
25;2025-11-03;0;13
25;2025-11-03;1;0
25;2025-11-03;2;0
25;2025-11-03;3;0
25;2025-11-03;4;0
25;2025-11-03;5;10
25;2025-11-03;6;101
25;2025-11-03;7;109
25;2025-11-03;8;221
25;2025-11-03;9;232
25;2025-11-03;10;236
25;2025-11-03;11;331
25;2025-11-03;12;375
25;2025-11-03;13;519
25;2025-11-03;14;574
25;2025-11-03;15;664
25;2025-11-03;16;570
25;2025-11-03;17;527
25;2025-11-03;18;439
25;2025-11-03;19;341
25;2025-11-03;20;241
25;2025-11-03;21;167
25;2025-11-03;22;103
25;2025-11-03;23;39
25;2025-11-04;0;13
25;2025-11-04;1;0
25;2025-11-04;2;0
25;2025-11-04;3;0
25;2025-11-04;4;0
25;2025-11-04;5;9
25;2025-11-04;6;89
25;2025-11-04;7;96
25;2025-11-04;8;190
25;2025-11-04;9;204
25;2025-11-04;10;208
25;2025-11-04;11;293
25;2025-11-04;12;337
25;2025-11-04;13;457
25;2025-11-04;14;511
25;2025-11-04;15;591
25;2025-11-04;16;502
25;2025-11-04;17;474
25;2025-11-04;18;389
25;2025-11-04;19;297
25;2025-11-04;20;216
25;2025-11-04;21;147
25;2025-11-04;22;92
25;2025-11-04;23;34
25;2025-11-05;0;1
25;2025-11-05;1;0
25;2025-11-05;2;0
25;2025-11-05;3;0
25;2025-11-05;4;0
25;2025-11-05;5;19
25;2025-11-05;6;258
25;2025-11-05;7;546
25;2025-11-05;8;922
25;2025-11-05;9;497
25;2025-11-05;10;406
25;2025-11-05;11;465
25;2025-11-05;12;467
25;2025-11-05;13;584
25;2025-11-05;14;445
25;2025-11-05;15;600
25;2025-11-05;16;683
25;2025-11-05;17;862
25;2025-11-05;18;876
25;2025-11-05;19;644
25;2025-11-05;20;358
25;2025-11-05;21;269
25;2025-11-05;22;113
25;2025-11-05;23;12
25;2025-11-06;0;2
25;2025-11-06;1;0
25;2025-11-06;2;0
25;2025-11-06;3;0
25;2025-11-06;4;0
25;2025-11-06;5;21
25;2025-11-06;6;249
25;2025-11-06;7;536
25;2025-11-06;8;884
25;2025-11-06;9;475
25;2025-11-06;10;416
25;2025-11-06;11;450
25;2025-11-06;12;434
25;2025-11-06;13;528
25;2025-11-06;14;523
25;2025-11-06;15;620
25;2025-11-06;16;706
25;2025-11-06;17;765
25;2025-11-06;18;792
25;2025-11-06;19;603
25;2025-11-06;20;319
25;2025-11-06;21;217
25;2025-11-06;22;101
25;2025-11-06;23;10
25;2025-11-07;0;1
25;2025-11-07;1;0
25;2025-11-07;2;0
25;2025-11-07;3;0
25;2025-11-07;4;0
25;2025-11-07;5;15
25;2025-11-07;6;253
25;2025-11-07;7;558
25;2025-11-07;8;875
25;2025-11-07;9;470
25;2025-11-07;10;411
25;2025-11-07;11;450
25;2025-11-07;12;444
25;2025-11-07;13;559
25;2025-11-07;14;495
25;2025-11-07;15;636
25;2025-11-07;16;789
25;2025-11-07;17;781
25;2025-11-07;18;712
25;2025-11-07;19;584
25;2025-11-07;20;341
25;2025-11-07;21;230
25;2025-11-07;22;119
25;2025-11-07;23;19
25;2025-11-08;0;6
25;2025-11-08;1;0
25;2025-11-08;2;0
25;2025-11-08;3;0
25;2025-11-08;4;0
25;2025-11-08;5;17
25;2025-11-08;6;128
25;2025-11-08;7;158
25;2025-11-08;8;322
25;2025-11-08;9;298
25;2025-11-08;10;304
25;2025-11-08;11;405
25;2025-11-08;12;430
25;2025-11-08;13;646
25;2025-11-08;14;653
25;2025-11-08;15;742
25;2025-11-08;16;701
25;2025-11-08;17;589
25;2025-11-08;18;531
25;2025-11-08;19;457
25;2025-11-08;20;273
25;2025-11-08;21;213
25;2025-11-08;22;123
25;2025-11-08;23;47
25;2025-11-09;0;17
25;2025-11-09;1;0
25;2025-11-09;2;0
25;2025-11-09;3;0
25;2025-11-09;4;0
25;2025-11-09;5;9
25;2025-11-09;6;99
25;2025-11-09;7;114
25;2025-11-09;8;200
25;2025-11-09;9;229
25;2025-11-09;10;235
25;2025-11-09;11;330
25;2025-11-09;12;391
25;2025-11-09;13;504
25;2025-11-09;14;564
25;2025-11-09;15;632
25;2025-11-09;16;558
25;2025-11-09;17;544
25;2025-11-09;18;445
25;2025-11-09;19;323
25;2025-11-09;20;242
25;2025-11-09;21;165
25;2025-11-09;22;104
25;2025-11-09;23;37
25;2025-11-10;0;8
25;2025-11-10;1;0
25;2025-11-10;2;0
25;2025-11-10;3;0
25;2025-11-10;4;0
25;2025-11-10;5;19
25;2025-11-10;6;243
25;2025-11-10;7;544
25;2025-11-10;8;946
25;2025-11-10;9;529
25;2025-11-10;10;359
25;2025-11-10;11;419
25;2025-11-10;12;420
25;2025-11-10;13;552
25;2025-11-10;14;471
25;2025-11-10;15;515
25;2025-11-10;16;686
25;2025-11-10;17;758
25;2025-11-10;18;764
25;2025-11-10;19;576
25;2025-11-10;20;326
25;2025-11-10;21;203
25;2025-11-10;22;91
25;2025-11-10;23;12
25;2025-11-11;0;3
25;2025-11-11;1;0
25;2025-11-11;2;0
25;2025-11-11;3;0
25;2025-11-11;4;0
25;2025-11-11;5;17
25;2025-11-11;6;246
25;2025-11-11;7;537
25;2025-11-11;8;929
25;2025-11-11;9;480
25;2025-11-11;10;380
25;2025-11-11;11;425
25;2025-11-11;12;425
25;2025-11-11;13;488
25;2025-11-11;14;462
25;2025-11-11;15;565
25;2025-11-11;16;659
25;2025-11-11;17;740
25;2025-11-11;18;759
25;2025-11-11;19;572
25;2025-11-11;20;330
25;2025-11-11;21;216
25;2025-11-11;22;93
25;2025-11-11;23;10
25;2025-11-12;0;1
25;2025-11-12;1;0
25;2025-11-12;2;0
25;2025-11-12;3;0
25;2025-11-12;4;0
25;2025-11-12;5;19
25;2025-11-12;6;258
25;2025-11-12;7;547
25;2025-11-12;8;922
25;2025-11-12;9;497
25;2025-11-12;10;406
25;2025-11-12;11;465
25;2025-11-12;12;467
25;2025-11-12;13;584
25;2025-11-12;14;445
25;2025-11-12;15;600
25;2025-11-12;16;683
25;2025-11-12;17;862
25;2025-11-12;18;876
25;2025-11-12;19;644
25;2025-11-12;20;358
25;2025-11-12;21;269
25;2025-11-12;22;113
25;2025-11-12;23;12
25;2025-11-13;0;2
25;2025-11-13;1;0
25;2025-11-13;2;0
25;2025-11-13;3;0
25;2025-11-13;4;0
25;2025-11-13;5;21
25;2025-11-13;6;250
25;2025-11-13;7;537
25;2025-11-13;8;884
25;2025-11-13;9;476
25;2025-11-13;10;416
25;2025-11-13;11;449
25;2025-11-13;12;434
25;2025-11-13;13;528
25;2025-11-13;14;523
25;2025-11-13;15;620
25;2025-11-13;16;706
25;2025-11-13;17;765
25;2025-11-13;18;791
25;2025-11-13;19;602
25;2025-11-13;20;319
25;2025-11-13;21;217
25;2025-11-13;22;101
25;2025-11-13;23;10
25;2025-11-14;0;1
25;2025-11-14;1;0
25;2025-11-14;2;0
25;2025-11-14;3;0
25;2025-11-14;4;0
25;2025-11-14;5;15
25;2025-11-14;6;253
25;2025-11-14;7;558
25;2025-11-14;8;875
25;2025-11-14;9;470
25;2025-11-14;10;410
25;2025-11-14;11;450
25;2025-11-14;12;444
25;2025-11-14;13;559
25;2025-11-14;14;495
25;2025-11-14;15;636
25;2025-11-14;16;789
25;2025-11-14;17;781
25;2025-11-14;18;711
25;2025-11-14;19;584
25;2025-11-14;20;341
25;2025-11-14;21;230
25;2025-11-14;22;119
25;2025-11-14;23;19
25;2025-11-15;0;6
25;2025-11-15;1;0
25;2025-11-15;2;0
25;2025-11-15;3;0
25;2025-11-15;4;0
25;2025-11-15;5;17
25;2025-11-15;6;128
25;2025-11-15;7;158
25;2025-11-15;8;322
25;2025-11-15;9;298
25;2025-11-15;10;304
25;2025-11-15;11;405
25;2025-11-15;12;430
25;2025-11-15;13;646
25;2025-11-15;14;653
25;2025-11-15;15;742
25;2025-11-15;16;701
25;2025-11-15;17;589
25;2025-11-15;18;531
25;2025-11-15;19;457
25;2025-11-15;20;273
25;2025-11-15;21;213
25;2025-11-15;22;123
25;2025-11-15;23;47
25;2025-11-16;0;17
25;2025-11-16;1;0
25;2025-11-16;2;0
25;2025-11-16;3;0
25;2025-11-16;4;0
25;2025-11-16;5;9
25;2025-11-16;6;99
25;2025-11-16;7;114
25;2025-11-16;8;200
25;2025-11-16;9;229
25;2025-11-16;10;235
25;2025-11-16;11;330
25;2025-11-16;12;391
25;2025-11-16;13;505
25;2025-11-16;14;565
25;2025-11-16;15;633
25;2025-11-16;16;558
25;2025-11-16;17;545
25;2025-11-16;18;445
25;2025-11-16;19;323
25;2025-11-16;20;242
25;2025-11-16;21;165
25;2025-11-16;22;104
25;2025-11-16;23;37
25;2025-11-17;0;8
25;2025-11-17;1;0
25;2025-11-17;2;0
25;2025-11-17;3;0
25;2025-11-17;4;0
25;2025-11-17;5;19
25;2025-11-17;6;243
25;2025-11-17;7;544
25;2025-11-17;8;947
25;2025-11-17;9;530
25;2025-11-17;10;360
25;2025-11-17;11;419
25;2025-11-17;12;421
25;2025-11-17;13;553
25;2025-11-17;14;472
25;2025-11-17;15;516
25;2025-11-17;16;687
25;2025-11-17;17;759
25;2025-11-17;18;765
25;2025-11-17;19;577
25;2025-11-17;20;326
25;2025-11-17;21;203
25;2025-11-17;22;91
25;2025-11-17;23;12
25;2025-11-18;0;3
25;2025-11-18;1;0
25;2025-11-18;2;0
25;2025-11-18;3;0
25;2025-11-18;4;0
25;2025-11-18;5;17
25;2025-11-18;6;246
25;2025-11-18;7;539
25;2025-11-18;8;931
25;2025-11-18;9;481
25;2025-11-18;10;381
25;2025-11-18;11;425
25;2025-11-18;12;427
25;2025-11-18;13;489
25;2025-11-18;14;463
25;2025-11-18;15;566
25;2025-11-18;16;661
25;2025-11-18;17;742
25;2025-11-18;18;760
25;2025-11-18;19;573
25;2025-11-18;20;331
25;2025-11-18;21;217
25;2025-11-18;22;94
25;2025-11-18;23;10
25;2025-11-19;0;1
25;2025-11-19;1;0
25;2025-11-19;2;0
25;2025-11-19;3;0
25;2025-11-19;4;0
25;2025-11-19;5;19
25;2025-11-19;6;259
25;2025-11-19;7;548
25;2025-11-19;8;925
25;2025-11-19;9;499
25;2025-11-19;10;407
25;2025-11-19;11;467
25;2025-11-19;12;468
25;2025-11-19;13;586
25;2025-11-19;14;446
25;2025-11-19;15;602
25;2025-11-19;16;685
25;2025-11-19;17;865
25;2025-11-19;18;878
25;2025-11-19;19;646
25;2025-11-19;20;359
25;2025-11-19;21;270
25;2025-11-19;22;113
25;2025-11-19;23;12
25;2025-11-20;0;2
25;2025-11-20;1;0
25;2025-11-20;2;0
25;2025-11-20;3;0
25;2025-11-20;4;0
25;2025-11-20;5;21
25;2025-11-20;6;250
25;2025-11-20;7;539
25;2025-11-20;8;888
25;2025-11-20;9;478
25;2025-11-20;10;418
25;2025-11-20;11;451
25;2025-11-20;12;436
25;2025-11-20;13;530
25;2025-11-20;14;525
25;2025-11-20;15;622
25;2025-11-20;16;709
25;2025-11-20;17;768
25;2025-11-20;18;794
25;2025-11-20;19;605
25;2025-11-20;20;320
25;2025-11-20;21;217
25;2025-11-20;22;101
25;2025-11-20;23;10
25;2025-11-21;0;1
25;2025-11-21;1;0
25;2025-11-21;2;0
25;2025-11-21;3;0
25;2025-11-21;4;0
25;2025-11-21;5;15
25;2025-11-21;6;255
25;2025-11-21;7;561
25;2025-11-21;8;879
25;2025-11-21;9;473
25;2025-11-21;10;412
25;2025-11-21;11;452
25;2025-11-21;12;447
25;2025-11-21;13;562
25;2025-11-21;14;498
25;2025-11-21;15;639
25;2025-11-21;16;793
25;2025-11-21;17;785
25;2025-11-21;18;715
25;2025-11-21;19;586
25;2025-11-21;20;342
25;2025-11-21;21;231
25;2025-11-21;22;119
25;2025-11-21;23;19
25;2025-11-22;0;6
25;2025-11-22;1;0
25;2025-11-22;2;0
25;2025-11-22;3;0
25;2025-11-22;4;0
25;2025-11-22;5;17
25;2025-11-22;6;129
25;2025-11-22;7;160
25;2025-11-22;8;324
25;2025-11-22;9;300
25;2025-11-22;10;305
25;2025-11-22;11;408
25;2025-11-22;12;432
25;2025-11-22;13;650
25;2025-11-22;14;656
25;2025-11-22;15;746
25;2025-11-22;16;704
25;2025-11-22;17;592
25;2025-11-22;18;534
25;2025-11-22;19;460
25;2025-11-22;20;274
25;2025-11-22;21;214
25;2025-11-22;22;124
25;2025-11-22;23;47
25;2025-11-23;0;17
25;2025-11-23;1;0
25;2025-11-23;2;0
25;2025-11-23;3;0
25;2025-11-23;4;0
25;2025-11-23;5;9
25;2025-11-23;6;100
25;2025-11-23;7;114
25;2025-11-23;8;201
25;2025-11-23;9;231
25;2025-11-23;10;237
25;2025-11-23;11;332
25;2025-11-23;12;393
25;2025-11-23;13;508
25;2025-11-23;14;567
25;2025-11-23;15;636
25;2025-11-23;16;561
25;2025-11-23;17;548
25;2025-11-23;18;447
25;2025-11-23;19;325
25;2025-11-23;20;244
25;2025-11-23;21;166
25;2025-11-23;22;104
25;2025-11-23;23;37
25;2025-11-24;0;8
25;2025-11-24;1;0
25;2025-11-24;2;0
25;2025-11-24;3;0
25;2025-11-24;4;0
25;2025-11-24;5;19
25;2025-11-24;6;244
25;2025-11-24;7;547
25;2025-11-24;8;952
25;2025-11-24;9;533
25;2025-11-24;10;362
25;2025-11-24;11;421
25;2025-11-24;12;424
25;2025-11-24;13;556
25;2025-11-24;14;474
25;2025-11-24;15;519
25;2025-11-24;16;691
25;2025-11-24;17;763
25;2025-11-24;18;769
25;2025-11-24;19;580
25;2025-11-24;20;328
25;2025-11-24;21;204
25;2025-11-24;22;92
25;2025-11-24;23;12
25;2025-11-25;0;3
25;2025-11-25;1;0
25;2025-11-25;2;0
25;2025-11-25;3;0
25;2025-11-25;4;0
25;2025-11-25;5;17
25;2025-11-25;6;248
25;2025-11-25;7;541
25;2025-11-25;8;936
25;2025-11-25;9;484
25;2025-11-25;10;383
25;2025-11-25;11;428
25;2025-11-25;12;429
25;2025-11-25;13;492
25;2025-11-25;14;465
25;2025-11-25;15;569
25;2025-11-25;16;665
25;2025-11-25;17;746
25;2025-11-25;18;765
25;2025-11-25;19;576
25;2025-11-25;20;333
25;2025-11-25;21;218
25;2025-11-25;22;94
25;2025-11-25;23;10
25;2025-11-26;0;1
25;2025-11-26;1;0
25;2025-11-26;2;0
25;2025-11-26;3;0
25;2025-11-26;4;0
25;2025-11-26;5;19
25;2025-11-26;6;260
25;2025-11-26;7;551
25;2025-11-26;8;930
25;2025-11-26;9;501
25;2025-11-26;10;409
25;2025-11-26;11;469
25;2025-11-26;12;471
25;2025-11-26;13;589
25;2025-11-26;14;449
25;2025-11-26;15;606
25;2025-11-26;16;689
25;2025-11-26;17;869
25;2025-11-26;18;883
25;2025-11-26;19;649
25;2025-11-26;20;361
25;2025-11-26;21;272
25;2025-11-26;22;114
25;2025-11-26;23;12
25;2025-11-27;0;2
25;2025-11-27;1;0
25;2025-11-27;2;0
25;2025-11-27;3;0
25;2025-11-27;4;0
25;2025-11-27;5;22
25;2025-11-27;6;252
25;2025-11-27;7;542
25;2025-11-27;8;892
25;2025-11-27;9;481
25;2025-11-27;10;420
25;2025-11-27;11;454
25;2025-11-27;12;439
25;2025-11-27;13;533
25;2025-11-27;14;528
25;2025-11-27;15;625
25;2025-11-27;16;712
25;2025-11-27;17;772
25;2025-11-27;18;799
25;2025-11-27;19;608
25;2025-11-27;20;321
25;2025-11-27;21;218
25;2025-11-27;22;101
25;2025-11-27;23;10
25;2025-11-28;0;1
25;2025-11-28;1;0
25;2025-11-28;2;0
25;2025-11-28;3;0
25;2025-11-28;4;0
25;2025-11-28;5;15
25;2025-11-28;6;256
25;2025-11-28;7;563
25;2025-11-28;8;884
25;2025-11-28;9;475
25;2025-11-28;10;414
25;2025-11-28;11;454
25;2025-11-28;12;449
25;2025-11-28;13;565
25;2025-11-28;14;500
25;2025-11-28;15;643
25;2025-11-28;16;797
25;2025-11-28;17;789
25;2025-11-28;18;719
25;2025-11-28;19;590
25;2025-11-28;20;344
25;2025-11-28;21;232
25;2025-11-28;22;120
25;2025-11-28;23;19
25;2025-11-29;0;5
25;2025-11-29;1;0
25;2025-11-29;2;0
25;2025-11-29;3;0
25;2025-11-29;4;0
25;2025-11-29;5;17
25;2025-11-29;6;130
25;2025-11-29;7;160
25;2025-11-29;8;326
25;2025-11-29;9;302
25;2025-11-29;10;307
25;2025-11-29;11;410
25;2025-11-29;12;434
25;2025-11-29;13;653
25;2025-11-29;14;660
25;2025-11-29;15;750
25;2025-11-29;16;708
25;2025-11-29;17;596
25;2025-11-29;18;537
25;2025-11-29;19;462
25;2025-11-29;20;275
25;2025-11-29;21;216
25;2025-11-29;22;124
25;2025-11-29;23;47
25;2025-11-30;0;17
25;2025-11-30;1;0
25;2025-11-30;2;0
25;2025-11-30;3;0
25;2025-11-30;4;0
25;2025-11-30;5;9
25;2025-11-30;6;100
25;2025-11-30;7;115
25;2025-11-30;8;202
25;2025-11-30;9;232
25;2025-11-30;10;238
25;2025-11-30;11;334
25;2025-11-30;12;395
25;2025-11-30;13;510
25;2025-11-30;14;571
25;2025-11-30;15;639
25;2025-11-30;16;564
25;2025-11-30;17;551
25;2025-11-30;18;450
25;2025-11-30;19;326
25;2025-11-30;20;245
25;2025-11-30;21;167
25;2025-11-30;22;105
25;2025-11-30;23;37
25;2025-12-01;0;8
25;2025-12-01;1;0
25;2025-12-01;2;0
25;2025-12-01;3;0
25;2025-12-01;4;0
25;2025-12-01;5;20
25;2025-12-01;6;246
25;2025-12-01;7;550
25;2025-12-01;8;958
25;2025-12-01;9;536
25;2025-12-01;10;364
25;2025-12-01;11;424
25;2025-12-01;12;426
25;2025-12-01;13;559
25;2025-12-01;14;477
25;2025-12-01;15;522
25;2025-12-01;16;694
25;2025-12-01;17;767
25;2025-12-01;18;774
25;2025-12-01;19;583
25;2025-12-01;20;330
25;2025-12-01;21;206
25;2025-12-01;22;92
25;2025-12-01;23;13
25;2025-12-02;0;3
25;2025-12-02;1;0
25;2025-12-02;2;0
25;2025-12-02;3;0
25;2025-12-02;4;0
25;2025-12-02;5;17
25;2025-12-02;6;249
25;2025-12-02;7;545
25;2025-12-02;8;941
25;2025-12-02;9;486
25;2025-12-02;10;385
25;2025-12-02;11;430
25;2025-12-02;12;431
25;2025-12-02;13;495
25;2025-12-02;14;468
25;2025-12-02;15;572
25;2025-12-02;16;668
25;2025-12-02;17;750
25;2025-12-02;18;769
25;2025-12-02;19;579
25;2025-12-02;20;335
25;2025-12-02;21;219
25;2025-12-02;22;94
25;2025-12-02;23;10
25;2025-12-03;0;1
25;2025-12-03;1;0
25;2025-12-03;2;0
25;2025-12-03;3;0
25;2025-12-03;4;0
25;2025-12-03;5;20
25;2025-12-03;6;261
25;2025-12-03;7;554
25;2025-12-03;8;935
25;2025-12-03;9;504
25;2025-12-03;10;412
25;2025-12-03;11;472
25;2025-12-03;12;473
25;2025-12-03;13;592
25;2025-12-03;14;452
25;2025-12-03;15;608
25;2025-12-03;16;693
25;2025-12-03;17;874
25;2025-12-03;18;888
25;2025-12-03;19;653
25;2025-12-03;20;363
25;2025-12-03;21;273
25;2025-12-03;22;115
25;2025-12-03;23;13
25;2025-12-04;0;2
25;2025-12-04;1;0
25;2025-12-04;2;0
25;2025-12-04;3;0
25;2025-12-04;4;0
25;2025-12-04;5;22
25;2025-12-04;6;252
25;2025-12-04;7;543
25;2025-12-04;8;894
25;2025-12-04;9;481
25;2025-12-04;10;421
25;2025-12-04;11;455
25;2025-12-04;12;439
25;2025-12-04;13;535
25;2025-12-04;14;529
25;2025-12-04;15;630
25;2025-12-04;16;717
25;2025-12-04;17;777
25;2025-12-04;18;804
25;2025-12-04;19;613
25;2025-12-04;20;326
25;2025-12-04;21;223
25;2025-12-04;22;105
25;2025-12-04;23;13
25;2025-12-05;0;1
25;2025-12-05;1;0
25;2025-12-05;2;0
25;2025-12-05;3;0
25;2025-12-05;4;0
25;2025-12-05;5;16
25;2025-12-05;6;257
25;2025-12-05;7;564
25;2025-12-05;8;885
25;2025-12-05;9;476
25;2025-12-05;10;415
25;2025-12-05;11;455
25;2025-12-05;12;450
25;2025-12-05;13;566
25;2025-12-05;14;501
25;2025-12-05;15;646
25;2025-12-05;16;801
25;2025-12-05;17;793
25;2025-12-05;18;724
25;2025-12-05;19;595
25;2025-12-05;20;350
25;2025-12-05;21;237
25;2025-12-05;22;124
25;2025-12-05;23;23
25;2025-12-06;0;5
25;2025-12-06;1;0
25;2025-12-06;2;0
25;2025-12-06;3;0
25;2025-12-06;4;0
25;2025-12-06;5;16
25;2025-12-06;6;129
25;2025-12-06;7;159
25;2025-12-06;8;325
25;2025-12-06;9;302
25;2025-12-06;10;307
25;2025-12-06;11;410
25;2025-12-06;12;435
25;2025-12-06;13;653
25;2025-12-06;14;660
25;2025-12-06;15;755
25;2025-12-06;16;713
25;2025-12-06;17;600
25;2025-12-06;18;542
25;2025-12-06;19;467
25;2025-12-06;20;280
25;2025-12-06;21;220
25;2025-12-06;22;128
25;2025-12-06;23;50
25;2025-12-07;0;17
25;2025-12-07;1;0
25;2025-12-07;2;0
25;2025-12-07;3;0
25;2025-12-07;4;0
25;2025-12-07;5;8
25;2025-12-07;6;100
25;2025-12-07;7;114
25;2025-12-07;8;201
25;2025-12-07;9;231
25;2025-12-07;10;238
25;2025-12-07;11;333
25;2025-12-07;12;395
25;2025-12-07;13;510
25;2025-12-07;14;571
25;2025-12-07;15;644
25;2025-12-07;16;568
25;2025-12-07;17;555
25;2025-12-07;18;455
25;2025-12-07;19;331
25;2025-12-07;20;249
25;2025-12-07;21;170
25;2025-12-07;22;108
25;2025-12-07;23;40
25;2025-12-08;0;8
25;2025-12-08;1;0
25;2025-12-08;2;0
25;2025-12-08;3;0
25;2025-12-08;4;0
25;2025-12-08;5;18
25;2025-12-08;6;245
25;2025-12-08;7;550
25;2025-12-08;8;958
25;2025-12-08;9;536
25;2025-12-08;10;364
25;2025-12-08;11;424
25;2025-12-08;12;426
25;2025-12-08;13;558
25;2025-12-08;14;477
25;2025-12-08;15;528
25;2025-12-08;16;700
25;2025-12-08;17;773
25;2025-12-08;18;781
25;2025-12-08;19;590
25;2025-12-08;20;336
25;2025-12-08;21;210
25;2025-12-08;22;96
25;2025-12-08;23;16
25;2025-12-09;0;3
25;2025-12-09;1;0
25;2025-12-09;2;0
25;2025-12-09;3;0
25;2025-12-09;4;0
25;2025-12-09;5;16
25;2025-12-09;6;248
25;2025-12-09;7;545
25;2025-12-09;8;943
25;2025-12-09;9;487
25;2025-12-09;10;385
25;2025-12-09;11;431
25;2025-12-09;12;431
25;2025-12-09;13;494
25;2025-12-09;14;468
25;2025-12-09;15;578
25;2025-12-09;16;674
25;2025-12-09;17;756
25;2025-12-09;18;775
25;2025-12-09;19;585
25;2025-12-09;20;340
25;2025-12-09;21;223
25;2025-12-09;22;98
25;2025-12-09;23;13
25;2025-12-10;0;1
25;2025-12-10;1;0
25;2025-12-10;2;0
25;2025-12-10;3;0
25;2025-12-10;4;0
25;2025-12-10;5;18
25;2025-12-10;6;261
25;2025-12-10;7;553
25;2025-12-10;8;936
25;2025-12-10;9;504
25;2025-12-10;10;411
25;2025-12-10;11;472
25;2025-12-10;12;473
25;2025-12-10;13;591
25;2025-12-10;14;451
25;2025-12-10;15;615
25;2025-12-10;16;699
25;2025-12-10;17;881
25;2025-12-10;18;895
25;2025-12-10;19;659
25;2025-12-10;20;369
25;2025-12-10;21;279
25;2025-12-10;22;119
25;2025-12-10;23;16
25;2025-12-11;0;2
25;2025-12-11;1;0
25;2025-12-11;2;0
25;2025-12-11;3;0
25;2025-12-11;4;0
25;2025-12-11;5;20
25;2025-12-11;6;252
25;2025-12-11;7;545
25;2025-12-11;8;898
25;2025-12-11;9;483
25;2025-12-11;10;423
25;2025-12-11;11;457
25;2025-12-11;12;441
25;2025-12-11;13;535
25;2025-12-11;14;530
25;2025-12-11;15;635
25;2025-12-11;16;722
25;2025-12-11;17;783
25;2025-12-11;18;810
25;2025-12-11;19;617
25;2025-12-11;20;329
25;2025-12-11;21;224
25;2025-12-11;22;105
25;2025-12-11;23;14
25;2025-12-12;0;1
25;2025-12-12;1;0
25;2025-12-12;2;0
25;2025-12-12;3;0
25;2025-12-12;4;0
25;2025-12-12;5;14
25;2025-12-12;6;257
25;2025-12-12;7;566
25;2025-12-12;8;890
25;2025-12-12;9;478
25;2025-12-12;10;417
25;2025-12-12;11;457
25;2025-12-12;12;451
25;2025-12-12;13;567
25;2025-12-12;14;502
25;2025-12-12;15;652
25;2025-12-12;16;807
25;2025-12-12;17;799
25;2025-12-12;18;730
25;2025-12-12;19;599
25;2025-12-12;20;352
25;2025-12-12;21;239
25;2025-12-12;22;125
25;2025-12-12;23;23
25;2025-12-13;0;5
25;2025-12-13;1;0
25;2025-12-13;2;0
25;2025-12-13;3;0
25;2025-12-13;4;0
25;2025-12-13;5;16
25;2025-12-13;6;130
25;2025-12-13;7;160
25;2025-12-13;8;327
25;2025-12-13;9;303
25;2025-12-13;10;308
25;2025-12-13;11;412
25;2025-12-13;12;437
25;2025-12-13;13;656
25;2025-12-13;14;663
25;2025-12-13;15;759
25;2025-12-13;16;717
25;2025-12-13;17;604
25;2025-12-13;18;545
25;2025-12-13;19;470
25;2025-12-13;20;281
25;2025-12-13;21;221
25;2025-12-13;22;129
25;2025-12-13;23;50
25;2025-12-14;0;17
25;2025-12-14;1;0
25;2025-12-14;2;0
25;2025-12-14;3;0
25;2025-12-14;4;0
25;2025-12-14;5;8
25;2025-12-14;6;100
25;2025-12-14;7;115
25;2025-12-14;8;202
25;2025-12-14;9;233
25;2025-12-14;10;239
25;2025-12-14;11;335
25;2025-12-14;12;397
25;2025-12-14;13;513
25;2025-12-14;14;574
25;2025-12-14;15;647
25;2025-12-14;16;571
25;2025-12-14;17;558
25;2025-12-14;18;457
25;2025-12-14;19;333
25;2025-12-14;20;250
25;2025-12-14;21;172
25;2025-12-14;22;108
25;2025-12-14;23;40
25;2025-12-15;0;8
25;2025-12-15;1;0
25;2025-12-15;2;0
25;2025-12-15;3;0
25;2025-12-15;4;0
25;2025-12-15;5;18
25;2025-12-15;6;246
25;2025-12-15;7;553
25;2025-12-15;8;963
25;2025-12-15;9;539
25;2025-12-15;10;366
25;2025-12-15;11;426
25;2025-12-15;12;428
25;2025-12-15;13;561
25;2025-12-15;14;479
25;2025-12-15;15;530
25;2025-12-15;16;704
25;2025-12-15;17;778
25;2025-12-15;18;785
25;2025-12-15;19;593
25;2025-12-15;20;338
25;2025-12-15;21;212
25;2025-12-15;22;97
25;2025-12-15;23;17
25;2025-12-16;0;3
25;2025-12-16;1;0
25;2025-12-16;2;0
25;2025-12-16;3;0
25;2025-12-16;4;0
25;2025-12-16;5;16
25;2025-12-16;6;249
25;2025-12-16;7;547
25;2025-12-16;8;948
25;2025-12-16;9;489
25;2025-12-16;10;387
25;2025-12-16;11;433
25;2025-12-16;12;433
25;2025-12-16;13;496
25;2025-12-16;14;470
25;2025-12-16;15;581
25;2025-12-16;16;677
25;2025-12-16;17;761
25;2025-12-16;18;780
25;2025-12-16;19;588
25;2025-12-16;20;342
25;2025-12-16;21;225
25;2025-12-16;22;99
25;2025-12-16;23;13
25;2025-12-17;0;1
25;2025-12-17;1;0
25;2025-12-17;2;0
25;2025-12-17;3;0
25;2025-12-17;4;0
25;2025-12-17;5;18
25;2025-12-17;6;262
25;2025-12-17;7;557
25;2025-12-17;8;941
25;2025-12-17;9;507
25;2025-12-17;10;414
25;2025-12-17;11;474
25;2025-12-17;12;476
25;2025-12-17;13;594
25;2025-12-17;14;454
25;2025-12-17;15;618
25;2025-12-17;16;703
25;2025-12-17;17;886
25;2025-12-17;18;900
25;2025-12-17;19;663
25;2025-12-17;20;371
25;2025-12-17;21;280
25;2025-12-17;22;120
25;2025-12-17;23;17
25;2025-12-18;0;2
25;2025-12-18;1;0
25;2025-12-18;2;0
25;2025-12-18;3;0
25;2025-12-18;4;0
25;2025-12-18;5;20
25;2025-12-18;6;254
25;2025-12-18;7;547
25;2025-12-18;8;903
25;2025-12-18;9;486
25;2025-12-18;10;425
25;2025-12-18;11;459
25;2025-12-18;12;444
25;2025-12-18;13;538
25;2025-12-18;14;533
25;2025-12-18;15;638
25;2025-12-18;16;726
25;2025-12-18;17;787
25;2025-12-18;18;815
25;2025-12-18;19;621
25;2025-12-18;20;330
25;2025-12-18;21;226
25;2025-12-18;22;106
25;2025-12-18;23;14
25;2025-12-19;0;1
25;2025-12-19;1;0
25;2025-12-19;2;0
25;2025-12-19;3;0
25;2025-12-19;4;0
25;2025-12-19;5;14
25;2025-12-19;6;258
25;2025-12-19;7;569
25;2025-12-19;8;894
25;2025-12-19;9;481
25;2025-12-19;10;419
25;2025-12-19;11;460
25;2025-12-19;12;454
25;2025-12-19;13;570
25;2025-12-19;14;504
25;2025-12-19;15;655
25;2025-12-19;16;811
25;2025-12-19;17;804
25;2025-12-19;18;734
25;2025-12-19;19;602
25;2025-12-19;20;354
25;2025-12-19;21;240
25;2025-12-19;22;125
25;2025-12-19;23;23
25;2025-12-20;0;6
25;2025-12-20;1;0
25;2025-12-20;2;0
25;2025-12-20;3;0
25;2025-12-20;4;0
25;2025-12-20;5;16
25;2025-12-20;6;131
25;2025-12-20;7;161
25;2025-12-20;8;329
25;2025-12-20;9;305
25;2025-12-20;10;310
25;2025-12-20;11;414
25;2025-12-20;12;440
25;2025-12-20;13;660
25;2025-12-20;14;667
25;2025-12-20;15;763
25;2025-12-20;16;721
25;2025-12-20;17;607
25;2025-12-20;18;548
25;2025-12-20;19;472
25;2025-12-20;20;283
25;2025-12-20;21;222
25;2025-12-20;22;130
25;2025-12-20;23;50
25;2025-12-21;0;17
25;2025-12-21;1;0
25;2025-12-21;2;0
25;2025-12-21;3;0
25;2025-12-21;4;0
25;2025-12-21;5;8
25;2025-12-21;6;101
25;2025-12-21;7;116
25;2025-12-21;8;203
25;2025-12-21;9;234
25;2025-12-21;10;241
25;2025-12-21;11;337
25;2025-12-21;12;400
25;2025-12-21;13;516
25;2025-12-21;14;577
25;2025-12-21;15;650
25;2025-12-21;16;574
25;2025-12-21;17;561
25;2025-12-21;18;459
25;2025-12-21;19;334
25;2025-12-21;20;251
25;2025-12-21;21;172
25;2025-12-21;22;109
25;2025-12-21;23;40
25;2025-12-22;0;9
25;2025-12-22;1;0
25;2025-12-22;2;0
25;2025-12-22;3;0
25;2025-12-22;4;0
25;2025-12-22;5;18
25;2025-12-22;6;247
25;2025-12-22;7;556
25;2025-12-22;8;968
25;2025-12-22;9;542
25;2025-12-22;10;368
25;2025-12-22;11;428
25;2025-12-22;12;430
25;2025-12-22;13;564
25;2025-12-22;14;482
25;2025-12-22;15;533
25;2025-12-22;16;707
25;2025-12-22;17;782
25;2025-12-22;18;789
25;2025-12-22;19;596
25;2025-12-22;20;339
25;2025-12-22;21;213
25;2025-12-22;22;97
25;2025-12-22;23;17
25;2025-12-23;0;3
25;2025-12-23;1;0
25;2025-12-23;2;0
25;2025-12-23;3;0
25;2025-12-23;4;0
25;2025-12-23;5;16
25;2025-12-23;6;251
25;2025-12-23;7;550
25;2025-12-23;8;953
25;2025-12-23;9;492
25;2025-12-23;10;389
25;2025-12-23;11;435
25;2025-12-23;12;436
25;2025-12-23;13;499
25;2025-12-23;14;473
25;2025-12-23;15;584
25;2025-12-23;16;681
25;2025-12-23;17;765
25;2025-12-23;18;784
25;2025-12-23;19;592
25;2025-12-23;20;344
25;2025-12-23;21;226
25;2025-12-23;22;99
25;2025-12-23;23;13
25;2025-12-24;0;1
25;2025-12-24;1;0
25;2025-12-24;2;0
25;2025-12-24;3;0
25;2025-12-24;4;0
25;2025-12-24;5;18
25;2025-12-24;6;263
25;2025-12-24;7;559
25;2025-12-24;8;946
25;2025-12-24;9;510
25;2025-12-24;10;416
25;2025-12-24;11;477
25;2025-12-24;12;478
25;2025-12-24;13;598
25;2025-12-24;14;456
25;2025-12-24;15;621
25;2025-12-24;16;707
25;2025-12-24;17;890
25;2025-12-24;18;905
25;2025-12-24;19;666
25;2025-12-24;20;373
25;2025-12-24;21;282
25;2025-12-24;22;120
25;2025-12-24;23;17
25;2025-12-25;0;2
25;2025-12-25;1;0
25;2025-12-25;2;0
25;2025-12-25;3;0
25;2025-12-25;4;0
25;2025-12-25;5;20
25;2025-12-25;6;255
25;2025-12-25;7;550
25;2025-12-25;8;908
25;2025-12-25;9;489
25;2025-12-25;10;427
25;2025-12-25;11;462
25;2025-12-25;12;446
25;2025-12-25;13;541
25;2025-12-25;14;536
25;2025-12-25;15;641
25;2025-12-25;16;730
25;2025-12-25;17;791
25;2025-12-25;18;819
25;2025-12-25;19;624
25;2025-12-25;20;332
25;2025-12-25;21;227
25;2025-12-25;22;107
25;2025-12-25;23;14
25;2025-12-26;0;1
25;2025-12-26;1;0
25;2025-12-26;2;0
25;2025-12-26;3;0
25;2025-12-26;4;0
25;2025-12-26;5;14
25;2025-12-26;6;259
25;2025-12-26;7;572
25;2025-12-26;8;899
25;2025-12-26;9;484
25;2025-12-26;10;421
25;2025-12-26;11;462
25;2025-12-26;12;456
25;2025-12-26;13;573
25;2025-12-26;14;507
25;2025-12-26;15;658
25;2025-12-26;16;815
25;2025-12-26;17;808
25;2025-12-26;18;738
25;2025-12-26;19;606
25;2025-12-26;20;356
25;2025-12-26;21;242
25;2025-12-26;22;126
25;2025-12-26;23;23
25;2025-12-27;0;6
25;2025-12-27;1;0
25;2025-12-27;2;0
25;2025-12-27;3;0
25;2025-12-27;4;0
25;2025-12-27;5;16
25;2025-12-27;6;131
25;2025-12-27;7;162
25;2025-12-27;8;330
25;2025-12-27;9;306
25;2025-12-27;10;311
25;2025-12-27;11;416
25;2025-12-27;12;442
25;2025-12-27;13;662
25;2025-12-27;14;670
25;2025-12-27;15;766
25;2025-12-27;16;724
25;2025-12-27;17;610
25;2025-12-27;18;550
25;2025-12-27;19;475
25;2025-12-27;20;284
25;2025-12-27;21;224
25;2025-12-27;22;130
25;2025-12-27;23;51
25;2025-12-28;0;17
25;2025-12-28;1;0
25;2025-12-28;2;0
25;2025-12-28;3;0
25;2025-12-28;4;0
25;2025-12-28;5;8
25;2025-12-28;6;101
25;2025-12-28;7;116
25;2025-12-28;8;204
25;2025-12-28;9;235
25;2025-12-28;10;241
25;2025-12-28;11;338
25;2025-12-28;12;401
25;2025-12-28;13;518
25;2025-12-28;14;579
25;2025-12-28;15;652
25;2025-12-28;16;577
25;2025-12-28;17;563
25;2025-12-28;18;461
25;2025-12-28;19;336
25;2025-12-28;20;252
25;2025-12-28;21;173
25;2025-12-28;22;110
25;2025-12-28;23;40
25;2025-12-29;0;9
25;2025-12-29;1;0
25;2025-12-29;2;0
25;2025-12-29;3;0
25;2025-12-29;4;0
25;2025-12-29;5;18
25;2025-12-29;6;232
25;2025-12-29;7;527
25;2025-12-29;8;923
25;2025-12-29;9;515
25;2025-12-29;10;338
25;2025-12-29;11;398
25;2025-12-29;12;392
25;2025-12-29;13;545
25;2025-12-29;14;452
25;2025-12-29;15;479
25;2025-12-29;16;665
25;2025-12-29;17;717
25;2025-12-29;18;718
25;2025-12-29;19;546
25;2025-12-29;20;302
25;2025-12-29;21;188
25;2025-12-29;22;86
25;2025-12-29;23;9
25;2025-12-30;0;2
25;2025-12-30;1;0
25;2025-12-30;2;0
25;2025-12-30;3;0
25;2025-12-30;4;0
25;2025-12-30;5;15
25;2025-12-30;6;227
25;2025-12-30;7;494
25;2025-12-30;8;863
25;2025-12-30;9;436
25;2025-12-30;10;345
25;2025-12-30;11;391
25;2025-12-30;12;386
25;2025-12-30;13;446
25;2025-12-30;14;418
25;2025-12-30;15;513
25;2025-12-30;16;607
25;2025-12-30;17;672
25;2025-12-30;18;691
25;2025-12-30;19;519
25;2025-12-30;20;304
25;2025-12-30;21;200
25;2025-12-30;22;86
25;2025-12-30;23;7
25;2025-12-31;0;11
25;2025-12-31;1;0
25;2025-12-31;2;0
25;2025-12-31;3;0
25;2025-12-31;4;0
25;2025-12-31;5;10
25;2025-12-31;6;96
25;2025-12-31;7;104
25;2025-12-31;8;214
25;2025-12-31;9;219
25;2025-12-31;10;224
25;2025-12-31;11;312
25;2025-12-31;12;348
25;2025-12-31;13;492
25;2025-12-31;14;539
25;2025-12-31;15;623
25;2025-12-31;16;540
25;2025-12-31;17;490
25;2025-12-31;18;412
25;2025-12-31;19;326
25;2025-12-31;20;224
25;2025-12-31;21;158
25;2025-12-31;22;97
25;2025-12-31;23;37
26;2025-11-01;0;39
26;2025-11-01;1;2
26;2025-11-01;2;0
26;2025-11-01;3;0
26;2025-11-01;4;2
26;2025-11-01;5;70
26;2025-11-01;6;395
26;2025-11-01;7;765
26;2025-11-01;8;1541
26;2025-11-01;9;1102
26;2025-11-01;10;1068
26;2025-11-01;11;1068
26;2025-11-01;12;1095
26;2025-11-01;13;1121
26;2025-11-01;14;1231
26;2025-11-01;15;1208
26;2025-11-01;16;1399
26;2025-11-01;17;1434
26;2025-11-01;18;1146
26;2025-11-01;19;937
26;2025-11-01;20;622
26;2025-11-01;21;423
26;2025-11-01;22;213
26;2025-11-01;23;156
26;2025-11-02;0;46
26;2025-11-02;1;4
26;2025-11-02;2;0
26;2025-11-02;3;0
26;2025-11-02;4;2
26;2025-11-02;5;23
26;2025-11-02;6;148
26;2025-11-02;7;241
26;2025-11-02;8;369
26;2025-11-02;9;495
26;2025-11-02;10;559
26;2025-11-02;11;781
26;2025-11-02;12;773
26;2025-11-02;13;821
26;2025-11-02;14;815
26;2025-11-02;15;742
26;2025-11-02;16;704
26;2025-11-02;17;722
26;2025-11-02;18;653
26;2025-11-02;19;491
26;2025-11-02;20;380
26;2025-11-02;21;263
26;2025-11-02;22;159
26;2025-11-02;23;97
26;2025-11-03;0;46
26;2025-11-03;1;3
26;2025-11-03;2;0
26;2025-11-03;3;0
26;2025-11-03;4;2
26;2025-11-03;5;29
26;2025-11-03;6;169
26;2025-11-03;7;267
26;2025-11-03;8;421
26;2025-11-03;9;531
26;2025-11-03;10;615
26;2025-11-03;11;819
26;2025-11-03;12;831
26;2025-11-03;13;861
26;2025-11-03;14;866
26;2025-11-03;15;787
26;2025-11-03;16;769
26;2025-11-03;17;763
26;2025-11-03;18;697
26;2025-11-03;19;550
26;2025-11-03;20;411
26;2025-11-03;21;281
26;2025-11-03;22;169
26;2025-11-03;23;109
26;2025-11-04;0;42
26;2025-11-04;1;3
26;2025-11-04;2;0
26;2025-11-04;3;0
26;2025-11-04;4;1
26;2025-11-04;5;24
26;2025-11-04;6;146
26;2025-11-04;7;232
26;2025-11-04;8;362
26;2025-11-04;9;467
26;2025-11-04;10;536
26;2025-11-04;11;727
26;2025-11-04;12;731
26;2025-11-04;13;764
26;2025-11-04;14;765
26;2025-11-04;15;695
26;2025-11-04;16;672
26;2025-11-04;17;675
26;2025-11-04;18;614
26;2025-11-04;19;476
26;2025-11-04;20;360
26;2025-11-04;21;248
26;2025-11-04;22;150
26;2025-11-04;23;94
26;2025-11-05;0;31
26;2025-11-05;1;2
26;2025-11-05;2;0
26;2025-11-05;3;0
26;2025-11-05;4;6
26;2025-11-05;5;104
26;2025-11-05;6;478
26;2025-11-05;7;1103
26;2025-11-05;8;2271
26;2025-11-05;9;1479
26;2025-11-05;10;1243
26;2025-11-05;11;1100
26;2025-11-05;12;1218
26;2025-11-05;13;1225
26;2025-11-05;14;1360
26;2025-11-05;15;1408
26;2025-11-05;16;1517
26;2025-11-05;17;1728
26;2025-11-05;18;1847
26;2025-11-05;19;1273
26;2025-11-05;20;794
26;2025-11-05;21;542
26;2025-11-05;22;227
26;2025-11-05;23;133
26;2025-11-06;0;42
26;2025-11-06;1;1
26;2025-11-06;2;0
26;2025-11-06;3;0
26;2025-11-06;4;2
26;2025-11-06;5;96
26;2025-11-06;6;485
26;2025-11-06;7;1075
26;2025-11-06;8;2193
26;2025-11-06;9;1479
26;2025-11-06;10;1210
26;2025-11-06;11;1143
26;2025-11-06;12;1185
26;2025-11-06;13;1198
26;2025-11-06;14;1341
26;2025-11-06;15;1370
26;2025-11-06;16;1504
26;2025-11-06;17;1702
26;2025-11-06;18;1859
26;2025-11-06;19;1216
26;2025-11-06;20;743
26;2025-11-06;21;490
26;2025-11-06;22;209
26;2025-11-06;23;131
26;2025-11-07;0;33
26;2025-11-07;1;1
26;2025-11-07;2;0
26;2025-11-07;3;0
26;2025-11-07;4;1
26;2025-11-07;5;85
26;2025-11-07;6;490
26;2025-11-07;7;1038
26;2025-11-07;8;2136
26;2025-11-07;9;1382
26;2025-11-07;10;1214
26;2025-11-07;11;1116
26;2025-11-07;12;1117
26;2025-11-07;13;1180
26;2025-11-07;14;1315
26;2025-11-07;15;1360
26;2025-11-07;16;1609
26;2025-11-07;17;1741
26;2025-11-07;18;1372
26;2025-11-07;19;1060
26;2025-11-07;20;677
26;2025-11-07;21;463
26;2025-11-07;22;209
26;2025-11-07;23;156
26;2025-11-08;0;50
26;2025-11-08;1;2
26;2025-11-08;2;0
26;2025-11-08;3;0
26;2025-11-08;4;2
26;2025-11-08;5;49
26;2025-11-08;6;240
26;2025-11-08;7;367
26;2025-11-08;8;611
26;2025-11-08;9;678
26;2025-11-08;10;825
26;2025-11-08;11;985
26;2025-11-08;12;1060
26;2025-11-08;13;1053
26;2025-11-08;14;1083
26;2025-11-08;15;982
26;2025-11-08;16;1033
26;2025-11-08;17;957
26;2025-11-08;18;876
26;2025-11-08;19;755
26;2025-11-08;20;529
26;2025-11-08;21;356
26;2025-11-08;22;209
26;2025-11-08;23;153
26;2025-11-09;0;49
26;2025-11-09;1;4
26;2025-11-09;2;0
26;2025-11-09;3;0
26;2025-11-09;4;2
26;2025-11-09;5;24
26;2025-11-09;6;152
26;2025-11-09;7;254
26;2025-11-09;8;383
26;2025-11-09;9;513
26;2025-11-09;10;582
26;2025-11-09;11;800
26;2025-11-09;12;815
26;2025-11-09;13;860
26;2025-11-09;14;861
26;2025-11-09;15;785
26;2025-11-09;16;758
26;2025-11-09;17;772
26;2025-11-09;18;684
26;2025-11-09;19;516
26;2025-11-09;20;392
26;2025-11-09;21;279
26;2025-11-09;22;166
26;2025-11-09;23;106
26;2025-11-10;0;27
26;2025-11-10;1;2
26;2025-11-10;2;0
26;2025-11-10;3;0
26;2025-11-10;4;2
26;2025-11-10;5;92
26;2025-11-10;6;481
26;2025-11-10;7;1102
26;2025-11-10;8;2175
26;2025-11-10;9;1423
26;2025-11-10;10;1208
26;2025-11-10;11;1060
26;2025-11-10;12;1094
26;2025-11-10;13;1159
26;2025-11-10;14;1247
26;2025-11-10;15;1302
26;2025-11-10;16;1438
26;2025-11-10;17;1689
26;2025-11-10;18;1846
26;2025-11-10;19;1207
26;2025-11-10;20;742
26;2025-11-10;21;462
26;2025-11-10;22;199
26;2025-11-10;23;106
26;2025-11-11;0;31
26;2025-11-11;1;1
26;2025-11-11;2;0
26;2025-11-11;3;1
26;2025-11-11;4;2
26;2025-11-11;5;91
26;2025-11-11;6;494
26;2025-11-11;7;1119
26;2025-11-11;8;2265
26;2025-11-11;9;1455
26;2025-11-11;10;1261
26;2025-11-11;11;1158
26;2025-11-11;12;1180
26;2025-11-11;13;1179
26;2025-11-11;14;1256
26;2025-11-11;15;1353
26;2025-11-11;16;1494
26;2025-11-11;17;1765
26;2025-11-11;18;1928
26;2025-11-11;19;1292
26;2025-11-11;20;748
26;2025-11-11;21;472
26;2025-11-11;22;210
26;2025-11-11;23;116
26;2025-11-12;0;31
26;2025-11-12;1;2
26;2025-11-12;2;0
26;2025-11-12;3;0
26;2025-11-12;4;6
26;2025-11-12;5;104
26;2025-11-12;6;478
26;2025-11-12;7;1104
26;2025-11-12;8;2272
26;2025-11-12;9;1480
26;2025-11-12;10;1242
26;2025-11-12;11;1099
26;2025-11-12;12;1217
26;2025-11-12;13;1224
26;2025-11-12;14;1359
26;2025-11-12;15;1408
26;2025-11-12;16;1517
26;2025-11-12;17;1728
26;2025-11-12;18;1847
26;2025-11-12;19;1273
26;2025-11-12;20;794
26;2025-11-12;21;542
26;2025-11-12;22;227
26;2025-11-12;23;133
26;2025-11-13;0;42
26;2025-11-13;1;1
26;2025-11-13;2;0
26;2025-11-13;3;0
26;2025-11-13;4;2
26;2025-11-13;5;96
26;2025-11-13;6;486
26;2025-11-13;7;1076
26;2025-11-13;8;2194
26;2025-11-13;9;1479
26;2025-11-13;10;1210
26;2025-11-13;11;1143
26;2025-11-13;12;1185
26;2025-11-13;13;1198
26;2025-11-13;14;1341
26;2025-11-13;15;1370
26;2025-11-13;16;1504
26;2025-11-13;17;1701
26;2025-11-13;18;1859
26;2025-11-13;19;1215
26;2025-11-13;20;742
26;2025-11-13;21;489
26;2025-11-13;22;209
26;2025-11-13;23;131
26;2025-11-14;0;33
26;2025-11-14;1;1
26;2025-11-14;2;0
26;2025-11-14;3;0
26;2025-11-14;4;1
26;2025-11-14;5;85
26;2025-11-14;6;491
26;2025-11-14;7;1039
26;2025-11-14;8;2137
26;2025-11-14;9;1383
26;2025-11-14;10;1213
26;2025-11-14;11;1115
26;2025-11-14;12;1118
26;2025-11-14;13;1180
26;2025-11-14;14;1315
26;2025-11-14;15;1360
26;2025-11-14;16;1609
26;2025-11-14;17;1741
26;2025-11-14;18;1372
26;2025-11-14;19;1060
26;2025-11-14;20;677
26;2025-11-14;21;463
26;2025-11-14;22;209
26;2025-11-14;23;156
26;2025-11-15;0;50
26;2025-11-15;1;2
26;2025-11-15;2;0
26;2025-11-15;3;0
26;2025-11-15;4;2
26;2025-11-15;5;49
26;2025-11-15;6;240
26;2025-11-15;7;367
26;2025-11-15;8;611
26;2025-11-15;9;678
26;2025-11-15;10;825
26;2025-11-15;11;985
26;2025-11-15;12;1060
26;2025-11-15;13;1053
26;2025-11-15;14;1083
26;2025-11-15;15;982
26;2025-11-15;16;1033
26;2025-11-15;17;957
26;2025-11-15;18;876
26;2025-11-15;19;755
26;2025-11-15;20;529
26;2025-11-15;21;356
26;2025-11-15;22;209
26;2025-11-15;23;153
26;2025-11-16;0;49
26;2025-11-16;1;4
26;2025-11-16;2;0
26;2025-11-16;3;0
26;2025-11-16;4;2
26;2025-11-16;5;24
26;2025-11-16;6;152
26;2025-11-16;7;254
26;2025-11-16;8;383
26;2025-11-16;9;513
26;2025-11-16;10;583
26;2025-11-16;11;800
26;2025-11-16;12;815
26;2025-11-16;13;861
26;2025-11-16;14;862
26;2025-11-16;15;786
26;2025-11-16;16;759
26;2025-11-16;17;773
26;2025-11-16;18;684
26;2025-11-16;19;516
26;2025-11-16;20;393
26;2025-11-16;21;279
26;2025-11-16;22;166
26;2025-11-16;23;106
26;2025-11-17;0;27
26;2025-11-17;1;2
26;2025-11-17;2;0
26;2025-11-17;3;0
26;2025-11-17;4;2
26;2025-11-17;5;92
26;2025-11-17;6;482
26;2025-11-17;7;1104
26;2025-11-17;8;2178
26;2025-11-17;9;1426
26;2025-11-17;10;1210
26;2025-11-17;11;1062
26;2025-11-17;12;1095
26;2025-11-17;13;1161
26;2025-11-17;14;1249
26;2025-11-17;15;1304
26;2025-11-17;16;1440
26;2025-11-17;17;1692
26;2025-11-17;18;1849
26;2025-11-17;19;1209
26;2025-11-17;20;743
26;2025-11-17;21;463
26;2025-11-17;22;200
26;2025-11-17;23;106
26;2025-11-18;0;31
26;2025-11-18;1;1
26;2025-11-18;2;0
26;2025-11-18;3;1
26;2025-11-18;4;2
26;2025-11-18;5;92
26;2025-11-18;6;495
26;2025-11-18;7;1122
26;2025-11-18;8;2270
26;2025-11-18;9;1458
26;2025-11-18;10;1264
26;2025-11-18;11;1161
26;2025-11-18;12;1183
26;2025-11-18;13;1182
26;2025-11-18;14;1259
26;2025-11-18;15;1356
26;2025-11-18;16;1497
26;2025-11-18;17;1769
26;2025-11-18;18;1932
26;2025-11-18;19;1295
26;2025-11-18;20;750
26;2025-11-18;21;473
26;2025-11-18;22;210
26;2025-11-18;23;116
26;2025-11-19;0;31
26;2025-11-19;1;2
26;2025-11-19;2;0
26;2025-11-19;3;0
26;2025-11-19;4;6
26;2025-11-19;5;104
26;2025-11-19;6;480
26;2025-11-19;7;1107
26;2025-11-19;8;2279
26;2025-11-19;9;1484
26;2025-11-19;10;1246
26;2025-11-19;11;1103
26;2025-11-19;12;1221
26;2025-11-19;13;1228
26;2025-11-19;14;1363
26;2025-11-19;15;1413
26;2025-11-19;16;1522
26;2025-11-19;17;1734
26;2025-11-19;18;1852
26;2025-11-19;19;1277
26;2025-11-19;20;796
26;2025-11-19;21;544
26;2025-11-19;22;228
26;2025-11-19;23;133
26;2025-11-20;0;42
26;2025-11-20;1;1
26;2025-11-20;2;0
26;2025-11-20;3;0
26;2025-11-20;4;2
26;2025-11-20;5;96
26;2025-11-20;6;488
26;2025-11-20;7;1080
26;2025-11-20;8;2202
26;2025-11-20;9;1485
26;2025-11-20;10;1215
26;2025-11-20;11;1148
26;2025-11-20;12;1190
26;2025-11-20;13;1202
26;2025-11-20;14;1346
26;2025-11-20;15;1375
26;2025-11-20;16;1510
26;2025-11-20;17;1708
26;2025-11-20;18;1866
26;2025-11-20;19;1220
26;2025-11-20;20;744
26;2025-11-20;21;491
26;2025-11-20;22;210
26;2025-11-20;23;131
26;2025-11-21;0;33
26;2025-11-21;1;1
26;2025-11-21;2;0
26;2025-11-21;3;0
26;2025-11-21;4;1
26;2025-11-21;5;86
26;2025-11-21;6;493
26;2025-11-21;7;1043
26;2025-11-21;8;2147
26;2025-11-21;9;1390
26;2025-11-21;10;1219
26;2025-11-21;11;1121
26;2025-11-21;12;1123
26;2025-11-21;13;1186
26;2025-11-21;14;1321
26;2025-11-21;15;1367
26;2025-11-21;16;1616
26;2025-11-21;17;1749
26;2025-11-21;18;1379
26;2025-11-21;19;1064
26;2025-11-21;20;680
26;2025-11-21;21;465
26;2025-11-21;22;209
26;2025-11-21;23;156
26;2025-11-22;0;50
26;2025-11-22;1;2
26;2025-11-22;2;0
26;2025-11-22;3;0
26;2025-11-22;4;2
26;2025-11-22;5;49
26;2025-11-22;6;241
26;2025-11-22;7;369
26;2025-11-22;8;614
26;2025-11-22;9;682
26;2025-11-22;10;829
26;2025-11-22;11;990
26;2025-11-22;12;1065
26;2025-11-22;13;1059
26;2025-11-22;14;1089
26;2025-11-22;15;988
26;2025-11-22;16;1038
26;2025-11-22;17;963
26;2025-11-22;18;881
26;2025-11-22;19;759
26;2025-11-22;20;532
26;2025-11-22;21;357
26;2025-11-22;22;210
26;2025-11-22;23;154
26;2025-11-23;0;49
26;2025-11-23;1;4
26;2025-11-23;2;0
26;2025-11-23;3;0
26;2025-11-23;4;2
26;2025-11-23;5;24
26;2025-11-23;6;153
26;2025-11-23;7;256
26;2025-11-23;8;385
26;2025-11-23;9;516
26;2025-11-23;10;586
26;2025-11-23;11;804
26;2025-11-23;12;820
26;2025-11-23;13;866
26;2025-11-23;14;866
26;2025-11-23;15;790
26;2025-11-23;16;763
26;2025-11-23;17;777
26;2025-11-23;18;688
26;2025-11-23;19;519
26;2025-11-23;20;395
26;2025-11-23;21;280
26;2025-11-23;22;167
26;2025-11-23;23;106
26;2025-11-24;0;28
26;2025-11-24;1;2
26;2025-11-24;2;0
26;2025-11-24;3;0
26;2025-11-24;4;2
26;2025-11-24;5;92
26;2025-11-24;6;484
26;2025-11-24;7;1110
26;2025-11-24;8;2190
26;2025-11-24;9;1433
26;2025-11-24;10;1216
26;2025-11-24;11;1068
26;2025-11-24;12;1102
26;2025-11-24;13;1168
26;2025-11-24;14;1256
26;2025-11-24;15;1312
26;2025-11-24;16;1448
26;2025-11-24;17;1701
26;2025-11-24;18;1859
26;2025-11-24;19;1215
26;2025-11-24;20;747
26;2025-11-24;21;465
26;2025-11-24;22;201
26;2025-11-24;23;107
26;2025-11-25;0;31
26;2025-11-25;1;1
26;2025-11-25;2;0
26;2025-11-25;3;1
26;2025-11-25;4;2
26;2025-11-25;5;92
26;2025-11-25;6;498
26;2025-11-25;7;1128
26;2025-11-25;8;2282
26;2025-11-25;9;1466
26;2025-11-25;10;1271
26;2025-11-25;11;1168
26;2025-11-25;12;1189
26;2025-11-25;13;1189
26;2025-11-25;14;1266
26;2025-11-25;15;1363
26;2025-11-25;16;1505
26;2025-11-25;17;1779
26;2025-11-25;18;1942
26;2025-11-25;19;1302
26;2025-11-25;20;754
26;2025-11-25;21;475
26;2025-11-25;22;212
26;2025-11-25;23;117
26;2025-11-26;0;31
26;2025-11-26;1;2
26;2025-11-26;2;0
26;2025-11-26;3;0
26;2025-11-26;4;6
26;2025-11-26;5;105
26;2025-11-26;6;482
26;2025-11-26;7;1113
26;2025-11-26;8;2291
26;2025-11-26;9;1492
26;2025-11-26;10;1253
26;2025-11-26;11;1109
26;2025-11-26;12;1228
26;2025-11-26;13;1235
26;2025-11-26;14;1371
26;2025-11-26;15;1420
26;2025-11-26;16;1530
26;2025-11-26;17;1743
26;2025-11-26;18;1862
26;2025-11-26;19;1283
26;2025-11-26;20;800
26;2025-11-26;21;546
26;2025-11-26;22;229
26;2025-11-26;23;134
26;2025-11-27;0;43
26;2025-11-27;1;1
26;2025-11-27;2;0
26;2025-11-27;3;0
26;2025-11-27;4;2
26;2025-11-27;5;97
26;2025-11-27;6;490
26;2025-11-27;7;1086
26;2025-11-27;8;2214
26;2025-11-27;9;1493
26;2025-11-27;10;1222
26;2025-11-27;11;1154
26;2025-11-27;12;1196
26;2025-11-27;13;1209
26;2025-11-27;14;1353
26;2025-11-27;15;1383
26;2025-11-27;16;1518
26;2025-11-27;17;1717
26;2025-11-27;18;1876
26;2025-11-27;19;1227
26;2025-11-27;20;749
26;2025-11-27;21;494
26;2025-11-27;22;211
26;2025-11-27;23;132
26;2025-11-28;0;33
26;2025-11-28;1;1
26;2025-11-28;2;0
26;2025-11-28;3;0
26;2025-11-28;4;1
26;2025-11-28;5;86
26;2025-11-28;6;496
26;2025-11-28;7;1049
26;2025-11-28;8;2158
26;2025-11-28;9;1397
26;2025-11-28;10;1225
26;2025-11-28;11;1127
26;2025-11-28;12;1129
26;2025-11-28;13;1192
26;2025-11-28;14;1329
26;2025-11-28;15;1374
26;2025-11-28;16;1625
26;2025-11-28;17;1759
26;2025-11-28;18;1387
26;2025-11-28;19;1070
26;2025-11-28;20;684
26;2025-11-28;21;468
26;2025-11-28;22;211
26;2025-11-28;23;157
26;2025-11-29;0;50
26;2025-11-29;1;2
26;2025-11-29;2;0
26;2025-11-29;3;0
26;2025-11-29;4;2
26;2025-11-29;5;49
26;2025-11-29;6;242
26;2025-11-29;7;371
26;2025-11-29;8;618
26;2025-11-29;9;686
26;2025-11-29;10;834
26;2025-11-29;11;995
26;2025-11-29;12;1071
26;2025-11-29;13;1065
26;2025-11-29;14;1095
26;2025-11-29;15;993
26;2025-11-29;16;1044
26;2025-11-29;17;968
26;2025-11-29;18;886
26;2025-11-29;19;763
26;2025-11-29;20;534
26;2025-11-29;21;359
26;2025-11-29;22;211
26;2025-11-29;23;154
26;2025-11-30;0;49
26;2025-11-30;1;4
26;2025-11-30;2;0
26;2025-11-30;3;0
26;2025-11-30;4;2
26;2025-11-30;5;24
26;2025-11-30;6;154
26;2025-11-30;7;257
26;2025-11-30;8;387
26;2025-11-30;9;519
26;2025-11-30;10;589
26;2025-11-30;11;809
26;2025-11-30;12;824
26;2025-11-30;13;870
26;2025-11-30;14;871
26;2025-11-30;15;794
26;2025-11-30;16;767
26;2025-11-30;17;781
26;2025-11-30;18;692
26;2025-11-30;19;522
26;2025-11-30;20;397
26;2025-11-30;21;282
26;2025-11-30;22;168
26;2025-11-30;23;107
26;2025-12-01;0;28
26;2025-12-01;1;2
26;2025-12-01;2;0
26;2025-12-01;3;0
26;2025-12-01;4;2
26;2025-12-01;5;93
26;2025-12-01;6;487
26;2025-12-01;7;1116
26;2025-12-01;8;2201
26;2025-12-01;9;1441
26;2025-12-01;10;1223
26;2025-12-01;11;1074
26;2025-12-01;12;1108
26;2025-12-01;13;1174
26;2025-12-01;14;1262
26;2025-12-01;15;1319
26;2025-12-01;16;1456
26;2025-12-01;17;1710
26;2025-12-01;18;1869
26;2025-12-01;19;1222
26;2025-12-01;20;751
26;2025-12-01;21;468
26;2025-12-01;22;202
26;2025-12-01;23;107
26;2025-12-02;0;31
26;2025-12-02;1;1
26;2025-12-02;2;0
26;2025-12-02;3;1
26;2025-12-02;4;2
26;2025-12-02;5;93
26;2025-12-02;6;501
26;2025-12-02;7;1134
26;2025-12-02;8;2295
26;2025-12-02;9;1474
26;2025-12-02;10;1278
26;2025-12-02;11;1174
26;2025-12-02;12;1196
26;2025-12-02;13;1195
26;2025-12-02;14;1273
26;2025-12-02;15;1371
26;2025-12-02;16;1513
26;2025-12-02;17;1789
26;2025-12-02;18;1952
26;2025-12-02;19;1309
26;2025-12-02;20;758
26;2025-12-02;21;478
26;2025-12-02;22;213
26;2025-12-02;23;117
26;2025-12-03;0;31
26;2025-12-03;1;2
26;2025-12-03;2;0
26;2025-12-03;3;0
26;2025-12-03;4;6
26;2025-12-03;5;105
26;2025-12-03;6;485
26;2025-12-03;7;1118
26;2025-12-03;8;2303
26;2025-12-03;9;1500
26;2025-12-03;10;1260
26;2025-12-03;11;1115
26;2025-12-03;12;1234
26;2025-12-03;13;1241
26;2025-12-03;14;1377
26;2025-12-03;15;1427
26;2025-12-03;16;1538
26;2025-12-03;17;1752
26;2025-12-03;18;1873
26;2025-12-03;19;1291
26;2025-12-03;20;805
26;2025-12-03;21;550
26;2025-12-03;22;230
26;2025-12-03;23;135
26;2025-12-04;0;43
26;2025-12-04;1;1
26;2025-12-04;2;0
26;2025-12-04;3;0
26;2025-12-04;4;2
26;2025-12-04;5;97
26;2025-12-04;6;491
26;2025-12-04;7;1088
26;2025-12-04;8;2219
26;2025-12-04;9;1495
26;2025-12-04;10;1224
26;2025-12-04;11;1156
26;2025-12-04;12;1199
26;2025-12-04;13;1212
26;2025-12-04;14;1356
26;2025-12-04;15;1392
26;2025-12-04;16;1529
26;2025-12-04;17;1729
26;2025-12-04;18;1888
26;2025-12-04;19;1238
26;2025-12-04;20;759
26;2025-12-04;21;504
26;2025-12-04;22;219
26;2025-12-04;23;140
26;2025-12-05;0;33
26;2025-12-05;1;1
26;2025-12-05;2;0
26;2025-12-05;3;0
26;2025-12-05;4;1
26;2025-12-05;5;86
26;2025-12-05;6;496
26;2025-12-05;7;1051
26;2025-12-05;8;2161
26;2025-12-05;9;1399
26;2025-12-05;10;1228
26;2025-12-05;11;1129
26;2025-12-05;12;1131
26;2025-12-05;13;1195
26;2025-12-05;14;1331
26;2025-12-05;15;1383
26;2025-12-05;16;1634
26;2025-12-05;17;1768
26;2025-12-05;18;1399
26;2025-12-05;19;1082
26;2025-12-05;20;695
26;2025-12-05;21;478
26;2025-12-05;22;219
26;2025-12-05;23;166
26;2025-12-06;0;51
26;2025-12-06;1;2
26;2025-12-06;2;0
26;2025-12-06;3;0
26;2025-12-06;4;2
26;2025-12-06;5;47
26;2025-12-06;6;241
26;2025-12-06;7;370
26;2025-12-06;8;617
26;2025-12-06;9;685
26;2025-12-06;10;833
26;2025-12-06;11;996
26;2025-12-06;12;1072
26;2025-12-06;13;1067
26;2025-12-06;14;1097
26;2025-12-06;15;1001
26;2025-12-06;16;1053
26;2025-12-06;17;977
26;2025-12-06;18;895
26;2025-12-06;19;773
26;2025-12-06;20;543
26;2025-12-06;21;367
26;2025-12-06;22;217
26;2025-12-06;23;160
26;2025-12-07;0;50
26;2025-12-07;1;4
26;2025-12-07;2;0
26;2025-12-07;3;0
26;2025-12-07;4;2
26;2025-12-07;5;22
26;2025-12-07;6;153
26;2025-12-07;7;256
26;2025-12-07;8;386
26;2025-12-07;9;518
26;2025-12-07;10;588
26;2025-12-07;11;809
26;2025-12-07;12;825
26;2025-12-07;13;871
26;2025-12-07;14;872
26;2025-12-07;15;800
26;2025-12-07;16;774
26;2025-12-07;17;788
26;2025-12-07;18;700
26;2025-12-07;19;529
26;2025-12-07;20;403
26;2025-12-07;21;288
26;2025-12-07;22;173
26;2025-12-07;23;112
26;2025-12-08;0;28
26;2025-12-08;1;2
26;2025-12-08;2;0
26;2025-12-08;3;0
26;2025-12-08;4;2
26;2025-12-08;5;90
26;2025-12-08;6;486
26;2025-12-08;7;1115
26;2025-12-08;8;2205
26;2025-12-08;9;1441
26;2025-12-08;10;1222
26;2025-12-08;11;1073
26;2025-12-08;12;1107
26;2025-12-08;13;1175
26;2025-12-08;14;1264
26;2025-12-08;15;1332
26;2025-12-08;16;1469
26;2025-12-08;17;1724
26;2025-12-08;18;1886
26;2025-12-08;19;1236
26;2025-12-08;20;763
26;2025-12-08;21;479
26;2025-12-08;22;211
26;2025-12-08;23;117
26;2025-12-09;0;32
26;2025-12-09;1;1
26;2025-12-09;2;0
26;2025-12-09;3;1
26;2025-12-09;4;2
26;2025-12-09;5;89
26;2025-12-09;6;499
26;2025-12-09;7;1134
26;2025-12-09;8;2300
26;2025-12-09;9;1475
26;2025-12-09;10;1278
26;2025-12-09;11;1174
26;2025-12-09;12;1195
26;2025-12-09;13;1196
26;2025-12-09;14;1274
26;2025-12-09;15;1383
26;2025-12-09;16;1527
26;2025-12-09;17;1804
26;2025-12-09;18;1969
26;2025-12-09;19;1323
26;2025-12-09;20;770
26;2025-12-09;21;489
26;2025-12-09;22;222
26;2025-12-09;23;125
26;2025-12-10;0;32
26;2025-12-10;1;2
26;2025-12-10;2;0
26;2025-12-10;3;0
26;2025-12-10;4;6
26;2025-12-10;5;102
26;2025-12-10;6;484
26;2025-12-10;7;1118
26;2025-12-10;8;2307
26;2025-12-10;9;1500
26;2025-12-10;10;1259
26;2025-12-10;11;1114
26;2025-12-10;12;1233
26;2025-12-10;13;1242
26;2025-12-10;14;1379
26;2025-12-10;15;1440
26;2025-12-10;16;1552
26;2025-12-10;17;1767
26;2025-12-10;18;1889
26;2025-12-10;19;1305
26;2025-12-10;20;818
26;2025-12-10;21;562
26;2025-12-10;22;240
26;2025-12-10;23;144
26;2025-12-11;0;43
26;2025-12-11;1;1
26;2025-12-11;2;0
26;2025-12-11;3;0
26;2025-12-11;4;2
26;2025-12-11;5;94
26;2025-12-11;6;491
26;2025-12-11;7;1092
26;2025-12-11;8;2230
26;2025-12-11;9;1502
26;2025-12-11;10;1229
26;2025-12-11;11;1160
26;2025-12-11;12;1203
26;2025-12-11;13;1217
26;2025-12-11;14;1362
26;2025-12-11;15;1403
26;2025-12-11;16;1540
26;2025-12-11;17;1742
26;2025-12-11;18;1903
26;2025-12-11;19;1247
26;2025-12-11;20;765
26;2025-12-11;21;507
26;2025-12-11;22;221
26;2025-12-11;23;141
26;2025-12-12;0;34
26;2025-12-12;1;1
26;2025-12-12;2;0
26;2025-12-12;3;0
26;2025-12-12;4;1
26;2025-12-12;5;84
26;2025-12-12;6;497
26;2025-12-12;7;1054
26;2025-12-12;8;2173
26;2025-12-12;9;1405
26;2025-12-12;10;1232
26;2025-12-12;11;1133
26;2025-12-12;12;1135
26;2025-12-12;13;1199
26;2025-12-12;14;1337
26;2025-12-12;15;1393
26;2025-12-12;16;1646
26;2025-12-12;17;1781
26;2025-12-12;18;1410
26;2025-12-12;19;1090
26;2025-12-12;20;700
26;2025-12-12;21;482
26;2025-12-12;22;221
26;2025-12-12;23;167
26;2025-12-13;0;51
26;2025-12-13;1;2
26;2025-12-13;2;0
26;2025-12-13;3;0
26;2025-12-13;4;2
26;2025-12-13;5;47
26;2025-12-13;6;242
26;2025-12-13;7;372
26;2025-12-13;8;621
26;2025-12-13;9;688
26;2025-12-13;10;838
26;2025-12-13;11;1001
26;2025-12-13;12;1078
26;2025-12-13;13;1072
26;2025-12-13;14;1103
26;2025-12-13;15;1007
26;2025-12-13;16;1059
26;2025-12-13;17;982
26;2025-12-13;18;900
26;2025-12-13;19;777
26;2025-12-13;20;546
26;2025-12-13;21;369
26;2025-12-13;22;218
26;2025-12-13;23;161
26;2025-12-14;0;50
26;2025-12-14;1;4
26;2025-12-14;2;0
26;2025-12-14;3;0
26;2025-12-14;4;2
26;2025-12-14;5;22
26;2025-12-14;6;154
26;2025-12-14;7;257
26;2025-12-14;8;388
26;2025-12-14;9;521
26;2025-12-14;10;592
26;2025-12-14;11;813
26;2025-12-14;12;829
26;2025-12-14;13;876
26;2025-12-14;14;877
26;2025-12-14;15;805
26;2025-12-14;16;778
26;2025-12-14;17;792
26;2025-12-14;18;703
26;2025-12-14;19;532
26;2025-12-14;20;405
26;2025-12-14;21;290
26;2025-12-14;22;174
26;2025-12-14;23;113
26;2025-12-15;0;28
26;2025-12-15;1;2
26;2025-12-15;2;0
26;2025-12-15;3;0
26;2025-12-15;4;2
26;2025-12-15;5;90
26;2025-12-15;6;488
26;2025-12-15;7;1121
26;2025-12-15;8;2217
26;2025-12-15;9;1449
26;2025-12-15;10;1228
26;2025-12-15;11;1079
26;2025-12-15;12;1113
26;2025-12-15;13;1181
26;2025-12-15;14;1270
26;2025-12-15;15;1339
26;2025-12-15;16;1477
26;2025-12-15;17;1733
26;2025-12-15;18;1896
26;2025-12-15;19;1243
26;2025-12-15;20;768
26;2025-12-15;21;482
26;2025-12-15;22;212
26;2025-12-15;23;117
26;2025-12-16;0;32
26;2025-12-16;1;1
26;2025-12-16;2;0
26;2025-12-16;3;1
26;2025-12-16;4;2
26;2025-12-16;5;90
26;2025-12-16;6;502
26;2025-12-16;7;1140
26;2025-12-16;8;2312
26;2025-12-16;9;1482
26;2025-12-16;10;1285
26;2025-12-16;11;1181
26;2025-12-16;12;1201
26;2025-12-16;13;1202
26;2025-12-16;14;1281
26;2025-12-16;15;1391
26;2025-12-16;16;1536
26;2025-12-16;17;1814
26;2025-12-16;18;1980
26;2025-12-16;19;1330
26;2025-12-16;20;774
26;2025-12-16;21;492
26;2025-12-16;22;223
26;2025-12-16;23;126
26;2025-12-17;0;32
26;2025-12-17;1;2
26;2025-12-17;2;0
26;2025-12-17;3;0
26;2025-12-17;4;6
26;2025-12-17;5;103
26;2025-12-17;6;486
26;2025-12-17;7;1124
26;2025-12-17;8;2319
26;2025-12-17;9;1508
26;2025-12-17;10;1266
26;2025-12-17;11;1120
26;2025-12-17;12;1239
26;2025-12-17;13;1248
26;2025-12-17;14;1385
26;2025-12-17;15;1448
26;2025-12-17;16;1561
26;2025-12-17;17;1777
26;2025-12-17;18;1899
26;2025-12-17;19;1312
26;2025-12-17;20;822
26;2025-12-17;21;564
26;2025-12-17;22;241
26;2025-12-17;23;145
26;2025-12-18;0;43
26;2025-12-18;1;1
26;2025-12-18;2;0
26;2025-12-18;3;0
26;2025-12-18;4;2
26;2025-12-18;5;95
26;2025-12-18;6;494
26;2025-12-18;7;1098
26;2025-12-18;8;2242
26;2025-12-18;9;1509
26;2025-12-18;10;1235
26;2025-12-18;11;1166
26;2025-12-18;12;1209
26;2025-12-18;13;1223
26;2025-12-18;14;1369
26;2025-12-18;15;1410
26;2025-12-18;16;1549
26;2025-12-18;17;1751
26;2025-12-18;18;1913
26;2025-12-18;19;1254
26;2025-12-18;20;769
26;2025-12-18;21;510
26;2025-12-18;22;222
26;2025-12-18;23;142
26;2025-12-19;0;34
26;2025-12-19;1;1
26;2025-12-19;2;0
26;2025-12-19;3;0
26;2025-12-19;4;1
26;2025-12-19;5;84
26;2025-12-19;6;500
26;2025-12-19;7;1060
26;2025-12-19;8;2184
26;2025-12-19;9;1412
26;2025-12-19;10;1239
26;2025-12-19;11;1139
26;2025-12-19;12;1141
26;2025-12-19;13;1206
26;2025-12-19;14;1343
26;2025-12-19;15;1401
26;2025-12-19;16;1654
26;2025-12-19;17;1791
26;2025-12-19;18;1418
26;2025-12-19;19;1096
26;2025-12-19;20;704
26;2025-12-19;21;485
26;2025-12-19;22;223
26;2025-12-19;23;168
26;2025-12-20;0;52
26;2025-12-20;1;2
26;2025-12-20;2;0
26;2025-12-20;3;0
26;2025-12-20;4;2
26;2025-12-20;5;48
26;2025-12-20;6;243
26;2025-12-20;7;374
26;2025-12-20;8;624
26;2025-12-20;9;692
26;2025-12-20;10;843
26;2025-12-20;11;1007
26;2025-12-20;12;1084
26;2025-12-20;13;1078
26;2025-12-20;14;1109
26;2025-12-20;15;1012
26;2025-12-20;16;1065
26;2025-12-20;17;987
26;2025-12-20;18;905
26;2025-12-20;19;781
26;2025-12-20;20;549
26;2025-12-20;21;371
26;2025-12-20;22;219
26;2025-12-20;23;162
26;2025-12-21;0;50
26;2025-12-21;1;4
26;2025-12-21;2;0
26;2025-12-21;3;0
26;2025-12-21;4;2
26;2025-12-21;5;22
26;2025-12-21;6;155
26;2025-12-21;7;258
26;2025-12-21;8;390
26;2025-12-21;9;524
26;2025-12-21;10;595
26;2025-12-21;11;817
26;2025-12-21;12;833
26;2025-12-21;13;880
26;2025-12-21;14;882
26;2025-12-21;15;809
26;2025-12-21;16;783
26;2025-12-21;17;796
26;2025-12-21;18;707
26;2025-12-21;19;535
26;2025-12-21;20;408
26;2025-12-21;21;291
26;2025-12-21;22;175
26;2025-12-21;23;114
26;2025-12-22;0;28
26;2025-12-22;1;2
26;2025-12-22;2;0
26;2025-12-22;3;0
26;2025-12-22;4;2
26;2025-12-22;5;91
26;2025-12-22;6;491
26;2025-12-22;7;1127
26;2025-12-22;8;2228
26;2025-12-22;9;1457
26;2025-12-22;10;1235
26;2025-12-22;11;1085
26;2025-12-22;12;1119
26;2025-12-22;13;1187
26;2025-12-22;14;1277
26;2025-12-22;15;1346
26;2025-12-22;16;1485
26;2025-12-22;17;1743
26;2025-12-22;18;1906
26;2025-12-22;19;1249
26;2025-12-22;20;772
26;2025-12-22;21;485
26;2025-12-22;22;213
26;2025-12-22;23;118
26;2025-12-23;0;32
26;2025-12-23;1;1
26;2025-12-23;2;0
26;2025-12-23;3;1
26;2025-12-23;4;2
26;2025-12-23;5;90
26;2025-12-23;6;505
26;2025-12-23;7;1146
26;2025-12-23;8;2324
26;2025-12-23;9;1490
26;2025-12-23;10;1292
26;2025-12-23;11;1187
26;2025-12-23;12;1208
26;2025-12-23;13;1209
26;2025-12-23;14;1288
26;2025-12-23;15;1398
26;2025-12-23;16;1544
26;2025-12-23;17;1823
26;2025-12-23;18;1990
26;2025-12-23;19;1337
26;2025-12-23;20;778
26;2025-12-23;21;495
26;2025-12-23;22;224
26;2025-12-23;23;127
26;2025-12-24;0;32
26;2025-12-24;1;2
26;2025-12-24;2;0
26;2025-12-24;3;0
26;2025-12-24;4;6
26;2025-12-24;5;103
26;2025-12-24;6;489
26;2025-12-24;7;1130
26;2025-12-24;8;2331
26;2025-12-24;9;1516
26;2025-12-24;10;1273
26;2025-12-24;11;1127
26;2025-12-24;12;1246
26;2025-12-24;13;1255
26;2025-12-24;14;1393
26;2025-12-24;15;1456
26;2025-12-24;16;1569
26;2025-12-24;17;1786
26;2025-12-24;18;1910
26;2025-12-24;19;1319
26;2025-12-24;20;826
26;2025-12-24;21;568
26;2025-12-24;22;242
26;2025-12-24;23;145
26;2025-12-25;0;43
26;2025-12-25;1;1
26;2025-12-25;2;0
26;2025-12-25;3;0
26;2025-12-25;4;2
26;2025-12-25;5;95
26;2025-12-25;6;496
26;2025-12-25;7;1104
26;2025-12-25;8;2254
26;2025-12-25;9;1517
26;2025-12-25;10;1242
26;2025-12-25;11;1172
26;2025-12-25;12;1215
26;2025-12-25;13;1230
26;2025-12-25;14;1376
26;2025-12-25;15;1418
26;2025-12-25;16;1557
26;2025-12-25;17;1761
26;2025-12-25;18;1923
26;2025-12-25;19;1261
26;2025-12-25;20;773
26;2025-12-25;21;513
26;2025-12-25;22;223
26;2025-12-25;23;143
26;2025-12-26;0;34
26;2025-12-26;1;1
26;2025-12-26;2;0
26;2025-12-26;3;0
26;2025-12-26;4;1
26;2025-12-26;5;85
26;2025-12-26;6;502
26;2025-12-26;7;1065
26;2025-12-26;8;2196
26;2025-12-26;9;1420
26;2025-12-26;10;1245
26;2025-12-26;11;1145
26;2025-12-26;12;1147
26;2025-12-26;13;1212
26;2025-12-26;14;1351
26;2025-12-26;15;1408
26;2025-12-26;16;1663
26;2025-12-26;17;1800
26;2025-12-26;18;1426
26;2025-12-26;19;1102
26;2025-12-26;20;708
26;2025-12-26;21;487
26;2025-12-26;22;224
26;2025-12-26;23;169
26;2025-12-27;0;52
26;2025-12-27;1;2
26;2025-12-27;2;0
26;2025-12-27;3;0
26;2025-12-27;4;2
26;2025-12-27;5;48
26;2025-12-27;6;244
26;2025-12-27;7;375
26;2025-12-27;8;627
26;2025-12-27;9;695
26;2025-12-27;10;846
26;2025-12-27;11;1011
26;2025-12-27;12;1088
26;2025-12-27;13;1083
26;2025-12-27;14;1113
26;2025-12-27;15;1017
26;2025-12-27;16;1069
26;2025-12-27;17;992
26;2025-12-27;18;909
26;2025-12-27;19;784
26;2025-12-27;20;551
26;2025-12-27;21;373
26;2025-12-27;22;221
26;2025-12-27;23;163
26;2025-12-28;0;50
26;2025-12-28;1;4
26;2025-12-28;2;0
26;2025-12-28;3;0
26;2025-12-28;4;2
26;2025-12-28;5;23
26;2025-12-28;6;155
26;2025-12-28;7;260
26;2025-12-28;8;391
26;2025-12-28;9;526
26;2025-12-28;10;597
26;2025-12-28;11;820
26;2025-12-28;12;837
26;2025-12-28;13;884
26;2025-12-28;14;885
26;2025-12-28;15;812
26;2025-12-28;16;786
26;2025-12-28;17;800
26;2025-12-28;18;710
26;2025-12-28;19;537
26;2025-12-28;20;409
26;2025-12-28;21;292
26;2025-12-28;22;176
26;2025-12-28;23;114
26;2025-12-29;0;24
26;2025-12-29;1;2
26;2025-12-29;2;0
26;2025-12-29;3;0
26;2025-12-29;4;2
26;2025-12-29;5;86
26;2025-12-29;6;454
26;2025-12-29;7;1064
26;2025-12-29;8;2102
26;2025-12-29;9;1362
26;2025-12-29;10;1163
26;2025-12-29;11;995
26;2025-12-29;12;1030
26;2025-12-29;13;1092
26;2025-12-29;14;1188
26;2025-12-29;15;1241
26;2025-12-29;16;1375
26;2025-12-29;17;1612
26;2025-12-29;18;1779
26;2025-12-29;19;1162
26;2025-12-29;20;709
26;2025-12-29;21;441
26;2025-12-29;22;195
26;2025-12-29;23;102
26;2025-12-30;0;27
26;2025-12-30;1;1
26;2025-12-30;2;0
26;2025-12-30;3;1
26;2025-12-30;4;2
26;2025-12-30;5;84
26;2025-12-30;6;449
26;2025-12-30;7;1029
26;2025-12-30;8;2082
26;2025-12-30;9;1345
26;2025-12-30;10;1157
26;2025-12-30;11;1057
26;2025-12-30;12;1089
26;2025-12-30;13;1064
26;2025-12-30;14;1135
26;2025-12-30;15;1240
26;2025-12-30;16;1372
26;2025-12-30;17;1619
26;2025-12-30;18;1797
26;2025-12-30;19;1207
26;2025-12-30;20;687
26;2025-12-30;21;425
26;2025-12-30;22;193
26;2025-12-30;23;108
26;2025-12-31;0;43
26;2025-12-31;1;3
26;2025-12-31;2;0
26;2025-12-31;3;0
26;2025-12-31;4;1
26;2025-12-31;5;29
26;2025-12-31;6;164
26;2025-12-31;7;256
26;2025-12-31;8;408
26;2025-12-31;9;503
26;2025-12-31;10;588
26;2025-12-31;11;770
26;2025-12-31;12;789
26;2025-12-31;13;810
26;2025-12-31;14;819
26;2025-12-31;15;743
26;2025-12-31;16;734
26;2025-12-31;17;720
26;2025-12-31;18;659
26;2025-12-31;19;529
26;2025-12-31;20;391
26;2025-12-31;21;266
26;2025-12-31;22;160
26;2025-12-31;23;105
28;2025-11-01;0;0
28;2025-11-01;1;0
28;2025-11-01;2;0
28;2025-11-01;3;0
28;2025-11-01;4;1
28;2025-11-01;5;61
28;2025-11-01;6;208
28;2025-11-01;7;592
28;2025-11-01;8;924
28;2025-11-01;9;689
28;2025-11-01;10;582
28;2025-11-01;11;569
28;2025-11-01;12;711
28;2025-11-01;13;678
28;2025-11-01;14;659
28;2025-11-01;15;681
28;2025-11-01;16;817
28;2025-11-01;17;832
28;2025-11-01;18;733
28;2025-11-01;19;538
28;2025-11-01;20;387
28;2025-11-01;21;311
28;2025-11-01;22;123
28;2025-11-01;23;19
28;2025-11-02;0;3
28;2025-11-02;1;1
28;2025-11-02;2;0
28;2025-11-02;3;1
28;2025-11-02;4;0
28;2025-11-02;5;28
28;2025-11-02;6;74
28;2025-11-02;7;152
28;2025-11-02;8;242
28;2025-11-02;9;327
28;2025-11-02;10;369
28;2025-11-02;11;409
28;2025-11-02;12;428
28;2025-11-02;13;509
28;2025-11-02;14;485
28;2025-11-02;15;485
28;2025-11-02;16;440
28;2025-11-02;17;453
28;2025-11-02;18;403
28;2025-11-02;19;353
28;2025-11-02;20;277
28;2025-11-02;21;223
28;2025-11-02;22;103
28;2025-11-02;23;12
28;2025-11-03;0;2
28;2025-11-03;1;1
28;2025-11-03;2;0
28;2025-11-03;3;0
28;2025-11-03;4;0
28;2025-11-03;5;30
28;2025-11-03;6;80
28;2025-11-03;7;168
28;2025-11-03;8;275
28;2025-11-03;9;354
28;2025-11-03;10;394
28;2025-11-03;11;425
28;2025-11-03;12;462
28;2025-11-03;13;525
28;2025-11-03;14;496
28;2025-11-03;15;505
28;2025-11-03;16;470
28;2025-11-03;17;476
28;2025-11-03;18;422
28;2025-11-03;19;357
28;2025-11-03;20;275
28;2025-11-03;21;228
28;2025-11-03;22;104
28;2025-11-03;23;12
28;2025-11-04;0;2
28;2025-11-04;1;1
28;2025-11-04;2;0
28;2025-11-04;3;0
28;2025-11-04;4;0
28;2025-11-04;5;27
28;2025-11-04;6;70
28;2025-11-04;7;147
28;2025-11-04;8;237
28;2025-11-04;9;311
28;2025-11-04;10;347
28;2025-11-04;11;379
28;2025-11-04;12;405
28;2025-11-04;13;469
28;2025-11-04;14;445
28;2025-11-04;15;450
28;2025-11-04;16;414
28;2025-11-04;17;422
28;2025-11-04;18;374
28;2025-11-04;19;321
28;2025-11-04;20;250
28;2025-11-04;21;205
28;2025-11-04;22;94
28;2025-11-04;23;11
28;2025-11-05;0;0
28;2025-11-05;1;0
28;2025-11-05;2;0
28;2025-11-05;3;0
28;2025-11-05;4;2
28;2025-11-05;5;79
28;2025-11-05;6;259
28;2025-11-05;7;783
28;2025-11-05;8;1259
28;2025-11-05;9;867
28;2025-11-05;10;633
28;2025-11-05;11;602
28;2025-11-05;12;738
28;2025-11-05;13;740
28;2025-11-05;14;696
28;2025-11-05;15;711
28;2025-11-05;16;928
28;2025-11-05;17;1052
28;2025-11-05;18;1045
28;2025-11-05;19;790
28;2025-11-05;20;547
28;2025-11-05;21;339
28;2025-11-05;22;124
28;2025-11-05;23;15
28;2025-11-06;0;2
28;2025-11-06;1;1
28;2025-11-06;2;0
28;2025-11-06;3;0
28;2025-11-06;4;1
28;2025-11-06;5;84
28;2025-11-06;6;261
28;2025-11-06;7;813
28;2025-11-06;8;1247
28;2025-11-06;9;837
28;2025-11-06;10;613
28;2025-11-06;11;582
28;2025-11-06;12;700
28;2025-11-06;13;725
28;2025-11-06;14;681
28;2025-11-06;15;749
28;2025-11-06;16;875
28;2025-11-06;17;1094
28;2025-11-06;18;1072
28;2025-11-06;19;768
28;2025-11-06;20;557
28;2025-11-06;21;337
28;2025-11-06;22;134
28;2025-11-06;23;15
28;2025-11-07;0;1
28;2025-11-07;1;0
28;2025-11-07;2;0
28;2025-11-07;3;0
28;2025-11-07;4;2
28;2025-11-07;5;78
28;2025-11-07;6;279
28;2025-11-07;7;824
28;2025-11-07;8;1271
28;2025-11-07;9;831
28;2025-11-07;10;638
28;2025-11-07;11;607
28;2025-11-07;12;758
28;2025-11-07;13;724
28;2025-11-07;14;715
28;2025-11-07;15;741
28;2025-11-07;16;934
28;2025-11-07;17;1011
28;2025-11-07;18;881
28;2025-11-07;19;650
28;2025-11-07;20;455
28;2025-11-07;21;335
28;2025-11-07;22;128
28;2025-11-07;23;18
28;2025-11-08;0;1
28;2025-11-08;1;0
28;2025-11-08;2;0
28;2025-11-08;3;0
28;2025-11-08;4;1
28;2025-11-08;5;38
28;2025-11-08;6;107
28;2025-11-08;7;230
28;2025-11-08;8;394
28;2025-11-08;9;451
28;2025-11-08;10;487
28;2025-11-08;11;503
28;2025-11-08;12;593
28;2025-11-08;13;610
28;2025-11-08;14;575
28;2025-11-08;15;596
28;2025-11-08;16;601
28;2025-11-08;17;580
28;2025-11-08;18;504
28;2025-11-08;19;389
28;2025-11-08;20;291
28;2025-11-08;21;254
28;2025-11-08;22;115
28;2025-11-08;23;17
28;2025-11-09;0;2
28;2025-11-09;1;1
28;2025-11-09;2;0
28;2025-11-09;3;1
28;2025-11-09;4;0
28;2025-11-09;5;29
28;2025-11-09;6;75
28;2025-11-09;7;165
28;2025-11-09;8;254
28;2025-11-09;9;345
28;2025-11-09;10;389
28;2025-11-09;11;431
28;2025-11-09;12;460
28;2025-11-09;13;537
28;2025-11-09;14;517
28;2025-11-09;15;512
28;2025-11-09;16;475
28;2025-11-09;17;492
28;2025-11-09;18;425
28;2025-11-09;19;371
28;2025-11-09;20;285
28;2025-11-09;21;228
28;2025-11-09;22;109
28;2025-11-09;23;14
28;2025-11-10;0;0
28;2025-11-10;1;0
28;2025-11-10;2;0
28;2025-11-10;3;0
28;2025-11-10;4;2
28;2025-11-10;5;76
28;2025-11-10;6;260
28;2025-11-10;7;734
28;2025-11-10;8;1202
28;2025-11-10;9;800
28;2025-11-10;10;606
28;2025-11-10;11;535
28;2025-11-10;12;657
28;2025-11-10;13;670
28;2025-11-10;14;620
28;2025-11-10;15;630
28;2025-11-10;16;842
28;2025-11-10;17;971
28;2025-11-10;18;948
28;2025-11-10;19;698
28;2025-11-10;20;463
28;2025-11-10;21;293
28;2025-11-10;22;108
28;2025-11-10;23;6
28;2025-11-11;0;0
28;2025-11-11;1;0
28;2025-11-11;2;0
28;2025-11-11;3;0
28;2025-11-11;4;1
28;2025-11-11;5;74
28;2025-11-11;6;257
28;2025-11-11;7;779
28;2025-11-11;8;1288
28;2025-11-11;9;808
28;2025-11-11;10;653
28;2025-11-11;11;575
28;2025-11-11;12;677
28;2025-11-11;13;690
28;2025-11-11;14;665
28;2025-11-11;15;688
28;2025-11-11;16;780
28;2025-11-11;17;985
28;2025-11-11;18;959
28;2025-11-11;19;692
28;2025-11-11;20;481
28;2025-11-11;21;313
28;2025-11-11;22;119
28;2025-11-11;23;11
28;2025-11-12;0;0
28;2025-11-12;1;0
28;2025-11-12;2;0
28;2025-11-12;3;0
28;2025-11-12;4;2
28;2025-11-12;5;79
28;2025-11-12;6;260
28;2025-11-12;7;784
28;2025-11-12;8;1259
28;2025-11-12;9;868
28;2025-11-12;10;632
28;2025-11-12;11;602
28;2025-11-12;12;738
28;2025-11-12;13;740
28;2025-11-12;14;696
28;2025-11-12;15;711
28;2025-11-12;16;928
28;2025-11-12;17;1052
28;2025-11-12;18;1045
28;2025-11-12;19;789
28;2025-11-12;20;547
28;2025-11-12;21;339
28;2025-11-12;22;124
28;2025-11-12;23;15
28;2025-11-13;0;2
28;2025-11-13;1;1
28;2025-11-13;2;0
28;2025-11-13;3;0
28;2025-11-13;4;1
28;2025-11-13;5;84
28;2025-11-13;6;261
28;2025-11-13;7;814
28;2025-11-13;8;1248
28;2025-11-13;9;838
28;2025-11-13;10;613
28;2025-11-13;11;582
28;2025-11-13;12;700
28;2025-11-13;13;725
28;2025-11-13;14;681
28;2025-11-13;15;749
28;2025-11-13;16;875
28;2025-11-13;17;1093
28;2025-11-13;18;1072
28;2025-11-13;19;768
28;2025-11-13;20;556
28;2025-11-13;21;337
28;2025-11-13;22;134
28;2025-11-13;23;15
28;2025-11-14;0;1
28;2025-11-14;1;0
28;2025-11-14;2;0
28;2025-11-14;3;0
28;2025-11-14;4;2
28;2025-11-14;5;78
28;2025-11-14;6;279
28;2025-11-14;7;824
28;2025-11-14;8;1271
28;2025-11-14;9;832
28;2025-11-14;10;638
28;2025-11-14;11;606
28;2025-11-14;12;758
28;2025-11-14;13;724
28;2025-11-14;14;715
28;2025-11-14;15;741
28;2025-11-14;16;934
28;2025-11-14;17;1011
28;2025-11-14;18;880
28;2025-11-14;19;650
28;2025-11-14;20;455
28;2025-11-14;21;335
28;2025-11-14;22;128
28;2025-11-14;23;18
28;2025-11-15;0;1
28;2025-11-15;1;0
28;2025-11-15;2;0
28;2025-11-15;3;0
28;2025-11-15;4;1
28;2025-11-15;5;38
28;2025-11-15;6;107
28;2025-11-15;7;230
28;2025-11-15;8;394
28;2025-11-15;9;451
28;2025-11-15;10;487
28;2025-11-15;11;504
28;2025-11-15;12;593
28;2025-11-15;13;610
28;2025-11-15;14;576
28;2025-11-15;15;596
28;2025-11-15;16;601
28;2025-11-15;17;580
28;2025-11-15;18;504
28;2025-11-15;19;389
28;2025-11-15;20;291
28;2025-11-15;21;254
28;2025-11-15;22;115
28;2025-11-15;23;17
28;2025-11-16;0;2
28;2025-11-16;1;1
28;2025-11-16;2;0
28;2025-11-16;3;1
28;2025-11-16;4;0
28;2025-11-16;5;29
28;2025-11-16;6;75
28;2025-11-16;7;165
28;2025-11-16;8;254
28;2025-11-16;9;346
28;2025-11-16;10;390
28;2025-11-16;11;431
28;2025-11-16;12;460
28;2025-11-16;13;537
28;2025-11-16;14;518
28;2025-11-16;15;512
28;2025-11-16;16;476
28;2025-11-16;17;492
28;2025-11-16;18;426
28;2025-11-16;19;371
28;2025-11-16;20;286
28;2025-11-16;21;228
28;2025-11-16;22;109
28;2025-11-16;23;14
28;2025-11-17;0;0
28;2025-11-17;1;0
28;2025-11-17;2;0
28;2025-11-17;3;0
28;2025-11-17;4;2
28;2025-11-17;5;76
28;2025-11-17;6;260
28;2025-11-17;7;735
28;2025-11-17;8;1204
28;2025-11-17;9;802
28;2025-11-17;10;607
28;2025-11-17;11;536
28;2025-11-17;12;658
28;2025-11-17;13;671
28;2025-11-17;14;622
28;2025-11-17;15;631
28;2025-11-17;16;843
28;2025-11-17;17;973
28;2025-11-17;18;949
28;2025-11-17;19;699
28;2025-11-17;20;464
28;2025-11-17;21;293
28;2025-11-17;22;108
28;2025-11-17;23;6
28;2025-11-18;0;0
28;2025-11-18;1;0
28;2025-11-18;2;0
28;2025-11-18;3;0
28;2025-11-18;4;1
28;2025-11-18;5;74
28;2025-11-18;6;258
28;2025-11-18;7;781
28;2025-11-18;8;1290
28;2025-11-18;9;810
28;2025-11-18;10;654
28;2025-11-18;11;575
28;2025-11-18;12;679
28;2025-11-18;13;692
28;2025-11-18;14;666
28;2025-11-18;15;690
28;2025-11-18;16;782
28;2025-11-18;17;987
28;2025-11-18;18;961
28;2025-11-18;19;694
28;2025-11-18;20;482
28;2025-11-18;21;314
28;2025-11-18;22;119
28;2025-11-18;23;11
28;2025-11-19;0;0
28;2025-11-19;1;0
28;2025-11-19;2;0
28;2025-11-19;3;0
28;2025-11-19;4;2
28;2025-11-19;5;79
28;2025-11-19;6;261
28;2025-11-19;7;786
28;2025-11-19;8;1263
28;2025-11-19;9;870
28;2025-11-19;10;634
28;2025-11-19;11;604
28;2025-11-19;12;740
28;2025-11-19;13;742
28;2025-11-19;14;698
28;2025-11-19;15;713
28;2025-11-19;16;931
28;2025-11-19;17;1055
28;2025-11-19;18;1048
28;2025-11-19;19;792
28;2025-11-19;20;548
28;2025-11-19;21;340
28;2025-11-19;22;124
28;2025-11-19;23;15
28;2025-11-20;0;2
28;2025-11-20;1;1
28;2025-11-20;2;0
28;2025-11-20;3;0
28;2025-11-20;4;1
28;2025-11-20;5;85
28;2025-11-20;6;262
28;2025-11-20;7;817
28;2025-11-20;8;1253
28;2025-11-20;9;841
28;2025-11-20;10;616
28;2025-11-20;11;584
28;2025-11-20;12;703
28;2025-11-20;13;728
28;2025-11-20;14;684
28;2025-11-20;15;752
28;2025-11-20;16;878
28;2025-11-20;17;1098
28;2025-11-20;18;1076
28;2025-11-20;19;770
28;2025-11-20;20;558
28;2025-11-20;21;339
28;2025-11-20;22;134
28;2025-11-20;23;14
28;2025-11-21;0;1
28;2025-11-21;1;0
28;2025-11-21;2;0
28;2025-11-21;3;0
28;2025-11-21;4;2
28;2025-11-21;5;79
28;2025-11-21;6;281
28;2025-11-21;7;828
28;2025-11-21;8;1277
28;2025-11-21;9;836
28;2025-11-21;10;641
28;2025-11-21;11;609
28;2025-11-21;12;761
28;2025-11-21;13;727
28;2025-11-21;14;718
28;2025-11-21;15;745
28;2025-11-21;16;938
28;2025-11-21;17;1016
28;2025-11-21;18;884
28;2025-11-21;19;653
28;2025-11-21;20;457
28;2025-11-21;21;337
28;2025-11-21;22;128
28;2025-11-21;23;18
28;2025-11-22;0;1
28;2025-11-22;1;0
28;2025-11-22;2;0
28;2025-11-22;3;0
28;2025-11-22;4;1
28;2025-11-22;5;38
28;2025-11-22;6;107
28;2025-11-22;7;232
28;2025-11-22;8;396
28;2025-11-22;9;454
28;2025-11-22;10;490
28;2025-11-22;11;506
28;2025-11-22;12;596
28;2025-11-22;13;614
28;2025-11-22;14;579
28;2025-11-22;15;599
28;2025-11-22;16;604
28;2025-11-22;17;583
28;2025-11-22;18;507
28;2025-11-22;19;391
28;2025-11-22;20;292
28;2025-11-22;21;255
28;2025-11-22;22;116
28;2025-11-22;23;17
28;2025-11-23;0;2
28;2025-11-23;1;1
28;2025-11-23;2;0
28;2025-11-23;3;1
28;2025-11-23;4;0
28;2025-11-23;5;29
28;2025-11-23;6;76
28;2025-11-23;7;166
28;2025-11-23;8;256
28;2025-11-23;9;347
28;2025-11-23;10;392
28;2025-11-23;11;434
28;2025-11-23;12;463
28;2025-11-23;13;540
28;2025-11-23;14;520
28;2025-11-23;15;515
28;2025-11-23;16;479
28;2025-11-23;17;495
28;2025-11-23;18;428
28;2025-11-23;19;373
28;2025-11-23;20;287
28;2025-11-23;21;229
28;2025-11-23;22;110
28;2025-11-23;23;14
28;2025-11-24;0;0
28;2025-11-24;1;0
28;2025-11-24;2;0
28;2025-11-24;3;0
28;2025-11-24;4;2
28;2025-11-24;5;76
28;2025-11-24;6;262
28;2025-11-24;7;739
28;2025-11-24;8;1210
28;2025-11-24;9;806
28;2025-11-24;10;610
28;2025-11-24;11;539
28;2025-11-24;12;661
28;2025-11-24;13;675
28;2025-11-24;14;625
28;2025-11-24;15;635
28;2025-11-24;16;847
28;2025-11-24;17;978
28;2025-11-24;18;955
28;2025-11-24;19;703
28;2025-11-24;20;466
28;2025-11-24;21;295
28;2025-11-24;22;109
28;2025-11-24;23;6
28;2025-11-25;0;0
28;2025-11-25;1;0
28;2025-11-25;2;0
28;2025-11-25;3;0
28;2025-11-25;4;1
28;2025-11-25;5;75
28;2025-11-25;6;259
28;2025-11-25;7;785
28;2025-11-25;8;1297
28;2025-11-25;9;814
28;2025-11-25;10;657
28;2025-11-25;11;579
28;2025-11-25;12;683
28;2025-11-25;13;696
28;2025-11-25;14;670
28;2025-11-25;15;694
28;2025-11-25;16;786
28;2025-11-25;17;992
28;2025-11-25;18;966
28;2025-11-25;19;698
28;2025-11-25;20;485
28;2025-11-25;21;315
28;2025-11-25;22;120
28;2025-11-25;23;11
28;2025-11-26;0;0
28;2025-11-26;1;0
28;2025-11-26;2;0
28;2025-11-26;3;0
28;2025-11-26;4;2
28;2025-11-26;5;80
28;2025-11-26;6;262
28;2025-11-26;7;790
28;2025-11-26;8;1270
28;2025-11-26;9;875
28;2025-11-26;10;638
28;2025-11-26;11;607
28;2025-11-26;12;744
28;2025-11-26;13;746
28;2025-11-26;14;702
28;2025-11-26;15;717
28;2025-11-26;16;936
28;2025-11-26;17;1061
28;2025-11-26;18;1053
28;2025-11-26;19;796
28;2025-11-26;20;551
28;2025-11-26;21;342
28;2025-11-26;22;125
28;2025-11-26;23;15
28;2025-11-27;0;2
28;2025-11-27;1;1
28;2025-11-27;2;0
28;2025-11-27;3;0
28;2025-11-27;4;1
28;2025-11-27;5;85
28;2025-11-27;6;263
28;2025-11-27;7;821
28;2025-11-27;8;1260
28;2025-11-27;9;845
28;2025-11-27;10;619
28;2025-11-27;11;587
28;2025-11-27;12;706
28;2025-11-27;13;732
28;2025-11-27;14;688
28;2025-11-27;15;757
28;2025-11-27;16;883
28;2025-11-27;17;1103
28;2025-11-27;18;1082
28;2025-11-27;19;775
28;2025-11-27;20;561
28;2025-11-27;21;341
28;2025-11-27;22;134
28;2025-11-27;23;14
28;2025-11-28;0;1
28;2025-11-28;1;0
28;2025-11-28;2;0
28;2025-11-28;3;0
28;2025-11-28;4;2
28;2025-11-28;5;79
28;2025-11-28;6;282
28;2025-11-28;7;833
28;2025-11-28;8;1284
28;2025-11-28;9;840
28;2025-11-28;10;644
28;2025-11-28;11;612
28;2025-11-28;12;765
28;2025-11-28;13;731
28;2025-11-28;14;722
28;2025-11-28;15;749
28;2025-11-28;16;943
28;2025-11-28;17;1022
28;2025-11-28;18;889
28;2025-11-28;19;657
28;2025-11-28;20;460
28;2025-11-28;21;339
28;2025-11-28;22;129
28;2025-11-28;23;18
28;2025-11-29;0;1
28;2025-11-29;1;0
28;2025-11-29;2;0
28;2025-11-29;3;0
28;2025-11-29;4;1
28;2025-11-29;5;38
28;2025-11-29;6;108
28;2025-11-29;7;233
28;2025-11-29;8;399
28;2025-11-29;9;456
28;2025-11-29;10;493
28;2025-11-29;11;509
28;2025-11-29;12;599
28;2025-11-29;13;617
28;2025-11-29;14;582
28;2025-11-29;15;602
28;2025-11-29;16;608
28;2025-11-29;17;586
28;2025-11-29;18;509
28;2025-11-29;19;394
28;2025-11-29;20;294
28;2025-11-29;21;257
28;2025-11-29;22;116
28;2025-11-29;23;17
28;2025-11-30;0;2
28;2025-11-30;1;1
28;2025-11-30;2;0
28;2025-11-30;3;1
28;2025-11-30;4;0
28;2025-11-30;5;29
28;2025-11-30;6;76
28;2025-11-30;7;167
28;2025-11-30;8;257
28;2025-11-30;9;349
28;2025-11-30;10;394
28;2025-11-30;11;436
28;2025-11-30;12;466
28;2025-11-30;13;543
28;2025-11-30;14;524
28;2025-11-30;15;518
28;2025-11-30;16;481
28;2025-11-30;17;498
28;2025-11-30;18;431
28;2025-11-30;19;375
28;2025-11-30;20;289
28;2025-11-30;21;230
28;2025-11-30;22;111
28;2025-11-30;23;14
28;2025-12-01;0;0
28;2025-12-01;1;0
28;2025-12-01;2;0
28;2025-12-01;3;0
28;2025-12-01;4;2
28;2025-12-01;5;76
28;2025-12-01;6;263
28;2025-12-01;7;743
28;2025-12-01;8;1217
28;2025-12-01;9;810
28;2025-12-01;10;614
28;2025-12-01;11;542
28;2025-12-01;12;665
28;2025-12-01;13;678
28;2025-12-01;14;628
28;2025-12-01;15;638
28;2025-12-01;16;852
28;2025-12-01;17;984
28;2025-12-01;18;960
28;2025-12-01;19;707
28;2025-12-01;20;469
28;2025-12-01;21;297
28;2025-12-01;22;109
28;2025-12-01;23;6
28;2025-12-02;0;0
28;2025-12-02;1;0
28;2025-12-02;2;0
28;2025-12-02;3;0
28;2025-12-02;4;1
28;2025-12-02;5;75
28;2025-12-02;6;261
28;2025-12-02;7;789
28;2025-12-02;8;1304
28;2025-12-02;9;819
28;2025-12-02;10;661
28;2025-12-02;11;582
28;2025-12-02;12;686
28;2025-12-02;13;700
28;2025-12-02;14;673
28;2025-12-02;15;697
28;2025-12-02;16;790
28;2025-12-02;17;998
28;2025-12-02;18;972
28;2025-12-02;19;701
28;2025-12-02;20;488
28;2025-12-02;21;317
28;2025-12-02;22;121
28;2025-12-02;23;11
28;2025-12-03;0;0
28;2025-12-03;1;0
28;2025-12-03;2;0
28;2025-12-03;3;0
28;2025-12-03;4;2
28;2025-12-03;5;80
28;2025-12-03;6;263
28;2025-12-03;7;795
28;2025-12-03;8;1277
28;2025-12-03;9;880
28;2025-12-03;10;642
28;2025-12-03;11;610
28;2025-12-03;12;748
28;2025-12-03;13;750
28;2025-12-03;14;706
28;2025-12-03;15;721
28;2025-12-03;16;940
28;2025-12-03;17;1067
28;2025-12-03;18;1060
28;2025-12-03;19;800
28;2025-12-03;20;554
28;2025-12-03;21;344
28;2025-12-03;22;125
28;2025-12-03;23;15
28;2025-12-04;0;2
28;2025-12-04;1;1
28;2025-12-04;2;0
28;2025-12-04;3;0
28;2025-12-04;4;1
28;2025-12-04;5;86
28;2025-12-04;6;264
28;2025-12-04;7;823
28;2025-12-04;8;1262
28;2025-12-04;9;848
28;2025-12-04;10;620
28;2025-12-04;11;589
28;2025-12-04;12;709
28;2025-12-04;13;734
28;2025-12-04;14;690
28;2025-12-04;15;761
28;2025-12-04;16;889
28;2025-12-04;17;1110
28;2025-12-04;18;1089
28;2025-12-04;19;781
28;2025-12-04;20;567
28;2025-12-04;21;345
28;2025-12-04;22;139
28;2025-12-04;23;19
28;2025-12-05;0;1
28;2025-12-05;1;0
28;2025-12-05;2;0
28;2025-12-05;3;0
28;2025-12-05;4;2
28;2025-12-05;5;79
28;2025-12-05;6;283
28;2025-12-05;7;834
28;2025-12-05;8;1287
28;2025-12-05;9;842
28;2025-12-05;10;646
28;2025-12-05;11;613
28;2025-12-05;12;766
28;2025-12-05;13;733
28;2025-12-05;14;724
28;2025-12-05;15;753
28;2025-12-05;16;948
28;2025-12-05;17;1027
28;2025-12-05;18;896
28;2025-12-05;19;664
28;2025-12-05;20;466
28;2025-12-05;21;344
28;2025-12-05;22;134
28;2025-12-05;23;23
28;2025-12-06;0;1
28;2025-12-06;1;0
28;2025-12-06;2;0
28;2025-12-06;3;0
28;2025-12-06;4;1
28;2025-12-06;5;37
28;2025-12-06;6;107
28;2025-12-06;7;232
28;2025-12-06;8;399
28;2025-12-06;9;457
28;2025-12-06;10;493
28;2025-12-06;11;510
28;2025-12-06;12;600
28;2025-12-06;13;618
28;2025-12-06;14;584
28;2025-12-06;15;607
28;2025-12-06;16;612
28;2025-12-06;17;591
28;2025-12-06;18;514
28;2025-12-06;19;398
28;2025-12-06;20;298
28;2025-12-06;21;260
28;2025-12-06;22;119
28;2025-12-06;23;19
28;2025-12-07;0;2
28;2025-12-07;1;1
28;2025-12-07;2;0
28;2025-12-07;3;1
28;2025-12-07;4;0
28;2025-12-07;5;28
28;2025-12-07;6;76
28;2025-12-07;7;167
28;2025-12-07;8;257
28;2025-12-07;9;349
28;2025-12-07;10;394
28;2025-12-07;11;436
28;2025-12-07;12;466
28;2025-12-07;13;544
28;2025-12-07;14;524
28;2025-12-07;15;522
28;2025-12-07;16;485
28;2025-12-07;17;502
28;2025-12-07;18;435
28;2025-12-07;19;379
28;2025-12-07;20;293
28;2025-12-07;21;234
28;2025-12-07;22;114
28;2025-12-07;23;16
28;2025-12-08;0;0
28;2025-12-08;1;0
28;2025-12-08;2;0
28;2025-12-08;3;0
28;2025-12-08;4;2
28;2025-12-08;5;75
28;2025-12-08;6;262
28;2025-12-08;7;743
28;2025-12-08;8;1219
28;2025-12-08;9;810
28;2025-12-08;10;614
28;2025-12-08;11;542
28;2025-12-08;12;665
28;2025-12-08;13;679
28;2025-12-08;14;629
28;2025-12-08;15;644
28;2025-12-08;16;858
28;2025-12-08;17;991
28;2025-12-08;18;969
28;2025-12-08;19;714
28;2025-12-08;20;475
28;2025-12-08;21;303
28;2025-12-08;22;114
28;2025-12-08;23;11
28;2025-12-09;0;0
28;2025-12-09;1;0
28;2025-12-09;2;0
28;2025-12-09;3;0
28;2025-12-09;4;1
28;2025-12-09;5;74
28;2025-12-09;6;260
28;2025-12-09;7;790
28;2025-12-09;8;1308
28;2025-12-09;9;820
28;2025-12-09;10;661
28;2025-12-09;11;582
28;2025-12-09;12;687
28;2025-12-09;13;700
28;2025-12-09;14;674
28;2025-12-09;15;704
28;2025-12-09;16;796
28;2025-12-09;17;1006
28;2025-12-09;18;980
28;2025-12-09;19;709
28;2025-12-09;20;494
28;2025-12-09;21;322
28;2025-12-09;22;125
28;2025-12-09;23;15
28;2025-12-10;0;0
28;2025-12-10;1;0
28;2025-12-10;2;0
28;2025-12-10;3;0
28;2025-12-10;4;2
28;2025-12-10;5;79
28;2025-12-10;6;263
28;2025-12-10;7;795
28;2025-12-10;8;1279
28;2025-12-10;9;880
28;2025-12-10;10;642
28;2025-12-10;11;610
28;2025-12-10;12;748
28;2025-12-10;13;751
28;2025-12-10;14;706
28;2025-12-10;15;728
28;2025-12-10;16;947
28;2025-12-10;17;1075
28;2025-12-10;18;1069
28;2025-12-10;19;808
28;2025-12-10;20;562
28;2025-12-10;21;350
28;2025-12-10;22;131
28;2025-12-10;23;19
28;2025-12-11;0;2
28;2025-12-11;1;1
28;2025-12-11;2;0
28;2025-12-11;3;0
28;2025-12-11;4;1
28;2025-12-11;5;84
28;2025-12-11;6;264
28;2025-12-11;7;826
28;2025-12-11;8;1269
28;2025-12-11;9;851
28;2025-12-11;10;623
28;2025-12-11;11;590
28;2025-12-11;12;711
28;2025-12-11;13;737
28;2025-12-11;14;692
28;2025-12-11;15;767
28;2025-12-11;16;895
28;2025-12-11;17;1118
28;2025-12-11;18;1097
28;2025-12-11;19;787
28;2025-12-11;20;571
28;2025-12-11;21;348
28;2025-12-11;22;140
28;2025-12-11;23;19
28;2025-12-12;0;1
28;2025-12-12;1;0
28;2025-12-12;2;0
28;2025-12-12;3;0
28;2025-12-12;4;2
28;2025-12-12;5;78
28;2025-12-12;6;283
28;2025-12-12;7;838
28;2025-12-12;8;1294
28;2025-12-12;9;845
28;2025-12-12;10;648
28;2025-12-12;11;615
28;2025-12-12;12;769
28;2025-12-12;13;736
28;2025-12-12;14;727
28;2025-12-12;15;759
28;2025-12-12;16;955
28;2025-12-12;17;1035
28;2025-12-12;18;903
28;2025-12-12;19;668
28;2025-12-12;20;470
28;2025-12-12;21;347
28;2025-12-12;22;135
28;2025-12-12;23;23
28;2025-12-13;0;1
28;2025-12-13;1;0
28;2025-12-13;2;0
28;2025-12-13;3;0
28;2025-12-13;4;1
28;2025-12-13;5;37
28;2025-12-13;6;108
28;2025-12-13;7;234
28;2025-12-13;8;401
28;2025-12-13;9;459
28;2025-12-13;10;496
28;2025-12-13;11;512
28;2025-12-13;12;604
28;2025-12-13;13;622
28;2025-12-13;14;587
28;2025-12-13;15;610
28;2025-12-13;16;616
28;2025-12-13;17;594
28;2025-12-13;18;517
28;2025-12-13;19;401
28;2025-12-13;20;300
28;2025-12-13;21;262
28;2025-12-13;22;120
28;2025-12-13;23;19
28;2025-12-14;0;2
28;2025-12-14;1;1
28;2025-12-14;2;0
28;2025-12-14;3;1
28;2025-12-14;4;0
28;2025-12-14;5;28
28;2025-12-14;6;76
28;2025-12-14;7;168
28;2025-12-14;8;258
28;2025-12-14;9;351
28;2025-12-14;10;396
28;2025-12-14;11;439
28;2025-12-14;12;468
28;2025-12-14;13;547
28;2025-12-14;14;527
28;2025-12-14;15;525
28;2025-12-14;16;488
28;2025-12-14;17;505
28;2025-12-14;18;437
28;2025-12-14;19;381
28;2025-12-14;20;294
28;2025-12-14;21;235
28;2025-12-14;22;115
28;2025-12-14;23;16
28;2025-12-15;0;0
28;2025-12-15;1;0
28;2025-12-15;2;0
28;2025-12-15;3;0
28;2025-12-15;4;2
28;2025-12-15;5;75
28;2025-12-15;6;264
28;2025-12-15;7;747
28;2025-12-15;8;1226
28;2025-12-15;9;814
28;2025-12-15;10;617
28;2025-12-15;11;544
28;2025-12-15;12;669
28;2025-12-15;13;682
28;2025-12-15;14;632
28;2025-12-15;15;648
28;2025-12-15;16;863
28;2025-12-15;17;997
28;2025-12-15;18;974
28;2025-12-15;19;718
28;2025-12-15;20;478
28;2025-12-15;21;304
28;2025-12-15;22;115
28;2025-12-15;23;11
28;2025-12-16;0;0
28;2025-12-16;1;0
28;2025-12-16;2;0
28;2025-12-16;3;0
28;2025-12-16;4;1
28;2025-12-16;5;74
28;2025-12-16;6;262
28;2025-12-16;7;795
28;2025-12-16;8;1314
28;2025-12-16;9;824
28;2025-12-16;10;665
28;2025-12-16;11;585
28;2025-12-16;12;690
28;2025-12-16;13;704
28;2025-12-16;14;678
28;2025-12-16;15;708
28;2025-12-16;16;801
28;2025-12-16;17;1011
28;2025-12-16;18;986
28;2025-12-16;19;713
28;2025-12-16;20;496
28;2025-12-16;21;324
28;2025-12-16;22;126
28;2025-12-16;23;15
28;2025-12-17;0;0
28;2025-12-17;1;0
28;2025-12-17;2;0
28;2025-12-17;3;0
28;2025-12-17;4;2
28;2025-12-17;5;79
28;2025-12-17;6;264
28;2025-12-17;7;799
28;2025-12-17;8;1286
28;2025-12-17;9;885
28;2025-12-17;10;645
28;2025-12-17;11;614
28;2025-12-17;12;752
28;2025-12-17;13;755
28;2025-12-17;14;710
28;2025-12-17;15;732
28;2025-12-17;16;952
28;2025-12-17;17;1081
28;2025-12-17;18;1075
28;2025-12-17;19;812
28;2025-12-17;20;564
28;2025-12-17;21;352
28;2025-12-17;22;131
28;2025-12-17;23;19
28;2025-12-18;0;2
28;2025-12-18;1;1
28;2025-12-18;2;0
28;2025-12-18;3;0
28;2025-12-18;4;1
28;2025-12-18;5;85
28;2025-12-18;6;266
28;2025-12-18;7;831
28;2025-12-18;8;1276
28;2025-12-18;9;856
28;2025-12-18;10;626
28;2025-12-18;11;594
28;2025-12-18;12;715
28;2025-12-18;13;741
28;2025-12-18;14;696
28;2025-12-18;15;771
28;2025-12-18;16;899
28;2025-12-18;17;1124
28;2025-12-18;18;1103
28;2025-12-18;19;791
28;2025-12-18;20;573
28;2025-12-18;21;349
28;2025-12-18;22;141
28;2025-12-18;23;19
28;2025-12-19;0;1
28;2025-12-19;1;0
28;2025-12-19;2;0
28;2025-12-19;3;0
28;2025-12-19;4;2
28;2025-12-19;5;79
28;2025-12-19;6;285
28;2025-12-19;7;842
28;2025-12-19;8;1300
28;2025-12-19;9;850
28;2025-12-19;10;651
28;2025-12-19;11;619
28;2025-12-19;12;773
28;2025-12-19;13;740
28;2025-12-19;14;730
28;2025-12-19;15;763
28;2025-12-19;16;959
28;2025-12-19;17;1041
28;2025-12-19;18;908
28;2025-12-19;19;672
28;2025-12-19;20;472
28;2025-12-19;21;349
28;2025-12-19;22;136
28;2025-12-19;23;23
28;2025-12-20;0;1
28;2025-12-20;1;0
28;2025-12-20;2;0
28;2025-12-20;3;0
28;2025-12-20;4;1
28;2025-12-20;5;37
28;2025-12-20;6;108
28;2025-12-20;7;235
28;2025-12-20;8;403
28;2025-12-20;9;461
28;2025-12-20;10;498
28;2025-12-20;11;515
28;2025-12-20;12;607
28;2025-12-20;13;625
28;2025-12-20;14;591
28;2025-12-20;15;614
28;2025-12-20;16;619
28;2025-12-20;17;598
28;2025-12-20;18;520
28;2025-12-20;19;403
28;2025-12-20;20;301
28;2025-12-20;21;263
28;2025-12-20;22;121
28;2025-12-20;23;20
28;2025-12-21;0;2
28;2025-12-21;1;1
28;2025-12-21;2;0
28;2025-12-21;3;1
28;2025-12-21;4;0
28;2025-12-21;5;29
28;2025-12-21;6;77
28;2025-12-21;7;169
28;2025-12-21;8;260
28;2025-12-21;9;353
28;2025-12-21;10;398
28;2025-12-21;11;441
28;2025-12-21;12;471
28;2025-12-21;13;550
28;2025-12-21;14;530
28;2025-12-21;15;528
28;2025-12-21;16;491
28;2025-12-21;17;508
28;2025-12-21;18;440
28;2025-12-21;19;383
28;2025-12-21;20;296
28;2025-12-21;21;237
28;2025-12-21;22;115
28;2025-12-21;23;17
28;2025-12-22;0;0
28;2025-12-22;1;0
28;2025-12-22;2;0
28;2025-12-22;3;0
28;2025-12-22;4;2
28;2025-12-22;5;76
28;2025-12-22;6;265
28;2025-12-22;7;751
28;2025-12-22;8;1232
28;2025-12-22;9;819
28;2025-12-22;10;620
28;2025-12-22;11;548
28;2025-12-22;12;672
28;2025-12-22;13;686
28;2025-12-22;14;636
28;2025-12-22;15;652
28;2025-12-22;16;867
28;2025-12-22;17;1003
28;2025-12-22;18;979
28;2025-12-22;19;721
28;2025-12-22;20;480
28;2025-12-22;21;306
28;2025-12-22;22;116
28;2025-12-22;23;11
28;2025-12-23;0;0
28;2025-12-23;1;0
28;2025-12-23;2;0
28;2025-12-23;3;0
28;2025-12-23;4;1
28;2025-12-23;5;75
28;2025-12-23;6;263
28;2025-12-23;7;799
28;2025-12-23;8;1321
28;2025-12-23;9;828
28;2025-12-23;10;668
28;2025-12-23;11;589
28;2025-12-23;12;694
28;2025-12-23;13;708
28;2025-12-23;14;682
28;2025-12-23;15;712
28;2025-12-23;16;805
28;2025-12-23;17;1016
28;2025-12-23;18;991
28;2025-12-23;19;716
28;2025-12-23;20;499
28;2025-12-23;21;326
28;2025-12-23;22;127
28;2025-12-23;23;15
28;2025-12-24;0;0
28;2025-12-24;1;0
28;2025-12-24;2;0
28;2025-12-24;3;0
28;2025-12-24;4;2
28;2025-12-24;5;80
28;2025-12-24;6;266
28;2025-12-24;7;804
28;2025-12-24;8;1293
28;2025-12-24;9;890
28;2025-12-24;10;649
28;2025-12-24;11;617
28;2025-12-24;12;756
28;2025-12-24;13;759
28;2025-12-24;14;714
28;2025-12-24;15;736
28;2025-12-24;16;957
28;2025-12-24;17;1087
28;2025-12-24;18;1080
28;2025-12-24;19;817
28;2025-12-24;20;568
28;2025-12-24;21;354
28;2025-12-24;22;132
28;2025-12-24;23;20
28;2025-12-25;0;2
28;2025-12-25;1;1
28;2025-12-25;2;0
28;2025-12-25;3;0
28;2025-12-25;4;1
28;2025-12-25;5;85
28;2025-12-25;6;267
28;2025-12-25;7;835
28;2025-12-25;8;1282
28;2025-12-25;9;860
28;2025-12-25;10;630
28;2025-12-25;11;597
28;2025-12-25;12;719
28;2025-12-25;13;745
28;2025-12-25;14;700
28;2025-12-25;15;775
28;2025-12-25;16;904
28;2025-12-25;17;1130
28;2025-12-25;18;1109
28;2025-12-25;19;795
28;2025-12-25;20;576
28;2025-12-25;21;351
28;2025-12-25;22;142
28;2025-12-25;23;19
28;2025-12-26;0;1
28;2025-12-26;1;0
28;2025-12-26;2;0
28;2025-12-26;3;0
28;2025-12-26;4;2
28;2025-12-26;5;79
28;2025-12-26;6;286
28;2025-12-26;7;847
28;2025-12-26;8;1307
28;2025-12-26;9;854
28;2025-12-26;10;655
28;2025-12-26;11;622
28;2025-12-26;12;777
28;2025-12-26;13;744
28;2025-12-26;14;734
28;2025-12-26;15;767
28;2025-12-26;16;965
28;2025-12-26;17;1046
28;2025-12-26;18;913
28;2025-12-26;19;676
28;2025-12-26;20;475
28;2025-12-26;21;351
28;2025-12-26;22;137
28;2025-12-26;23;23
28;2025-12-27;0;1
28;2025-12-27;1;0
28;2025-12-27;2;0
28;2025-12-27;3;0
28;2025-12-27;4;1
28;2025-12-27;5;38
28;2025-12-27;6;109
28;2025-12-27;7;236
28;2025-12-27;8;405
28;2025-12-27;9;463
28;2025-12-27;10;501
28;2025-12-27;11;518
28;2025-12-27;12;610
28;2025-12-27;13;628
28;2025-12-27;14;593
28;2025-12-27;15;616
28;2025-12-27;16;622
28;2025-12-27;17;600
28;2025-12-27;18;522
28;2025-12-27;19;405
28;2025-12-27;20;303
28;2025-12-27;21;264
28;2025-12-27;22;121
28;2025-12-27;23;20
28;2025-12-28;0;2
28;2025-12-28;1;1
28;2025-12-28;2;0
28;2025-12-28;3;1
28;2025-12-28;4;0
28;2025-12-28;5;29
28;2025-12-28;6;77
28;2025-12-28;7;170
28;2025-12-28;8;260
28;2025-12-28;9;354
28;2025-12-28;10;400
28;2025-12-28;11;443
28;2025-12-28;12;473
28;2025-12-28;13;552
28;2025-12-28;14;532
28;2025-12-28;15;530
28;2025-12-28;16;493
28;2025-12-28;17;510
28;2025-12-28;18;441
28;2025-12-28;19;385
28;2025-12-28;20;297
28;2025-12-28;21;237
28;2025-12-28;22;115
28;2025-12-28;23;17
28;2025-12-29;0;0
28;2025-12-29;1;0
28;2025-12-29;2;0
28;2025-12-29;3;0
28;2025-12-29;4;2
28;2025-12-29;5;71
28;2025-12-29;6;250
28;2025-12-29;7;701
28;2025-12-29;8;1176
28;2025-12-29;9;791
28;2025-12-29;10;584
28;2025-12-29;11;508
28;2025-12-29;12;642
28;2025-12-29;13;648
28;2025-12-29;14;582
28;2025-12-29;15;581
28;2025-12-29;16;835
28;2025-12-29;17;925
28;2025-12-29;18;899
28;2025-12-29;19;675
28;2025-12-29;20;441
28;2025-12-29;21;281
28;2025-12-29;22;101
28;2025-12-29;23;5
28;2025-12-30;0;0
28;2025-12-30;1;0
28;2025-12-30;2;0
28;2025-12-30;3;0
28;2025-12-30;4;1
28;2025-12-30;5;67
28;2025-12-30;6;233
28;2025-12-30;7;714
28;2025-12-30;8;1210
28;2025-12-30;9;745
28;2025-12-30;10;613
28;2025-12-30;11;521
28;2025-12-30;12;628
28;2025-12-30;13;632
28;2025-12-30;14;603
28;2025-12-30;15;621
28;2025-12-30;16;708
28;2025-12-30;17;906
28;2025-12-30;18;860
28;2025-12-30;19;632
28;2025-12-30;20;445
28;2025-12-30;21;290
28;2025-12-30;22;109
28;2025-12-30;23;11
28;2025-12-31;0;2
28;2025-12-31;1;1
28;2025-12-31;2;0
28;2025-12-31;3;0
28;2025-12-31;4;1
28;2025-12-31;5;29
28;2025-12-31;6;77
28;2025-12-31;7;161
28;2025-12-31;8;267
28;2025-12-31;9;336
28;2025-12-31;10;372
28;2025-12-31;11;398
28;2025-12-31;12;438
28;2025-12-31;13;491
28;2025-12-31;14;462
28;2025-12-31;15;473
28;2025-12-31;16;445
28;2025-12-31;17;447
28;2025-12-31;18;396
28;2025-12-31;19;330
28;2025-12-31;20;253
28;2025-12-31;21;213
28;2025-12-31;22;97
28;2025-12-31;23;12
50;2025-11-01;0;48
50;2025-11-01;1;4
50;2025-11-01;2;0
50;2025-11-01;3;0
50;2025-11-01;4;2
50;2025-11-01;5;49
50;2025-11-01;6;368
50;2025-11-01;7;1241
50;2025-11-01;8;1924
50;2025-11-01;9;1510
50;2025-11-01;10;1080
50;2025-11-01;11;1096
50;2025-11-01;12;1032
50;2025-11-01;13;1084
50;2025-11-01;14;1032
50;2025-11-01;15;1257
50;2025-11-01;16;1559
50;2025-11-01;17;1517
50;2025-11-01;18;1156
50;2025-11-01;19;846
50;2025-11-01;20;611
50;2025-11-01;21;395
50;2025-11-01;22;199
50;2025-11-01;23;121
50;2025-11-02;0;2
50;2025-11-02;1;0
50;2025-11-02;2;0
50;2025-11-02;3;0
50;2025-11-02;4;0
50;2025-11-02;5;1
50;2025-11-02;6;4
50;2025-11-02;7;7
50;2025-11-02;8;11
50;2025-11-02;9;12
50;2025-11-02;10;23
50;2025-11-02;11;46
50;2025-11-02;12;38
50;2025-11-02;13;47
50;2025-11-02;14;82
50;2025-11-02;15;70
50;2025-11-02;16;94
50;2025-11-02;17;79
50;2025-11-02;18;50
50;2025-11-02;19;46
50;2025-11-02;20;38
50;2025-11-02;21;26
50;2025-11-02;22;29
50;2025-11-02;23;8
50;2025-11-03;0;11
50;2025-11-03;1;1
50;2025-11-03;2;0
50;2025-11-03;3;0
50;2025-11-03;4;0
50;2025-11-03;5;1
50;2025-11-03;6;4
50;2025-11-03;7;8
50;2025-11-03;8;13
50;2025-11-03;9;17
50;2025-11-03;10;22
50;2025-11-03;11;42
50;2025-11-03;12;43
50;2025-11-03;13;47
50;2025-11-03;14;73
50;2025-11-03;15;69
50;2025-11-03;16;82
50;2025-11-03;17;70
50;2025-11-03;18;41
50;2025-11-03;19;38
50;2025-11-03;20;31
50;2025-11-03;21;21
50;2025-11-03;22;23
50;2025-11-03;23;6
50;2025-11-04;0;7
50;2025-11-04;1;1
50;2025-11-04;2;0
50;2025-11-04;3;0
50;2025-11-04;4;0
50;2025-11-04;5;1
50;2025-11-04;6;4
50;2025-11-04;7;7
50;2025-11-04;8;11
50;2025-11-04;9;14
50;2025-11-04;10;20
50;2025-11-04;11;39
50;2025-11-04;12;37
50;2025-11-04;13;42
50;2025-11-04;14;69
50;2025-11-04;15;63
50;2025-11-04;16;78
50;2025-11-04;17;67
50;2025-11-04;18;40
50;2025-11-04;19;37
50;2025-11-04;20;31
50;2025-11-04;21;21
50;2025-11-04;22;23
50;2025-11-04;23;6
50;2025-11-05;0;26
50;2025-11-05;1;4
50;2025-11-05;2;0
50;2025-11-05;3;0
50;2025-11-05;4;3
50;2025-11-05;5;80
50;2025-11-05;6;527
50;2025-11-05;7;1719
50;2025-11-05;8;2843
50;2025-11-05;9;2149
50;2025-11-05;10;1662
50;2025-11-05;11;1561
50;2025-11-05;12;1508
50;2025-11-05;13;1503
50;2025-11-05;14;1450
50;2025-11-05;15;1640
50;2025-11-05;16;1699
50;2025-11-05;17;2359
50;2025-11-05;18;2434
50;2025-11-05;19;1450
50;2025-11-05;20;902
50;2025-11-05;21;635
50;2025-11-05;22;263
50;2025-11-05;23;148
50;2025-11-06;0;41
50;2025-11-06;1;2
50;2025-11-06;2;0
50;2025-11-06;3;0
50;2025-11-06;4;3
50;2025-11-06;5;70
50;2025-11-06;6;492
50;2025-11-06;7;1639
50;2025-11-06;8;2641
50;2025-11-06;9;2117
50;2025-11-06;10;1667
50;2025-11-06;11;1487
50;2025-11-06;12;1487
50;2025-11-06;13;1463
50;2025-11-06;14;1426
50;2025-11-06;15;1613
50;2025-11-06;16;1648
50;2025-11-06;17;2301
50;2025-11-06;18;2425
50;2025-11-06;19;1465
50;2025-11-06;20;963
50;2025-11-06;21;667
50;2025-11-06;22;260
50;2025-11-06;23;154
50;2025-11-07;0;38
50;2025-11-07;1;1
50;2025-11-07;2;0
50;2025-11-07;3;0
50;2025-11-07;4;3
50;2025-11-07;5;71
50;2025-11-07;6;521
50;2025-11-07;7;1748
50;2025-11-07;8;2730
50;2025-11-07;9;2131
50;2025-11-07;10;1541
50;2025-11-07;11;1511
50;2025-11-07;12;1452
50;2025-11-07;13;1505
50;2025-11-07;14;1457
50;2025-11-07;15;1728
50;2025-11-07;16;2112
50;2025-11-07;17;2138
50;2025-11-07;18;1687
50;2025-11-07;19;1235
50;2025-11-07;20;873
50;2025-11-07;21;563
50;2025-11-07;22;267
50;2025-11-07;23;165
50;2025-11-08;0;32
50;2025-11-08;1;5
50;2025-11-08;2;0
50;2025-11-08;3;1
50;2025-11-08;4;0
50;2025-11-08;5;3
50;2025-11-08;6;15
50;2025-11-08;7;13
50;2025-11-08;8;30
50;2025-11-08;9;31
50;2025-11-08;10;25
50;2025-11-08;11;41
50;2025-11-08;12;59
50;2025-11-08;13;50
50;2025-11-08;14;63
50;2025-11-08;15;61
50;2025-11-08;16;52
50;2025-11-08;17;61
50;2025-11-08;18;33
50;2025-11-08;19;25
50;2025-11-08;20;18
50;2025-11-08;21;10
50;2025-11-08;22;9
50;2025-11-08;23;6
50;2025-11-09;0;5
50;2025-11-09;1;0
50;2025-11-09;2;0
50;2025-11-09;3;0
50;2025-11-09;4;0
50;2025-11-09;5;1
50;2025-11-09;6;10
50;2025-11-09;7;6
50;2025-11-09;8;10
50;2025-11-09;9;10
50;2025-11-09;10;18
50;2025-11-09;11;35
50;2025-11-09;12;33
50;2025-11-09;13;40
50;2025-11-09;14;68
50;2025-11-09;15;59
50;2025-11-09;16;72
50;2025-11-09;17;66
50;2025-11-09;18;38
50;2025-11-09;19;33
50;2025-11-09;20;28
50;2025-11-09;21;19
50;2025-11-09;22;20
50;2025-11-09;23;6
50;2025-11-10;0;15
50;2025-11-10;1;3
50;2025-11-10;2;1
50;2025-11-10;3;0
50;2025-11-10;4;3
50;2025-11-10;5;68
50;2025-11-10;6;521
50;2025-11-10;7;1716
50;2025-11-10;8;2768
50;2025-11-10;9;2213
50;2025-11-10;10;1627
50;2025-11-10;11;1448
50;2025-11-10;12;1355
50;2025-11-10;13;1447
50;2025-11-10;14;1396
50;2025-11-10;15;1621
50;2025-11-10;16;1642
50;2025-11-10;17;2286
50;2025-11-10;18;2480
50;2025-11-10;19;1358
50;2025-11-10;20;878
50;2025-11-10;21;614
50;2025-11-10;22;230
50;2025-11-10;23;120
50;2025-11-11;0;28
50;2025-11-11;1;2
50;2025-11-11;2;0
50;2025-11-11;3;0
50;2025-11-11;4;2
50;2025-11-11;5;78
50;2025-11-11;6;573
50;2025-11-11;7;1820
50;2025-11-11;8;2841
50;2025-11-11;9;2232
50;2025-11-11;10;1737
50;2025-11-11;11;1535
50;2025-11-11;12;1433
50;2025-11-11;13;1519
50;2025-11-11;14;1439
50;2025-11-11;15;1677
50;2025-11-11;16;1755
50;2025-11-11;17;2475
50;2025-11-11;18;2513
50;2025-11-11;19;1495
50;2025-11-11;20;976
50;2025-11-11;21;613
50;2025-11-11;22;246
50;2025-11-11;23;144
50;2025-11-12;0;26
50;2025-11-12;1;4
50;2025-11-12;2;0
50;2025-11-12;3;0
50;2025-11-12;4;3
50;2025-11-12;5;80
50;2025-11-12;6;527
50;2025-11-12;7;1719
50;2025-11-12;8;2843
50;2025-11-12;9;2149
50;2025-11-12;10;1662
50;2025-11-12;11;1561
50;2025-11-12;12;1508
50;2025-11-12;13;1503
50;2025-11-12;14;1450
50;2025-11-12;15;1640
50;2025-11-12;16;1699
50;2025-11-12;17;2359
50;2025-11-12;18;2434
50;2025-11-12;19;1450
50;2025-11-12;20;902
50;2025-11-12;21;635
50;2025-11-12;22;263
50;2025-11-12;23;148
50;2025-11-13;0;41
50;2025-11-13;1;2
50;2025-11-13;2;0
50;2025-11-13;3;0
50;2025-11-13;4;3
50;2025-11-13;5;70
50;2025-11-13;6;492
50;2025-11-13;7;1640
50;2025-11-13;8;2642
50;2025-11-13;9;2118
50;2025-11-13;10;1667
50;2025-11-13;11;1488
50;2025-11-13;12;1488
50;2025-11-13;13;1464
50;2025-11-13;14;1426
50;2025-11-13;15;1614
50;2025-11-13;16;1648
50;2025-11-13;17;2300
50;2025-11-13;18;2425
50;2025-11-13;19;1464
50;2025-11-13;20;962
50;2025-11-13;21;666
50;2025-11-13;22;260
50;2025-11-13;23;153
50;2025-11-14;0;38
50;2025-11-14;1;1
50;2025-11-14;2;0
50;2025-11-14;3;0
50;2025-11-14;4;3
50;2025-11-14;5;71
50;2025-11-14;6;521
50;2025-11-14;7;1748
50;2025-11-14;8;2730
50;2025-11-14;9;2131
50;2025-11-14;10;1542
50;2025-11-14;11;1511
50;2025-11-14;12;1452
50;2025-11-14;13;1505
50;2025-11-14;14;1457
50;2025-11-14;15;1728
50;2025-11-14;16;2112
50;2025-11-14;17;2138
50;2025-11-14;18;1687
50;2025-11-14;19;1235
50;2025-11-14;20;872
50;2025-11-14;21;562
50;2025-11-14;22;267
50;2025-11-14;23;165
50;2025-11-15;0;63
50;2025-11-15;1;5
50;2025-11-15;2;0
50;2025-11-15;3;0
50;2025-11-15;4;1
50;2025-11-15;5;32
50;2025-11-15;6;182
50;2025-11-15;7;404
50;2025-11-15;8;616
50;2025-11-15;9;645
50;2025-11-15;10;651
50;2025-11-15;11;806
50;2025-11-15;12;821
50;2025-11-15;13;869
50;2025-11-15;14;884
50;2025-11-15;15;833
50;2025-11-15;16;824
50;2025-11-15;17;850
50;2025-11-15;18;767
50;2025-11-15;19;674
50;2025-11-15;20;524
50;2025-11-15;21;405
50;2025-11-15;22;233
50;2025-11-15;23;146
50;2025-11-16;0;51
50;2025-11-16;1;9
50;2025-11-16;2;2
50;2025-11-16;3;2
50;2025-11-16;4;2
50;2025-11-16;5;27
50;2025-11-16;6;137
50;2025-11-16;7;263
50;2025-11-16;8;406
50;2025-11-16;9;487
50;2025-11-16;10;527
50;2025-11-16;11;664
50;2025-11-16;12;724
50;2025-11-16;13;771
50;2025-11-16;14;821
50;2025-11-16;15;748
50;2025-11-16;16;742
50;2025-11-16;17;770
50;2025-11-16;18;687
50;2025-11-16;19;587
50;2025-11-16;20;484
50;2025-11-16;21;378
50;2025-11-16;22;218
50;2025-11-16;23;119
50;2025-11-17;0;15
50;2025-11-17;1;3
50;2025-11-17;2;1
50;2025-11-17;3;0
50;2025-11-17;4;3
50;2025-11-17;5;68
50;2025-11-17;6;522
50;2025-11-17;7;1719
50;2025-11-17;8;2773
50;2025-11-17;9;2216
50;2025-11-17;10;1629
50;2025-11-17;11;1451
50;2025-11-17;12;1357
50;2025-11-17;13;1450
50;2025-11-17;14;1399
50;2025-11-17;15;1624
50;2025-11-17;16;1645
50;2025-11-17;17;2289
50;2025-11-17;18;2484
50;2025-11-17;19;1361
50;2025-11-17;20;880
50;2025-11-17;21;615
50;2025-11-17;22;230
50;2025-11-17;23;120
50;2025-11-18;0;28
50;2025-11-18;1;2
50;2025-11-18;2;0
50;2025-11-18;3;0
50;2025-11-18;4;2
50;2025-11-18;5;78
50;2025-11-18;6;575
50;2025-11-18;7;1824
50;2025-11-18;8;2848
50;2025-11-18;9;2238
50;2025-11-18;10;1741
50;2025-11-18;11;1539
50;2025-11-18;12;1436
50;2025-11-18;13;1523
50;2025-11-18;14;1443
50;2025-11-18;15;1681
50;2025-11-18;16;1759
50;2025-11-18;17;2481
50;2025-11-18;18;2519
50;2025-11-18;19;1498
50;2025-11-18;20;979
50;2025-11-18;21;614
50;2025-11-18;22;245
50;2025-11-18;23;143
50;2025-11-19;0;26
50;2025-11-19;1;4
50;2025-11-19;2;0
50;2025-11-19;3;0
50;2025-11-19;4;3
50;2025-11-19;5;80
50;2025-11-19;6;529
50;2025-11-19;7;1724
50;2025-11-19;8;2852
50;2025-11-19;9;2155
50;2025-11-19;10;1668
50;2025-11-19;11;1566
50;2025-11-19;12;1513
50;2025-11-19;13;1508
50;2025-11-19;14;1455
50;2025-11-19;15;1646
50;2025-11-19;16;1704
50;2025-11-19;17;2367
50;2025-11-19;18;2442
50;2025-11-19;19;1455
50;2025-11-19;20;905
50;2025-11-19;21;637
50;2025-11-19;22;264
50;2025-11-19;23;148
50;2025-11-20;0;40
50;2025-11-20;1;2
50;2025-11-20;2;0
50;2025-11-20;3;0
50;2025-11-20;4;3
50;2025-11-20;5;71
50;2025-11-20;6;494
50;2025-11-20;7;1646
50;2025-11-20;8;2653
50;2025-11-20;9;2127
50;2025-11-20;10;1674
50;2025-11-20;11;1494
50;2025-11-20;12;1494
50;2025-11-20;13;1470
50;2025-11-20;14;1432
50;2025-11-20;15;1620
50;2025-11-20;16;1654
50;2025-11-20;17;2309
50;2025-11-20;18;2435
50;2025-11-20;19;1469
50;2025-11-20;20;965
50;2025-11-20;21;668
50;2025-11-20;22;260
50;2025-11-20;23;153
50;2025-11-21;0;38
50;2025-11-21;1;1
50;2025-11-21;2;0
50;2025-11-21;3;0
50;2025-11-21;4;3
50;2025-11-21;5;71
50;2025-11-21;6;524
50;2025-11-21;7;1756
50;2025-11-21;8;2743
50;2025-11-21;9;2141
50;2025-11-21;10;1549
50;2025-11-21;11;1518
50;2025-11-21;12;1459
50;2025-11-21;13;1512
50;2025-11-21;14;1464
50;2025-11-21;15;1736
50;2025-11-21;16;2121
50;2025-11-21;17;2148
50;2025-11-21;18;1695
50;2025-11-21;19;1241
50;2025-11-21;20;876
50;2025-11-21;21;565
50;2025-11-21;22;268
50;2025-11-21;23;166
50;2025-11-22;0;63
50;2025-11-22;1;5
50;2025-11-22;2;0
50;2025-11-22;3;0
50;2025-11-22;4;1
50;2025-11-22;5;32
50;2025-11-22;6;183
50;2025-11-22;7;407
50;2025-11-22;8;619
50;2025-11-22;9;648
50;2025-11-22;10;655
50;2025-11-22;11;810
50;2025-11-22;12;826
50;2025-11-22;13;873
50;2025-11-22;14;889
50;2025-11-22;15;838
50;2025-11-22;16;829
50;2025-11-22;17;855
50;2025-11-22;18;771
50;2025-11-22;19;678
50;2025-11-22;20;527
50;2025-11-22;21;406
50;2025-11-22;22;233
50;2025-11-22;23;146
50;2025-11-23;0;52
50;2025-11-23;1;9
50;2025-11-23;2;2
50;2025-11-23;3;2
50;2025-11-23;4;2
50;2025-11-23;5;27
50;2025-11-23;6;138
50;2025-11-23;7;264
50;2025-11-23;8;408
50;2025-11-23;9;490
50;2025-11-23;10;530
50;2025-11-23;11;668
50;2025-11-23;12;728
50;2025-11-23;13;775
50;2025-11-23;14;825
50;2025-11-23;15;752
50;2025-11-23;16;747
50;2025-11-23;17;774
50;2025-11-23;18;691
50;2025-11-23;19;590
50;2025-11-23;20;487
50;2025-11-23;21;380
50;2025-11-23;22;219
50;2025-11-23;23;119
50;2025-11-24;0;15
50;2025-11-24;1;3
50;2025-11-24;2;1
50;2025-11-24;3;0
50;2025-11-24;4;3
50;2025-11-24;5;69
50;2025-11-24;6;525
50;2025-11-24;7;1729
50;2025-11-24;8;2788
50;2025-11-24;9;2228
50;2025-11-24;10;1638
50;2025-11-24;11;1459
50;2025-11-24;12;1365
50;2025-11-24;13;1458
50;2025-11-24;14;1406
50;2025-11-24;15;1633
50;2025-11-24;16;1654
50;2025-11-24;17;2302
50;2025-11-24;18;2498
50;2025-11-24;19;1368
50;2025-11-24;20;885
50;2025-11-24;21;619
50;2025-11-24;22;232
50;2025-11-24;23;121
50;2025-11-25;0;28
50;2025-11-25;1;2
50;2025-11-25;2;0
50;2025-11-25;3;0
50;2025-11-25;4;2
50;2025-11-25;5;79
50;2025-11-25;6;578
50;2025-11-25;7;1834
50;2025-11-25;8;2864
50;2025-11-25;9;2250
50;2025-11-25;10;1750
50;2025-11-25;11;1547
50;2025-11-25;12;1445
50;2025-11-25;13;1531
50;2025-11-25;14;1451
50;2025-11-25;15;1690
50;2025-11-25;16;1769
50;2025-11-25;17;2494
50;2025-11-25;18;2533
50;2025-11-25;19;1506
50;2025-11-25;20;984
50;2025-11-25;21;617
50;2025-11-25;22;247
50;2025-11-25;23;144
50;2025-11-26;0;25
50;2025-11-26;1;4
50;2025-11-26;2;0
50;2025-11-26;3;0
50;2025-11-26;4;3
50;2025-11-26;5;80
50;2025-11-26;6;532
50;2025-11-26;7;1734
50;2025-11-26;8;2868
50;2025-11-26;9;2167
50;2025-11-26;10;1677
50;2025-11-26;11;1574
50;2025-11-26;12;1521
50;2025-11-26;13;1516
50;2025-11-26;14;1463
50;2025-11-26;15;1654
50;2025-11-26;16;1714
50;2025-11-26;17;2380
50;2025-11-26;18;2455
50;2025-11-26;19;1463
50;2025-11-26;20;910
50;2025-11-26;21;641
50;2025-11-26;22;265
50;2025-11-26;23;149
50;2025-11-27;0;41
50;2025-11-27;1;2
50;2025-11-27;2;0
50;2025-11-27;3;0
50;2025-11-27;4;3
50;2025-11-27;5;71
50;2025-11-27;6;497
50;2025-11-27;7;1656
50;2025-11-27;8;2667
50;2025-11-27;9;2139
50;2025-11-27;10;1683
50;2025-11-27;11;1502
50;2025-11-27;12;1502
50;2025-11-27;13;1478
50;2025-11-27;14;1440
50;2025-11-27;15;1629
50;2025-11-27;16;1664
50;2025-11-27;17;2322
50;2025-11-27;18;2448
50;2025-11-27;19;1478
50;2025-11-27;20;970
50;2025-11-27;21;672
50;2025-11-27;22;261
50;2025-11-27;23;154
50;2025-11-28;0;38
50;2025-11-28;1;1
50;2025-11-28;2;0
50;2025-11-28;3;0
50;2025-11-28;4;3
50;2025-11-28;5;71
50;2025-11-28;6;527
50;2025-11-28;7;1766
50;2025-11-28;8;2758
50;2025-11-28;9;2153
50;2025-11-28;10;1558
50;2025-11-28;11;1527
50;2025-11-28;12;1468
50;2025-11-28;13;1520
50;2025-11-28;14;1472
50;2025-11-28;15;1745
50;2025-11-28;16;2132
50;2025-11-28;17;2160
50;2025-11-28;18;1705
50;2025-11-28;19;1248
50;2025-11-28;20;881
50;2025-11-28;21;568
50;2025-11-28;22;269
50;2025-11-28;23;167
50;2025-11-29;0;63
50;2025-11-29;1;5
50;2025-11-29;2;0
50;2025-11-29;3;0
50;2025-11-29;4;1
50;2025-11-29;5;32
50;2025-11-29;6;185
50;2025-11-29;7;409
50;2025-11-29;8;623
50;2025-11-29;9;651
50;2025-11-29;10;658
50;2025-11-29;11;814
50;2025-11-29;12;830
50;2025-11-29;13;878
50;2025-11-29;14;894
50;2025-11-29;15;842
50;2025-11-29;16;833
50;2025-11-29;17;860
50;2025-11-29;18;776
50;2025-11-29;19;682
50;2025-11-29;20;530
50;2025-11-29;21;409
50;2025-11-29;22;235
50;2025-11-29;23;147
50;2025-11-30;0;51
50;2025-11-30;1;9
50;2025-11-30;2;2
50;2025-11-30;3;2
50;2025-11-30;4;2
50;2025-11-30;5;27
50;2025-11-30;6;139
50;2025-11-30;7;266
50;2025-11-30;8;410
50;2025-11-30;9;493
50;2025-11-30;10;533
50;2025-11-30;11;672
50;2025-11-30;12;732
50;2025-11-30;13;779
50;2025-11-30;14;829
50;2025-11-30;15;756
50;2025-11-30;16;751
50;2025-11-30;17;778
50;2025-11-30;18;695
50;2025-11-30;19;593
50;2025-11-30;20;489
50;2025-11-30;21;382
50;2025-11-30;22;220
50;2025-11-30;23;120
50;2025-12-01;0;15
50;2025-12-01;1;3
50;2025-12-01;2;1
50;2025-12-01;3;0
50;2025-12-01;4;3
50;2025-12-01;5;69
50;2025-12-01;6;528
50;2025-12-01;7;1738
50;2025-12-01;8;2803
50;2025-12-01;9;2240
50;2025-12-01;10;1647
50;2025-12-01;11;1467
50;2025-12-01;12;1373
50;2025-12-01;13;1465
50;2025-12-01;14;1414
50;2025-12-01;15;1642
50;2025-12-01;16;1663
50;2025-12-01;17;2314
50;2025-12-01;18;2511
50;2025-12-01;19;1376
50;2025-12-01;20;890
50;2025-12-01;21;622
50;2025-12-01;22;233
50;2025-12-01;23;122
50;2025-12-02;0;28
50;2025-12-02;1;2
50;2025-12-02;2;0
50;2025-12-02;3;0
50;2025-12-02;4;2
50;2025-12-02;5;79
50;2025-12-02;6;581
50;2025-12-02;7;1844
50;2025-12-02;8;2879
50;2025-12-02;9;2262
50;2025-12-02;10;1760
50;2025-12-02;11;1556
50;2025-12-02;12;1453
50;2025-12-02;13;1539
50;2025-12-02;14;1459
50;2025-12-02;15;1700
50;2025-12-02;16;1779
50;2025-12-02;17;2507
50;2025-12-02;18;2546
50;2025-12-02;19;1514
50;2025-12-02;20;989
50;2025-12-02;21;621
50;2025-12-02;22;248
50;2025-12-02;23;145
50;2025-12-03;0;26
50;2025-12-03;1;4
50;2025-12-03;2;0
50;2025-12-03;3;0
50;2025-12-03;4;3
50;2025-12-03;5;81
50;2025-12-03;6;535
50;2025-12-03;7;1744
50;2025-12-03;8;2883
50;2025-12-03;9;2179
50;2025-12-03;10;1686
50;2025-12-03;11;1583
50;2025-12-03;12;1529
50;2025-12-03;13;1524
50;2025-12-03;14;1471
50;2025-12-03;15;1663
50;2025-12-03;16;1723
50;2025-12-03;17;2392
50;2025-12-03;18;2469
50;2025-12-03;19;1471
50;2025-12-03;20;916
50;2025-12-03;21;645
50;2025-12-03;22;267
50;2025-12-03;23;150
50;2025-12-04;0;41
50;2025-12-04;1;2
50;2025-12-04;2;0
50;2025-12-04;3;0
50;2025-12-04;4;3
50;2025-12-04;5;71
50;2025-12-04;6;499
50;2025-12-04;7;1662
50;2025-12-04;8;2678
50;2025-12-04;9;2146
50;2025-12-04;10;1688
50;2025-12-04;11;1507
50;2025-12-04;12;1508
50;2025-12-04;13;1484
50;2025-12-04;14;1446
50;2025-12-04;15;1638
50;2025-12-04;16;1673
50;2025-12-04;17;2333
50;2025-12-04;18;2462
50;2025-12-04;19;1488
50;2025-12-04;20;979
50;2025-12-04;21;682
50;2025-12-04;22;271
50;2025-12-04;23;162
50;2025-12-05;0;38
50;2025-12-05;1;1
50;2025-12-05;2;0
50;2025-12-05;3;0
50;2025-12-05;4;3
50;2025-12-05;5;72
50;2025-12-05;6;528
50;2025-12-05;7;1771
50;2025-12-05;8;2767
50;2025-12-05;9;2160
50;2025-12-05;10;1563
50;2025-12-05;11;1531
50;2025-12-05;12;1472
50;2025-12-05;13;1526
50;2025-12-05;14;1478
50;2025-12-05;15;1753
50;2025-12-05;16;2141
50;2025-12-05;17;2169
50;2025-12-05;18;1717
50;2025-12-05;19;1259
50;2025-12-05;20;891
50;2025-12-05;21;580
50;2025-12-05;22;279
50;2025-12-05;23;177
50;2025-12-06;0;63
50;2025-12-06;1;5
50;2025-12-06;2;0
50;2025-12-06;3;0
50;2025-12-06;4;1
50;2025-12-06;5;31
50;2025-12-06;6;184
50;2025-12-06;7;409
50;2025-12-06;8;625
50;2025-12-06;9;653
50;2025-12-06;10;660
50;2025-12-06;11;816
50;2025-12-06;12;832
50;2025-12-06;13;881
50;2025-12-06;14;897
50;2025-12-06;15;847
50;2025-12-06;16;838
50;2025-12-06;17;865
50;2025-12-06;18;782
50;2025-12-06;19;688
50;2025-12-06;20;535
50;2025-12-06;21;414
50;2025-12-06;22;240
50;2025-12-06;23;152
50;2025-12-07;0;52
50;2025-12-07;1;9
50;2025-12-07;2;2
50;2025-12-07;3;2
50;2025-12-07;4;2
50;2025-12-07;5;26
50;2025-12-07;6;138
50;2025-12-07;7;266
50;2025-12-07;8;411
50;2025-12-07;9;494
50;2025-12-07;10;533
50;2025-12-07;11;673
50;2025-12-07;12;734
50;2025-12-07;13;781
50;2025-12-07;14;832
50;2025-12-07;15;761
50;2025-12-07;16;755
50;2025-12-07;17;783
50;2025-12-07;18;701
50;2025-12-07;19;599
50;2025-12-07;20;494
50;2025-12-07;21;388
50;2025-12-07;22;225
50;2025-12-07;23;125
50;2025-12-08;0;15
50;2025-12-08;1;3
50;2025-12-08;2;1
50;2025-12-08;3;0
50;2025-12-08;4;3
50;2025-12-08;5;67
50;2025-12-08;6;527
50;2025-12-08;7;1742
50;2025-12-08;8;2812
50;2025-12-08;9;2246
50;2025-12-08;10;1650
50;2025-12-08;11;1470
50;2025-12-08;12;1376
50;2025-12-08;13;1470
50;2025-12-08;14;1419
50;2025-12-08;15;1653
50;2025-12-08;16;1674
50;2025-12-08;17;2328
50;2025-12-08;18;2528
50;2025-12-08;19;1389
50;2025-12-08;20;900
50;2025-12-08;21;634
50;2025-12-08;22;243
50;2025-12-08;23;133
50;2025-12-09;0;28
50;2025-12-09;1;2
50;2025-12-09;2;0
50;2025-12-09;3;0
50;2025-12-09;4;2
50;2025-12-09;5;76
50;2025-12-09;6;580
50;2025-12-09;7;1850
50;2025-12-09;8;2890
50;2025-12-09;9;2269
50;2025-12-09;10;1764
50;2025-12-09;11;1560
50;2025-12-09;12;1457
50;2025-12-09;13;1544
50;2025-12-09;14;1464
50;2025-12-09;15;1711
50;2025-12-09;16;1791
50;2025-12-09;17;2522
50;2025-12-09;18;2563
50;2025-12-09;19;1527
50;2025-12-09;20;998
50;2025-12-09;21;632
50;2025-12-09;22;258
50;2025-12-09;23;154
50;2025-12-10;0;26
50;2025-12-10;1;4
50;2025-12-10;2;0
50;2025-12-10;3;0
50;2025-12-10;4;3
50;2025-12-10;5;78
50;2025-12-10;6;534
50;2025-12-10;7;1748
50;2025-12-10;8;2894
50;2025-12-10;9;2185
50;2025-12-10;10;1689
50;2025-12-10;11;1585
50;2025-12-10;12;1532
50;2025-12-10;13;1529
50;2025-12-10;14;1475
50;2025-12-10;15;1674
50;2025-12-10;16;1735
50;2025-12-10;17;2407
50;2025-12-10;18;2487
50;2025-12-10;19;1484
50;2025-12-10;20;926
50;2025-12-10;21;657
50;2025-12-10;22;277
50;2025-12-10;23;160
50;2025-12-11;0;41
50;2025-12-11;1;2
50;2025-12-11;2;0
50;2025-12-11;3;0
50;2025-12-11;4;3
50;2025-12-11;5;68
50;2025-12-11;6;499
50;2025-12-11;7;1670
50;2025-12-11;8;2692
50;2025-12-11;9;2157
50;2025-12-11;10;1696
50;2025-12-11;11;1514
50;2025-12-11;12;1514
50;2025-12-11;13;1491
50;2025-12-11;14;1453
50;2025-12-11;15;1649
50;2025-12-11;16;1684
50;2025-12-11;17;2349
50;2025-12-11;18;2479
50;2025-12-11;19;1498
50;2025-12-11;20;985
50;2025-12-11;21;686
50;2025-12-11;22;273
50;2025-12-11;23;164
50;2025-12-12;0;38
50;2025-12-12;1;1
50;2025-12-12;2;0
50;2025-12-12;3;0
50;2025-12-12;4;3
50;2025-12-12;5;69
50;2025-12-12;6;529
50;2025-12-12;7;1779
50;2025-12-12;8;2782
50;2025-12-12;9;2171
50;2025-12-12;10;1570
50;2025-12-12;11;1538
50;2025-12-12;12;1479
50;2025-12-12;13;1533
50;2025-12-12;14;1485
50;2025-12-12;15;1764
50;2025-12-12;16;2154
50;2025-12-12;17;2183
50;2025-12-12;18;1729
50;2025-12-12;19;1268
50;2025-12-12;20;897
50;2025-12-12;21;583
50;2025-12-12;22;281
50;2025-12-12;23;178
50;2025-12-13;0;63
50;2025-12-13;1;5
50;2025-12-13;2;0
50;2025-12-13;3;0
50;2025-12-13;4;1
50;2025-12-13;5;32
50;2025-12-13;6;185
50;2025-12-13;7;411
50;2025-12-13;8;628
50;2025-12-13;9;656
50;2025-12-13;10;663
50;2025-12-13;11;821
50;2025-12-13;12;837
50;2025-12-13;13;885
50;2025-12-13;14;902
50;2025-12-13;15;851
50;2025-12-13;16;843
50;2025-12-13;17;870
50;2025-12-13;18;787
50;2025-12-13;19;691
50;2025-12-13;20;538
50;2025-12-13;21;417
50;2025-12-13;22;241
50;2025-12-13;23;152
50;2025-12-14;0;52
50;2025-12-14;1;9
50;2025-12-14;2;2
50;2025-12-14;3;2
50;2025-12-14;4;2
50;2025-12-14;5;26
50;2025-12-14;6;139
50;2025-12-14;7;268
50;2025-12-14;8;414
50;2025-12-14;9;497
50;2025-12-14;10;536
50;2025-12-14;11;677
50;2025-12-14;12;738
50;2025-12-14;13;786
50;2025-12-14;14;837
50;2025-12-14;15;765
50;2025-12-14;16;759
50;2025-12-14;17;788
50;2025-12-14;18;705
50;2025-12-14;19;602
50;2025-12-14;20;497
50;2025-12-14;21;390
50;2025-12-14;22;226
50;2025-12-14;23;125
50;2025-12-15;0;15
50;2025-12-15;1;3
50;2025-12-15;2;1
50;2025-12-15;3;0
50;2025-12-15;4;3
50;2025-12-15;5;67
50;2025-12-15;6;530
50;2025-12-15;7;1752
50;2025-12-15;8;2827
50;2025-12-15;9;2258
50;2025-12-15;10;1659
50;2025-12-15;11;1478
50;2025-12-15;12;1384
50;2025-12-15;13;1477
50;2025-12-15;14;1427
50;2025-12-15;15;1662
50;2025-12-15;16;1683
50;2025-12-15;17;2340
50;2025-12-15;18;2542
50;2025-12-15;19;1396
50;2025-12-15;20;905
50;2025-12-15;21;637
50;2025-12-15;22;245
50;2025-12-15;23;133
50;2025-12-16;0;28
50;2025-12-16;1;2
50;2025-12-16;2;0
50;2025-12-16;3;0
50;2025-12-16;4;2
50;2025-12-16;5;76
50;2025-12-16;6;583
50;2025-12-16;7;1860
50;2025-12-16;8;2905
50;2025-12-16;9;2281
50;2025-12-16;10;1773
50;2025-12-16;11;1568
50;2025-12-16;12;1465
50;2025-12-16;13;1552
50;2025-12-16;14;1472
50;2025-12-16;15;1720
50;2025-12-16;16;1800
50;2025-12-16;17;2535
50;2025-12-16;18;2577
50;2025-12-16;19;1535
50;2025-12-16;20;1004
50;2025-12-16;21;635
50;2025-12-16;22;259
50;2025-12-16;23;155
50;2025-12-17;0;26
50;2025-12-17;1;4
50;2025-12-17;2;0
50;2025-12-17;3;0
50;2025-12-17;4;3
50;2025-12-17;5;78
50;2025-12-17;6;537
50;2025-12-17;7;1758
50;2025-12-17;8;2909
50;2025-12-17;9;2197
50;2025-12-17;10;1699
50;2025-12-17;11;1594
50;2025-12-17;12;1541
50;2025-12-17;13;1537
50;2025-12-17;14;1483
50;2025-12-17;15;1683
50;2025-12-17;16;1744
50;2025-12-17;17;2420
50;2025-12-17;18;2501
50;2025-12-17;19;1492
50;2025-12-17;20;931
50;2025-12-17;21;661
50;2025-12-17;22;279
50;2025-12-17;23;161
50;2025-12-18;0;41
50;2025-12-18;1;2
50;2025-12-18;2;0
50;2025-12-18;3;0
50;2025-12-18;4;3
50;2025-12-18;5;69
50;2025-12-18;6;502
50;2025-12-18;7;1679
50;2025-12-18;8;2707
50;2025-12-18;9;2169
50;2025-12-18;10;1705
50;2025-12-18;11;1522
50;2025-12-18;12;1523
50;2025-12-18;13;1499
50;2025-12-18;14;1461
50;2025-12-18;15;1658
50;2025-12-18;16;1694
50;2025-12-18;17;2361
50;2025-12-18;18;2492
50;2025-12-18;19;1506
50;2025-12-18;20;990
50;2025-12-18;21;690
50;2025-12-18;22;274
50;2025-12-18;23;165
50;2025-12-19;0;39
50;2025-12-19;1;1
50;2025-12-19;2;0
50;2025-12-19;3;0
50;2025-12-19;4;3
50;2025-12-19;5;69
50;2025-12-19;6;532
50;2025-12-19;7;1789
50;2025-12-19;8;2797
50;2025-12-19;9;2183
50;2025-12-19;10;1579
50;2025-12-19;11;1546
50;2025-12-19;12;1487
50;2025-12-19;13;1541
50;2025-12-19;14;1493
50;2025-12-19;15;1774
50;2025-12-19;16;2165
50;2025-12-19;17;2195
50;2025-12-19;18;1739
50;2025-12-19;19;1275
50;2025-12-19;20;902
50;2025-12-19;21;587
50;2025-12-19;22;283
50;2025-12-19;23;179
50;2025-12-20;0;64
50;2025-12-20;1;5
50;2025-12-20;2;0
50;2025-12-20;3;0
50;2025-12-20;4;1
50;2025-12-20;5;32
50;2025-12-20;6;186
50;2025-12-20;7;413
50;2025-12-20;8;631
50;2025-12-20;9;660
50;2025-12-20;10;667
50;2025-12-20;11;825
50;2025-12-20;12;841
50;2025-12-20;13;890
50;2025-12-20;14;907
50;2025-12-20;15;855
50;2025-12-20;16;847
50;2025-12-20;17;875
50;2025-12-20;18;791
50;2025-12-20;19;695
50;2025-12-20;20;541
50;2025-12-20;21;419
50;2025-12-20;22;242
50;2025-12-20;23;153
50;2025-12-21;0;52
50;2025-12-21;1;9
50;2025-12-21;2;2
50;2025-12-21;3;2
50;2025-12-21;4;2
50;2025-12-21;5;26
50;2025-12-21;6;140
50;2025-12-21;7;269
50;2025-12-21;8;416
50;2025-12-21;9;499
50;2025-12-21;10;539
50;2025-12-21;11;681
50;2025-12-21;12;741
50;2025-12-21;13;790
50;2025-12-21;14;841
50;2025-12-21;15;769
50;2025-12-21;16;763
50;2025-12-21;17;792
50;2025-12-21;18;709
50;2025-12-21;19;606
50;2025-12-21;20;500
50;2025-12-21;21;392
50;2025-12-21;22;227
50;2025-12-21;23;126
50;2025-12-22;0;15
50;2025-12-22;1;3
50;2025-12-22;2;1
50;2025-12-22;3;0
50;2025-12-22;4;3
50;2025-12-22;5;67
50;2025-12-22;6;533
50;2025-12-22;7;1761
50;2025-12-22;8;2842
50;2025-12-22;9;2270
50;2025-12-22;10;1668
50;2025-12-22;11;1486
50;2025-12-22;12;1392
50;2025-12-22;13;1485
50;2025-12-22;14;1434
50;2025-12-22;15;1671
50;2025-12-22;16;1693
50;2025-12-22;17;2353
50;2025-12-22;18;2555
50;2025-12-22;19;1404
50;2025-12-22;20;910
50;2025-12-22;21;641
50;2025-12-22;22;246
50;2025-12-22;23;134
50;2025-12-23;0;28
50;2025-12-23;1;2
50;2025-12-23;2;0
50;2025-12-23;3;0
50;2025-12-23;4;2
50;2025-12-23;5;77
50;2025-12-23;6;586
50;2025-12-23;7;1870
50;2025-12-23;8;2921
50;2025-12-23;9;2294
50;2025-12-23;10;1782
50;2025-12-23;11;1577
50;2025-12-23;12;1473
50;2025-12-23;13;1560
50;2025-12-23;14;1480
50;2025-12-23;15;1729
50;2025-12-23;16;1810
50;2025-12-23;17;2548
50;2025-12-23;18;2591
50;2025-12-23;19;1543
50;2025-12-23;20;1009
50;2025-12-23;21;639
50;2025-12-23;22;261
50;2025-12-23;23;156
50;2025-12-24;0;26
50;2025-12-24;1;4
50;2025-12-24;2;0
50;2025-12-24;3;0
50;2025-12-24;4;3
50;2025-12-24;5;78
50;2025-12-24;6;539
50;2025-12-24;7;1767
50;2025-12-24;8;2925
50;2025-12-24;9;2209
50;2025-12-24;10;1708
50;2025-12-24;11;1602
50;2025-12-24;12;1549
50;2025-12-24;13;1545
50;2025-12-24;14;1491
50;2025-12-24;15;1692
50;2025-12-24;16;1754
50;2025-12-24;17;2433
50;2025-12-24;18;2515
50;2025-12-24;19;1500
50;2025-12-24;20;937
50;2025-12-24;21;664
50;2025-12-24;22;280
50;2025-12-24;23;162
50;2025-12-25;0;42
50;2025-12-25;1;2
50;2025-12-25;2;0
50;2025-12-25;3;0
50;2025-12-25;4;3
50;2025-12-25;5;69
50;2025-12-25;6;505
50;2025-12-25;7;1689
50;2025-12-25;8;2722
50;2025-12-25;9;2181
50;2025-12-25;10;1714
50;2025-12-25;11;1530
50;2025-12-25;12;1531
50;2025-12-25;13;1507
50;2025-12-25;14;1469
50;2025-12-25;15;1666
50;2025-12-25;16;1703
50;2025-12-25;17;2374
50;2025-12-25;18;2505
50;2025-12-25;19;1514
50;2025-12-25;20;996
50;2025-12-25;21;694
50;2025-12-25;22;275
50;2025-12-25;23;166
50;2025-12-26;0;39
50;2025-12-26;1;1
50;2025-12-26;2;0
50;2025-12-26;3;0
50;2025-12-26;4;3
50;2025-12-26;5;70
50;2025-12-26;6;535
50;2025-12-26;7;1798
50;2025-12-26;8;2812
50;2025-12-26;9;2195
50;2025-12-26;10;1587
50;2025-12-26;11;1554
50;2025-12-26;12;1495
50;2025-12-26;13;1549
50;2025-12-26;14;1501
50;2025-12-26;15;1783
50;2025-12-26;16;2176
50;2025-12-26;17;2207
50;2025-12-26;18;1749
50;2025-12-26;19;1282
50;2025-12-26;20;907
50;2025-12-26;21;590
50;2025-12-26;22;285
50;2025-12-26;23;180
50;2025-12-27;0;64
50;2025-12-27;1;5
50;2025-12-27;2;0
50;2025-12-27;3;0
50;2025-12-27;4;1
50;2025-12-27;5;32
50;2025-12-27;6;187
50;2025-12-27;7;415
50;2025-12-27;8;634
50;2025-12-27;9;662
50;2025-12-27;10;670
50;2025-12-27;11;828
50;2025-12-27;12;845
50;2025-12-27;13;894
50;2025-12-27;14;911
50;2025-12-27;15;859
50;2025-12-27;16;851
50;2025-12-27;17;879
50;2025-12-27;18;795
50;2025-12-27;19;698
50;2025-12-27;20;544
50;2025-12-27;21;421
50;2025-12-27;22;243
50;2025-12-27;23;154
50;2025-12-28;0;52
50;2025-12-28;1;9
50;2025-12-28;2;2
50;2025-12-28;3;2
50;2025-12-28;4;2
50;2025-12-28;5;26
50;2025-12-28;6;140
50;2025-12-28;7;270
50;2025-12-28;8;418
50;2025-12-28;9;501
50;2025-12-28;10;541
50;2025-12-28;11;683
50;2025-12-28;12;744
50;2025-12-28;13;793
50;2025-12-28;14;844
50;2025-12-28;15;772
50;2025-12-28;16;766
50;2025-12-28;17;795
50;2025-12-28;18;712
50;2025-12-28;19;608
50;2025-12-28;20;502
50;2025-12-28;21;394
50;2025-12-28;22;228
50;2025-12-28;23;127
50;2025-12-29;0;13
50;2025-12-29;1;3
50;2025-12-29;2;1
50;2025-12-29;3;0
50;2025-12-29;4;3
50;2025-12-29;5;64
50;2025-12-29;6;488
50;2025-12-29;7;1630
50;2025-12-29;8;2635
50;2025-12-29;9;2129
50;2025-12-29;10;1566
50;2025-12-29;11;1377
50;2025-12-29;12;1242
50;2025-12-29;13;1386
50;2025-12-29;14;1315
50;2025-12-29;15;1551
50;2025-12-29;16;1540
50;2025-12-29;17;2208
50;2025-12-29;18;2380
50;2025-12-29;19;1258
50;2025-12-29;20;839
50;2025-12-29;21;598
50;2025-12-29;22;219
50;2025-12-29;23;113
50;2025-12-30;0;26
50;2025-12-30;1;2
50;2025-12-30;2;0
50;2025-12-30;3;0
50;2025-12-30;4;2
50;2025-12-30;5;70
50;2025-12-30;6;530
50;2025-12-30;7;1654
50;2025-12-30;8;2606
50;2025-12-30;9;2048
50;2025-12-30;10;1618
50;2025-12-30;11;1410
50;2025-12-30;12;1269
50;2025-12-30;13;1401
50;2025-12-30;14;1297
50;2025-12-30;15;1539
50;2025-12-30;16;1604
50;2025-12-30;17;2317
50;2025-12-30;18;2324
50;2025-12-30;19;1378
50;2025-12-30;20;908
50;2025-12-30;21;557
50;2025-12-30;22;227
50;2025-12-30;23;135
50;2025-12-31;0;52
50;2025-12-31;1;6
50;2025-12-31;2;1
50;2025-12-31;3;1
50;2025-12-31;4;1
50;2025-12-31;5;26
50;2025-12-31;6;134
50;2025-12-31;7;268
50;2025-12-31;8;403
50;2025-12-31;9;475
50;2025-12-31;10;496
50;2025-12-31;11;626
50;2025-12-31;12;672
50;2025-12-31;13;721
50;2025-12-31;14;748
50;2025-12-31;15;688
50;2025-12-31;16;675
50;2025-12-31;17;676
50;2025-12-31;18;609
50;2025-12-31;19;540
50;2025-12-31;20;434
50;2025-12-31;21;343
50;2025-12-31;22;204
50;2025-12-31;23;117
