route;date;hour;prediction
1;2025-11-01;0;3
1;2025-11-01;1;0
1;2025-11-01;2;0
1;2025-11-01;3;0
1;2025-11-01;4;0
1;2025-11-01;5;85
1;2025-11-01;6;344
1;2025-11-01;7;943
1;2025-11-01;8;1254
1;2025-11-01;9;1110
1;2025-11-01;10;1088
1;2025-11-01;11;1065
1;2025-11-01;12;1148
1;2025-11-01;13;1162
1;2025-11-01;14;1098
1;2025-11-01;15;1123
1;2025-11-01;16;1164
1;2025-11-01;17;1228
1;2025-11-01;18;1115
1;2025-11-01;19;892
1;2025-11-01;20;615
1;2025-11-01;21;361
1;2025-11-01;22;148
1;2025-11-01;23;22
1;2025-11-02;0;0
1;2025-11-02;1;0
1;2025-11-02;2;0
1;2025-11-02;3;0
1;2025-11-02;4;0
1;2025-11-02;5;23
1;2025-11-02;6;111
1;2025-11-02;7;249
1;2025-11-02;8;343
1;2025-11-02;9;576
1;2025-11-02;10;649
1;2025-11-02;11;722
1;2025-11-02;12;796
1;2025-11-02;13;823
1;2025-11-02;14;804
1;2025-11-02;15;729
1;2025-11-02;16;691
1;2025-11-02;17;636
1;2025-11-02;18;539
1;2025-11-02;19;459
1;2025-11-02;20;345
1;2025-11-02;21;266
1;2025-11-02;22;120
1;2025-11-02;23;29
1;2025-11-03;0;0
1;2025-11-03;1;0
1;2025-11-03;2;0
1;2025-11-03;3;0
1;2025-11-03;4;0
1;2025-11-03;5;22
1;2025-11-03;6;115
1;2025-11-03;7;250
1;2025-11-03;8;353
1;2025-11-03;9;588
1;2025-11-03;10;688
1;2025-11-03;11;746
1;2025-11-03;12;814
1;2025-11-03;13;838
1;2025-11-03;14;796
1;2025-11-03;15;717
1;2025-11-03;16;671
1;2025-11-03;17;647
1;2025-11-03;18;528
1;2025-11-03;19;460
1;2025-11-03;20;348
1;2025-11-03;21;271
1;2025-11-03;22;122
1;2025-11-03;23;29
1;2025-11-04;0;0
1;2025-11-04;1;0
1;2025-11-04;2;0
1;2025-11-04;3;0
1;2025-11-04;4;0
1;2025-11-04;5;19
1;2025-11-04;6;108
1;2025-11-04;7;223
1;2025-11-04;8;332
1;2025-11-04;9;571
1;2025-11-04;10;650
1;2025-11-04;11;727
1;2025-11-04;12;801
1;2025-11-04;13;810
1;2025-11-04;14;795
1;2025-11-04;15;727
1;2025-11-04;16;682
1;2025-11-04;17;637
1;2025-11-04;18;525
1;2025-11-04;19;448
1;2025-11-04;20;341
1;2025-11-04;21;263
1;2025-11-04;22;115
1;2025-11-04;23;26
1;2025-11-05;0;3
1;2025-11-05;1;0
1;2025-11-05;2;0
1;2025-11-05;3;0
1;2025-11-05;4;0
1;2025-11-05;5;141
1;2025-11-05;6;538
1;2025-11-05;7;1426
1;2025-11-05;8;1899
1;2025-11-05;9;1471
1;2025-11-05;10;1370
1;2025-11-05;11;1341
1;2025-11-05;12;1405
1;2025-11-05;13;1431
1;2025-11-05;14;1359
1;2025-11-05;15;1439
1;2025-11-05;16;1517
1;2025-11-05;17;1786
1;2025-11-05;18;1761
1;2025-11-05;19;1340
1;2025-11-05;20;854
1;2025-11-05;21;494
1;2025-11-05;22;214
1;2025-11-05;23;32
1;2025-11-06;0;5
1;2025-11-06;1;0
1;2025-11-06;2;0
1;2025-11-06;3;0
1;2025-11-06;4;0
1;2025-11-06;5;123
1;2025-11-06;6;490
1;2025-11-06;7;1431
1;2025-11-06;8;1874
1;2025-11-06;9;1462
1;2025-11-06;10;1365
1;2025-11-06;11;1342
1;2025-11-06;12;1400
1;2025-11-06;13;1413
1;2025-11-06;14;1358
1;2025-11-06;15;1442
1;2025-11-06;16;1516
1;2025-11-06;17;1783
1;2025-11-06;18;1792
1;2025-11-06;19;1316
1;2025-11-06;20;853
1;2025-11-06;21;469
1;2025-11-06;22;187
1;2025-11-06;23;36
1;2025-11-07;0;4
1;2025-11-07;1;0
1;2025-11-07;2;0
1;2025-11-07;3;0
1;2025-11-07;4;0
1;2025-11-07;5;134
1;2025-11-07;6;491
1;2025-11-07;7;1444
1;2025-11-07;8;1800
1;2025-11-07;9;1438
1;2025-11-07;10;1325
1;2025-11-07;11;1341
1;2025-11-07;12;1374
1;2025-11-07;13;1385
1;2025-11-07;14;1317
1;2025-11-07;15;1427
1;2025-11-07;16;1555
1;2025-11-07;17;1791
1;2025-11-07;18;1528
1;2025-11-07;19;1220
1;2025-11-07;20;812
1;2025-11-07;21;487
1;2025-11-07;22;202
1;2025-11-07;23;36
1;2025-11-08;0;3
1;2025-11-08;1;0
1;2025-11-08;2;0
1;2025-11-08;3;0
1;2025-11-08;4;0
1;2025-11-08;5;39
1;2025-11-08;6;164
1;2025-11-08;7;375
1;2025-11-08;8;535
1;2025-11-08;9;784
1;2025-11-08;10;920
1;2025-11-08;11;952
1;2025-11-08;12;1073
1;2025-11-08;13;1079
1;2025-11-08;14;1066
1;2025-11-08;15;946
1;2025-11-08;16;880
1;2025-11-08;17;796
1;2025-11-08;18;696
1;2025-11-08;19;616
1;2025-11-08;20;456
1;2025-11-08;21;313
1;2025-11-08;22;142
1;2025-11-08;23;29
1;2025-11-09;0;0
1;2025-11-09;1;0
1;2025-11-09;2;0
1;2025-11-09;3;0
1;2025-11-09;4;0
1;2025-11-09;5;22
1;2025-11-09;6;110
1;2025-11-09;7;257
1;2025-11-09;8;349
1;2025-11-09;9;584
1;2025-11-09;10;656
1;2025-11-09;11;730
1;2025-11-09;12;803
1;2025-11-09;13;829
1;2025-11-09;14;808
1;2025-11-09;15;732
1;2025-11-09;16;692
1;2025-11-09;17;637
1;2025-11-09;18;532
1;2025-11-09;19;450
1;2025-11-09;20;336
1;2025-11-09;21;257
1;2025-11-09;22;116
1;2025-11-09;23;26
1;2025-11-10;0;0
1;2025-11-10;1;0
1;2025-11-10;2;0
1;2025-11-10;3;0
1;2025-11-10;4;0
1;2025-11-10;5;140
1;2025-11-10;6;504
1;2025-11-10;7;1430
1;2025-11-10;8;1874
1;2025-11-10;9;1454
1;2025-11-10;10;1325
1;2025-11-10;11;1311
1;2025-11-10;12;1391
1;2025-11-10;13;1403
1;2025-11-10;14;1377
1;2025-11-10;15;1438
1;2025-11-10;16;1552
1;2025-11-10;17;1832
1;2025-11-10;18;1850
1;2025-11-10;19;1370
1;2025-11-10;20;867
1;2025-11-10;21;458
1;2025-11-10;22;177
1;2025-11-10;23;35
1;2025-11-11;0;3
1;2025-11-11;1;0
1;2025-11-11;2;0
1;2025-11-11;3;0
1;2025-11-11;4;0
1;2025-11-11;5;122
1;2025-11-11;6;516
1;2025-11-11;7;1471
1;2025-11-11;8;1881
1;2025-11-11;9;1484
1;2025-11-11;10;1359
1;2025-11-11;11;1329
1;2025-11-11;12;1392
1;2025-11-11;13;1398
1;2025-11-11;14;1298
1;2025-11-11;15;1402
1;2025-11-11;16;1503
1;2025-11-11;17;1793
1;2025-11-11;18;1788
1;2025-11-11;19;1358
1;2025-11-11;20;849
1;2025-11-11;21;487
1;2025-11-11;22;194
1;2025-11-11;23;36
1;2025-11-12;0;3
1;2025-11-12;1;0
1;2025-11-12;2;0
1;2025-11-12;3;0
1;2025-11-12;4;0
1;2025-11-12;5;141
1;2025-11-12;6;538
1;2025-11-12;7;1426
1;2025-11-12;8;1899
1;2025-11-12;9;1471
1;2025-11-12;10;1370
1;2025-11-12;11;1341
1;2025-11-12;12;1405
1;2025-11-12;13;1431
1;2025-11-12;14;1359
1;2025-11-12;15;1439
1;2025-11-12;16;1517
1;2025-11-12;17;1786
1;2025-11-12;18;1761
1;2025-11-12;19;1340
1;2025-11-12;20;854
1;2025-11-12;21;494
1;2025-11-12;22;214
1;2025-11-12;23;32
1;2025-11-13;0;5
1;2025-11-13;1;0
1;2025-11-13;2;0
1;2025-11-13;3;0
1;2025-11-13;4;0
1;2025-11-13;5;123
1;2025-11-13;6;490
1;2025-11-13;7;1431
1;2025-11-13;8;1874
1;2025-11-13;9;1463
1;2025-11-13;10;1365
1;2025-11-13;11;1342
1;2025-11-13;12;1400
1;2025-11-13;13;1413
1;2025-11-13;14;1359
1;2025-11-13;15;1442
1;2025-11-13;16;1516
1;2025-11-13;17;1783
1;2025-11-13;18;1793
1;2025-11-13;19;1315
1;2025-11-13;20;852
1;2025-11-13;21;468
1;2025-11-13;22;187
1;2025-11-13;23;36
1;2025-11-14;0;4
1;2025-11-14;1;0
1;2025-11-14;2;0
1;2025-11-14;3;0
1;2025-11-14;4;0
1;2025-11-14;5;134
1;2025-11-14;6;491
1;2025-11-14;7;1444
1;2025-11-14;8;1800
1;2025-11-14;9;1438
1;2025-11-14;10;1325
1;2025-11-14;11;1342
1;2025-11-14;12;1375
1;2025-11-14;13;1385
1;2025-11-14;14;1317
1;2025-11-14;15;1427
1;2025-11-14;16;1555
1;2025-11-14;17;1792
1;2025-11-14;18;1528
1;2025-11-14;19;1219
1;2025-11-14;20;811
1;2025-11-14;21;485
1;2025-11-14;22;202
1;2025-11-14;23;36
1;2025-11-15;0;3
1;2025-11-15;1;0
1;2025-11-15;2;0
1;2025-11-15;3;0
1;2025-11-15;4;0
1;2025-11-15;5;39
1;2025-11-15;6;164
1;2025-11-15;7;375
1;2025-11-15;8;535
1;2025-11-15;9;784
1;2025-11-15;10;920
1;2025-11-15;11;952
1;2025-11-15;12;1073
1;2025-11-15;13;1079
1;2025-11-15;14;1066
1;2025-11-15;15;946
1;2025-11-15;16;880
1;2025-11-15;17;796
1;2025-11-15;18;696
1;2025-11-15;19;616
1;2025-11-15;20;456
1;2025-11-15;21;313
1;2025-11-15;22;142
1;2025-11-15;23;29
1;2025-11-16;0;0
1;2025-11-16;1;0
1;2025-11-16;2;0
1;2025-11-16;3;0
1;2025-11-16;4;0
1;2025-11-16;5;22
1;2025-11-16;6;110
1;2025-11-16;7;257
1;2025-11-16;8;349
1;2025-11-16;9;584
1;2025-11-16;10;656
1;2025-11-16;11;730
1;2025-11-16;12;803
1;2025-11-16;13;829
1;2025-11-16;14;808
1;2025-11-16;15;732
1;2025-11-16;16;692
1;2025-11-16;17;637
1;2025-11-16;18;532
1;2025-11-16;19;450
1;2025-11-16;20;336
1;2025-11-16;21;257
1;2025-11-16;22;116
1;2025-11-16;23;26
1;2025-11-17;0;0
1;2025-11-17;1;0
1;2025-11-17;2;0
1;2025-11-17;3;0
1;2025-11-17;4;0
1;2025-11-17;5;140
1;2025-11-17;6;504
1;2025-11-17;7;1430
1;2025-11-17;8;1874
1;2025-11-17;9;1454
1;2025-11-17;10;1325
1;2025-11-17;11;1311
1;2025-11-17;12;1391
1;2025-11-17;13;1403
1;2025-11-17;14;1377
1;2025-11-17;15;1438
1;2025-11-17;16;1552
1;2025-11-17;17;1832
1;2025-11-17;18;1850
1;2025-11-17;19;1370
1;2025-11-17;20;867
1;2025-11-17;21;458
1;2025-11-17;22;177
1;2025-11-17;23;35
1;2025-11-18;0;3
1;2025-11-18;1;0
1;2025-11-18;2;0
1;2025-11-18;3;0
1;2025-11-18;4;0
1;2025-11-18;5;122
1;2025-11-18;6;516
1;2025-11-18;7;1471
1;2025-11-18;8;1881
1;2025-11-18;9;1484
1;2025-11-18;10;1359
1;2025-11-18;11;1329
1;2025-11-18;12;1392
1;2025-11-18;13;1398
1;2025-11-18;14;1298
1;2025-11-18;15;1402
1;2025-11-18;16;1503
1;2025-11-18;17;1793
1;2025-11-18;18;1788
1;2025-11-18;19;1358
1;2025-11-18;20;849
1;2025-11-18;21;488
1;2025-11-18;22;194
1;2025-11-18;23;35
1;2025-11-19;0;3
1;2025-11-19;1;0
1;2025-11-19;2;0
1;2025-11-19;3;0
1;2025-11-19;4;0
1;2025-11-19;5;141
1;2025-11-19;6;538
1;2025-11-19;7;1426
1;2025-11-19;8;1899
1;2025-11-19;9;1471
1;2025-11-19;10;1370
1;2025-11-19;11;1341
1;2025-11-19;12;1405
1;2025-11-19;13;1431
1;2025-11-19;14;1359
1;2025-11-19;15;1439
1;2025-11-19;16;1517
1;2025-11-19;17;1787
1;2025-11-19;18;1761
1;2025-11-19;19;1340
1;2025-11-19;20;854
1;2025-11-19;21;494
1;2025-11-19;22;214
1;2025-11-19;23;31
1;2025-11-20;0;5
1;2025-11-20;1;0
1;2025-11-20;2;0
1;2025-11-20;3;0
1;2025-11-20;4;0
1;2025-11-20;5;123
1;2025-11-20;6;490
1;2025-11-20;7;1431
1;2025-11-20;8;1874
1;2025-11-20;9;1463
1;2025-11-20;10;1365
1;2025-11-20;11;1342
1;2025-11-20;12;1400
1;2025-11-20;13;1413
1;2025-11-20;14;1359
1;2025-11-20;15;1442
1;2025-11-20;16;1516
1;2025-11-20;17;1783
1;2025-11-20;18;1793
1;2025-11-20;19;1315
1;2025-11-20;20;852
1;2025-11-20;21;468
1;2025-11-20;22;187
1;2025-11-20;23;35
1;2025-11-21;0;4
1;2025-11-21;1;0
1;2025-11-21;2;0
1;2025-11-21;3;0
1;2025-11-21;4;0
1;2025-11-21;5;134
1;2025-11-21;6;491
1;2025-11-21;7;1444
1;2025-11-21;8;1800
1;2025-11-21;9;1438
1;2025-11-21;10;1325
1;2025-11-21;11;1342
1;2025-11-21;12;1375
1;2025-11-21;13;1386
1;2025-11-21;14;1317
1;2025-11-21;15;1427
1;2025-11-21;16;1555
1;2025-11-21;17;1792
1;2025-11-21;18;1528
1;2025-11-21;19;1219
1;2025-11-21;20;811
1;2025-11-21;21;485
1;2025-11-21;22;203
1;2025-11-21;23;36
1;2025-11-22;0;3
1;2025-11-22;1;0
1;2025-11-22;2;0
1;2025-11-22;3;0
1;2025-11-22;4;0
1;2025-11-22;5;39
1;2025-11-22;6;164
1;2025-11-22;7;375
1;2025-11-22;8;535
1;2025-11-22;9;784
1;2025-11-22;10;920
1;2025-11-22;11;952
1;2025-11-22;12;1073
1;2025-11-22;13;1079
1;2025-11-22;14;1066
1;2025-11-22;15;946
1;2025-11-22;16;880
1;2025-11-22;17;796
1;2025-11-22;18;696
1;2025-11-22;19;616
1;2025-11-22;20;456
1;2025-11-22;21;313
1;2025-11-22;22;142
1;2025-11-22;23;29
1;2025-11-23;0;0
1;2025-11-23;1;0
1;2025-11-23;2;0
1;2025-11-23;3;0
1;2025-11-23;4;0
1;2025-11-23;5;22
1;2025-11-23;6;110
1;2025-11-23;7;257
1;2025-11-23;8;349
1;2025-11-23;9;584
1;2025-11-23;10;656
1;2025-11-23;11;730
1;2025-11-23;12;803
1;2025-11-23;13;829
1;2025-11-23;14;808
1;2025-11-23;15;732
1;2025-11-23;16;692
1;2025-11-23;17;637
1;2025-11-23;18;532
1;2025-11-23;19;450
1;2025-11-23;20;336
1;2025-11-23;21;257
1;2025-11-23;22;116
1;2025-11-23;23;26
1;2025-11-24;0;0
1;2025-11-24;1;0
1;2025-11-24;2;0
1;2025-11-24;3;0
1;2025-11-24;4;0
1;2025-11-24;5;140
1;2025-11-24;6;504
1;2025-11-24;7;1430
1;2025-11-24;8;1874
1;2025-11-24;9;1454
1;2025-11-24;10;1325
1;2025-11-24;11;1311
1;2025-11-24;12;1391
1;2025-11-24;13;1403
1;2025-11-24;14;1377
1;2025-11-24;15;1438
1;2025-11-24;16;1552
1;2025-11-24;17;1832
1;2025-11-24;18;1850
1;2025-11-24;19;1370
1;2025-11-24;20;867
1;2025-11-24;21;458
1;2025-11-24;22;177
1;2025-11-24;23;35
1;2025-11-25;0;3
1;2025-11-25;1;0
1;2025-11-25;2;0
1;2025-11-25;3;0
1;2025-11-25;4;0
1;2025-11-25;5;122
1;2025-11-25;6;516
1;2025-11-25;7;1471
1;2025-11-25;8;1881
1;2025-11-25;9;1484
1;2025-11-25;10;1359
1;2025-11-25;11;1329
1;2025-11-25;12;1392
1;2025-11-25;13;1398
1;2025-11-25;14;1298
1;2025-11-25;15;1402
1;2025-11-25;16;1503
1;2025-11-25;17;1793
1;2025-11-25;18;1788
1;2025-11-25;19;1358
1;2025-11-25;20;849
1;2025-11-25;21;488
1;2025-11-25;22;194
1;2025-11-25;23;35
1;2025-11-26;0;3
1;2025-11-26;1;0
1;2025-11-26;2;0
1;2025-11-26;3;0
1;2025-11-26;4;0
1;2025-11-26;5;141
1;2025-11-26;6;538
1;2025-11-26;7;1426
1;2025-11-26;8;1899
1;2025-11-26;9;1471
1;2025-11-26;10;1370
1;2025-11-26;11;1341
1;2025-11-26;12;1405
1;2025-11-26;13;1431
1;2025-11-26;14;1359
1;2025-11-26;15;1439
1;2025-11-26;16;1517
1;2025-11-26;17;1787
1;2025-11-26;18;1761
1;2025-11-26;19;1340
1;2025-11-26;20;854
1;2025-11-26;21;494
1;2025-11-26;22;214
1;2025-11-26;23;31
1;2025-11-27;0;5
1;2025-11-27;1;0
1;2025-11-27;2;0
1;2025-11-27;3;0
1;2025-11-27;4;0
1;2025-11-27;5;123
1;2025-11-27;6;490
1;2025-11-27;7;1431
1;2025-11-27;8;1874
1;2025-11-27;9;1463
1;2025-11-27;10;1365
1;2025-11-27;11;1342
1;2025-11-27;12;1400
1;2025-11-27;13;1413
1;2025-11-27;14;1359
1;2025-11-27;15;1442
1;2025-11-27;16;1516
1;2025-11-27;17;1783
1;2025-11-27;18;1793
1;2025-11-27;19;1315
1;2025-11-27;20;852
1;2025-11-27;21;468
1;2025-11-27;22;187
1;2025-11-27;23;35
1;2025-11-28;0;4
1;2025-11-28;1;0
1;2025-11-28;2;0
1;2025-11-28;3;0
1;2025-11-28;4;0
1;2025-11-28;5;134
1;2025-11-28;6;491
1;2025-11-28;7;1444
1;2025-11-28;8;1800
1;2025-11-28;9;1438
1;2025-11-28;10;1325
1;2025-11-28;11;1342
1;2025-11-28;12;1375
1;2025-11-28;13;1386
1;2025-11-28;14;1317
1;2025-11-28;15;1427
1;2025-11-28;16;1555
1;2025-11-28;17;1792
1;2025-11-28;18;1528
1;2025-11-28;19;1219
1;2025-11-28;20;811
1;2025-11-28;21;485
1;2025-11-28;22;203
1;2025-11-28;23;36
1;2025-11-29;0;3
1;2025-11-29;1;0
1;2025-11-29;2;0
1;2025-11-29;3;0
1;2025-11-29;4;0
1;2025-11-29;5;39
1;2025-11-29;6;164
1;2025-11-29;7;375
1;2025-11-29;8;535
1;2025-11-29;9;784
1;2025-11-29;10;920
1;2025-11-29;11;952
1;2025-11-29;12;1073
1;2025-11-29;13;1079
1;2025-11-29;14;1066
1;2025-11-29;15;946
1;2025-11-29;16;880
1;2025-11-29;17;796
1;2025-11-29;18;696
1;2025-11-29;19;616
1;2025-11-29;20;456
1;2025-11-29;21;313
1;2025-11-29;22;142
1;2025-11-29;23;29
1;2025-11-30;0;0
1;2025-11-30;1;0
1;2025-11-30;2;0
1;2025-11-30;3;0
1;2025-11-30;4;0
1;2025-11-30;5;22
1;2025-11-30;6;110
1;2025-11-30;7;257
1;2025-11-30;8;349
1;2025-11-30;9;584
1;2025-11-30;10;656
1;2025-11-30;11;730
1;2025-11-30;12;803
1;2025-11-30;13;829
1;2025-11-30;14;808
1;2025-11-30;15;732
1;2025-11-30;16;692
1;2025-11-30;17;637
1;2025-11-30;18;532
1;2025-11-30;19;450
1;2025-11-30;20;336
1;2025-11-30;21;257
1;2025-11-30;22;116
1;2025-11-30;23;26
1;2025-12-01;0;0
1;2025-12-01;1;0
1;2025-12-01;2;0
1;2025-12-01;3;0
1;2025-12-01;4;0
1;2025-12-01;5;140
1;2025-12-01;6;504
1;2025-12-01;7;1430
1;2025-12-01;8;1874
1;2025-12-01;9;1454
1;2025-12-01;10;1325
1;2025-12-01;11;1311
1;2025-12-01;12;1391
1;2025-12-01;13;1403
1;2025-12-01;14;1377
1;2025-12-01;15;1438
1;2025-12-01;16;1552
1;2025-12-01;17;1832
1;2025-12-01;18;1850
1;2025-12-01;19;1370
1;2025-12-01;20;867
1;2025-12-01;21;458
1;2025-12-01;22;177
1;2025-12-01;23;35
1;2025-12-02;0;3
1;2025-12-02;1;0
1;2025-12-02;2;0
1;2025-12-02;3;0
1;2025-12-02;4;0
1;2025-12-02;5;122
1;2025-12-02;6;516
1;2025-12-02;7;1471
1;2025-12-02;8;1881
1;2025-12-02;9;1484
1;2025-12-02;10;1359
1;2025-12-02;11;1329
1;2025-12-02;12;1392
1;2025-12-02;13;1398
1;2025-12-02;14;1298
1;2025-12-02;15;1402
1;2025-12-02;16;1503
1;2025-12-02;17;1793
1;2025-12-02;18;1788
1;2025-12-02;19;1358
1;2025-12-02;20;849
1;2025-12-02;21;488
1;2025-12-02;22;194
1;2025-12-02;23;35
1;2025-12-03;0;3
1;2025-12-03;1;0
1;2025-12-03;2;0
1;2025-12-03;3;0
1;2025-12-03;4;0
1;2025-12-03;5;141
1;2025-12-03;6;538
1;2025-12-03;7;1426
1;2025-12-03;8;1898
1;2025-12-03;9;1470
1;2025-12-03;10;1369
1;2025-12-03;11;1341
1;2025-12-03;12;1404
1;2025-12-03;13;1430
1;2025-12-03;14;1358
1;2025-12-03;15;1438
1;2025-12-03;16;1516
1;2025-12-03;17;1786
1;2025-12-03;18;1761
1;2025-12-03;19;1341
1;2025-12-03;20;855
1;2025-12-03;21;495
1;2025-12-03;22;215
1;2025-12-03;23;33
1;2025-12-04;0;5
1;2025-12-04;1;0
1;2025-12-04;2;0
1;2025-12-04;3;0
1;2025-12-04;4;0
1;2025-12-04;5;122
1;2025-12-04;6;487
1;2025-12-04;7;1425
1;2025-12-04;8;1866
1;2025-12-04;9;1456
1;2025-12-04;10;1358
1;2025-12-04;11;1335
1;2025-12-04;12;1393
1;2025-12-04;13;1408
1;2025-12-04;14;1354
1;2025-12-04;15;1441
1;2025-12-04;16;1516
1;2025-12-04;17;1782
1;2025-12-04;18;1795
1;2025-12-04;19;1320
1;2025-12-04;20;859
1;2025-12-04;21;482
1;2025-12-04;22;203
1;2025-12-04;23;51
1;2025-12-05;0;4
1;2025-12-05;1;0
1;2025-12-05;2;0
1;2025-12-05;3;0
1;2025-12-05;4;0
1;2025-12-05;5;133
1;2025-12-05;6;489
1;2025-12-05;7;1436
1;2025-12-05;8;1790
1;2025-12-05;9;1430
1;2025-12-05;10;1318
1;2025-12-05;11;1334
1;2025-12-05;12;1367
1;2025-12-05;13;1380
1;2025-12-05;14;1311
1;2025-12-05;15;1425
1;2025-12-05;16;1552
1;2025-12-05;17;1788
1;2025-12-05;18;1533
1;2025-12-05;19;1225
1;2025-12-05;20;819
1;2025-12-05;21;501
1;2025-12-05;22;220
1;2025-12-05;23;55
1;2025-12-06;0;3
1;2025-12-06;1;0
1;2025-12-06;2;0
1;2025-12-06;3;0
1;2025-12-06;4;0
1;2025-12-06;5;35
1;2025-12-06;6;160
1;2025-12-06;7;370
1;2025-12-06;8;530
1;2025-12-06;9;779
1;2025-12-06;10;914
1;2025-12-06;11;946
1;2025-12-06;12;1067
1;2025-12-06;13;1074
1;2025-12-06;14;1061
1;2025-12-06;15;947
1;2025-12-06;16;882
1;2025-12-06;17;798
1;2025-12-06;18;701
1;2025-12-06;19;622
1;2025-12-06;20;462
1;2025-12-06;21;322
1;2025-12-06;22;152
1;2025-12-06;23;39
1;2025-12-07;0;0
1;2025-12-07;1;0
1;2025-12-07;2;0
1;2025-12-07;3;0
1;2025-12-07;4;0
1;2025-12-07;5;19
1;2025-12-07;6;107
1;2025-12-07;7;254
1;2025-12-07;8;345
1;2025-12-07;9;579
1;2025-12-07;10;651
1;2025-12-07;11;724
1;2025-12-07;12;797
1;2025-12-07;13;824
1;2025-12-07;14;803
1;2025-12-07;15;733
1;2025-12-07;16;693
1;2025-12-07;17;638
1;2025-12-07;18;537
1;2025-12-07;19;455
1;2025-12-07;20;342
1;2025-12-07;21;265
1;2025-12-07;22;125
1;2025-12-07;23;35
1;2025-12-08;0;0
1;2025-12-08;1;0
1;2025-12-08;2;0
1;2025-12-08;3;0
1;2025-12-08;4;0
1;2025-12-08;5;134
1;2025-12-08;6;497
1;2025-12-08;7;1420
1;2025-12-08;8;1862
1;2025-12-08;9;1444
1;2025-12-08;10;1315
1;2025-12-08;11;1301
1;2025-12-08;12;1381
1;2025-12-08;13;1395
1;2025-12-08;14;1369
1;2025-12-08;15;1442
1;2025-12-08;16;1556
1;2025-12-08;17;1835
1;2025-12-08;18;1858
1;2025-12-08;19;1379
1;2025-12-08;20;878
1;2025-12-08;21;476
1;2025-12-08;22;195
1;2025-12-08;23;54
1;2025-12-09;0;3
1;2025-12-09;1;0
1;2025-12-09;2;0
1;2025-12-09;3;0
1;2025-12-09;4;0
1;2025-12-09;5;115
1;2025-12-09;6;509
1;2025-12-09;7;1462
1;2025-12-09;8;1872
1;2025-12-09;9;1474
1;2025-12-09;10;1349
1;2025-12-09;11;1320
1;2025-12-09;12;1382
1;2025-12-09;13;1390
1;2025-12-09;14;1291
1;2025-12-09;15;1405
1;2025-12-09;16;1507
1;2025-12-09;17;1797
1;2025-12-09;18;1796
1;2025-12-09;19;1366
1;2025-12-09;20;858
1;2025-12-09;21;503
1;2025-12-09;22;210
1;2025-12-09;23;52
1;2025-12-10;0;3
1;2025-12-10;1;0
1;2025-12-10;2;0
1;2025-12-10;3;0
1;2025-12-10;4;0
1;2025-12-10;5;134
1;2025-12-10;6;530
1;2025-12-10;7;1416
1;2025-12-10;8;1888
1;2025-12-10;9;1460
1;2025-12-10;10;1359
1;2025-12-10;11;1331
1;2025-12-10;12;1394
1;2025-12-10;13;1422
1;2025-12-10;14;1350
1;2025-12-10;15;1442
1;2025-12-10;16;1521
1;2025-12-10;17;1790
1;2025-12-10;18;1770
1;2025-12-10;19;1350
1;2025-12-10;20;865
1;2025-12-10;21;513
1;2025-12-10;22;233
1;2025-12-10;23;51
1;2025-12-11;0;5
1;2025-12-11;1;0
1;2025-12-11;2;0
1;2025-12-11;3;0
1;2025-12-11;4;0
1;2025-12-11;5;116
1;2025-12-11;6;483
1;2025-12-11;7;1423
1;2025-12-11;8;1865
1;2025-12-11;9;1453
1;2025-12-11;10;1356
1;2025-12-11;11;1333
1;2025-12-11;12;1390
1;2025-12-11;13;1405
1;2025-12-11;14;1351
1;2025-12-11;15;1445
1;2025-12-11;16;1520
1;2025-12-11;17;1787
1;2025-12-11;18;1801
1;2025-12-11;19;1324
1;2025-12-11;20;861
1;2025-12-11;21;484
1;2025-12-11;22;203
1;2025-12-11;23;52
1;2025-12-12;0;4
1;2025-12-12;1;0
1;2025-12-12;2;0
1;2025-12-12;3;0
1;2025-12-12;4;0
1;2025-12-12;5;128
1;2025-12-12;6;484
1;2025-12-12;7;1434
1;2025-12-12;8;1789
1;2025-12-12;9;1428
1;2025-12-12;10;1315
1;2025-12-12;11;1332
1;2025-12-12;12;1365
1;2025-12-12;13;1377
1;2025-12-12;14;1309
1;2025-12-12;15;1429
1;2025-12-12;16;1557
1;2025-12-12;17;1793
1;2025-12-12;18;1538
1;2025-12-12;19;1229
1;2025-12-12;20;822
1;2025-12-12;21;503
1;2025-12-12;22;221
1;2025-12-12;23;55
1;2025-12-13;0;3
1;2025-12-13;1;0
1;2025-12-13;2;0
1;2025-12-13;3;0
1;2025-12-13;4;0
1;2025-12-13;5;35
1;2025-12-13;6;160
1;2025-12-13;7;370
1;2025-12-13;8;530
1;2025-12-13;9;779
1;2025-12-13;10;914
1;2025-12-13;11;946
1;2025-12-13;12;1067
1;2025-12-13;13;1074
1;2025-12-13;14;1061
1;2025-12-13;15;947
1;2025-12-13;16;882
1;2025-12-13;17;798
1;2025-12-13;18;701
1;2025-12-13;19;622
1;2025-12-13;20;462
1;2025-12-13;21;322
1;2025-12-13;22;152
1;2025-12-13;23;39
1;2025-12-14;0;0
1;2025-12-14;1;0
1;2025-12-14;2;0
1;2025-12-14;3;0
1;2025-12-14;4;0
1;2025-12-14;5;19
1;2025-12-14;6;107
1;2025-12-14;7;254
1;2025-12-14;8;345
1;2025-12-14;9;579
1;2025-12-14;10;651
1;2025-12-14;11;724
1;2025-12-14;12;797
1;2025-12-14;13;824
1;2025-12-14;14;803
1;2025-12-14;15;733
1;2025-12-14;16;693
1;2025-12-14;17;638
1;2025-12-14;18;537
1;2025-12-14;19;455
1;2025-12-14;20;342
1;2025-12-14;21;265
1;2025-12-14;22;125
1;2025-12-14;23;35
1;2025-12-15;0;0
1;2025-12-15;1;0
1;2025-12-15;2;0
1;2025-12-15;3;0
1;2025-12-15;4;0
1;2025-12-15;5;134
1;2025-12-15;6;497
1;2025-12-15;7;1420
1;2025-12-15;8;1862
1;2025-12-15;9;1444
1;2025-12-15;10;1315
1;2025-12-15;11;1301
1;2025-12-15;12;1381
1;2025-12-15;13;1395
1;2025-12-15;14;1369
1;2025-12-15;15;1442
1;2025-12-15;16;1556
1;2025-12-15;17;1835
1;2025-12-15;18;1858
1;2025-12-15;19;1379
1;2025-12-15;20;878
1;2025-12-15;21;476
1;2025-12-15;22;195
1;2025-12-15;23;54
1;2025-12-16;0;3
1;2025-12-16;1;0
1;2025-12-16;2;0
1;2025-12-16;3;0
1;2025-12-16;4;0
1;2025-12-16;5;115
1;2025-12-16;6;509
1;2025-12-16;7;1462
1;2025-12-16;8;1872
1;2025-12-16;9;1474
1;2025-12-16;10;1349
1;2025-12-16;11;1320
1;2025-12-16;12;1382
1;2025-12-16;13;1390
1;2025-12-16;14;1291
1;2025-12-16;15;1405
1;2025-12-16;16;1507
1;2025-12-16;17;1797
1;2025-12-16;18;1796
1;2025-12-16;19;1366
1;2025-12-16;20;858
1;2025-12-16;21;503
1;2025-12-16;22;210
1;2025-12-16;23;52
1;2025-12-17;0;3
1;2025-12-17;1;0
1;2025-12-17;2;0
1;2025-12-17;3;0
1;2025-12-17;4;0
1;2025-12-17;5;134
1;2025-12-17;6;530
1;2025-12-17;7;1416
1;2025-12-17;8;1888
1;2025-12-17;9;1460
1;2025-12-17;10;1359
1;2025-12-17;11;1331
1;2025-12-17;12;1394
1;2025-12-17;13;1422
1;2025-12-17;14;1350
1;2025-12-17;15;1442
1;2025-12-17;16;1521
1;2025-12-17;17;1790
1;2025-12-17;18;1770
1;2025-12-17;19;1350
1;2025-12-17;20;865
1;2025-12-17;21;513
1;2025-12-17;22;233
1;2025-12-17;23;51
1;2025-12-18;0;5
1;2025-12-18;1;0
1;2025-12-18;2;0
1;2025-12-18;3;0
1;2025-12-18;4;0
1;2025-12-18;5;116
1;2025-12-18;6;483
1;2025-12-18;7;1423
1;2025-12-18;8;1865
1;2025-12-18;9;1453
1;2025-12-18;10;1356
1;2025-12-18;11;1333
1;2025-12-18;12;1390
1;2025-12-18;13;1405
1;2025-12-18;14;1351
1;2025-12-18;15;1445
1;2025-12-18;16;1520
1;2025-12-18;17;1787
1;2025-12-18;18;1801
1;2025-12-18;19;1324
1;2025-12-18;20;861
1;2025-12-18;21;484
1;2025-12-18;22;203
1;2025-12-18;23;52
1;2025-12-19;0;4
1;2025-12-19;1;0
1;2025-12-19;2;0
1;2025-12-19;3;0
1;2025-12-19;4;0
1;2025-12-19;5;128
1;2025-12-19;6;484
1;2025-12-19;7;1434
1;2025-12-19;8;1789
1;2025-12-19;9;1428
1;2025-12-19;10;1315
1;2025-12-19;11;1332
1;2025-12-19;12;1365
1;2025-12-19;13;1377
1;2025-12-19;14;1309
1;2025-12-19;15;1429
1;2025-12-19;16;1557
1;2025-12-19;17;1793
1;2025-12-19;18;1538
1;2025-12-19;19;1229
1;2025-12-19;20;822
1;2025-12-19;21;503
1;2025-12-19;22;221
1;2025-12-19;23;55
1;2025-12-20;0;3
1;2025-12-20;1;0
1;2025-12-20;2;0
1;2025-12-20;3;0
1;2025-12-20;4;0
1;2025-12-20;5;35
1;2025-12-20;6;160
1;2025-12-20;7;370
1;2025-12-20;8;530
1;2025-12-20;9;779
1;2025-12-20;10;914
1;2025-12-20;11;946
1;2025-12-20;12;1067
1;2025-12-20;13;1074
1;2025-12-20;14;1061
1;2025-12-20;15;947
1;2025-12-20;16;882
1;2025-12-20;17;798
1;2025-12-20;18;701
1;2025-12-20;19;622
1;2025-12-20;20;462
1;2025-12-20;21;322
1;2025-12-20;22;152
1;2025-12-20;23;39
1;2025-12-21;0;0
1;2025-12-21;1;0
1;2025-12-21;2;0
1;2025-12-21;3;0
1;2025-12-21;4;0
1;2025-12-21;5;19
1;2025-12-21;6;107
1;2025-12-21;7;254
1;2025-12-21;8;345
1;2025-12-21;9;579
1;2025-12-21;10;651
1;2025-12-21;11;724
1;2025-12-21;12;797
1;2025-12-21;13;824
1;2025-12-21;14;803
1;2025-12-21;15;733
1;2025-12-21;16;693
1;2025-12-21;17;638
1;2025-12-21;18;537
1;2025-12-21;19;455
1;2025-12-21;20;342
1;2025-12-21;21;265
1;2025-12-21;22;125
1;2025-12-21;23;35
1;2025-12-22;0;0
1;2025-12-22;1;0
1;2025-12-22;2;0
1;2025-12-22;3;0
1;2025-12-22;4;0
1;2025-12-22;5;134
1;2025-12-22;6;497
1;2025-12-22;7;1420
1;2025-12-22;8;1862
1;2025-12-22;9;1444
1;2025-12-22;10;1315
1;2025-12-22;11;1301
1;2025-12-22;12;1381
1;2025-12-22;13;1395
1;2025-12-22;14;1369
1;2025-12-22;15;1442
1;2025-12-22;16;1556
1;2025-12-22;17;1835
1;2025-12-22;18;1858
1;2025-12-22;19;1379
1;2025-12-22;20;878
1;2025-12-22;21;476
1;2025-12-22;22;195
1;2025-12-22;23;54
1;2025-12-23;0;3
1;2025-12-23;1;0
1;2025-12-23;2;0
1;2025-12-23;3;0
1;2025-12-23;4;0
1;2025-12-23;5;115
1;2025-12-23;6;509
1;2025-12-23;7;1462
1;2025-12-23;8;1872
1;2025-12-23;9;1474
1;2025-12-23;10;1349
1;2025-12-23;11;1320
1;2025-12-23;12;1382
1;2025-12-23;13;1390
1;2025-12-23;14;1291
1;2025-12-23;15;1405
1;2025-12-23;16;1507
1;2025-12-23;17;1797
1;2025-12-23;18;1796
1;2025-12-23;19;1366
1;2025-12-23;20;858
1;2025-12-23;21;503
1;2025-12-23;22;210
1;2025-12-23;23;52
1;2025-12-24;0;3
1;2025-12-24;1;0
1;2025-12-24;2;0
1;2025-12-24;3;0
1;2025-12-24;4;0
1;2025-12-24;5;134
1;2025-12-24;6;530
1;2025-12-24;7;1416
1;2025-12-24;8;1888
1;2025-12-24;9;1460
1;2025-12-24;10;1359
1;2025-12-24;11;1331
1;2025-12-24;12;1394
1;2025-12-24;13;1422
1;2025-12-24;14;1350
1;2025-12-24;15;1442
1;2025-12-24;16;1521
1;2025-12-24;17;1790
1;2025-12-24;18;1770
1;2025-12-24;19;1350
1;2025-12-24;20;865
1;2025-12-24;21;513
1;2025-12-24;22;233
1;2025-12-24;23;51
1;2025-12-25;0;5
1;2025-12-25;1;0
1;2025-12-25;2;0
1;2025-12-25;3;0
1;2025-12-25;4;0
1;2025-12-25;5;116
1;2025-12-25;6;483
1;2025-12-25;7;1423
1;2025-12-25;8;1865
1;2025-12-25;9;1453
1;2025-12-25;10;1356
1;2025-12-25;11;1333
1;2025-12-25;12;1390
1;2025-12-25;13;1405
1;2025-12-25;14;1351
1;2025-12-25;15;1445
1;2025-12-25;16;1520
1;2025-12-25;17;1787
1;2025-12-25;18;1801
1;2025-12-25;19;1324
1;2025-12-25;20;861
1;2025-12-25;21;484
1;2025-12-25;22;203
1;2025-12-25;23;52
1;2025-12-26;0;4
1;2025-12-26;1;0
1;2025-12-26;2;0
1;2025-12-26;3;0
1;2025-12-26;4;0
1;2025-12-26;5;128
1;2025-12-26;6;484
1;2025-12-26;7;1434
1;2025-12-26;8;1789
1;2025-12-26;9;1428
1;2025-12-26;10;1315
1;2025-12-26;11;1332
1;2025-12-26;12;1365
1;2025-12-26;13;1377
1;2025-12-26;14;1309
1;2025-12-26;15;1429
1;2025-12-26;16;1557
1;2025-12-26;17;1793
1;2025-12-26;18;1538
1;2025-12-26;19;1229
1;2025-12-26;20;822
1;2025-12-26;21;503
1;2025-12-26;22;221
1;2025-12-26;23;55
1;2025-12-27;0;3
1;2025-12-27;1;0
1;2025-12-27;2;0
1;2025-12-27;3;0
1;2025-12-27;4;0
1;2025-12-27;5;35
1;2025-12-27;6;160
1;2025-12-27;7;370
1;2025-12-27;8;530
1;2025-12-27;9;779
1;2025-12-27;10;914
1;2025-12-27;11;946
1;2025-12-27;12;1067
1;2025-12-27;13;1074
1;2025-12-27;14;1061
1;2025-12-27;15;947
1;2025-12-27;16;882
1;2025-12-27;17;798
1;2025-12-27;18;701
1;2025-12-27;19;622
1;2025-12-27;20;462
1;2025-12-27;21;322
1;2025-12-27;22;152
1;2025-12-27;23;39
1;2025-12-28;0;0
1;2025-12-28;1;0
1;2025-12-28;2;0
1;2025-12-28;3;0
1;2025-12-28;4;0
1;2025-12-28;5;19
1;2025-12-28;6;107
1;2025-12-28;7;254
1;2025-12-28;8;345
1;2025-12-28;9;579
1;2025-12-28;10;651
1;2025-12-28;11;724
1;2025-12-28;12;797
1;2025-12-28;13;824
1;2025-12-28;14;803
1;2025-12-28;15;733
1;2025-12-28;16;693
1;2025-12-28;17;638
1;2025-12-28;18;537
1;2025-12-28;19;455
1;2025-12-28;20;342
1;2025-12-28;21;265
1;2025-12-28;22;125
1;2025-12-28;23;35
1;2025-12-29;0;0
1;2025-12-29;1;0
1;2025-12-29;2;0
1;2025-12-29;3;0
1;2025-12-29;4;0
1;2025-12-29;5;134
1;2025-12-29;6;497
1;2025-12-29;7;1420
1;2025-12-29;8;1862
1;2025-12-29;9;1444
1;2025-12-29;10;1315
1;2025-12-29;11;1301
1;2025-12-29;12;1381
1;2025-12-29;13;1395
1;2025-12-29;14;1369
1;2025-12-29;15;1442
1;2025-12-29;16;1556
1;2025-12-29;17;1835
1;2025-12-29;18;1858
1;2025-12-29;19;1379
1;2025-12-29;20;878
1;2025-12-29;21;476
1;2025-12-29;22;195
1;2025-12-29;23;54
1;2025-12-30;0;3
1;2025-12-30;1;0
1;2025-12-30;2;0
1;2025-12-30;3;0
1;2025-12-30;4;0
1;2025-12-30;5;114
1;2025-12-30;6;508
1;2025-12-30;7;1466
1;2025-12-30;8;1878
1;2025-12-30;9;1485
1;2025-12-30;10;1359
1;2025-12-30;11;1332
1;2025-12-30;12;1394
1;2025-12-30;13;1407
1;2025-12-30;14;1315
1;2025-12-30;15;1429
1;2025-12-30;16;1531
1;2025-12-30;17;1766
1;2025-12-30;18;1750
1;2025-12-30;19;1321
1;2025-12-30;20;848
1;2025-12-30;21;499
1;2025-12-30;22;209
1;2025-12-30;23;51
1;2025-12-31;0;0
1;2025-12-31;1;0
1;2025-12-31;2;0
1;2025-12-31;3;0
1;2025-12-31;4;0
1;2025-12-31;5;20
1;2025-12-31;6;110
1;2025-12-31;7;246
1;2025-12-31;8;325
1;2025-12-31;9;578
1;2025-12-31;10;653
1;2025-12-31;11;725
1;2025-12-31;12;795
1;2025-12-31;13;804
1;2025-12-31;14;793
1;2025-12-31;15;710
1;2025-12-31;16;682
1;2025-12-31;17;647
1;2025-12-31;18;543
1;2025-12-31;19;473
1;2025-12-31;20;351
1;2025-12-31;21;277
1;2025-12-31;22;129
1;2025-12-31;23;38
5;2025-11-01;0;0
5;2025-11-01;1;0
5;2025-11-01;2;0
5;2025-11-01;3;0
5;2025-11-01;4;0
5;2025-11-01;5;0
5;2025-11-01;6;0
5;2025-11-01;7;0
5;2025-11-01;8;0
5;2025-11-01;9;0
5;2025-11-01;10;0
5;2025-11-01;11;0
5;2025-11-01;12;0
5;2025-11-01;13;0
5;2025-11-01;14;0
5;2025-11-01;15;0
5;2025-11-01;16;0
5;2025-11-01;17;0
5;2025-11-01;18;0
5;2025-11-01;19;0
5;2025-11-01;20;0
5;2025-11-01;21;0
5;2025-11-01;22;0
5;2025-11-01;23;0
5;2025-11-02;0;0
5;2025-11-02;1;0
5;2025-11-02;2;0
5;2025-11-02;3;0
5;2025-11-02;4;0
5;2025-11-02;5;0
5;2025-11-02;6;0
5;2025-11-02;7;0
5;2025-11-02;8;0
5;2025-11-02;9;0
5;2025-11-02;10;0
5;2025-11-02;11;0
5;2025-11-02;12;0
5;2025-11-02;13;0
5;2025-11-02;14;0
5;2025-11-02;15;0
5;2025-11-02;16;0
5;2025-11-02;17;0
5;2025-11-02;18;0
5;2025-11-02;19;0
5;2025-11-02;20;0
5;2025-11-02;21;0
5;2025-11-02;22;0
5;2025-11-02;23;0
5;2025-11-03;0;0
5;2025-11-03;1;0
5;2025-11-03;2;0
5;2025-11-03;3;0
5;2025-11-03;4;0
5;2025-11-03;5;0
5;2025-11-03;6;0
5;2025-11-03;7;0
5;2025-11-03;8;0
5;2025-11-03;9;0
5;2025-11-03;10;0
5;2025-11-03;11;0
5;2025-11-03;12;0
5;2025-11-03;13;0
5;2025-11-03;14;0
5;2025-11-03;15;0
5;2025-11-03;16;0
5;2025-11-03;17;0
5;2025-11-03;18;0
5;2025-11-03;19;0
5;2025-11-03;20;0
5;2025-11-03;21;0
5;2025-11-03;22;0
5;2025-11-03;23;0
5;2025-11-04;0;0
5;2025-11-04;1;0
5;2025-11-04;2;0
5;2025-11-04;3;0
5;2025-11-04;4;0
5;2025-11-04;5;0
5;2025-11-04;6;0
5;2025-11-04;7;0
5;2025-11-04;8;0
5;2025-11-04;9;0
5;2025-11-04;10;0
5;2025-11-04;11;0
5;2025-11-04;12;0
5;2025-11-04;13;0
5;2025-11-04;14;0
5;2025-11-04;15;0
5;2025-11-04;16;0
5;2025-11-04;17;0
5;2025-11-04;18;0
5;2025-11-04;19;0
5;2025-11-04;20;0
5;2025-11-04;21;0
5;2025-11-04;22;0
5;2025-11-04;23;0
5;2025-11-05;0;0
5;2025-11-05;1;0
5;2025-11-05;2;0
5;2025-11-05;3;0
5;2025-11-05;4;0
5;2025-11-05;5;0
5;2025-11-05;6;0
5;2025-11-05;7;0
5;2025-11-05;8;0
5;2025-11-05;9;0
5;2025-11-05;10;0
5;2025-11-05;11;0
5;2025-11-05;12;0
5;2025-11-05;13;0
5;2025-11-05;14;0
5;2025-11-05;15;0
5;2025-11-05;16;0
5;2025-11-05;17;0
5;2025-11-05;18;0
5;2025-11-05;19;0
5;2025-11-05;20;0
5;2025-11-05;21;0
5;2025-11-05;22;0
5;2025-11-05;23;0
5;2025-11-06;0;0
5;2025-11-06;1;0
5;2025-11-06;2;0
5;2025-11-06;3;0
5;2025-11-06;4;0
5;2025-11-06;5;0
5;2025-11-06;6;0
5;2025-11-06;7;0
5;2025-11-06;8;0
5;2025-11-06;9;0
5;2025-11-06;10;0
5;2025-11-06;11;0
5;2025-11-06;12;0
5;2025-11-06;13;0
5;2025-11-06;14;0
5;2025-11-06;15;0
5;2025-11-06;16;0
5;2025-11-06;17;0
5;2025-11-06;18;0
5;2025-11-06;19;0
5;2025-11-06;20;0
5;2025-11-06;21;0
5;2025-11-06;22;0
5;2025-11-06;23;0
5;2025-11-07;0;0
5;2025-11-07;1;0
5;2025-11-07;2;0
5;2025-11-07;3;0
5;2025-11-07;4;0
5;2025-11-07;5;0
5;2025-11-07;6;0
5;2025-11-07;7;0
5;2025-11-07;8;0
5;2025-11-07;9;0
5;2025-11-07;10;0
5;2025-11-07;11;0
5;2025-11-07;12;0
5;2025-11-07;13;0
5;2025-11-07;14;0
5;2025-11-07;15;0
5;2025-11-07;16;0
5;2025-11-07;17;0
5;2025-11-07;18;0
5;2025-11-07;19;0
5;2025-11-07;20;0
5;2025-11-07;21;0
5;2025-11-07;22;0
5;2025-11-07;23;0
5;2025-11-08;0;0
5;2025-11-08;1;0
5;2025-11-08;2;0
5;2025-11-08;3;0
5;2025-11-08;4;0
5;2025-11-08;5;0
5;2025-11-08;6;0
5;2025-11-08;7;0
5;2025-11-08;8;0
5;2025-11-08;9;0
5;2025-11-08;10;0
5;2025-11-08;11;0
5;2025-11-08;12;0
5;2025-11-08;13;0
5;2025-11-08;14;0
5;2025-11-08;15;0
5;2025-11-08;16;0
5;2025-11-08;17;0
5;2025-11-08;18;0
5;2025-11-08;19;0
5;2025-11-08;20;0
5;2025-11-08;21;0
5;2025-11-08;22;0
5;2025-11-08;23;0
5;2025-11-09;0;0
5;2025-11-09;1;0
5;2025-11-09;2;0
5;2025-11-09;3;0
5;2025-11-09;4;0
5;2025-11-09;5;0
5;2025-11-09;6;0
5;2025-11-09;7;0
5;2025-11-09;8;0
5;2025-11-09;9;0
5;2025-11-09;10;0
5;2025-11-09;11;0
5;2025-11-09;12;0
5;2025-11-09;13;0
5;2025-11-09;14;0
5;2025-11-09;15;0
5;2025-11-09;16;0
5;2025-11-09;17;0
5;2025-11-09;18;0
5;2025-11-09;19;0
5;2025-11-09;20;0
5;2025-11-09;21;0
5;2025-11-09;22;0
5;2025-11-09;23;0
5;2025-11-10;0;0
5;2025-11-10;1;0
5;2025-11-10;2;0
5;2025-11-10;3;0
5;2025-11-10;4;0
5;2025-11-10;5;0
5;2025-11-10;6;0
5;2025-11-10;7;0
5;2025-11-10;8;0
5;2025-11-10;9;0
5;2025-11-10;10;0
5;2025-11-10;11;0
5;2025-11-10;12;0
5;2025-11-10;13;0
5;2025-11-10;14;0
5;2025-11-10;15;0
5;2025-11-10;16;0
5;2025-11-10;17;0
5;2025-11-10;18;0
5;2025-11-10;19;0
5;2025-11-10;20;0
5;2025-11-10;21;0
5;2025-11-10;22;0
5;2025-11-10;23;0
5;2025-11-11;0;0
5;2025-11-11;1;0
5;2025-11-11;2;0
5;2025-11-11;3;0
5;2025-11-11;4;0
5;2025-11-11;5;0
5;2025-11-11;6;0
5;2025-11-11;7;0
5;2025-11-11;8;0
5;2025-11-11;9;0
5;2025-11-11;10;0
5;2025-11-11;11;0
5;2025-11-11;12;0
5;2025-11-11;13;0
5;2025-11-11;14;0
5;2025-11-11;15;0
5;2025-11-11;16;0
5;2025-11-11;17;0
5;2025-11-11;18;0
5;2025-11-11;19;0
5;2025-11-11;20;0
5;2025-11-11;21;0
5;2025-11-11;22;0
5;2025-11-11;23;0
5;2025-11-12;0;0
5;2025-11-12;1;0
5;2025-11-12;2;0
5;2025-11-12;3;0
5;2025-11-12;4;0
5;2025-11-12;5;0
5;2025-11-12;6;0
5;2025-11-12;7;0
5;2025-11-12;8;0
5;2025-11-12;9;0
5;2025-11-12;10;0
5;2025-11-12;11;0
5;2025-11-12;12;0
5;2025-11-12;13;0
5;2025-11-12;14;0
5;2025-11-12;15;0
5;2025-11-12;16;0
5;2025-11-12;17;0
5;2025-11-12;18;0
5;2025-11-12;19;0
5;2025-11-12;20;0
5;2025-11-12;21;0
5;2025-11-12;22;0
5;2025-11-12;23;0
5;2025-11-13;0;0
5;2025-11-13;1;0
5;2025-11-13;2;0
5;2025-11-13;3;0
5;2025-11-13;4;0
5;2025-11-13;5;0
5;2025-11-13;6;0
5;2025-11-13;7;0
5;2025-11-13;8;0
5;2025-11-13;9;0
5;2025-11-13;10;0
5;2025-11-13;11;0
5;2025-11-13;12;0
5;2025-11-13;13;0
5;2025-11-13;14;0
5;2025-11-13;15;0
5;2025-11-13;16;0
5;2025-11-13;17;0
5;2025-11-13;18;0
5;2025-11-13;19;0
5;2025-11-13;20;0
5;2025-11-13;21;0
5;2025-11-13;22;0
5;2025-11-13;23;0
5;2025-11-14;0;0
5;2025-11-14;1;0
5;2025-11-14;2;0
5;2025-11-14;3;0
5;2025-11-14;4;0
5;2025-11-14;5;0
5;2025-11-14;6;0
5;2025-11-14;7;0
5;2025-11-14;8;0
5;2025-11-14;9;0
5;2025-11-14;10;0
5;2025-11-14;11;0
5;2025-11-14;12;0
5;2025-11-14;13;0
5;2025-11-14;14;0
5;2025-11-14;15;0
5;2025-11-14;16;0
5;2025-11-14;17;0
5;2025-11-14;18;0
5;2025-11-14;19;0
5;2025-11-14;20;0
5;2025-11-14;21;0
5;2025-11-14;22;0
5;2025-11-14;23;0
5;2025-11-15;0;0
5;2025-11-15;1;0
5;2025-11-15;2;0
5;2025-11-15;3;0
5;2025-11-15;4;0
5;2025-11-15;5;0
5;2025-11-15;6;0
5;2025-11-15;7;0
5;2025-11-15;8;0
5;2025-11-15;9;0
5;2025-11-15;10;0
5;2025-11-15;11;0
5;2025-11-15;12;0
5;2025-11-15;13;0
5;2025-11-15;14;0
5;2025-11-15;15;0
5;2025-11-15;16;0
5;2025-11-15;17;0
5;2025-11-15;18;0
5;2025-11-15;19;0
5;2025-11-15;20;0
5;2025-11-15;21;0
5;2025-11-15;22;0
5;2025-11-15;23;0
5;2025-11-16;0;0
5;2025-11-16;1;0
5;2025-11-16;2;0
5;2025-11-16;3;0
5;2025-11-16;4;0
5;2025-11-16;5;0
5;2025-11-16;6;0
5;2025-11-16;7;0
5;2025-11-16;8;0
5;2025-11-16;9;0
5;2025-11-16;10;0
5;2025-11-16;11;0
5;2025-11-16;12;0
5;2025-11-16;13;0
5;2025-11-16;14;0
5;2025-11-16;15;0
5;2025-11-16;16;0
5;2025-11-16;17;0
5;2025-11-16;18;0
5;2025-11-16;19;0
5;2025-11-16;20;0
5;2025-11-16;21;0
5;2025-11-16;22;0
5;2025-11-16;23;0
5;2025-11-17;0;0
5;2025-11-17;1;0
5;2025-11-17;2;0
5;2025-11-17;3;0
5;2025-11-17;4;0
5;2025-11-17;5;0
5;2025-11-17;6;0
5;2025-11-17;7;0
5;2025-11-17;8;0
5;2025-11-17;9;0
5;2025-11-17;10;0
5;2025-11-17;11;0
5;2025-11-17;12;0
5;2025-11-17;13;0
5;2025-11-17;14;0
5;2025-11-17;15;0
5;2025-11-17;16;0
5;2025-11-17;17;0
5;2025-11-17;18;0
5;2025-11-17;19;0
5;2025-11-17;20;0
5;2025-11-17;21;0
5;2025-11-17;22;0
5;2025-11-17;23;0
5;2025-11-18;0;0
5;2025-11-18;1;0
5;2025-11-18;2;0
5;2025-11-18;3;0
5;2025-11-18;4;0
5;2025-11-18;5;0
5;2025-11-18;6;0
5;2025-11-18;7;0
5;2025-11-18;8;0
5;2025-11-18;9;0
5;2025-11-18;10;0
5;2025-11-18;11;0
5;2025-11-18;12;0
5;2025-11-18;13;0
5;2025-11-18;14;0
5;2025-11-18;15;0
5;2025-11-18;16;0
5;2025-11-18;17;0
5;2025-11-18;18;0
5;2025-11-18;19;0
5;2025-11-18;20;0
5;2025-11-18;21;0
5;2025-11-18;22;0
5;2025-11-18;23;0
5;2025-11-19;0;0
5;2025-11-19;1;0
5;2025-11-19;2;0
5;2025-11-19;3;0
5;2025-11-19;4;0
5;2025-11-19;5;0
5;2025-11-19;6;0
5;2025-11-19;7;0
5;2025-11-19;8;0
5;2025-11-19;9;0
5;2025-11-19;10;0
5;2025-11-19;11;0
5;2025-11-19;12;0
5;2025-11-19;13;0
5;2025-11-19;14;0
5;2025-11-19;15;0
5;2025-11-19;16;0
5;2025-11-19;17;0
5;2025-11-19;18;0
5;2025-11-19;19;0
5;2025-11-19;20;0
5;2025-11-19;21;0
5;2025-11-19;22;0
5;2025-11-19;23;0
5;2025-11-20;0;0
5;2025-11-20;1;0
5;2025-11-20;2;0
5;2025-11-20;3;0
5;2025-11-20;4;0
5;2025-11-20;5;0
5;2025-11-20;6;0
5;2025-11-20;7;0
5;2025-11-20;8;0
5;2025-11-20;9;0
5;2025-11-20;10;0
5;2025-11-20;11;0
5;2025-11-20;12;0
5;2025-11-20;13;0
5;2025-11-20;14;0
5;2025-11-20;15;0
5;2025-11-20;16;0
5;2025-11-20;17;0
5;2025-11-20;18;0
5;2025-11-20;19;0
5;2025-11-20;20;0
5;2025-11-20;21;0
5;2025-11-20;22;0
5;2025-11-20;23;0
5;2025-11-21;0;0
5;2025-11-21;1;0
5;2025-11-21;2;0
5;2025-11-21;3;0
5;2025-11-21;4;0
5;2025-11-21;5;0
5;2025-11-21;6;0
5;2025-11-21;7;0
5;2025-11-21;8;0
5;2025-11-21;9;0
5;2025-11-21;10;0
5;2025-11-21;11;0
5;2025-11-21;12;0
5;2025-11-21;13;0
5;2025-11-21;14;0
5;2025-11-21;15;0
5;2025-11-21;16;0
5;2025-11-21;17;0
5;2025-11-21;18;0
5;2025-11-21;19;0
5;2025-11-21;20;0
5;2025-11-21;21;0
5;2025-11-21;22;0
5;2025-11-21;23;0
5;2025-11-22;0;0
5;2025-11-22;1;0
5;2025-11-22;2;0
5;2025-11-22;3;0
5;2025-11-22;4;0
5;2025-11-22;5;0
5;2025-11-22;6;0
5;2025-11-22;7;0
5;2025-11-22;8;0
5;2025-11-22;9;0
5;2025-11-22;10;0
5;2025-11-22;11;0
5;2025-11-22;12;0
5;2025-11-22;13;0
5;2025-11-22;14;0
5;2025-11-22;15;0
5;2025-11-22;16;0
5;2025-11-22;17;0
5;2025-11-22;18;0
5;2025-11-22;19;0
5;2025-11-22;20;0
5;2025-11-22;21;0
5;2025-11-22;22;0
5;2025-11-22;23;0
5;2025-11-23;0;0
5;2025-11-23;1;0
5;2025-11-23;2;0
5;2025-11-23;3;0
5;2025-11-23;4;0
5;2025-11-23;5;0
5;2025-11-23;6;0
5;2025-11-23;7;0
5;2025-11-23;8;0
5;2025-11-23;9;0
5;2025-11-23;10;0
5;2025-11-23;11;0
5;2025-11-23;12;0
5;2025-11-23;13;0
5;2025-11-23;14;0
5;2025-11-23;15;0
5;2025-11-23;16;0
5;2025-11-23;17;0
5;2025-11-23;18;0
5;2025-11-23;19;0
5;2025-11-23;20;0
5;2025-11-23;21;0
5;2025-11-23;22;0
5;2025-11-23;23;0
5;2025-11-24;0;0
5;2025-11-24;1;0
5;2025-11-24;2;0
5;2025-11-24;3;0
5;2025-11-24;4;0
5;2025-11-24;5;0
5;2025-11-24;6;0
5;2025-11-24;7;0
5;2025-11-24;8;0
5;2025-11-24;9;0
5;2025-11-24;10;0
5;2025-11-24;11;0
5;2025-11-24;12;0
5;2025-11-24;13;0
5;2025-11-24;14;0
5;2025-11-24;15;0
5;2025-11-24;16;0
5;2025-11-24;17;0
5;2025-11-24;18;0
5;2025-11-24;19;0
5;2025-11-24;20;0
5;2025-11-24;21;0
5;2025-11-24;22;0
5;2025-11-24;23;0
5;2025-11-25;0;0
5;2025-11-25;1;0
5;2025-11-25;2;0
5;2025-11-25;3;0
5;2025-11-25;4;0
5;2025-11-25;5;0
5;2025-11-25;6;0
5;2025-11-25;7;0
5;2025-11-25;8;0
5;2025-11-25;9;0
5;2025-11-25;10;0
5;2025-11-25;11;0
5;2025-11-25;12;0
5;2025-11-25;13;0
5;2025-11-25;14;0
5;2025-11-25;15;0
5;2025-11-25;16;0
5;2025-11-25;17;0
5;2025-11-25;18;0
5;2025-11-25;19;0
5;2025-11-25;20;0
5;2025-11-25;21;0
5;2025-11-25;22;0
5;2025-11-25;23;0
5;2025-11-26;0;0
5;2025-11-26;1;0
5;2025-11-26;2;0
5;2025-11-26;3;0
5;2025-11-26;4;0
5;2025-11-26;5;0
5;2025-11-26;6;0
5;2025-11-26;7;0
5;2025-11-26;8;0
5;2025-11-26;9;0
5;2025-11-26;10;0
5;2025-11-26;11;0
5;2025-11-26;12;0
5;2025-11-26;13;0
5;2025-11-26;14;0
5;2025-11-26;15;0
5;2025-11-26;16;0
5;2025-11-26;17;0
5;2025-11-26;18;0
5;2025-11-26;19;0
5;2025-11-26;20;0
5;2025-11-26;21;0
5;2025-11-26;22;0
5;2025-11-26;23;0
5;2025-11-27;0;0
5;2025-11-27;1;0
5;2025-11-27;2;0
5;2025-11-27;3;0
5;2025-11-27;4;0
5;2025-11-27;5;0
5;2025-11-27;6;0
5;2025-11-27;7;0
5;2025-11-27;8;0
5;2025-11-27;9;0
5;2025-11-27;10;0
5;2025-11-27;11;0
5;2025-11-27;12;0
5;2025-11-27;13;0
5;2025-11-27;14;0
5;2025-11-27;15;0
5;2025-11-27;16;0
5;2025-11-27;17;0
5;2025-11-27;18;0
5;2025-11-27;19;0
5;2025-11-27;20;0
5;2025-11-27;21;0
5;2025-11-27;22;0
5;2025-11-27;23;0
5;2025-11-28;0;0
5;2025-11-28;1;0
5;2025-11-28;2;0
5;2025-11-28;3;0
5;2025-11-28;4;0
5;2025-11-28;5;0
5;2025-11-28;6;0
5;2025-11-28;7;0
5;2025-11-28;8;0
5;2025-11-28;9;0
5;2025-11-28;10;0
5;2025-11-28;11;0
5;2025-11-28;12;0
5;2025-11-28;13;0
5;2025-11-28;14;0
5;2025-11-28;15;0
5;2025-11-28;16;0
5;2025-11-28;17;0
5;2025-11-28;18;0
5;2025-11-28;19;0
5;2025-11-28;20;0
5;2025-11-28;21;0
5;2025-11-28;22;0
5;2025-11-28;23;0
5;2025-11-29;0;0
5;2025-11-29;1;0
5;2025-11-29;2;0
5;2025-11-29;3;0
5;2025-11-29;4;0
5;2025-11-29;5;0
5;2025-11-29;6;0
5;2025-11-29;7;0
5;2025-11-29;8;0
5;2025-11-29;9;0
5;2025-11-29;10;0
5;2025-11-29;11;0
5;2025-11-29;12;0
5;2025-11-29;13;0
5;2025-11-29;14;0
5;2025-11-29;15;0
5;2025-11-29;16;0
5;2025-11-29;17;0
5;2025-11-29;18;0
5;2025-11-29;19;0
5;2025-11-29;20;0
5;2025-11-29;21;0
5;2025-11-29;22;0
5;2025-11-29;23;0
5;2025-11-30;0;0
5;2025-11-30;1;0
5;2025-11-30;2;0
5;2025-11-30;3;0
5;2025-11-30;4;0
5;2025-11-30;5;0
5;2025-11-30;6;0
5;2025-11-30;7;0
5;2025-11-30;8;0
5;2025-11-30;9;0
5;2025-11-30;10;0
5;2025-11-30;11;0
5;2025-11-30;12;0
5;2025-11-30;13;0
5;2025-11-30;14;0
5;2025-11-30;15;0
5;2025-11-30;16;0
5;2025-11-30;17;0
5;2025-11-30;18;0
5;2025-11-30;19;0
5;2025-11-30;20;0
5;2025-11-30;21;0
5;2025-11-30;22;0
5;2025-11-30;23;0
5;2025-12-01;0;0
5;2025-12-01;1;0
5;2025-12-01;2;0
5;2025-12-01;3;0
5;2025-12-01;4;0
5;2025-12-01;5;0
5;2025-12-01;6;0
5;2025-12-01;7;0
5;2025-12-01;8;0
5;2025-12-01;9;0
5;2025-12-01;10;0
5;2025-12-01;11;0
5;2025-12-01;12;0
5;2025-12-01;13;0
5;2025-12-01;14;0
5;2025-12-01;15;0
5;2025-12-01;16;0
5;2025-12-01;17;0
5;2025-12-01;18;0
5;2025-12-01;19;0
5;2025-12-01;20;0
5;2025-12-01;21;0
5;2025-12-01;22;0
5;2025-12-01;23;0
5;2025-12-02;0;0
5;2025-12-02;1;0
5;2025-12-02;2;0
5;2025-12-02;3;0
5;2025-12-02;4;0
5;2025-12-02;5;0
5;2025-12-02;6;0
5;2025-12-02;7;0
5;2025-12-02;8;0
5;2025-12-02;9;0
5;2025-12-02;10;0
5;2025-12-02;11;0
5;2025-12-02;12;0
5;2025-12-02;13;0
5;2025-12-02;14;0
5;2025-12-02;15;0
5;2025-12-02;16;0
5;2025-12-02;17;0
5;2025-12-02;18;0
5;2025-12-02;19;0
5;2025-12-02;20;0
5;2025-12-02;21;0
5;2025-12-02;22;0
5;2025-12-02;23;0
5;2025-12-03;0;0
5;2025-12-03;1;0
5;2025-12-03;2;0
5;2025-12-03;3;0
5;2025-12-03;4;0
5;2025-12-03;5;0
5;2025-12-03;6;0
5;2025-12-03;7;0
5;2025-12-03;8;0
5;2025-12-03;9;0
5;2025-12-03;10;0
5;2025-12-03;11;0
5;2025-12-03;12;0
5;2025-12-03;13;0
5;2025-12-03;14;0
5;2025-12-03;15;0
5;2025-12-03;16;0
5;2025-12-03;17;0
5;2025-12-03;18;0
5;2025-12-03;19;0
5;2025-12-03;20;0
5;2025-12-03;21;0
5;2025-12-03;22;0
5;2025-12-03;23;0
5;2025-12-04;0;0
5;2025-12-04;1;0
5;2025-12-04;2;0
5;2025-12-04;3;0
5;2025-12-04;4;0
5;2025-12-04;5;0
5;2025-12-04;6;0
5;2025-12-04;7;0
5;2025-12-04;8;0
5;2025-12-04;9;0
5;2025-12-04;10;0
5;2025-12-04;11;0
5;2025-12-04;12;0
5;2025-12-04;13;0
5;2025-12-04;14;0
5;2025-12-04;15;0
5;2025-12-04;16;0
5;2025-12-04;17;0
5;2025-12-04;18;0
5;2025-12-04;19;0
5;2025-12-04;20;0
5;2025-12-04;21;0
5;2025-12-04;22;0
5;2025-12-04;23;0
5;2025-12-05;0;0
5;2025-12-05;1;0
5;2025-12-05;2;0
5;2025-12-05;3;0
5;2025-12-05;4;0
5;2025-12-05;5;0
5;2025-12-05;6;0
5;2025-12-05;7;0
5;2025-12-05;8;0
5;2025-12-05;9;0
5;2025-12-05;10;0
5;2025-12-05;11;0
5;2025-12-05;12;0
5;2025-12-05;13;0
5;2025-12-05;14;0
5;2025-12-05;15;0
5;2025-12-05;16;0
5;2025-12-05;17;0
5;2025-12-05;18;0
5;2025-12-05;19;0
5;2025-12-05;20;0
5;2025-12-05;21;0
5;2025-12-05;22;0
5;2025-12-05;23;0
5;2025-12-06;0;0
5;2025-12-06;1;0
5;2025-12-06;2;0
5;2025-12-06;3;0
5;2025-12-06;4;0
5;2025-12-06;5;0
5;2025-12-06;6;0
5;2025-12-06;7;0
5;2025-12-06;8;0
5;2025-12-06;9;0
5;2025-12-06;10;0
5;2025-12-06;11;0
5;2025-12-06;12;0
5;2025-12-06;13;0
5;2025-12-06;14;0
5;2025-12-06;15;0
5;2025-12-06;16;0
5;2025-12-06;17;0
5;2025-12-06;18;0
5;2025-12-06;19;0
5;2025-12-06;20;0
5;2025-12-06;21;0
5;2025-12-06;22;0
5;2025-12-06;23;0
5;2025-12-07;0;0
5;2025-12-07;1;0
5;2025-12-07;2;0
5;2025-12-07;3;0
5;2025-12-07;4;0
5;2025-12-07;5;0
5;2025-12-07;6;0
5;2025-12-07;7;0
5;2025-12-07;8;0
5;2025-12-07;9;0
5;2025-12-07;10;0
5;2025-12-07;11;0
5;2025-12-07;12;0
5;2025-12-07;13;0
5;2025-12-07;14;0
5;2025-12-07;15;0
5;2025-12-07;16;0
5;2025-12-07;17;0
5;2025-12-07;18;0
5;2025-12-07;19;0
5;2025-12-07;20;0
5;2025-12-07;21;0
5;2025-12-07;22;0
5;2025-12-07;23;0
5;2025-12-08;0;0
5;2025-12-08;1;0
5;2025-12-08;2;0
5;2025-12-08;3;0
5;2025-12-08;4;0
5;2025-12-08;5;0
5;2025-12-08;6;0
5;2025-12-08;7;0
5;2025-12-08;8;0
5;2025-12-08;9;0
5;2025-12-08;10;0
5;2025-12-08;11;0
5;2025-12-08;12;0
5;2025-12-08;13;0
5;2025-12-08;14;0
5;2025-12-08;15;0
5;2025-12-08;16;0
5;2025-12-08;17;0
5;2025-12-08;18;0
5;2025-12-08;19;0
5;2025-12-08;20;0
5;2025-12-08;21;0
5;2025-12-08;22;0
5;2025-12-08;23;0
5;2025-12-09;0;0
5;2025-12-09;1;0
5;2025-12-09;2;0
5;2025-12-09;3;0
5;2025-12-09;4;0
5;2025-12-09;5;0
5;2025-12-09;6;0
5;2025-12-09;7;0
5;2025-12-09;8;0
5;2025-12-09;9;0
5;2025-12-09;10;0
5;2025-12-09;11;0
5;2025-12-09;12;0
5;2025-12-09;13;0
5;2025-12-09;14;0
5;2025-12-09;15;0
5;2025-12-09;16;0
5;2025-12-09;17;0
5;2025-12-09;18;0
5;2025-12-09;19;0
5;2025-12-09;20;0
5;2025-12-09;21;0
5;2025-12-09;22;0
5;2025-12-09;23;0
5;2025-12-10;0;0
5;2025-12-10;1;0
5;2025-12-10;2;0
5;2025-12-10;3;0
5;2025-12-10;4;0
5;2025-12-10;5;0
5;2025-12-10;6;0
5;2025-12-10;7;0
5;2025-12-10;8;0
5;2025-12-10;9;0
5;2025-12-10;10;0
5;2025-12-10;11;0
5;2025-12-10;12;0
5;2025-12-10;13;0
5;2025-12-10;14;0
5;2025-12-10;15;0
5;2025-12-10;16;0
5;2025-12-10;17;0
5;2025-12-10;18;0
5;2025-12-10;19;0
5;2025-12-10;20;0
5;2025-12-10;21;0
5;2025-12-10;22;0
5;2025-12-10;23;0
5;2025-12-11;0;0
5;2025-12-11;1;0
5;2025-12-11;2;0
5;2025-12-11;3;0
5;2025-12-11;4;0
5;2025-12-11;5;0
5;2025-12-11;6;0
5;2025-12-11;7;0
5;2025-12-11;8;0
5;2025-12-11;9;0
5;2025-12-11;10;0
5;2025-12-11;11;0
5;2025-12-11;12;0
5;2025-12-11;13;0
5;2025-12-11;14;0
5;2025-12-11;15;0
5;2025-12-11;16;0
5;2025-12-11;17;0
5;2025-12-11;18;0
5;2025-12-11;19;0
5;2025-12-11;20;0
5;2025-12-11;21;0
5;2025-12-11;22;0
5;2025-12-11;23;0
5;2025-12-12;0;0
5;2025-12-12;1;0
5;2025-12-12;2;0
5;2025-12-12;3;0
5;2025-12-12;4;0
5;2025-12-12;5;0
5;2025-12-12;6;0
5;2025-12-12;7;0
5;2025-12-12;8;0
5;2025-12-12;9;0
5;2025-12-12;10;0
5;2025-12-12;11;0
5;2025-12-12;12;0
5;2025-12-12;13;0
5;2025-12-12;14;0
5;2025-12-12;15;0
5;2025-12-12;16;0
5;2025-12-12;17;0
5;2025-12-12;18;0
5;2025-12-12;19;0
5;2025-12-12;20;0
5;2025-12-12;21;0
5;2025-12-12;22;0
5;2025-12-12;23;0
5;2025-12-13;0;0
5;2025-12-13;1;0
5;2025-12-13;2;0
5;2025-12-13;3;0
5;2025-12-13;4;0
5;2025-12-13;5;0
5;2025-12-13;6;0
5;2025-12-13;7;0
5;2025-12-13;8;0
5;2025-12-13;9;0
5;2025-12-13;10;0
5;2025-12-13;11;0
5;2025-12-13;12;0
5;2025-12-13;13;0
5;2025-12-13;14;0
5;2025-12-13;15;0
5;2025-12-13;16;0
5;2025-12-13;17;0
5;2025-12-13;18;0
5;2025-12-13;19;0
5;2025-12-13;20;0
5;2025-12-13;21;0
5;2025-12-13;22;0
5;2025-12-13;23;0
5;2025-12-14;0;0
5;2025-12-14;1;0
5;2025-12-14;2;0
5;2025-12-14;3;0
5;2025-12-14;4;0
5;2025-12-14;5;0
5;2025-12-14;6;0
5;2025-12-14;7;0
5;2025-12-14;8;0
5;2025-12-14;9;0
5;2025-12-14;10;0
5;2025-12-14;11;0
5;2025-12-14;12;0
5;2025-12-14;13;0
5;2025-12-14;14;0
5;2025-12-14;15;0
5;2025-12-14;16;0
5;2025-12-14;17;0
5;2025-12-14;18;0
5;2025-12-14;19;0
5;2025-12-14;20;0
5;2025-12-14;21;0
5;2025-12-14;22;0
5;2025-12-14;23;0
5;2025-12-15;0;0
5;2025-12-15;1;0
5;2025-12-15;2;0
5;2025-12-15;3;0
5;2025-12-15;4;0
5;2025-12-15;5;0
5;2025-12-15;6;0
5;2025-12-15;7;0
5;2025-12-15;8;0
5;2025-12-15;9;0
5;2025-12-15;10;0
5;2025-12-15;11;0
5;2025-12-15;12;0
5;2025-12-15;13;0
5;2025-12-15;14;0
5;2025-12-15;15;0
5;2025-12-15;16;0
5;2025-12-15;17;0
5;2025-12-15;18;0
5;2025-12-15;19;0
5;2025-12-15;20;0
5;2025-12-15;21;0
5;2025-12-15;22;0
5;2025-12-15;23;0
5;2025-12-16;0;5
5;2025-12-16;1;0
5;2025-12-16;2;0
5;2025-12-16;3;0
5;2025-12-16;4;0
5;2025-12-16;5;12
5;2025-12-16;6;94
5;2025-12-16;7;308
5;2025-12-16;8;475
5;2025-12-16;9;373
5;2025-12-16;10;283
5;2025-12-16;11;256
5;2025-12-16;12;251
5;2025-12-16;13;252
5;2025-12-16;14;247
5;2025-12-16;15;282
5;2025-12-16;16;297
5;2025-12-16;17;404
5;2025-12-16;18;419
5;2025-12-16;19;251
5;2025-12-16;20;162
5;2025-12-16;21;107
5;2025-12-16;22;44
5;2025-12-16;23;26
5;2025-12-17;0;5
5;2025-12-17;1;0
5;2025-12-17;2;0
5;2025-12-17;3;0
5;2025-12-17;4;0
5;2025-12-17;5;18
5;2025-12-17;6;127
5;2025-12-17;7;422
5;2025-12-17;8;698
5;2025-12-17;9;526
5;2025-12-17;10;402
5;2025-12-17;11;367
5;2025-12-17;12;365
5;2025-12-17;13;360
5;2025-12-17;14;354
5;2025-12-17;15;398
5;2025-12-17;16;421
5;2025-12-17;17;570
5;2025-12-17;18;608
5;2025-12-17;19;362
5;2025-12-17;20;228
5;2025-12-17;21;158
5;2025-12-17;22;68
5;2025-12-17;23;41
5;2025-12-18;0;9
5;2025-12-18;1;0
5;2025-12-18;2;0
5;2025-12-18;3;0
5;2025-12-18;4;0
5;2025-12-18;5;16
5;2025-12-18;6;125
5;2025-12-18;7;418
5;2025-12-18;8;671
5;2025-12-18;9;530
5;2025-12-18;10;405
5;2025-12-18;11;365
5;2025-12-18;12;370
5;2025-12-18;13;359
5;2025-12-18;14;356
5;2025-12-18;15;402
5;2025-12-18;16;423
5;2025-12-18;17;564
5;2025-12-18;18;605
5;2025-12-18;19;367
5;2025-12-18;20;241
5;2025-12-18;21;164
5;2025-12-18;22;67
5;2025-12-18;23;42
5;2025-12-19;0;10
5;2025-12-19;1;0
5;2025-12-19;2;0
5;2025-12-19;3;0
5;2025-12-19;4;0
5;2025-12-19;5;17
5;2025-12-19;6;132
5;2025-12-19;7;440
5;2025-12-19;8;696
5;2025-12-19;9;542
5;2025-12-19;10;397
5;2025-12-19;11;372
5;2025-12-19;12;373
5;2025-12-19;13;376
5;2025-12-19;14;375
5;2025-12-19;15;431
5;2025-12-19;16;508
5;2025-12-19;17;547
5;2025-12-19;18;453
5;2025-12-19;19;334
5;2025-12-19;20;230
5;2025-12-19;21;151
5;2025-12-19;22;69
5;2025-12-19;23;46
5;2025-12-20;0;18
5;2025-12-20;1;0
5;2025-12-20;2;0
5;2025-12-20;3;0
5;2025-12-20;4;0
5;2025-12-20;5;9
5;2025-12-20;6;55
5;2025-12-20;7;129
5;2025-12-20;8;201
5;2025-12-20;9;193
5;2025-12-20;10;212
5;2025-12-20;11;247
5;2025-12-20;12;254
5;2025-12-20;13;265
5;2025-12-20;14;283
5;2025-12-20;15;253
5;2025-12-20;16;262
5;2025-12-20;17;286
5;2025-12-20;18;263
5;2025-12-20;19;219
5;2025-12-20;20;176
5;2025-12-20;21;128
5;2025-12-20;22;75
5;2025-12-20;23;47
5;2025-12-21;0;13
5;2025-12-21;1;0
5;2025-12-21;2;0
5;2025-12-21;3;0
5;2025-12-21;4;0
5;2025-12-21;5;7
5;2025-12-21;6;42
5;2025-12-21;7;83
5;2025-12-21;8;132
5;2025-12-21;9;152
5;2025-12-21;10;158
5;2025-12-21;11;204
5;2025-12-21;12;215
5;2025-12-21;13;225
5;2025-12-21;14;239
5;2025-12-21;15;228
5;2025-12-21;16;225
5;2025-12-21;17;244
5;2025-12-21;18;215
5;2025-12-21;19;179
5;2025-12-21;20;147
5;2025-12-21;21;116
5;2025-12-21;22;63
5;2025-12-21;23;37
5;2025-12-22;0;4
5;2025-12-22;1;0
5;2025-12-22;2;0
5;2025-12-22;3;0
5;2025-12-22;4;0
5;2025-12-22;5;16
5;2025-12-22;6;132
5;2025-12-22;7;430
5;2025-12-22;8;693
5;2025-12-22;9;544
5;2025-12-22;10;399
5;2025-12-22;11;363
5;2025-12-22;12;356
5;2025-12-22;13;358
5;2025-12-22;14;355
5;2025-12-22;15;407
5;2025-12-22;16;423
5;2025-12-22;17;564
5;2025-12-22;18;619
5;2025-12-22;19;358
5;2025-12-22;20;223
5;2025-12-22;21;155
5;2025-12-22;22;64
5;2025-12-22;23;37
5;2025-12-23;0;6
5;2025-12-23;1;0
5;2025-12-23;2;0
5;2025-12-23;3;0
5;2025-12-23;4;0
5;2025-12-23;5;17
5;2025-12-23;6;134
5;2025-12-23;7;440
5;2025-12-23;8;679
5;2025-12-23;9;533
5;2025-12-23;10;405
5;2025-12-23;11;365
5;2025-12-23;12;359
5;2025-12-23;13;360
5;2025-12-23;14;353
5;2025-12-23;15;403
5;2025-12-23;16;425
5;2025-12-23;17;577
5;2025-12-23;18;598
5;2025-12-23;19;358
5;2025-12-23;20;232
5;2025-12-23;21;153
5;2025-12-23;22;63
5;2025-12-23;23;38
5;2025-12-24;0;5
5;2025-12-24;1;0
5;2025-12-24;2;0
5;2025-12-24;3;0
5;2025-12-24;4;0
5;2025-12-24;5;18
5;2025-12-24;6;127
5;2025-12-24;7;422
5;2025-12-24;8;698
5;2025-12-24;9;526
5;2025-12-24;10;402
5;2025-12-24;11;367
5;2025-12-24;12;365
5;2025-12-24;13;360
5;2025-12-24;14;354
5;2025-12-24;15;398
5;2025-12-24;16;421
5;2025-12-24;17;570
5;2025-12-24;18;608
5;2025-12-24;19;362
5;2025-12-24;20;228
5;2025-12-24;21;158
5;2025-12-24;22;68
5;2025-12-24;23;41
5;2025-12-25;0;9
5;2025-12-25;1;0
5;2025-12-25;2;0
5;2025-12-25;3;0
5;2025-12-25;4;0
5;2025-12-25;5;16
5;2025-12-25;6;125
5;2025-12-25;7;418
5;2025-12-25;8;671
5;2025-12-25;9;530
5;2025-12-25;10;405
5;2025-12-25;11;365
5;2025-12-25;12;370
5;2025-12-25;13;359
5;2025-12-25;14;356
5;2025-12-25;15;402
5;2025-12-25;16;423
5;2025-12-25;17;564
5;2025-12-25;18;605
5;2025-12-25;19;367
5;2025-12-25;20;241
5;2025-12-25;21;164
5;2025-12-25;22;67
5;2025-12-25;23;42
5;2025-12-26;0;10
5;2025-12-26;1;0
5;2025-12-26;2;0
5;2025-12-26;3;0
5;2025-12-26;4;0
5;2025-12-26;5;17
5;2025-12-26;6;132
5;2025-12-26;7;440
5;2025-12-26;8;696
5;2025-12-26;9;542
5;2025-12-26;10;397
5;2025-12-26;11;372
5;2025-12-26;12;373
5;2025-12-26;13;376
5;2025-12-26;14;375
5;2025-12-26;15;431
5;2025-12-26;16;508
5;2025-12-26;17;547
5;2025-12-26;18;453
5;2025-12-26;19;334
5;2025-12-26;20;230
5;2025-12-26;21;151
5;2025-12-26;22;69
5;2025-12-26;23;46
5;2025-12-27;0;18
5;2025-12-27;1;0
5;2025-12-27;2;0
5;2025-12-27;3;0
5;2025-12-27;4;0
5;2025-12-27;5;9
5;2025-12-27;6;55
5;2025-12-27;7;129
5;2025-12-27;8;201
5;2025-12-27;9;193
5;2025-12-27;10;212
5;2025-12-27;11;247
5;2025-12-27;12;254
5;2025-12-27;13;265
5;2025-12-27;14;283
5;2025-12-27;15;253
5;2025-12-27;16;262
5;2025-12-27;17;286
5;2025-12-27;18;263
5;2025-12-27;19;219
5;2025-12-27;20;176
5;2025-12-27;21;128
5;2025-12-27;22;75
5;2025-12-27;23;47
5;2025-12-28;0;13
5;2025-12-28;1;0
5;2025-12-28;2;0
5;2025-12-28;3;0
5;2025-12-28;4;0
5;2025-12-28;5;7
5;2025-12-28;6;42
5;2025-12-28;7;83
5;2025-12-28;8;132
5;2025-12-28;9;152
5;2025-12-28;10;158
5;2025-12-28;11;204
5;2025-12-28;12;215
5;2025-12-28;13;225
5;2025-12-28;14;239
5;2025-12-28;15;228
5;2025-12-28;16;225
5;2025-12-28;17;244
5;2025-12-28;18;215
5;2025-12-28;19;179
5;2025-12-28;20;147
5;2025-12-28;21;116
5;2025-12-28;22;63
5;2025-12-28;23;37
5;2025-12-29;0;4
5;2025-12-29;1;0
5;2025-12-29;2;0
5;2025-12-29;3;0
5;2025-12-29;4;0
5;2025-12-29;5;16
5;2025-12-29;6;132
5;2025-12-29;7;430
5;2025-12-29;8;693
5;2025-12-29;9;544
5;2025-12-29;10;399
5;2025-12-29;11;363
5;2025-12-29;12;356
5;2025-12-29;13;358
5;2025-12-29;14;355
5;2025-12-29;15;407
5;2025-12-29;16;423
5;2025-12-29;17;564
5;2025-12-29;18;619
5;2025-12-29;19;358
5;2025-12-29;20;223
5;2025-12-29;21;155
5;2025-12-29;22;64
5;2025-12-29;23;37
5;2025-12-30;0;6
5;2025-12-30;1;0
5;2025-12-30;2;0
5;2025-12-30;3;0
5;2025-12-30;4;0
5;2025-12-30;5;17
5;2025-12-30;6;134
5;2025-12-30;7;441
5;2025-12-30;8;681
5;2025-12-30;9;536
5;2025-12-30;10;407
5;2025-12-30;11;369
5;2025-12-30;12;363
5;2025-12-30;13;365
5;2025-12-30;14;360
5;2025-12-30;15;411
5;2025-12-30;16;433
5;2025-12-30;17;565
5;2025-12-30;18;582
5;2025-12-30;19;346
5;2025-12-30;20;230
5;2025-12-30;21;152
5;2025-12-30;22;63
5;2025-12-30;23;37
5;2025-12-31;0;14
5;2025-12-31;1;0
5;2025-12-31;2;0
5;2025-12-31;3;0
5;2025-12-31;4;0
5;2025-12-31;5;8
5;2025-12-31;6;44
5;2025-12-31;7;84
5;2025-12-31;8;134
5;2025-12-31;9;164
5;2025-12-31;10;157
5;2025-12-31;11;194
5;2025-12-31;12;210
5;2025-12-31;13;218
5;2025-12-31;14;234
5;2025-12-31;15;224
5;2025-12-31;16;225
5;2025-12-31;17;235
5;2025-12-31;18;217
5;2025-12-31;19;183
5;2025-12-31;20;155
5;2025-12-31;21;123
5;2025-12-31;22;65
5;2025-12-31;23;37
7;2025-11-01;0;66
7;2025-11-01;1;0
7;2025-11-01;2;0
7;2025-11-01;3;0
7;2025-11-01;4;0
7;2025-11-01;5;128
7;2025-11-01;6;448
7;2025-11-01;7;1051
7;2025-11-01;8;1624
7;2025-11-01;9;1314
7;2025-11-01;10;1191
7;2025-11-01;11;1176
7;2025-11-01;12;1231
7;2025-11-01;13;1252
7;2025-11-01;14;1240
7;2025-11-01;15;1338
7;2025-11-01;16;1408
7;2025-11-01;17;1561
7;2025-11-01;18;1545
7;2025-11-01;19;1177
7;2025-11-01;20;817
7;2025-11-01;21;521
7;2025-11-01;22;253
7;2025-11-01;23;183
7;2025-11-02;0;74
7;2025-11-02;1;0
7;2025-11-02;2;0
7;2025-11-02;3;0
7;2025-11-02;4;0
7;2025-11-02;5;26
7;2025-11-02;6;121
7;2025-11-02;7;203
7;2025-11-02;8;351
7;2025-11-02;9;409
7;2025-11-02;10;431
7;2025-11-02;11;611
7;2025-11-02;12;614
7;2025-11-02;13;654
7;2025-11-02;14;712
7;2025-11-02;15;717
7;2025-11-02;16;645
7;2025-11-02;17;652
7;2025-11-02;18;622
7;2025-11-02;19;544
7;2025-11-02;20;407
7;2025-11-02;21;302
7;2025-11-02;22;155
7;2025-11-02;23;108
7;2025-11-03;0;73
7;2025-11-03;1;0
7;2025-11-03;2;0
7;2025-11-03;3;0
7;2025-11-03;4;0
7;2025-11-03;5;26
7;2025-11-03;6;126
7;2025-11-03;7;208
7;2025-11-03;8;325
7;2025-11-03;9;421
7;2025-11-03;10;449
7;2025-11-03;11;623
7;2025-11-03;12;633
7;2025-11-03;13;665
7;2025-11-03;14;717
7;2025-11-03;15;719
7;2025-11-03;16;649
7;2025-11-03;17;632
7;2025-11-03;18;615
7;2025-11-03;19;557
7;2025-11-03;20;425
7;2025-11-03;21;313
7;2025-11-03;22;159
7;2025-11-03;23;112
7;2025-11-04;0;67
7;2025-11-04;1;0
7;2025-11-04;2;0
7;2025-11-04;3;0
7;2025-11-04;4;0
7;2025-11-04;5;22
7;2025-11-04;6;118
7;2025-11-04;7;197
7;2025-11-04;8;345
7;2025-11-04;9;402
7;2025-11-04;10;429
7;2025-11-04;11;605
7;2025-11-04;12;605
7;2025-11-04;13;649
7;2025-11-04;14;703
7;2025-11-04;15;705
7;2025-11-04;16;634
7;2025-11-04;17;645
7;2025-11-04;18;595
7;2025-11-04;19;546
7;2025-11-04;20;411
7;2025-11-04;21;301
7;2025-11-04;22;151
7;2025-11-04;23;104
7;2025-11-05;0;58
7;2025-11-05;1;0
7;2025-11-05;2;0
7;2025-11-05;3;0
7;2025-11-05;4;0
7;2025-11-05;5;195
7;2025-11-05;6;654
7;2025-11-05;7;1555
7;2025-11-05;8;2417
7;2025-11-05;9;1866
7;2025-11-05;10;1659
7;2025-11-05;11;1562
7;2025-11-05;12;1654
7;2025-11-05;13;1579
7;2025-11-05;14;1603
7;2025-11-05;15;1732
7;2025-11-05;16;1856
7;2025-11-05;17;2392
7;2025-11-05;18;2476
7;2025-11-05;19;1634
7;2025-11-05;20;1041
7;2025-11-05;21;614
7;2025-11-05;22;274
7;2025-11-05;23;170
7;2025-11-06;0;63
7;2025-11-06;1;0
7;2025-11-06;2;0
7;2025-11-06;3;0
7;2025-11-06;4;0
7;2025-11-06;5;189
7;2025-11-06;6;639
7;2025-11-06;7;1562
7;2025-11-06;8;2457
7;2025-11-06;9;1827
7;2025-11-06;10;1615
7;2025-11-06;11;1547
7;2025-11-06;12;1640
7;2025-11-06;13;1577
7;2025-11-06;14;1632
7;2025-11-06;15;1742
7;2025-11-06;16;1850
7;2025-11-06;17;2348
7;2025-11-06;18;2560
7;2025-11-06;19;1677
7;2025-11-06;20;1071
7;2025-11-06;21;624
7;2025-11-06;22;292
7;2025-11-06;23;201
7;2025-11-07;0;74
7;2025-11-07;1;0
7;2025-11-07;2;0
7;2025-11-07;3;0
7;2025-11-07;4;0
7;2025-11-07;5;182
7;2025-11-07;6;629
7;2025-11-07;7;1512
7;2025-11-07;8;2327
7;2025-11-07;9;1776
7;2025-11-07;10;1621
7;2025-11-07;11;1544
7;2025-11-07;12;1593
7;2025-11-07;13;1620
7;2025-11-07;14;1616
7;2025-11-07;15;1768
7;2025-11-07;16;1949
7;2025-11-07;17;2286
7;2025-11-07;18;1993
7;2025-11-07;19;1433
7;2025-11-07;20;987
7;2025-11-07;21;597
7;2025-11-07;22;287
7;2025-11-07;23;226
7;2025-11-08;0;77
7;2025-11-08;1;0
7;2025-11-08;2;0
7;2025-11-08;3;0
7;2025-11-08;4;0
7;2025-11-08;5;44
7;2025-11-08;6;181
7;2025-11-08;7;306
7;2025-11-08;8;482
7;2025-11-08;9;521
7;2025-11-08;10;527
7;2025-11-08;11;618
7;2025-11-08;12;695
7;2025-11-08;13;749
7;2025-11-08;14;767
7;2025-11-08;15;730
7;2025-11-08;16;712
7;2025-11-08;17;653
7;2025-11-08;18;700
7;2025-11-08;19;615
7;2025-11-08;20;438
7;2025-11-08;21;343
7;2025-11-08;22;171
7;2025-11-08;23;133
7;2025-11-09;0;74
7;2025-11-09;1;0
7;2025-11-09;2;0
7;2025-11-09;3;0
7;2025-11-09;4;0
7;2025-11-09;5;25
7;2025-11-09;6;118
7;2025-11-09;7;200
7;2025-11-09;8;343
7;2025-11-09;9;398
7;2025-11-09;10;419
7;2025-11-09;11;597
7;2025-11-09;12;601
7;2025-11-09;13;641
7;2025-11-09;14;695
7;2025-11-09;15;697
7;2025-11-09;16;626
7;2025-11-09;17;630
7;2025-11-09;18;597
7;2025-11-09;19;520
7;2025-11-09;20;385
7;2025-11-09;21;285
7;2025-11-09;22;146
7;2025-11-09;23;104
7;2025-11-10;0;60
7;2025-11-10;1;0
7;2025-11-10;2;0
7;2025-11-10;3;0
7;2025-11-10;4;0
7;2025-11-10;5;194
7;2025-11-10;6;645
7;2025-11-10;7;1610
7;2025-11-10;8;2481
7;2025-11-10;9;1829
7;2025-11-10;10;1620
7;2025-11-10;11;1533
7;2025-11-10;12;1568
7;2025-11-10;13;1582
7;2025-11-10;14;1582
7;2025-11-10;15;1731
7;2025-11-10;16;1840
7;2025-11-10;17;2417
7;2025-11-10;18;2558
7;2025-11-10;19;1710
7;2025-11-10;20;1069
7;2025-11-10;21;613
7;2025-11-10;22;280
7;2025-11-10;23;151
7;2025-11-11;0;57
7;2025-11-11;1;0
7;2025-11-11;2;0
7;2025-11-11;3;0
7;2025-11-11;4;0
7;2025-11-11;5;192
7;2025-11-11;6;652
7;2025-11-11;7;1632
7;2025-11-11;8;2441
7;2025-11-11;9;1874
7;2025-11-11;10;1654
7;2025-11-11;11;1586
7;2025-11-11;12;1625
7;2025-11-11;13;1604
7;2025-11-11;14;1553
7;2025-11-11;15;1731
7;2025-11-11;16;1844
7;2025-11-11;17;2384
7;2025-11-11;18;2551
7;2025-11-11;19;1709
7;2025-11-11;20;1107
7;2025-11-11;21;656
7;2025-11-11;22;301
7;2025-11-11;23;188
7;2025-11-12;0;58
7;2025-11-12;1;0
7;2025-11-12;2;0
7;2025-11-12;3;0
7;2025-11-12;4;0
7;2025-11-12;5;195
7;2025-11-12;6;656
7;2025-11-12;7;1557
7;2025-11-12;8;2420
7;2025-11-12;9;1868
7;2025-11-12;10;1657
7;2025-11-12;11;1560
7;2025-11-12;12;1652
7;2025-11-12;13;1577
7;2025-11-12;14;1601
7;2025-11-12;15;1732
7;2025-11-12;16;1855
7;2025-11-12;17;2392
7;2025-11-12;18;2475
7;2025-11-12;19;1634
7;2025-11-12;20;1041
7;2025-11-12;21;614
7;2025-11-12;22;273
7;2025-11-12;23;170
7;2025-11-13;0;62
7;2025-11-13;1;0
7;2025-11-13;2;0
7;2025-11-13;3;0
7;2025-11-13;4;0
7;2025-11-13;5;190
7;2025-11-13;6;642
7;2025-11-13;7;1565
7;2025-11-13;8;2460
7;2025-11-13;9;1830
7;2025-11-13;10;1614
7;2025-11-13;11;1547
7;2025-11-13;12;1639
7;2025-11-13;13;1576
7;2025-11-13;14;1631
7;2025-11-13;15;1741
7;2025-11-13;16;1849
7;2025-11-13;17;2347
7;2025-11-13;18;2559
7;2025-11-13;19;1675
7;2025-11-13;20;1070
7;2025-11-13;21;623
7;2025-11-13;22;292
7;2025-11-13;23;200
7;2025-11-14;0;74
7;2025-11-14;1;0
7;2025-11-14;2;0
7;2025-11-14;3;0
7;2025-11-14;4;0
7;2025-11-14;5;183
7;2025-11-14;6;632
7;2025-11-14;7;1514
7;2025-11-14;8;2330
7;2025-11-14;9;1778
7;2025-11-14;10;1619
7;2025-11-14;11;1542
7;2025-11-14;12;1593
7;2025-11-14;13;1619
7;2025-11-14;14;1616
7;2025-11-14;15;1767
7;2025-11-14;16;1948
7;2025-11-14;17;2285
7;2025-11-14;18;1992
7;2025-11-14;19;1432
7;2025-11-14;20;987
7;2025-11-14;21;597
7;2025-11-14;22;287
7;2025-11-14;23;226
7;2025-11-15;0;99
7;2025-11-15;1;0
7;2025-11-15;2;0
7;2025-11-15;3;0
7;2025-11-15;4;0
7;2025-11-15;5;67
7;2025-11-15;6;255
7;2025-11-15;7;493
7;2025-11-15;8;716
7;2025-11-15;9;781
7;2025-11-15;10;790
7;2025-11-15;11;925
7;2025-11-15;12;1014
7;2025-11-15;13;1085
7;2025-11-15;14;1117
7;2025-11-15;15;1070
7;2025-11-15;16;1045
7;2025-11-15;17;967
7;2025-11-15;18;1021
7;2025-11-15;19;913
7;2025-11-15;20;666
7;2025-11-15;21;517
7;2025-11-15;22;277
7;2025-11-15;23;196
7;2025-11-16;0;97
7;2025-11-16;1;0
7;2025-11-16;2;0
7;2025-11-16;3;0
7;2025-11-16;4;0
7;2025-11-16;5;43
7;2025-11-16;6;180
7;2025-11-16;7;362
7;2025-11-16;8;537
7;2025-11-16;9;640
7;2025-11-16;10;668
7;2025-11-16;11;914
7;2025-11-16;12;921
7;2025-11-16;13;973
7;2025-11-16;14;1051
7;2025-11-16;15;1051
7;2025-11-16;16;960
7;2025-11-16;17;962
7;2025-11-16;18;915
7;2025-11-16;19;807
7;2025-11-16;20;618
7;2025-11-16;21;459
7;2025-11-16;22;256
7;2025-11-16;23;171
7;2025-11-17;0;60
7;2025-11-17;1;0
7;2025-11-17;2;0
7;2025-11-17;3;0
7;2025-11-17;4;0
7;2025-11-17;5;194
7;2025-11-17;6;645
7;2025-11-17;7;1610
7;2025-11-17;8;2481
7;2025-11-17;9;1829
7;2025-11-17;10;1620
7;2025-11-17;11;1533
7;2025-11-17;12;1568
7;2025-11-17;13;1582
7;2025-11-17;14;1582
7;2025-11-17;15;1731
7;2025-11-17;16;1840
7;2025-11-17;17;2417
7;2025-11-17;18;2558
7;2025-11-17;19;1710
7;2025-11-17;20;1069
7;2025-11-17;21;613
7;2025-11-17;22;280
7;2025-11-17;23;151
7;2025-11-18;0;57
7;2025-11-18;1;0
7;2025-11-18;2;0
7;2025-11-18;3;0
7;2025-11-18;4;0
7;2025-11-18;5;192
7;2025-11-18;6;652
7;2025-11-18;7;1632
7;2025-11-18;8;2441
7;2025-11-18;9;1874
7;2025-11-18;10;1655
7;2025-11-18;11;1587
7;2025-11-18;12;1626
7;2025-11-18;13;1604
7;2025-11-18;14;1553
7;2025-11-18;15;1732
7;2025-11-18;16;1844
7;2025-11-18;17;2384
7;2025-11-18;18;2551
7;2025-11-18;19;1709
7;2025-11-18;20;1106
7;2025-11-18;21;655
7;2025-11-18;22;299
7;2025-11-18;23;186
7;2025-11-19;0;58
7;2025-11-19;1;0
7;2025-11-19;2;0
7;2025-11-19;3;0
7;2025-11-19;4;0
7;2025-11-19;5;195
7;2025-11-19;6;656
7;2025-11-19;7;1557
7;2025-11-19;8;2419
7;2025-11-19;9;1868
7;2025-11-19;10;1658
7;2025-11-19;11;1561
7;2025-11-19;12;1653
7;2025-11-19;13;1577
7;2025-11-19;14;1601
7;2025-11-19;15;1732
7;2025-11-19;16;1855
7;2025-11-19;17;2391
7;2025-11-19;18;2475
7;2025-11-19;19;1634
7;2025-11-19;20;1041
7;2025-11-19;21;613
7;2025-11-19;22;273
7;2025-11-19;23;170
7;2025-11-20;0;62
7;2025-11-20;1;0
7;2025-11-20;2;0
7;2025-11-20;3;0
7;2025-11-20;4;0
7;2025-11-20;5;190
7;2025-11-20;6;642
7;2025-11-20;7;1566
7;2025-11-20;8;2460
7;2025-11-20;9;1830
7;2025-11-20;10;1615
7;2025-11-20;11;1548
7;2025-11-20;12;1640
7;2025-11-20;13;1577
7;2025-11-20;14;1632
7;2025-11-20;15;1742
7;2025-11-20;16;1849
7;2025-11-20;17;2347
7;2025-11-20;18;2558
7;2025-11-20;19;1675
7;2025-11-20;20;1069
7;2025-11-20;21;622
7;2025-11-20;22;291
7;2025-11-20;23;199
7;2025-11-21;0;73
7;2025-11-21;1;0
7;2025-11-21;2;0
7;2025-11-21;3;0
7;2025-11-21;4;0
7;2025-11-21;5;183
7;2025-11-21;6;632
7;2025-11-21;7;1515
7;2025-11-21;8;2330
7;2025-11-21;9;1779
7;2025-11-21;10;1620
7;2025-11-21;11;1542
7;2025-11-21;12;1593
7;2025-11-21;13;1620
7;2025-11-21;14;1616
7;2025-11-21;15;1767
7;2025-11-21;16;1948
7;2025-11-21;17;2285
7;2025-11-21;18;1992
7;2025-11-21;19;1432
7;2025-11-21;20;987
7;2025-11-21;21;596
7;2025-11-21;22;286
7;2025-11-21;23;225
7;2025-11-22;0;99
7;2025-11-22;1;0
7;2025-11-22;2;0
7;2025-11-22;3;0
7;2025-11-22;4;0
7;2025-11-22;5;67
7;2025-11-22;6;255
7;2025-11-22;7;493
7;2025-11-22;8;716
7;2025-11-22;9;781
7;2025-11-22;10;790
7;2025-11-22;11;925
7;2025-11-22;12;1015
7;2025-11-22;13;1085
7;2025-11-22;14;1117
7;2025-11-22;15;1070
7;2025-11-22;16;1045
7;2025-11-22;17;967
7;2025-11-22;18;1020
7;2025-11-22;19;913
7;2025-11-22;20;665
7;2025-11-22;21;517
7;2025-11-22;22;276
7;2025-11-22;23;195
7;2025-11-23;0;97
7;2025-11-23;1;0
7;2025-11-23;2;0
7;2025-11-23;3;0
7;2025-11-23;4;0
7;2025-11-23;5;43
7;2025-11-23;6;180
7;2025-11-23;7;362
7;2025-11-23;8;537
7;2025-11-23;9;640
7;2025-11-23;10;668
7;2025-11-23;11;914
7;2025-11-23;12;921
7;2025-11-23;13;973
7;2025-11-23;14;1051
7;2025-11-23;15;1051
7;2025-11-23;16;960
7;2025-11-23;17;962
7;2025-11-23;18;915
7;2025-11-23;19;807
7;2025-11-23;20;618
7;2025-11-23;21;459
7;2025-11-23;22;256
7;2025-11-23;23;171
7;2025-11-24;0;59
7;2025-11-24;1;0
7;2025-11-24;2;0
7;2025-11-24;3;0
7;2025-11-24;4;0
7;2025-11-24;5;194
7;2025-11-24;6;645
7;2025-11-24;7;1610
7;2025-11-24;8;2481
7;2025-11-24;9;1829
7;2025-11-24;10;1620
7;2025-11-24;11;1533
7;2025-11-24;12;1568
7;2025-11-24;13;1582
7;2025-11-24;14;1582
7;2025-11-24;15;1732
7;2025-11-24;16;1840
7;2025-11-24;17;2417
7;2025-11-24;18;2558
7;2025-11-24;19;1710
7;2025-11-24;20;1069
7;2025-11-24;21;613
7;2025-11-24;22;280
7;2025-11-24;23;151
7;2025-11-25;0;56
7;2025-11-25;1;0
7;2025-11-25;2;0
7;2025-11-25;3;0
7;2025-11-25;4;0
7;2025-11-25;5;192
7;2025-11-25;6;652
7;2025-11-25;7;1632
7;2025-11-25;8;2441
7;2025-11-25;9;1874
7;2025-11-25;10;1655
7;2025-11-25;11;1587
7;2025-11-25;12;1626
7;2025-11-25;13;1604
7;2025-11-25;14;1553
7;2025-11-25;15;1732
7;2025-11-25;16;1844
7;2025-11-25;17;2384
7;2025-11-25;18;2551
7;2025-11-25;19;1709
7;2025-11-25;20;1106
7;2025-11-25;21;655
7;2025-11-25;22;299
7;2025-11-25;23;186
7;2025-11-26;0;57
7;2025-11-26;1;0
7;2025-11-26;2;0
7;2025-11-26;3;0
7;2025-11-26;4;0
7;2025-11-26;5;195
7;2025-11-26;6;656
7;2025-11-26;7;1557
7;2025-11-26;8;2419
7;2025-11-26;9;1868
7;2025-11-26;10;1658
7;2025-11-26;11;1561
7;2025-11-26;12;1653
7;2025-11-26;13;1577
7;2025-11-26;14;1601
7;2025-11-26;15;1732
7;2025-11-26;16;1855
7;2025-11-26;17;2391
7;2025-11-26;18;2475
7;2025-11-26;19;1634
7;2025-11-26;20;1041
7;2025-11-26;21;613
7;2025-11-26;22;273
7;2025-11-26;23;170
7;2025-11-27;0;62
7;2025-11-27;1;0
7;2025-11-27;2;0
7;2025-11-27;3;0
7;2025-11-27;4;0
7;2025-11-27;5;190
7;2025-11-27;6;642
7;2025-11-27;7;1566
7;2025-11-27;8;2460
7;2025-11-27;9;1830
7;2025-11-27;10;1615
7;2025-11-27;11;1548
7;2025-11-27;12;1640
7;2025-11-27;13;1577
7;2025-11-27;14;1632
7;2025-11-27;15;1742
7;2025-11-27;16;1849
7;2025-11-27;17;2347
7;2025-11-27;18;2558
7;2025-11-27;19;1675
7;2025-11-27;20;1069
7;2025-11-27;21;622
7;2025-11-27;22;291
7;2025-11-27;23;199
7;2025-11-28;0;73
7;2025-11-28;1;0
7;2025-11-28;2;0
7;2025-11-28;3;0
7;2025-11-28;4;0
7;2025-11-28;5;183
7;2025-11-28;6;632
7;2025-11-28;7;1515
7;2025-11-28;8;2330
7;2025-11-28;9;1779
7;2025-11-28;10;1620
7;2025-11-28;11;1543
7;2025-11-28;12;1593
7;2025-11-28;13;1620
7;2025-11-28;14;1616
7;2025-11-28;15;1767
7;2025-11-28;16;1948
7;2025-11-28;17;2285
7;2025-11-28;18;1992
7;2025-11-28;19;1432
7;2025-11-28;20;987
7;2025-11-28;21;596
7;2025-11-28;22;286
7;2025-11-28;23;225
7;2025-11-29;0;98
7;2025-11-29;1;0
7;2025-11-29;2;0
7;2025-11-29;3;0
7;2025-11-29;4;0
7;2025-11-29;5;67
7;2025-11-29;6;255
7;2025-11-29;7;493
7;2025-11-29;8;716
7;2025-11-29;9;781
7;2025-11-29;10;790
7;2025-11-29;11;926
7;2025-11-29;12;1015
7;2025-11-29;13;1085
7;2025-11-29;14;1118
7;2025-11-29;15;1070
7;2025-11-29;16;1045
7;2025-11-29;17;967
7;2025-11-29;18;1020
7;2025-11-29;19;913
7;2025-11-29;20;665
7;2025-11-29;21;517
7;2025-11-29;22;277
7;2025-11-29;23;195
7;2025-11-30;0;96
7;2025-11-30;1;0
7;2025-11-30;2;0
7;2025-11-30;3;0
7;2025-11-30;4;0
7;2025-11-30;5;43
7;2025-11-30;6;180
7;2025-11-30;7;362
7;2025-11-30;8;537
7;2025-11-30;9;640
7;2025-11-30;10;668
7;2025-11-30;11;914
7;2025-11-30;12;921
7;2025-11-30;13;973
7;2025-11-30;14;1051
7;2025-11-30;15;1051
7;2025-11-30;16;960
7;2025-11-30;17;962
7;2025-11-30;18;915
7;2025-11-30;19;807
7;2025-11-30;20;618
7;2025-11-30;21;459
7;2025-11-30;22;256
7;2025-11-30;23;171
7;2025-12-01;0;59
7;2025-12-01;1;0
7;2025-12-01;2;0
7;2025-12-01;3;0
7;2025-12-01;4;0
7;2025-12-01;5;194
7;2025-12-01;6;645
7;2025-12-01;7;1610
7;2025-12-01;8;2481
7;2025-12-01;9;1829
7;2025-12-01;10;1620
7;2025-12-01;11;1533
7;2025-12-01;12;1568
7;2025-12-01;13;1582
7;2025-12-01;14;1582
7;2025-12-01;15;1732
7;2025-12-01;16;1840
7;2025-12-01;17;2417
7;2025-12-01;18;2558
7;2025-12-01;19;1710
7;2025-12-01;20;1069
7;2025-12-01;21;613
7;2025-12-01;22;280
7;2025-12-01;23;151
7;2025-12-02;0;56
7;2025-12-02;1;0
7;2025-12-02;2;0
7;2025-12-02;3;0
7;2025-12-02;4;0
7;2025-12-02;5;192
7;2025-12-02;6;652
7;2025-12-02;7;1632
7;2025-12-02;8;2441
7;2025-12-02;9;1874
7;2025-12-02;10;1655
7;2025-12-02;11;1587
7;2025-12-02;12;1626
7;2025-12-02;13;1604
7;2025-12-02;14;1553
7;2025-12-02;15;1732
7;2025-12-02;16;1844
7;2025-12-02;17;2384
7;2025-12-02;18;2551
7;2025-12-02;19;1709
7;2025-12-02;20;1106
7;2025-12-02;21;655
7;2025-12-02;22;299
7;2025-12-02;23;186
7;2025-12-03;0;57
7;2025-12-03;1;0
7;2025-12-03;2;0
7;2025-12-03;3;0
7;2025-12-03;4;0
7;2025-12-03;5;195
7;2025-12-03;6;656
7;2025-12-03;7;1556
7;2025-12-03;8;2419
7;2025-12-03;9;1868
7;2025-12-03;10;1657
7;2025-12-03;11;1561
7;2025-12-03;12;1652
7;2025-12-03;13;1577
7;2025-12-03;14;1601
7;2025-12-03;15;1731
7;2025-12-03;16;1855
7;2025-12-03;17;2391
7;2025-12-03;18;2476
7;2025-12-03;19;1635
7;2025-12-03;20;1042
7;2025-12-03;21;615
7;2025-12-03;22;275
7;2025-12-03;23;171
7;2025-12-04;0;61
7;2025-12-04;1;0
7;2025-12-04;2;0
7;2025-12-04;3;0
7;2025-12-04;4;0
7;2025-12-04;5;188
7;2025-12-04;6;638
7;2025-12-04;7;1559
7;2025-12-04;8;2450
7;2025-12-04;9;1821
7;2025-12-04;10;1607
7;2025-12-04;11;1541
7;2025-12-04;12;1633
7;2025-12-04;13;1572
7;2025-12-04;14;1627
7;2025-12-04;15;1741
7;2025-12-04;16;1849
7;2025-12-04;17;2345
7;2025-12-04;18;2559
7;2025-12-04;19;1680
7;2025-12-04;20;1076
7;2025-12-04;21;639
7;2025-12-04;22;309
7;2025-12-04;23;218
7;2025-12-05;0;72
7;2025-12-05;1;0
7;2025-12-05;2;0
7;2025-12-05;3;0
7;2025-12-05;4;0
7;2025-12-05;5;182
7;2025-12-05;6;629
7;2025-12-05;7;1506
7;2025-12-05;8;2317
7;2025-12-05;9;1769
7;2025-12-05;10;1611
7;2025-12-05;11;1534
7;2025-12-05;12;1585
7;2025-12-05;13;1613
7;2025-12-05;14;1609
7;2025-12-05;15;1764
7;2025-12-05;16;1944
7;2025-12-05;17;2279
7;2025-12-05;18;1997
7;2025-12-05;19;1440
7;2025-12-05;20;997
7;2025-12-05;21;617
7;2025-12-05;22;308
7;2025-12-05;23;247
7;2025-12-06;0;98
7;2025-12-06;1;0
7;2025-12-06;2;0
7;2025-12-06;3;0
7;2025-12-06;4;0
7;2025-12-06;5;63
7;2025-12-06;6;250
7;2025-12-06;7;488
7;2025-12-06;8;711
7;2025-12-06;9;775
7;2025-12-06;10;784
7;2025-12-06;11;919
7;2025-12-06;12;1007
7;2025-12-06;13;1079
7;2025-12-06;14;1112
7;2025-12-06;15;1071
7;2025-12-06;16;1047
7;2025-12-06;17;969
7;2025-12-06;18;1026
7;2025-12-06;19;919
7;2025-12-06;20;672
7;2025-12-06;21;528
7;2025-12-06;22;288
7;2025-12-06;23;207
7;2025-12-07;0;96
7;2025-12-07;1;0
7;2025-12-07;2;0
7;2025-12-07;3;0
7;2025-12-07;4;0
7;2025-12-07;5;39
7;2025-12-07;6;176
7;2025-12-07;7;357
7;2025-12-07;8;532
7;2025-12-07;9;633
7;2025-12-07;10;662
7;2025-12-07;11;907
7;2025-12-07;12;914
7;2025-12-07;13;966
7;2025-12-07;14;1044
7;2025-12-07;15;1052
7;2025-12-07;16;961
7;2025-12-07;17;963
7;2025-12-07;18;921
7;2025-12-07;19;814
7;2025-12-07;20;625
7;2025-12-07;21;470
7;2025-12-07;22;268
7;2025-12-07;23;183
7;2025-12-08;0;59
7;2025-12-08;1;0
7;2025-12-08;2;0
7;2025-12-08;3;0
7;2025-12-08;4;0
7;2025-12-08;5;186
7;2025-12-08;6;635
7;2025-12-08;7;1597
7;2025-12-08;8;2465
7;2025-12-08;9;1816
7;2025-12-08;10;1608
7;2025-12-08;11;1521
7;2025-12-08;12;1556
7;2025-12-08;13;1572
7;2025-12-08;14;1572
7;2025-12-08;15;1736
7;2025-12-08;16;1844
7;2025-12-08;17;2420
7;2025-12-08;18;2566
7;2025-12-08;19;1721
7;2025-12-08;20;1082
7;2025-12-08;21;636
7;2025-12-08;22;304
7;2025-12-08;23;175
7;2025-12-09;0;56
7;2025-12-09;1;0
7;2025-12-09;2;0
7;2025-12-09;3;0
7;2025-12-09;4;0
7;2025-12-09;5;183
7;2025-12-09;6;643
7;2025-12-09;7;1622
7;2025-12-09;8;2430
7;2025-12-09;9;1862
7;2025-12-09;10;1643
7;2025-12-09;11;1576
7;2025-12-09;12;1615
7;2025-12-09;13;1596
7;2025-12-09;14;1545
7;2025-12-09;15;1737
7;2025-12-09;16;1849
7;2025-12-09;17;2389
7;2025-12-09;18;2560
7;2025-12-09;19;1719
7;2025-12-09;20;1117
7;2025-12-09;21;674
7;2025-12-09;22;319
7;2025-12-09;23;207
7;2025-12-10;0;57
7;2025-12-10;1;0
7;2025-12-10;2;0
7;2025-12-10;3;0
7;2025-12-10;4;0
7;2025-12-10;5;186
7;2025-12-10;6;647
7;2025-12-10;7;1545
7;2025-12-10;8;2406
7;2025-12-10;9;1855
7;2025-12-10;10;1645
7;2025-12-10;11;1548
7;2025-12-10;12;1639
7;2025-12-10;13;1566
7;2025-12-10;14;1590
7;2025-12-10;15;1736
7;2025-12-10;16;1861
7;2025-12-10;17;2396
7;2025-12-10;18;2486
7;2025-12-10;19;1646
7;2025-12-10;20;1055
7;2025-12-10;21;636
7;2025-12-10;22;297
7;2025-12-10;23;194
7;2025-12-11;0;61
7;2025-12-11;1;0
7;2025-12-11;2;0
7;2025-12-11;3;0
7;2025-12-11;4;0
7;2025-12-11;5;182
7;2025-12-11;6;633
7;2025-12-11;7;1556
7;2025-12-11;8;2449
7;2025-12-11;9;1818
7;2025-12-11;10;1603
7;2025-12-11;11;1537
7;2025-12-11;12;1629
7;2025-12-11;13;1568
7;2025-12-11;14;1623
7;2025-12-11;15;1747
7;2025-12-11;16;1854
7;2025-12-11;17;2351
7;2025-12-11;18;2567
7;2025-12-11;19;1685
7;2025-12-11;20;1080
7;2025-12-11;21;641
7;2025-12-11;22;310
7;2025-12-11;23;219
7;2025-12-12;0;72
7;2025-12-12;1;0
7;2025-12-12;2;0
7;2025-12-12;3;0
7;2025-12-12;4;0
7;2025-12-12;5;176
7;2025-12-12;6;624
7;2025-12-12;7;1503
7;2025-12-12;8;2316
7;2025-12-12;9;1766
7;2025-12-12;10;1608
7;2025-12-12;11;1531
7;2025-12-12;12;1581
7;2025-12-12;13;1610
7;2025-12-12;14;1606
7;2025-12-12;15;1770
7;2025-12-12;16;1950
7;2025-12-12;17;2286
7;2025-12-12;18;2003
7;2025-12-12;19;1444
7;2025-12-12;20;1000
7;2025-12-12;21;619
7;2025-12-12;22;310
7;2025-12-12;23;248
7;2025-12-13;0;98
7;2025-12-13;1;0
7;2025-12-13;2;0
7;2025-12-13;3;0
7;2025-12-13;4;0
7;2025-12-13;5;63
7;2025-12-13;6;250
7;2025-12-13;7;488
7;2025-12-13;8;711
7;2025-12-13;9;775
7;2025-12-13;10;784
7;2025-12-13;11;919
7;2025-12-13;12;1007
7;2025-12-13;13;1079
7;2025-12-13;14;1112
7;2025-12-13;15;1071
7;2025-12-13;16;1047
7;2025-12-13;17;969
7;2025-12-13;18;1026
7;2025-12-13;19;919
7;2025-12-13;20;672
7;2025-12-13;21;528
7;2025-12-13;22;288
7;2025-12-13;23;207
7;2025-12-14;0;96
7;2025-12-14;1;0
7;2025-12-14;2;0
7;2025-12-14;3;0
7;2025-12-14;4;0
7;2025-12-14;5;39
7;2025-12-14;6;176
7;2025-12-14;7;357
7;2025-12-14;8;532
7;2025-12-14;9;633
7;2025-12-14;10;662
7;2025-12-14;11;907
7;2025-12-14;12;914
7;2025-12-14;13;966
7;2025-12-14;14;1044
7;2025-12-14;15;1052
7;2025-12-14;16;961
7;2025-12-14;17;963
7;2025-12-14;18;921
7;2025-12-14;19;814
7;2025-12-14;20;625
7;2025-12-14;21;470
7;2025-12-14;22;268
7;2025-12-14;23;183
7;2025-12-15;0;59
7;2025-12-15;1;0
7;2025-12-15;2;0
7;2025-12-15;3;0
7;2025-12-15;4;0
7;2025-12-15;5;186
7;2025-12-15;6;635
7;2025-12-15;7;1597
7;2025-12-15;8;2465
7;2025-12-15;9;1816
7;2025-12-15;10;1608
7;2025-12-15;11;1521
7;2025-12-15;12;1556
7;2025-12-15;13;1572
7;2025-12-15;14;1572
7;2025-12-15;15;1736
7;2025-12-15;16;1844
7;2025-12-15;17;2420
7;2025-12-15;18;2566
7;2025-12-15;19;1721
7;2025-12-15;20;1082
7;2025-12-15;21;636
7;2025-12-15;22;304
7;2025-12-15;23;175
7;2025-12-16;0;56
7;2025-12-16;1;0
7;2025-12-16;2;0
7;2025-12-16;3;0
7;2025-12-16;4;0
7;2025-12-16;5;183
7;2025-12-16;6;643
7;2025-12-16;7;1622
7;2025-12-16;8;2430
7;2025-12-16;9;1862
7;2025-12-16;10;1643
7;2025-12-16;11;1576
7;2025-12-16;12;1615
7;2025-12-16;13;1596
7;2025-12-16;14;1545
7;2025-12-16;15;1737
7;2025-12-16;16;1849
7;2025-12-16;17;2389
7;2025-12-16;18;2560
7;2025-12-16;19;1719
7;2025-12-16;20;1117
7;2025-12-16;21;674
7;2025-12-16;22;319
7;2025-12-16;23;207
7;2025-12-17;0;57
7;2025-12-17;1;0
7;2025-12-17;2;0
7;2025-12-17;3;0
7;2025-12-17;4;0
7;2025-12-17;5;186
7;2025-12-17;6;647
7;2025-12-17;7;1545
7;2025-12-17;8;2406
7;2025-12-17;9;1855
7;2025-12-17;10;1645
7;2025-12-17;11;1548
7;2025-12-17;12;1639
7;2025-12-17;13;1566
7;2025-12-17;14;1590
7;2025-12-17;15;1736
7;2025-12-17;16;1861
7;2025-12-17;17;2396
7;2025-12-17;18;2486
7;2025-12-17;19;1646
7;2025-12-17;20;1055
7;2025-12-17;21;636
7;2025-12-17;22;297
7;2025-12-17;23;194
7;2025-12-18;0;61
7;2025-12-18;1;0
7;2025-12-18;2;0
7;2025-12-18;3;0
7;2025-12-18;4;0
7;2025-12-18;5;182
7;2025-12-18;6;633
7;2025-12-18;7;1556
7;2025-12-18;8;2449
7;2025-12-18;9;1818
7;2025-12-18;10;1603
7;2025-12-18;11;1537
7;2025-12-18;12;1629
7;2025-12-18;13;1568
7;2025-12-18;14;1623
7;2025-12-18;15;1747
7;2025-12-18;16;1854
7;2025-12-18;17;2351
7;2025-12-18;18;2567
7;2025-12-18;19;1685
7;2025-12-18;20;1080
7;2025-12-18;21;641
7;2025-12-18;22;310
7;2025-12-18;23;219
7;2025-12-19;0;72
7;2025-12-19;1;0
7;2025-12-19;2;0
7;2025-12-19;3;0
7;2025-12-19;4;0
7;2025-12-19;5;176
7;2025-12-19;6;624
7;2025-12-19;7;1503
7;2025-12-19;8;2316
7;2025-12-19;9;1766
7;2025-12-19;10;1608
7;2025-12-19;11;1531
7;2025-12-19;12;1581
7;2025-12-19;13;1610
7;2025-12-19;14;1606
7;2025-12-19;15;1770
7;2025-12-19;16;1950
7;2025-12-19;17;2286
7;2025-12-19;18;2003
7;2025-12-19;19;1444
7;2025-12-19;20;1000
7;2025-12-19;21;619
7;2025-12-19;22;310
7;2025-12-19;23;248
7;2025-12-20;0;98
7;2025-12-20;1;0
7;2025-12-20;2;0
7;2025-12-20;3;0
7;2025-12-20;4;0
7;2025-12-20;5;63
7;2025-12-20;6;250
7;2025-12-20;7;488
7;2025-12-20;8;711
7;2025-12-20;9;775
7;2025-12-20;10;784
7;2025-12-20;11;919
7;2025-12-20;12;1007
7;2025-12-20;13;1079
7;2025-12-20;14;1112
7;2025-12-20;15;1071
7;2025-12-20;16;1047
7;2025-12-20;17;969
7;2025-12-20;18;1026
7;2025-12-20;19;919
7;2025-12-20;20;672
7;2025-12-20;21;528
7;2025-12-20;22;288
7;2025-12-20;23;207
7;2025-12-21;0;96
7;2025-12-21;1;0
7;2025-12-21;2;0
7;2025-12-21;3;0
7;2025-12-21;4;0
7;2025-12-21;5;39
7;2025-12-21;6;176
7;2025-12-21;7;357
7;2025-12-21;8;532
7;2025-12-21;9;633
7;2025-12-21;10;662
7;2025-12-21;11;907
7;2025-12-21;12;914
7;2025-12-21;13;966
7;2025-12-21;14;1044
7;2025-12-21;15;1052
7;2025-12-21;16;961
7;2025-12-21;17;963
7;2025-12-21;18;921
7;2025-12-21;19;814
7;2025-12-21;20;625
7;2025-12-21;21;470
7;2025-12-21;22;268
7;2025-12-21;23;183
7;2025-12-22;0;59
7;2025-12-22;1;0
7;2025-12-22;2;0
7;2025-12-22;3;0
7;2025-12-22;4;0
7;2025-12-22;5;186
7;2025-12-22;6;635
7;2025-12-22;7;1597
7;2025-12-22;8;2465
7;2025-12-22;9;1816
7;2025-12-22;10;1608
7;2025-12-22;11;1521
7;2025-12-22;12;1556
7;2025-12-22;13;1572
7;2025-12-22;14;1572
7;2025-12-22;15;1736
7;2025-12-22;16;1844
7;2025-12-22;17;2420
7;2025-12-22;18;2566
7;2025-12-22;19;1721
7;2025-12-22;20;1082
7;2025-12-22;21;636
7;2025-12-22;22;304
7;2025-12-22;23;175
7;2025-12-23;0;56
7;2025-12-23;1;0
7;2025-12-23;2;0
7;2025-12-23;3;0
7;2025-12-23;4;0
7;2025-12-23;5;183
7;2025-12-23;6;643
7;2025-12-23;7;1622
7;2025-12-23;8;2430
7;2025-12-23;9;1862
7;2025-12-23;10;1643
7;2025-12-23;11;1576
7;2025-12-23;12;1615
7;2025-12-23;13;1596
7;2025-12-23;14;1545
7;2025-12-23;15;1737
7;2025-12-23;16;1849
7;2025-12-23;17;2389
7;2025-12-23;18;2560
7;2025-12-23;19;1719
7;2025-12-23;20;1117
7;2025-12-23;21;674
7;2025-12-23;22;319
7;2025-12-23;23;207
7;2025-12-24;0;57
7;2025-12-24;1;0
7;2025-12-24;2;0
7;2025-12-24;3;0
7;2025-12-24;4;0
7;2025-12-24;5;186
7;2025-12-24;6;647
7;2025-12-24;7;1545
7;2025-12-24;8;2406
7;2025-12-24;9;1855
7;2025-12-24;10;1645
7;2025-12-24;11;1548
7;2025-12-24;12;1639
7;2025-12-24;13;1566
7;2025-12-24;14;1590
7;2025-12-24;15;1736
7;2025-12-24;16;1861
7;2025-12-24;17;2396
7;2025-12-24;18;2486
7;2025-12-24;19;1646
7;2025-12-24;20;1055
7;2025-12-24;21;636
7;2025-12-24;22;297
7;2025-12-24;23;194
7;2025-12-25;0;61
7;2025-12-25;1;0
7;2025-12-25;2;0
7;2025-12-25;3;0
7;2025-12-25;4;0
7;2025-12-25;5;182
7;2025-12-25;6;633
7;2025-12-25;7;1556
7;2025-12-25;8;2449
7;2025-12-25;9;1818
7;2025-12-25;10;1603
7;2025-12-25;11;1537
7;2025-12-25;12;1629
7;2025-12-25;13;1568
7;2025-12-25;14;1623
7;2025-12-25;15;1747
7;2025-12-25;16;1854
7;2025-12-25;17;2351
7;2025-12-25;18;2567
7;2025-12-25;19;1685
7;2025-12-25;20;1080
7;2025-12-25;21;641
7;2025-12-25;22;310
7;2025-12-25;23;219
7;2025-12-26;0;72
7;2025-12-26;1;0
7;2025-12-26;2;0
7;2025-12-26;3;0
7;2025-12-26;4;0
7;2025-12-26;5;176
7;2025-12-26;6;624
7;2025-12-26;7;1503
7;2025-12-26;8;2316
7;2025-12-26;9;1766
7;2025-12-26;10;1608
7;2025-12-26;11;1531
7;2025-12-26;12;1581
7;2025-12-26;13;1610
7;2025-12-26;14;1606
7;2025-12-26;15;1770
7;2025-12-26;16;1950
7;2025-12-26;17;2286
7;2025-12-26;18;2003
7;2025-12-26;19;1444
7;2025-12-26;20;1000
7;2025-12-26;21;619
7;2025-12-26;22;310
7;2025-12-26;23;248
7;2025-12-27;0;98
7;2025-12-27;1;0
7;2025-12-27;2;0
7;2025-12-27;3;0
7;2025-12-27;4;0
7;2025-12-27;5;63
7;2025-12-27;6;250
7;2025-12-27;7;488
7;2025-12-27;8;711
7;2025-12-27;9;775
7;2025-12-27;10;784
7;2025-12-27;11;919
7;2025-12-27;12;1007
7;2025-12-27;13;1079
7;2025-12-27;14;1112
7;2025-12-27;15;1071
7;2025-12-27;16;1047
7;2025-12-27;17;969
7;2025-12-27;18;1026
7;2025-12-27;19;919
7;2025-12-27;20;672
7;2025-12-27;21;528
7;2025-12-27;22;288
7;2025-12-27;23;207
7;2025-12-28;0;96
7;2025-12-28;1;0
7;2025-12-28;2;0
7;2025-12-28;3;0
7;2025-12-28;4;0
7;2025-12-28;5;39
7;2025-12-28;6;176
7;2025-12-28;7;357
7;2025-12-28;8;532
7;2025-12-28;9;633
7;2025-12-28;10;662
7;2025-12-28;11;907
7;2025-12-28;12;914
7;2025-12-28;13;966
7;2025-12-28;14;1044
7;2025-12-28;15;1052
7;2025-12-28;16;961
7;2025-12-28;17;963
7;2025-12-28;18;921
7;2025-12-28;19;814
7;2025-12-28;20;625
7;2025-12-28;21;470
7;2025-12-28;22;268
7;2025-12-28;23;183
7;2025-12-29;0;59
7;2025-12-29;1;0
7;2025-12-29;2;0
7;2025-12-29;3;0
7;2025-12-29;4;0
7;2025-12-29;5;186
7;2025-12-29;6;635
7;2025-12-29;7;1597
7;2025-12-29;8;2465
7;2025-12-29;9;1816
7;2025-12-29;10;1608
7;2025-12-29;11;1521
7;2025-12-29;12;1556
7;2025-12-29;13;1572
7;2025-12-29;14;1572
7;2025-12-29;15;1736
7;2025-12-29;16;1844
7;2025-12-29;17;2420
7;2025-12-29;18;2566
7;2025-12-29;19;1721
7;2025-12-29;20;1082
7;2025-12-29;21;636
7;2025-12-29;22;304
7;2025-12-29;23;175
7;2025-12-30;0;56
7;2025-12-30;1;0
7;2025-12-30;2;0
7;2025-12-30;3;0
7;2025-12-30;4;0
7;2025-12-30;5;181
7;2025-12-30;6;643
7;2025-12-30;7;1627
7;2025-12-30;8;2440
7;2025-12-30;9;1876
7;2025-12-30;10;1656
7;2025-12-30;11;1593
7;2025-12-30;12;1632
7;2025-12-30;13;1620
7;2025-12-30;14;1577
7;2025-12-30;15;1770
7;2025-12-30;16;1885
7;2025-12-30;17;2336
7;2025-12-30;18;2493
7;2025-12-30;19;1659
7;2025-12-30;20;1104
7;2025-12-30;21;668
7;2025-12-30;22;317
7;2025-12-30;23;206
7;2025-12-31;0;94
7;2025-12-31;1;0
7;2025-12-31;2;0
7;2025-12-31;3;0
7;2025-12-31;4;0
7;2025-12-31;5;41
7;2025-12-31;6;183
7;2025-12-31;7;353
7;2025-12-31;8;531
7;2025-12-31;9;620
7;2025-12-31;10;671
7;2025-12-31;11;927
7;2025-12-31;12;883
7;2025-12-31;13;983
7;2025-12-31;14;1048
7;2025-12-31;15;1036
7;2025-12-31;16;951
7;2025-12-31;17;980
7;2025-12-31;18;955
7;2025-12-31;19;880
7;2025-12-31;20;676
7;2025-12-31;21;504
7;2025-12-31;22;284
7;2025-12-31;23;192
11;2025-11-01;0;77
11;2025-11-01;1;0
11;2025-11-01;2;0
11;2025-11-01;3;0
11;2025-11-01;4;0
11;2025-11-01;5;203
11;2025-11-01;6;1019
11;2025-11-01;7;1705
11;2025-11-01;8;2264
11;2025-11-01;9;1822
11;2025-11-01;10;1598
11;2025-11-01;11;1682
11;2025-11-01;12;1731
11;2025-11-01;13;1762
11;2025-11-01;14;1783
11;2025-11-01;15;1801
11;2025-11-01;16;1971
11;2025-11-01;17;2195
11;2025-11-01;18;2026
11;2025-11-01;19;1703
11;2025-11-01;20;1138
11;2025-11-01;21;724
11;2025-11-01;22;352
11;2025-11-01;23;249
11;2025-11-02;0;107
11;2025-11-02;1;0
11;2025-11-02;2;0
11;2025-11-02;3;0
11;2025-11-02;4;0
11;2025-11-02;5;104
11;2025-11-02;6;468
11;2025-11-02;7;465
11;2025-11-02;8;652
11;2025-11-02;9;871
11;2025-11-02;10;983
11;2025-11-02;11;1373
11;2025-11-02;12;1517
11;2025-11-02;13;1518
11;2025-11-02;14;1596
11;2025-11-02;15;1528
11;2025-11-02;16;1544
11;2025-11-02;17;1615
11;2025-11-02;18;1252
11;2025-11-02;19;1040
11;2025-11-02;20;783
11;2025-11-02;21;597
11;2025-11-02;22;352
11;2025-11-02;23;236
11;2025-11-03;0;108
11;2025-11-03;1;0
11;2025-11-03;2;0
11;2025-11-03;3;0
11;2025-11-03;4;0
11;2025-11-03;5;106
11;2025-11-03;6;483
11;2025-11-03;7;483
11;2025-11-03;8;683
11;2025-11-03;9;889
11;2025-11-03;10;1005
11;2025-11-03;11;1404
11;2025-11-03;12;1573
11;2025-11-03;13;1570
11;2025-11-03;14;1624
11;2025-11-03;15;1525
11;2025-11-03;16;1560
11;2025-11-03;17;1624
11;2025-11-03;18;1297
11;2025-11-03;19;1105
11;2025-11-03;20;806
11;2025-11-03;21;615
11;2025-11-03;22;357
11;2025-11-03;23;238
11;2025-11-04;0;99
11;2025-11-04;1;0
11;2025-11-04;2;0
11;2025-11-04;3;0
11;2025-11-04;4;0
11;2025-11-04;5;96
11;2025-11-04;6;463
11;2025-11-04;7;461
11;2025-11-04;8;645
11;2025-11-04;9;843
11;2025-11-04;10;960
11;2025-11-04;11;1362
11;2025-11-04;12;1501
11;2025-11-04;13;1500
11;2025-11-04;14;1584
11;2025-11-04;15;1507
11;2025-11-04;16;1520
11;2025-11-04;17;1575
11;2025-11-04;18;1257
11;2025-11-04;19;1054
11;2025-11-04;20;773
11;2025-11-04;21;594
11;2025-11-04;22;341
11;2025-11-04;23;225
11;2025-11-05;0;69
11;2025-11-05;1;0
11;2025-11-05;2;0
11;2025-11-05;3;0
11;2025-11-05;4;0
11;2025-11-05;5;254
11;2025-11-05;6;1228
11;2025-11-05;7;2364
11;2025-11-05;8;3126
11;2025-11-05;9;2322
11;2025-11-05;10;1873
11;2025-11-05;11;1888
11;2025-11-05;12;1897
11;2025-11-05;13;1967
11;2025-11-05;14;1937
11;2025-11-05;15;1924
11;2025-11-05;16;2124
11;2025-11-05;17;2682
11;2025-11-05;18;2960
11;2025-11-05;19;2209
11;2025-11-05;20;1395
11;2025-11-05;21;817
11;2025-11-05;22;387
11;2025-11-05;23;235
11;2025-11-06;0;61
11;2025-11-06;1;0
11;2025-11-06;2;0
11;2025-11-06;3;0
11;2025-11-06;4;0
11;2025-11-06;5;246
11;2025-11-06;6;1302
11;2025-11-06;7;2395
11;2025-11-06;8;3173
11;2025-11-06;9;2384
11;2025-11-06;10;2007
11;2025-11-06;11;1896
11;2025-11-06;12;1981
11;2025-11-06;13;2049
11;2025-11-06;14;2032
11;2025-11-06;15;1966
11;2025-11-06;16;2254
11;2025-11-06;17;2803
11;2025-11-06;18;3145
11;2025-11-06;19;2289
11;2025-11-06;20;1435
11;2025-11-06;21;872
11;2025-11-06;22;399
11;2025-11-06;23;244
11;2025-11-07;0;73
11;2025-11-07;1;0
11;2025-11-07;2;0
11;2025-11-07;3;0
11;2025-11-07;4;0
11;2025-11-07;5;257
11;2025-11-07;6;1234
11;2025-11-07;7;2307
11;2025-11-07;8;3052
11;2025-11-07;9;2247
11;2025-11-07;10;1821
11;2025-11-07;11;1812
11;2025-11-07;12;1844
11;2025-11-07;13;1896
11;2025-11-07;14;1952
11;2025-11-07;15;2001
11;2025-11-07;16;2294
11;2025-11-07;17;2704
11;2025-11-07;18;2447
11;2025-11-07;19;1980
11;2025-11-07;20;1306
11;2025-11-07;21;824
11;2025-11-07;22;383
11;2025-11-07;23;293
11;2025-11-08;0;109
11;2025-11-08;1;0
11;2025-11-08;2;0
11;2025-11-08;3;0
11;2025-11-08;4;0
11;2025-11-08;5;164
11;2025-11-08;6;790
11;2025-11-08;7;752
11;2025-11-08;8;1011
11;2025-11-08;9;1175
11;2025-11-08;10;1358
11;2025-11-08;11;1679
11;2025-11-08;12;1848
11;2025-11-08;13;1857
11;2025-11-08;14;1951
11;2025-11-08;15;1844
11;2025-11-08;16;1818
11;2025-11-08;17;1850
11;2025-11-08;18;1535
11;2025-11-08;19;1412
11;2025-11-08;20;964
11;2025-11-08;21;711
11;2025-11-08;22;401
11;2025-11-08;23;271
11;2025-11-09;0;109
11;2025-11-09;1;0
11;2025-11-09;2;0
11;2025-11-09;3;0
11;2025-11-09;4;0
11;2025-11-09;5;101
11;2025-11-09;6;465
11;2025-11-09;7;476
11;2025-11-09;8;660
11;2025-11-09;9;880
11;2025-11-09;10;998
11;2025-11-09;11;1384
11;2025-11-09;12;1520
11;2025-11-09;13;1528
11;2025-11-09;14;1590
11;2025-11-09;15;1526
11;2025-11-09;16;1538
11;2025-11-09;17;1606
11;2025-11-09;18;1232
11;2025-11-09;19;1014
11;2025-11-09;20;757
11;2025-11-09;21;573
11;2025-11-09;22;337
11;2025-11-09;23;229
11;2025-11-10;0;76
11;2025-11-10;1;0
11;2025-11-10;2;0
11;2025-11-10;3;0
11;2025-11-10;4;0
11;2025-11-10;5;251
11;2025-11-10;6;1295
11;2025-11-10;7;2331
11;2025-11-10;8;3106
11;2025-11-10;9;2298
11;2025-11-10;10;1838
11;2025-11-10;11;1832
11;2025-11-10;12;1838
11;2025-11-10;13;1869
11;2025-11-10;14;1900
11;2025-11-10;15;1966
11;2025-11-10;16;2184
11;2025-11-10;17;2718
11;2025-11-10;18;2909
11;2025-11-10;19;2199
11;2025-11-10;20;1286
11;2025-11-10;21;796
11;2025-11-10;22;340
11;2025-11-10;23;198
11;2025-11-11;0;55
11;2025-11-11;1;0
11;2025-11-11;2;0
11;2025-11-11;3;0
11;2025-11-11;4;0
11;2025-11-11;5;243
11;2025-11-11;6;1284
11;2025-11-11;7;2419
11;2025-11-11;8;3191
11;2025-11-11;9;2370
11;2025-11-11;10;1928
11;2025-11-11;11;1863
11;2025-11-11;12;1913
11;2025-11-11;13;1998
11;2025-11-11;14;1943
11;2025-11-11;15;1934
11;2025-11-11;16;2191
11;2025-11-11;17;2773
11;2025-11-11;18;2990
11;2025-11-11;19;2266
11;2025-11-11;20;1474
11;2025-11-11;21;829
11;2025-11-11;22;375
11;2025-11-11;23;230
11;2025-11-12;0;69
11;2025-11-12;1;0
11;2025-11-12;2;0
11;2025-11-12;3;0
11;2025-11-12;4;0
11;2025-11-12;5;254
11;2025-11-12;6;1228
11;2025-11-12;7;2364
11;2025-11-12;8;3126
11;2025-11-12;9;2322
11;2025-11-12;10;1873
11;2025-11-12;11;1888
11;2025-11-12;12;1897
11;2025-11-12;13;1967
11;2025-11-12;14;1937
11;2025-11-12;15;1924
11;2025-11-12;16;2124
11;2025-11-12;17;2682
11;2025-11-12;18;2960
11;2025-11-12;19;2209
11;2025-11-12;20;1395
11;2025-11-12;21;817
11;2025-11-12;22;387
11;2025-11-12;23;234
11;2025-11-13;0;61
11;2025-11-13;1;0
11;2025-11-13;2;0
11;2025-11-13;3;0
11;2025-11-13;4;0
11;2025-11-13;5;246
11;2025-11-13;6;1302
11;2025-11-13;7;2395
11;2025-11-13;8;3173
11;2025-11-13;9;2384
11;2025-11-13;10;2008
11;2025-11-13;11;1896
11;2025-11-13;12;1981
11;2025-11-13;13;2049
11;2025-11-13;14;2032
11;2025-11-13;15;1966
11;2025-11-13;16;2254
11;2025-11-13;17;2803
11;2025-11-13;18;3145
11;2025-11-13;19;2289
11;2025-11-13;20;1435
11;2025-11-13;21;872
11;2025-11-13;22;399
11;2025-11-13;23;244
11;2025-11-14;0;72
11;2025-11-14;1;0
11;2025-11-14;2;0
11;2025-11-14;3;0
11;2025-11-14;4;0
11;2025-11-14;5;257
11;2025-11-14;6;1234
11;2025-11-14;7;2307
11;2025-11-14;8;3051
11;2025-11-14;9;2247
11;2025-11-14;10;1822
11;2025-11-14;11;1813
11;2025-11-14;12;1845
11;2025-11-14;13;1896
11;2025-11-14;14;1952
11;2025-11-14;15;2001
11;2025-11-14;16;2294
11;2025-11-14;17;2704
11;2025-11-14;18;2447
11;2025-11-14;19;1980
11;2025-11-14;20;1306
11;2025-11-14;21;824
11;2025-11-14;22;383
11;2025-11-14;23;293
11;2025-11-15;0;109
11;2025-11-15;1;0
11;2025-11-15;2;0
11;2025-11-15;3;0
11;2025-11-15;4;0
11;2025-11-15;5;164
11;2025-11-15;6;790
11;2025-11-15;7;752
11;2025-11-15;8;1011
11;2025-11-15;9;1175
11;2025-11-15;10;1358
11;2025-11-15;11;1679
11;2025-11-15;12;1848
11;2025-11-15;13;1857
11;2025-11-15;14;1951
11;2025-11-15;15;1844
11;2025-11-15;16;1818
11;2025-11-15;17;1850
11;2025-11-15;18;1535
11;2025-11-15;19;1412
11;2025-11-15;20;964
11;2025-11-15;21;711
11;2025-11-15;22;401
11;2025-11-15;23;271
11;2025-11-16;0;109
11;2025-11-16;1;0
11;2025-11-16;2;0
11;2025-11-16;3;0
11;2025-11-16;4;0
11;2025-11-16;5;101
11;2025-11-16;6;465
11;2025-11-16;7;476
11;2025-11-16;8;660
11;2025-11-16;9;880
11;2025-11-16;10;998
11;2025-11-16;11;1384
11;2025-11-16;12;1521
11;2025-11-16;13;1528
11;2025-11-16;14;1590
11;2025-11-16;15;1526
11;2025-11-16;16;1539
11;2025-11-16;17;1606
11;2025-11-16;18;1232
11;2025-11-16;19;1014
11;2025-11-16;20;757
11;2025-11-16;21;573
11;2025-11-16;22;337
11;2025-11-16;23;229
11;2025-11-17;0;76
11;2025-11-17;1;0
11;2025-11-17;2;0
11;2025-11-17;3;0
11;2025-11-17;4;0
11;2025-11-17;5;251
11;2025-11-17;6;1295
11;2025-11-17;7;2331
11;2025-11-17;8;3106
11;2025-11-17;9;2298
11;2025-11-17;10;1838
11;2025-11-17;11;1832
11;2025-11-17;12;1838
11;2025-11-17;13;1869
11;2025-11-17;14;1900
11;2025-11-17;15;1966
11;2025-11-17;16;2184
11;2025-11-17;17;2718
11;2025-11-17;18;2909
11;2025-11-17;19;2199
11;2025-11-17;20;1286
11;2025-11-17;21;796
11;2025-11-17;22;340
11;2025-11-17;23;198
11;2025-11-18;0;55
11;2025-11-18;1;0
11;2025-11-18;2;0
11;2025-11-18;3;0
11;2025-11-18;4;0
11;2025-11-18;5;243
11;2025-11-18;6;1284
11;2025-11-18;7;2419
11;2025-11-18;8;3191
11;2025-11-18;9;2371
11;2025-11-18;10;1930
11;2025-11-18;11;1865
11;2025-11-18;12;1914
11;2025-11-18;13;1999
11;2025-11-18;14;1944
11;2025-11-18;15;1935
11;2025-11-18;16;2190
11;2025-11-18;17;2772
11;2025-11-18;18;2989
11;2025-11-18;19;2266
11;2025-11-18;20;1473
11;2025-11-18;21;828
11;2025-11-18;22;374
11;2025-11-18;23;228
11;2025-11-19;0;69
11;2025-11-19;1;0
11;2025-11-19;2;0
11;2025-11-19;3;0
11;2025-11-19;4;0
11;2025-11-19;5;254
11;2025-11-19;6;1228
11;2025-11-19;7;2364
11;2025-11-19;8;3125
11;2025-11-19;9;2322
11;2025-11-19;10;1874
11;2025-11-19;11;1889
11;2025-11-19;12;1897
11;2025-11-19;13;1968
11;2025-11-19;14;1938
11;2025-11-19;15;1924
11;2025-11-19;16;2124
11;2025-11-19;17;2682
11;2025-11-19;18;2960
11;2025-11-19;19;2209
11;2025-11-19;20;1395
11;2025-11-19;21;817
11;2025-11-19;22;387
11;2025-11-19;23;233
11;2025-11-20;0;60
11;2025-11-20;1;0
11;2025-11-20;2;0
11;2025-11-20;3;0
11;2025-11-20;4;0
11;2025-11-20;5;246
11;2025-11-20;6;1302
11;2025-11-20;7;2396
11;2025-11-20;8;3173
11;2025-11-20;9;2384
11;2025-11-20;10;2009
11;2025-11-20;11;1898
11;2025-11-20;12;1982
11;2025-11-20;13;2050
11;2025-11-20;14;2033
11;2025-11-20;15;1967
11;2025-11-20;16;2254
11;2025-11-20;17;2803
11;2025-11-20;18;3144
11;2025-11-20;19;2288
11;2025-11-20;20;1434
11;2025-11-20;21;871
11;2025-11-20;22;398
11;2025-11-20;23;241
11;2025-11-21;0;72
11;2025-11-21;1;0
11;2025-11-21;2;0
11;2025-11-21;3;0
11;2025-11-21;4;0
11;2025-11-21;5;257
11;2025-11-21;6;1234
11;2025-11-21;7;2308
11;2025-11-21;8;3052
11;2025-11-21;9;2247
11;2025-11-21;10;1822
11;2025-11-21;11;1813
11;2025-11-21;12;1845
11;2025-11-21;13;1896
11;2025-11-21;14;1952
11;2025-11-21;15;2001
11;2025-11-21;16;2293
11;2025-11-21;17;2704
11;2025-11-21;18;2446
11;2025-11-21;19;1979
11;2025-11-21;20;1306
11;2025-11-21;21;823
11;2025-11-21;22;382
11;2025-11-21;23;292
11;2025-11-22;0;109
11;2025-11-22;1;0
11;2025-11-22;2;0
11;2025-11-22;3;0
11;2025-11-22;4;0
11;2025-11-22;5;164
11;2025-11-22;6;790
11;2025-11-22;7;752
11;2025-11-22;8;1011
11;2025-11-22;9;1175
11;2025-11-22;10;1359
11;2025-11-22;11;1680
11;2025-11-22;12;1848
11;2025-11-22;13;1858
11;2025-11-22;14;1951
11;2025-11-22;15;1845
11;2025-11-22;16;1818
11;2025-11-22;17;1850
11;2025-11-22;18;1535
11;2025-11-22;19;1411
11;2025-11-22;20;963
11;2025-11-22;21;710
11;2025-11-22;22;400
11;2025-11-22;23;270
11;2025-11-23;0;108
11;2025-11-23;1;0
11;2025-11-23;2;0
11;2025-11-23;3;0
11;2025-11-23;4;0
11;2025-11-23;5;101
11;2025-11-23;6;465
11;2025-11-23;7;476
11;2025-11-23;8;660
11;2025-11-23;9;880
11;2025-11-23;10;998
11;2025-11-23;11;1384
11;2025-11-23;12;1521
11;2025-11-23;13;1528
11;2025-11-23;14;1590
11;2025-11-23;15;1526
11;2025-11-23;16;1539
11;2025-11-23;17;1606
11;2025-11-23;18;1232
11;2025-11-23;19;1014
11;2025-11-23;20;757
11;2025-11-23;21;573
11;2025-11-23;22;337
11;2025-11-23;23;229
11;2025-11-24;0;76
11;2025-11-24;1;0
11;2025-11-24;2;0
11;2025-11-24;3;0
11;2025-11-24;4;0
11;2025-11-24;5;251
11;2025-11-24;6;1295
11;2025-11-24;7;2331
11;2025-11-24;8;3106
11;2025-11-24;9;2298
11;2025-11-24;10;1838
11;2025-11-24;11;1832
11;2025-11-24;12;1838
11;2025-11-24;13;1869
11;2025-11-24;14;1900
11;2025-11-24;15;1966
11;2025-11-24;16;2184
11;2025-11-24;17;2718
11;2025-11-24;18;2909
11;2025-11-24;19;2199
11;2025-11-24;20;1286
11;2025-11-24;21;796
11;2025-11-24;22;340
11;2025-11-24;23;198
11;2025-11-25;0;53
11;2025-11-25;1;0
11;2025-11-25;2;0
11;2025-11-25;3;0
11;2025-11-25;4;0
11;2025-11-25;5;243
11;2025-11-25;6;1284
11;2025-11-25;7;2419
11;2025-11-25;8;3191
11;2025-11-25;9;2371
11;2025-11-25;10;1930
11;2025-11-25;11;1865
11;2025-11-25;12;1914
11;2025-11-25;13;1999
11;2025-11-25;14;1944
11;2025-11-25;15;1935
11;2025-11-25;16;2191
11;2025-11-25;17;2773
11;2025-11-25;18;2989
11;2025-11-25;19;2266
11;2025-11-25;20;1473
11;2025-11-25;21;828
11;2025-11-25;22;374
11;2025-11-25;23;228
11;2025-11-26;0;68
11;2025-11-26;1;0
11;2025-11-26;2;0
11;2025-11-26;3;0
11;2025-11-26;4;0
11;2025-11-26;5;254
11;2025-11-26;6;1228
11;2025-11-26;7;2364
11;2025-11-26;8;3126
11;2025-11-26;9;2322
11;2025-11-26;10;1874
11;2025-11-26;11;1889
11;2025-11-26;12;1897
11;2025-11-26;13;1968
11;2025-11-26;14;1938
11;2025-11-26;15;1924
11;2025-11-26;16;2124
11;2025-11-26;17;2682
11;2025-11-26;18;2960
11;2025-11-26;19;2209
11;2025-11-26;20;1395
11;2025-11-26;21;817
11;2025-11-26;22;387
11;2025-11-26;23;233
11;2025-11-27;0;60
11;2025-11-27;1;0
11;2025-11-27;2;0
11;2025-11-27;3;0
11;2025-11-27;4;0
11;2025-11-27;5;246
11;2025-11-27;6;1302
11;2025-11-27;7;2396
11;2025-11-27;8;3174
11;2025-11-27;9;2384
11;2025-11-27;10;2009
11;2025-11-27;11;1898
11;2025-11-27;12;1982
11;2025-11-27;13;2050
11;2025-11-27;14;2033
11;2025-11-27;15;1967
11;2025-11-27;16;2254
11;2025-11-27;17;2803
11;2025-11-27;18;3144
11;2025-11-27;19;2288
11;2025-11-27;20;1434
11;2025-11-27;21;871
11;2025-11-27;22;398
11;2025-11-27;23;241
11;2025-11-28;0;71
11;2025-11-28;1;0
11;2025-11-28;2;0
11;2025-11-28;3;0
11;2025-11-28;4;0
11;2025-11-28;5;257
11;2025-11-28;6;1234
11;2025-11-28;7;2308
11;2025-11-28;8;3052
11;2025-11-28;9;2247
11;2025-11-28;10;1822
11;2025-11-28;11;1813
11;2025-11-28;12;1845
11;2025-11-28;13;1896
11;2025-11-28;14;1952
11;2025-11-28;15;2002
11;2025-11-28;16;2294
11;2025-11-28;17;2704
11;2025-11-28;18;2447
11;2025-11-28;19;1979
11;2025-11-28;20;1306
11;2025-11-28;21;823
11;2025-11-28;22;382
11;2025-11-28;23;292
11;2025-11-29;0;108
11;2025-11-29;1;0
11;2025-11-29;2;0
11;2025-11-29;3;0
11;2025-11-29;4;0
11;2025-11-29;5;164
11;2025-11-29;6;790
11;2025-11-29;7;752
11;2025-11-29;8;1011
11;2025-11-29;9;1175
11;2025-11-29;10;1359
11;2025-11-29;11;1680
11;2025-11-29;12;1848
11;2025-11-29;13;1858
11;2025-11-29;14;1951
11;2025-11-29;15;1845
11;2025-11-29;16;1818
11;2025-11-29;17;1850
11;2025-11-29;18;1535
11;2025-11-29;19;1411
11;2025-11-29;20;963
11;2025-11-29;21;710
11;2025-11-29;22;400
11;2025-11-29;23;270
11;2025-11-30;0;108
11;2025-11-30;1;0
11;2025-11-30;2;0
11;2025-11-30;3;0
11;2025-11-30;4;0
11;2025-11-30;5;101
11;2025-11-30;6;465
11;2025-11-30;7;476
11;2025-11-30;8;660
11;2025-11-30;9;880
11;2025-11-30;10;998
11;2025-11-30;11;1384
11;2025-11-30;12;1521
11;2025-11-30;13;1528
11;2025-11-30;14;1591
11;2025-11-30;15;1526
11;2025-11-30;16;1539
11;2025-11-30;17;1606
11;2025-11-30;18;1232
11;2025-11-30;19;1014
11;2025-11-30;20;757
11;2025-11-30;21;573
11;2025-11-30;22;337
11;2025-11-30;23;229
11;2025-12-01;0;75
11;2025-12-01;1;0
11;2025-12-01;2;0
11;2025-12-01;3;0
11;2025-12-01;4;0
11;2025-12-01;5;251
11;2025-12-01;6;1295
11;2025-12-01;7;2331
11;2025-12-01;8;3107
11;2025-12-01;9;2298
11;2025-12-01;10;1838
11;2025-12-01;11;1832
11;2025-12-01;12;1838
11;2025-12-01;13;1869
11;2025-12-01;14;1900
11;2025-12-01;15;1967
11;2025-12-01;16;2184
11;2025-12-01;17;2718
11;2025-12-01;18;2909
11;2025-12-01;19;2199
11;2025-12-01;20;1286
11;2025-12-01;21;796
11;2025-12-01;22;340
11;2025-12-01;23;198
11;2025-12-02;0;53
11;2025-12-02;1;0
11;2025-12-02;2;0
11;2025-12-02;3;0
11;2025-12-02;4;0
11;2025-12-02;5;243
11;2025-12-02;6;1284
11;2025-12-02;7;2419
11;2025-12-02;8;3191
11;2025-12-02;9;2371
11;2025-12-02;10;1930
11;2025-12-02;11;1865
11;2025-12-02;12;1914
11;2025-12-02;13;1999
11;2025-12-02;14;1944
11;2025-12-02;15;1935
11;2025-12-02;16;2191
11;2025-12-02;17;2773
11;2025-12-02;18;2989
11;2025-12-02;19;2266
11;2025-12-02;20;1473
11;2025-12-02;21;828
11;2025-12-02;22;374
11;2025-12-02;23;228
11;2025-12-03;0;68
11;2025-12-03;1;0
11;2025-12-03;2;0
11;2025-12-03;3;0
11;2025-12-03;4;0
11;2025-12-03;5;254
11;2025-12-03;6;1227
11;2025-12-03;7;2363
11;2025-12-03;8;3125
11;2025-12-03;9;2322
11;2025-12-03;10;1873
11;2025-12-03;11;1889
11;2025-12-03;12;1897
11;2025-12-03;13;1967
11;2025-12-03;14;1937
11;2025-12-03;15;1924
11;2025-12-03;16;2123
11;2025-12-03;17;2681
11;2025-12-03;18;2961
11;2025-12-03;19;2210
11;2025-12-03;20;1396
11;2025-12-03;21;818
11;2025-12-03;22;388
11;2025-12-03;23;234
11;2025-12-04;0;59
11;2025-12-04;1;0
11;2025-12-04;2;0
11;2025-12-04;3;0
11;2025-12-04;4;0
11;2025-12-04;5;244
11;2025-12-04;6;1291
11;2025-12-04;7;2375
11;2025-12-04;8;3147
11;2025-12-04;9;2364
11;2025-12-04;10;1992
11;2025-12-04;11;1881
11;2025-12-04;12;1965
11;2025-12-04;13;2036
11;2025-12-04;14;2019
11;2025-12-04;15;1979
11;2025-12-04;16;2264
11;2025-12-04;17;2808
11;2025-12-04;18;3153
11;2025-12-04;19;2304
11;2025-12-04;20;1457
11;2025-12-04;21;899
11;2025-12-04;22;425
11;2025-12-04;23;270
11;2025-12-05;0;70
11;2025-12-05;1;0
11;2025-12-05;2;0
11;2025-12-05;3;0
11;2025-12-05;4;0
11;2025-12-05;5;255
11;2025-12-05;6;1222
11;2025-12-05;7;2286
11;2025-12-05;8;3024
11;2025-12-05;9;2226
11;2025-12-05;10;1805
11;2025-12-05;11;1796
11;2025-12-05;12;1828
11;2025-12-05;13;1881
11;2025-12-05;14;1937
11;2025-12-05;15;2009
11;2025-12-05;16;2298
11;2025-12-05;17;2706
11;2025-12-05;18;2461
11;2025-12-05;19;1999
11;2025-12-05;20;1331
11;2025-12-05;21;853
11;2025-12-05;22;413
11;2025-12-05;23;324
11;2025-12-06;0;108
11;2025-12-06;1;0
11;2025-12-06;2;0
11;2025-12-06;3;0
11;2025-12-06;4;0
11;2025-12-06;5;153
11;2025-12-06;6;777
11;2025-12-06;7;735
11;2025-12-06;8;993
11;2025-12-06;9;1157
11;2025-12-06;10;1340
11;2025-12-06;11;1660
11;2025-12-06;12;1827
11;2025-12-06;13;1839
11;2025-12-06;14;1932
11;2025-12-06;15;1859
11;2025-12-06;16;1833
11;2025-12-06;17;1864
11;2025-12-06;18;1556
11;2025-12-06;19;1433
11;2025-12-06;20;986
11;2025-12-06;21;734
11;2025-12-06;22;422
11;2025-12-06;23;293
11;2025-12-07;0;107
11;2025-12-07;1;0
11;2025-12-07;2;0
11;2025-12-07;3;0
11;2025-12-07;4;0
11;2025-12-07;5;92
11;2025-12-07;6;455
11;2025-12-07;7;463
11;2025-12-07;8;646
11;2025-12-07;9;864
11;2025-12-07;10;982
11;2025-12-07;11;1367
11;2025-12-07;12;1502
11;2025-12-07;13;1511
11;2025-12-07;14;1573
11;2025-12-07;15;1537
11;2025-12-07;16;1549
11;2025-12-07;17;1617
11;2025-12-07;18;1250
11;2025-12-07;19;1033
11;2025-12-07;20;777
11;2025-12-07;21;594
11;2025-12-07;22;357
11;2025-12-07;23;249
11;2025-12-08;0;75
11;2025-12-08;1;0
11;2025-12-08;2;0
11;2025-12-08;3;0
11;2025-12-08;4;0
11;2025-12-08;5;234
11;2025-12-08;6;1274
11;2025-12-08;7;2300
11;2025-12-08;8;3073
11;2025-12-08;9;2269
11;2025-12-08;10;1810
11;2025-12-08;11;1805
11;2025-12-08;12;1810
11;2025-12-08;13;1844
11;2025-12-08;14;1875
11;2025-12-08;15;1990
11;2025-12-08;16;2206
11;2025-12-08;17;2738
11;2025-12-08;18;2936
11;2025-12-08;19;2230
11;2025-12-08;20;1320
11;2025-12-08;21;832
11;2025-12-08;22;374
11;2025-12-08;23;232
11;2025-12-09;0;53
11;2025-12-09;1;0
11;2025-12-09;2;0
11;2025-12-09;3;0
11;2025-12-09;4;0
11;2025-12-09;5;226
11;2025-12-09;6;1265
11;2025-12-09;7;2391
11;2025-12-09;8;3162
11;2025-12-09;9;2343
11;2025-12-09;10;1903
11;2025-12-09;11;1838
11;2025-12-09;12;1887
11;2025-12-09;13;1975
11;2025-12-09;14;1920
11;2025-12-09;15;1959
11;2025-12-09;16;2215
11;2025-12-09;17;2795
11;2025-12-09;18;3017
11;2025-12-09;19;2295
11;2025-12-09;20;1504
11;2025-12-09;21;861
11;2025-12-09;22;403
11;2025-12-09;23;258
11;2025-12-10;0;68
11;2025-12-10;1;0
11;2025-12-10;2;0
11;2025-12-10;3;0
11;2025-12-10;4;0
11;2025-12-10;5;238
11;2025-12-10;6;1207
11;2025-12-10;7;2334
11;2025-12-10;8;3093
11;2025-12-10;9;2292
11;2025-12-10;10;1846
11;2025-12-10;11;1862
11;2025-12-10;12;1869
11;2025-12-10;13;1942
11;2025-12-10;14;1912
11;2025-12-10;15;1949
11;2025-12-10;16;2147
11;2025-12-10;17;2703
11;2025-12-10;18;2988
11;2025-12-10;19;2240
11;2025-12-10;20;1429
11;2025-12-10;21;853
11;2025-12-10;22;420
11;2025-12-10;23;267
11;2025-12-11;0;59
11;2025-12-11;1;0
11;2025-12-11;2;0
11;2025-12-11;3;0
11;2025-12-11;4;0
11;2025-12-11;5;229
11;2025-12-11;6;1282
11;2025-12-11;7;2367
11;2025-12-11;8;3143
11;2025-12-11;9;2356
11;2025-12-11;10;1981
11;2025-12-11;11;1871
11;2025-12-11;12;1954
11;2025-12-11;13;2025
11;2025-12-11;14;2008
11;2025-12-11;15;1992
11;2025-12-11;16;2278
11;2025-12-11;17;2826
11;2025-12-11;18;3172
11;2025-12-11;19;2318
11;2025-12-11;20;1467
11;2025-12-11;21;905
11;2025-12-11;22;428
11;2025-12-11;23;272
11;2025-12-12;0;70
11;2025-12-12;1;0
11;2025-12-12;2;0
11;2025-12-12;3;0
11;2025-12-12;4;0
11;2025-12-12;5;241
11;2025-12-12;6;1215
11;2025-12-12;7;2279
11;2025-12-12;8;3021
11;2025-12-12;9;2218
11;2025-12-12;10;1795
11;2025-12-12;11;1786
11;2025-12-12;12;1817
11;2025-12-12;13;1871
11;2025-12-12;14;1927
11;2025-12-12;15;2022
11;2025-12-12;16;2313
11;2025-12-12;17;2722
11;2025-12-12;18;2476
11;2025-12-12;19;2011
11;2025-12-12;20;1339
11;2025-12-12;21;859
11;2025-12-12;22;416
11;2025-12-12;23;326
11;2025-12-13;0;108
11;2025-12-13;1;0
11;2025-12-13;2;0
11;2025-12-13;3;0
11;2025-12-13;4;0
11;2025-12-13;5;153
11;2025-12-13;6;777
11;2025-12-13;7;735
11;2025-12-13;8;993
11;2025-12-13;9;1157
11;2025-12-13;10;1340
11;2025-12-13;11;1660
11;2025-12-13;12;1827
11;2025-12-13;13;1839
11;2025-12-13;14;1932
11;2025-12-13;15;1859
11;2025-12-13;16;1833
11;2025-12-13;17;1864
11;2025-12-13;18;1556
11;2025-12-13;19;1433
11;2025-12-13;20;986
11;2025-12-13;21;734
11;2025-12-13;22;422
11;2025-12-13;23;293
11;2025-12-14;0;107
11;2025-12-14;1;0
11;2025-12-14;2;0
11;2025-12-14;3;0
11;2025-12-14;4;0
11;2025-12-14;5;92
11;2025-12-14;6;455
11;2025-12-14;7;463
11;2025-12-14;8;646
11;2025-12-14;9;864
11;2025-12-14;10;982
11;2025-12-14;11;1367
11;2025-12-14;12;1502
11;2025-12-14;13;1511
11;2025-12-14;14;1573
11;2025-12-14;15;1537
11;2025-12-14;16;1549
11;2025-12-14;17;1617
11;2025-12-14;18;1250
11;2025-12-14;19;1033
11;2025-12-14;20;777
11;2025-12-14;21;594
11;2025-12-14;22;357
11;2025-12-14;23;249
11;2025-12-15;0;75
11;2025-12-15;1;0
11;2025-12-15;2;0
11;2025-12-15;3;0
11;2025-12-15;4;0
11;2025-12-15;5;234
11;2025-12-15;6;1274
11;2025-12-15;7;2300
11;2025-12-15;8;3073
11;2025-12-15;9;2269
11;2025-12-15;10;1810
11;2025-12-15;11;1805
11;2025-12-15;12;1810
11;2025-12-15;13;1844
11;2025-12-15;14;1875
11;2025-12-15;15;1990
11;2025-12-15;16;2206
11;2025-12-15;17;2738
11;2025-12-15;18;2936
11;2025-12-15;19;2230
11;2025-12-15;20;1320
11;2025-12-15;21;832
11;2025-12-15;22;374
11;2025-12-15;23;232
11;2025-12-16;0;53
11;2025-12-16;1;0
11;2025-12-16;2;0
11;2025-12-16;3;0
11;2025-12-16;4;0
11;2025-12-16;5;226
11;2025-12-16;6;1265
11;2025-12-16;7;2391
11;2025-12-16;8;3162
11;2025-12-16;9;2343
11;2025-12-16;10;1903
11;2025-12-16;11;1838
11;2025-12-16;12;1887
11;2025-12-16;13;1975
11;2025-12-16;14;1920
11;2025-12-16;15;1959
11;2025-12-16;16;2215
11;2025-12-16;17;2795
11;2025-12-16;18;3017
11;2025-12-16;19;2295
11;2025-12-16;20;1504
11;2025-12-16;21;861
11;2025-12-16;22;403
11;2025-12-16;23;258
11;2025-12-17;0;68
11;2025-12-17;1;0
11;2025-12-17;2;0
11;2025-12-17;3;0
11;2025-12-17;4;0
11;2025-12-17;5;238
11;2025-12-17;6;1207
11;2025-12-17;7;2334
11;2025-12-17;8;3093
11;2025-12-17;9;2292
11;2025-12-17;10;1846
11;2025-12-17;11;1862
11;2025-12-17;12;1869
11;2025-12-17;13;1942
11;2025-12-17;14;1912
11;2025-12-17;15;1949
11;2025-12-17;16;2147
11;2025-12-17;17;2703
11;2025-12-17;18;2988
11;2025-12-17;19;2240
11;2025-12-17;20;1429
11;2025-12-17;21;853
11;2025-12-17;22;420
11;2025-12-17;23;267
11;2025-12-18;0;59
11;2025-12-18;1;0
11;2025-12-18;2;0
11;2025-12-18;3;0
11;2025-12-18;4;0
11;2025-12-18;5;229
11;2025-12-18;6;1282
11;2025-12-18;7;2367
11;2025-12-18;8;3143
11;2025-12-18;9;2356
11;2025-12-18;10;1981
11;2025-12-18;11;1871
11;2025-12-18;12;1954
11;2025-12-18;13;2025
11;2025-12-18;14;2008
11;2025-12-18;15;1992
11;2025-12-18;16;2278
11;2025-12-18;17;2826
11;2025-12-18;18;3172
11;2025-12-18;19;2318
11;2025-12-18;20;1467
11;2025-12-18;21;905
11;2025-12-18;22;428
11;2025-12-18;23;272
11;2025-12-19;0;70
11;2025-12-19;1;0
11;2025-12-19;2;0
11;2025-12-19;3;0
11;2025-12-19;4;0
11;2025-12-19;5;241
11;2025-12-19;6;1215
11;2025-12-19;7;2279
11;2025-12-19;8;3021
11;2025-12-19;9;2218
11;2025-12-19;10;1795
11;2025-12-19;11;1786
11;2025-12-19;12;1817
11;2025-12-19;13;1871
11;2025-12-19;14;1927
11;2025-12-19;15;2022
11;2025-12-19;16;2313
11;2025-12-19;17;2722
11;2025-12-19;18;2476
11;2025-12-19;19;2011
11;2025-12-19;20;1339
11;2025-12-19;21;859
11;2025-12-19;22;416
11;2025-12-19;23;326
11;2025-12-20;0;108
11;2025-12-20;1;0
11;2025-12-20;2;0
11;2025-12-20;3;0
11;2025-12-20;4;0
11;2025-12-20;5;153
11;2025-12-20;6;777
11;2025-12-20;7;735
11;2025-12-20;8;993
11;2025-12-20;9;1157
11;2025-12-20;10;1340
11;2025-12-20;11;1660
11;2025-12-20;12;1827
11;2025-12-20;13;1839
11;2025-12-20;14;1932
11;2025-12-20;15;1859
11;2025-12-20;16;1833
11;2025-12-20;17;1864
11;2025-12-20;18;1556
11;2025-12-20;19;1433
11;2025-12-20;20;986
11;2025-12-20;21;734
11;2025-12-20;22;422
11;2025-12-20;23;293
11;2025-12-21;0;107
11;2025-12-21;1;0
11;2025-12-21;2;0
11;2025-12-21;3;0
11;2025-12-21;4;0
11;2025-12-21;5;92
11;2025-12-21;6;455
11;2025-12-21;7;463
11;2025-12-21;8;646
11;2025-12-21;9;864
11;2025-12-21;10;982
11;2025-12-21;11;1367
11;2025-12-21;12;1502
11;2025-12-21;13;1511
11;2025-12-21;14;1573
11;2025-12-21;15;1537
11;2025-12-21;16;1549
11;2025-12-21;17;1617
11;2025-12-21;18;1250
11;2025-12-21;19;1033
11;2025-12-21;20;777
11;2025-12-21;21;594
11;2025-12-21;22;357
11;2025-12-21;23;249
11;2025-12-22;0;75
11;2025-12-22;1;0
11;2025-12-22;2;0
11;2025-12-22;3;0
11;2025-12-22;4;0
11;2025-12-22;5;234
11;2025-12-22;6;1274
11;2025-12-22;7;2300
11;2025-12-22;8;3073
11;2025-12-22;9;2269
11;2025-12-22;10;1810
11;2025-12-22;11;1805
11;2025-12-22;12;1810
11;2025-12-22;13;1844
11;2025-12-22;14;1875
11;2025-12-22;15;1990
11;2025-12-22;16;2206
11;2025-12-22;17;2738
11;2025-12-22;18;2936
11;2025-12-22;19;2230
11;2025-12-22;20;1320
11;2025-12-22;21;832
11;2025-12-22;22;374
11;2025-12-22;23;232
11;2025-12-23;0;53
11;2025-12-23;1;0
11;2025-12-23;2;0
11;2025-12-23;3;0
11;2025-12-23;4;0
11;2025-12-23;5;226
11;2025-12-23;6;1265
11;2025-12-23;7;2391
11;2025-12-23;8;3162
11;2025-12-23;9;2343
11;2025-12-23;10;1903
11;2025-12-23;11;1838
11;2025-12-23;12;1887
11;2025-12-23;13;1975
11;2025-12-23;14;1920
11;2025-12-23;15;1959
11;2025-12-23;16;2215
11;2025-12-23;17;2795
11;2025-12-23;18;3017
11;2025-12-23;19;2295
11;2025-12-23;20;1504
11;2025-12-23;21;861
11;2025-12-23;22;403
11;2025-12-23;23;258
11;2025-12-24;0;68
11;2025-12-24;1;0
11;2025-12-24;2;0
11;2025-12-24;3;0
11;2025-12-24;4;0
11;2025-12-24;5;238
11;2025-12-24;6;1207
11;2025-12-24;7;2334
11;2025-12-24;8;3093
11;2025-12-24;9;2292
11;2025-12-24;10;1846
11;2025-12-24;11;1862
11;2025-12-24;12;1869
11;2025-12-24;13;1942
11;2025-12-24;14;1912
11;2025-12-24;15;1949
11;2025-12-24;16;2147
11;2025-12-24;17;2703
11;2025-12-24;18;2988
11;2025-12-24;19;2240
11;2025-12-24;20;1429
11;2025-12-24;21;853
11;2025-12-24;22;420
11;2025-12-24;23;267
11;2025-12-25;0;59
11;2025-12-25;1;0
11;2025-12-25;2;0
11;2025-12-25;3;0
11;2025-12-25;4;0
11;2025-12-25;5;229
11;2025-12-25;6;1282
11;2025-12-25;7;2367
11;2025-12-25;8;3143
11;2025-12-25;9;2356
11;2025-12-25;10;1981
11;2025-12-25;11;1871
11;2025-12-25;12;1954
11;2025-12-25;13;2025
11;2025-12-25;14;2008
11;2025-12-25;15;1992
11;2025-12-25;16;2278
11;2025-12-25;17;2826
11;2025-12-25;18;3172
11;2025-12-25;19;2318
11;2025-12-25;20;1467
11;2025-12-25;21;905
11;2025-12-25;22;428
11;2025-12-25;23;272
11;2025-12-26;0;70
11;2025-12-26;1;0
11;2025-12-26;2;0
11;2025-12-26;3;0
11;2025-12-26;4;0
11;2025-12-26;5;241
11;2025-12-26;6;1215
11;2025-12-26;7;2279
11;2025-12-26;8;3021
11;2025-12-26;9;2218
11;2025-12-26;10;1795
11;2025-12-26;11;1786
11;2025-12-26;12;1817
11;2025-12-26;13;1871
11;2025-12-26;14;1927
11;2025-12-26;15;2022
11;2025-12-26;16;2313
11;2025-12-26;17;2722
11;2025-12-26;18;2476
11;2025-12-26;19;2011
11;2025-12-26;20;1339
11;2025-12-26;21;859
11;2025-12-26;22;416
11;2025-12-26;23;326
11;2025-12-27;0;108
11;2025-12-27;1;0
11;2025-12-27;2;0
11;2025-12-27;3;0
11;2025-12-27;4;0
11;2025-12-27;5;153
11;2025-12-27;6;777
11;2025-12-27;7;735
11;2025-12-27;8;993
11;2025-12-27;9;1157
11;2025-12-27;10;1340
11;2025-12-27;11;1660
11;2025-12-27;12;1827
11;2025-12-27;13;1839
11;2025-12-27;14;1932
11;2025-12-27;15;1859
11;2025-12-27;16;1833
11;2025-12-27;17;1864
11;2025-12-27;18;1556
11;2025-12-27;19;1433
11;2025-12-27;20;986
11;2025-12-27;21;734
11;2025-12-27;22;422
11;2025-12-27;23;293
11;2025-12-28;0;107
11;2025-12-28;1;0
11;2025-12-28;2;0
11;2025-12-28;3;0
11;2025-12-28;4;0
11;2025-12-28;5;92
11;2025-12-28;6;455
11;2025-12-28;7;463
11;2025-12-28;8;646
11;2025-12-28;9;864
11;2025-12-28;10;982
11;2025-12-28;11;1367
11;2025-12-28;12;1502
11;2025-12-28;13;1511
11;2025-12-28;14;1573
11;2025-12-28;15;1537
11;2025-12-28;16;1549
11;2025-12-28;17;1617
11;2025-12-28;18;1250
11;2025-12-28;19;1033
11;2025-12-28;20;777
11;2025-12-28;21;594
11;2025-12-28;22;357
11;2025-12-28;23;249
11;2025-12-29;0;75
11;2025-12-29;1;0
11;2025-12-29;2;0
11;2025-12-29;3;0
11;2025-12-29;4;0
11;2025-12-29;5;234
11;2025-12-29;6;1274
11;2025-12-29;7;2300
11;2025-12-29;8;3073
11;2025-12-29;9;2269
11;2025-12-29;10;1810
11;2025-12-29;11;1805
11;2025-12-29;12;1810
11;2025-12-29;13;1844
11;2025-12-29;14;1875
11;2025-12-29;15;1990
11;2025-12-29;16;2206
11;2025-12-29;17;2738
11;2025-12-29;18;2936
11;2025-12-29;19;2230
11;2025-12-29;20;1320
11;2025-12-29;21;832
11;2025-12-29;22;374
11;2025-12-29;23;232
11;2025-12-30;0;53
11;2025-12-30;1;0
11;2025-12-30;2;0
11;2025-12-30;3;0
11;2025-12-30;4;0
11;2025-12-30;5;224
11;2025-12-30;6;1267
11;2025-12-30;7;2397
11;2025-12-30;8;3173
11;2025-12-30;9;2358
11;2025-12-30;10;1917
11;2025-12-30;11;1858
11;2025-12-30;12;1907
11;2025-12-30;13;2003
11;2025-12-30;14;1958
11;2025-12-30;15;2000
11;2025-12-30;16;2256
11;2025-12-30;17;2741
11;2025-12-30;18;2936
11;2025-12-30;19;2219
11;2025-12-30;20;1489
11;2025-12-30;21;854
11;2025-12-30;22;401
11;2025-12-30;23;257
11;2025-12-31;0;108
11;2025-12-31;1;0
11;2025-12-31;2;0
11;2025-12-31;3;0
11;2025-12-31;4;0
11;2025-12-31;5;97
11;2025-12-31;6;476
11;2025-12-31;7;459
11;2025-12-31;8;702
11;2025-12-31;9;913
11;2025-12-31;10;991
11;2025-12-31;11;1396
11;2025-12-31;12;1552
11;2025-12-31;13;1548
11;2025-12-31;14;1641
11;2025-12-31;15;1617
11;2025-12-31;16;1615
11;2025-12-31;17;1684
11;2025-12-31;18;1330
11;2025-12-31;19;1136
11;2025-12-31;20;839
11;2025-12-31;21;645
11;2025-12-31;22;383
11;2025-12-31;23;261
12;2025-11-01;0;54
12;2025-11-01;1;0
12;2025-11-01;2;0
12;2025-11-01;3;0
12;2025-11-01;4;0
12;2025-11-01;5;256
12;2025-11-01;6;1082
12;2025-11-01;7;1897
12;2025-11-01;8;2409
12;2025-11-01;9;1893
12;2025-11-01;10;1725
12;2025-11-01;11;1689
12;2025-11-01;12;1712
12;2025-11-01;13;1800
12;2025-11-01;14;1701
12;2025-11-01;15;1906
12;2025-11-01;16;2213
12;2025-11-01;17;2260
12;2025-11-01;18;2107
12;2025-11-01;19;1681
12;2025-11-01;20;1161
12;2025-11-01;21;781
12;2025-11-01;22;389
12;2025-11-01;23;264
12;2025-11-02;0;78
12;2025-11-02;1;0
12;2025-11-02;2;0
12;2025-11-02;3;0
12;2025-11-02;4;0
12;2025-11-02;5;129
12;2025-11-02;6;512
12;2025-11-02;7;663
12;2025-11-02;8;697
12;2025-11-02;9;899
12;2025-11-02;10;1131
12;2025-11-02;11;1250
12;2025-11-02;12;1315
12;2025-11-02;13;1509
12;2025-11-02;14;1486
12;2025-11-02;15;1503
12;2025-11-02;16;1537
12;2025-11-02;17;1490
12;2025-11-02;18;1313
12;2025-11-02;19;1038
12;2025-11-02;20;765
12;2025-11-02;21;594
12;2025-11-02;22;368
12;2025-11-02;23;210
12;2025-11-03;0;77
12;2025-11-03;1;0
12;2025-11-03;2;0
12;2025-11-03;3;0
12;2025-11-03;4;0
12;2025-11-03;5;129
12;2025-11-03;6;522
12;2025-11-03;7;671
12;2025-11-03;8;709
12;2025-11-03;9;940
12;2025-11-03;10;1186
12;2025-11-03;11;1298
12;2025-11-03;12;1324
12;2025-11-03;13;1521
12;2025-11-03;14;1490
12;2025-11-03;15;1545
12;2025-11-03;16;1554
12;2025-11-03;17;1490
12;2025-11-03;18;1317
12;2025-11-03;19;1045
12;2025-11-03;20;773
12;2025-11-03;21;603
12;2025-11-03;22;367
12;2025-11-03;23;211
12;2025-11-04;0;70
12;2025-11-04;1;0
12;2025-11-04;2;0
12;2025-11-04;3;0
12;2025-11-04;4;0
12;2025-11-04;5;119
12;2025-11-04;6;503
12;2025-11-04;7;631
12;2025-11-04;8;668
12;2025-11-04;9;883
12;2025-11-04;10;1127
12;2025-11-04;11;1243
12;2025-11-04;12;1293
12;2025-11-04;13;1482
12;2025-11-04;14;1464
12;2025-11-04;15;1499
12;2025-11-04;16;1521
12;2025-11-04;17;1451
12;2025-11-04;18;1280
12;2025-11-04;19;1014
12;2025-11-04;20;753
12;2025-11-04;21;584
12;2025-11-04;22;352
12;2025-11-04;23;199
12;2025-11-05;0;58
12;2025-11-05;1;0
12;2025-11-05;2;0
12;2025-11-05;3;0
12;2025-11-05;4;0
12;2025-11-05;5;320
12;2025-11-05;6;1397
12;2025-11-05;7;2654
12;2025-11-05;8;3486
12;2025-11-05;9;2508
12;2025-11-05;10;2125
12;2025-11-05;11;2015
12;2025-11-05;12;2045
12;2025-11-05;13;2096
12;2025-11-05;14;2003
12;2025-11-05;15;2310
12;2025-11-05;16;2733
12;2025-11-05;17;3025
12;2025-11-05;18;3086
12;2025-11-05;19;2361
12;2025-11-05;20;1548
12;2025-11-05;21;970
12;2025-11-05;22;469
12;2025-11-05;23;248
12;2025-11-06;0;50
12;2025-11-06;1;0
12;2025-11-06;2;0
12;2025-11-06;3;0
12;2025-11-06;4;0
12;2025-11-06;5;300
12;2025-11-06;6;1351
12;2025-11-06;7;2628
12;2025-11-06;8;3469
12;2025-11-06;9;2462
12;2025-11-06;10;2053
12;2025-11-06;11;1932
12;2025-11-06;12;2006
12;2025-11-06;13;2069
12;2025-11-06;14;1989
12;2025-11-06;15;2250
12;2025-11-06;16;2663
12;2025-11-06;17;2975
12;2025-11-06;18;3138
12;2025-11-06;19;2350
12;2025-11-06;20;1518
12;2025-11-06;21;937
12;2025-11-06;22;463
12;2025-11-06;23;256
12;2025-11-07;0;56
12;2025-11-07;1;0
12;2025-11-07;2;0
12;2025-11-07;3;0
12;2025-11-07;4;0
12;2025-11-07;5;315
12;2025-11-07;6;1363
12;2025-11-07;7;2639
12;2025-11-07;8;3348
12;2025-11-07;9;2423
12;2025-11-07;10;1994
12;2025-11-07;11;1964
12;2025-11-07;12;1998
12;2025-11-07;13;2072
12;2025-11-07;14;2009
12;2025-11-07;15;2334
12;2025-11-07;16;2839
12;2025-11-07;17;2971
12;2025-11-07;18;2616
12;2025-11-07;19;2053
12;2025-11-07;20;1373
12;2025-11-07;21;917
12;2025-11-07;22;457
12;2025-11-07;23;304
12;2025-11-08;0;74
12;2025-11-08;1;0
12;2025-11-08;2;0
12;2025-11-08;3;0
12;2025-11-08;4;0
12;2025-11-08;5;215
12;2025-11-08;6;776
12;2025-11-08;7;882
12;2025-11-08;8;1023
12;2025-11-08;9;1217
12;2025-11-08;10;1436
12;2025-11-08;11;1540
12;2025-11-08;12;1589
12;2025-11-08;13;1764
12;2025-11-08;14;1676
12;2025-11-08;15;1622
12;2025-11-08;16;1740
12;2025-11-08;17;1662
12;2025-11-08;18;1503
12;2025-11-08;19;1312
12;2025-11-08;20;915
12;2025-11-08;21;722
12;2025-11-08;22;387
12;2025-11-08;23;282
12;2025-11-09;0;79
12;2025-11-09;1;0
12;2025-11-09;2;0
12;2025-11-09;3;0
12;2025-11-09;4;0
12;2025-11-09;5;126
12;2025-11-09;6;507
12;2025-11-09;7;668
12;2025-11-09;8;701
12;2025-11-09;9;904
12;2025-11-09;10;1134
12;2025-11-09;11;1254
12;2025-11-09;12;1318
12;2025-11-09;13;1509
12;2025-11-09;14;1478
12;2025-11-09;15;1488
12;2025-11-09;16;1521
12;2025-11-09;17;1473
12;2025-11-09;18;1291
12;2025-11-09;19;1013
12;2025-11-09;20;743
12;2025-11-09;21;576
12;2025-11-09;22;357
12;2025-11-09;23;204
12;2025-11-10;0;53
12;2025-11-10;1;0
12;2025-11-10;2;0
12;2025-11-10;3;0
12;2025-11-10;4;0
12;2025-11-10;5;307
12;2025-11-10;6;1378
12;2025-11-10;7;2649
12;2025-11-10;8;3418
12;2025-11-10;9;2460
12;2025-11-10;10;2012
12;2025-11-10;11;1948
12;2025-11-10;12;2023
12;2025-11-10;13;2028
12;2025-11-10;14;1974
12;2025-11-10;15;2264
12;2025-11-10;16;2681
12;2025-11-10;17;2997
12;2025-11-10;18;3170
12;2025-11-10;19;2306
12;2025-11-10;20;1526
12;2025-11-10;21;918
12;2025-11-10;22;437
12;2025-11-10;23;224
12;2025-11-11;0;49
12;2025-11-11;1;0
12;2025-11-11;2;0
12;2025-11-11;3;0
12;2025-11-11;4;0
12;2025-11-11;5;319
12;2025-11-11;6;1416
12;2025-11-11;7;2737
12;2025-11-11;8;3572
12;2025-11-11;9;2521
12;2025-11-11;10;2091
12;2025-11-11;11;1988
12;2025-11-11;12;2022
12;2025-11-11;13;2084
12;2025-11-11;14;2003
12;2025-11-11;15;2292
12;2025-11-11;16;2688
12;2025-11-11;17;3024
12;2025-11-11;18;3212
12;2025-11-11;19;2351
12;2025-11-11;20;1502
12;2025-11-11;21;919
12;2025-11-11;22;455
12;2025-11-11;23;243
12;2025-11-12;0;58
12;2025-11-12;1;0
12;2025-11-12;2;0
12;2025-11-12;3;0
12;2025-11-12;4;0
12;2025-11-12;5;320
12;2025-11-12;6;1397
12;2025-11-12;7;2654
12;2025-11-12;8;3486
12;2025-11-12;9;2508
12;2025-11-12;10;2126
12;2025-11-12;11;2015
12;2025-11-12;12;2045
12;2025-11-12;13;2096
12;2025-11-12;14;2003
12;2025-11-12;15;2310
12;2025-11-12;16;2733
12;2025-11-12;17;3025
12;2025-11-12;18;3086
12;2025-11-12;19;2361
12;2025-11-12;20;1548
12;2025-11-12;21;970
12;2025-11-12;22;469
12;2025-11-12;23;247
12;2025-11-13;0;50
12;2025-11-13;1;0
12;2025-11-13;2;0
12;2025-11-13;3;0
12;2025-11-13;4;0
12;2025-11-13;5;300
12;2025-11-13;6;1351
12;2025-11-13;7;2630
12;2025-11-13;8;3471
12;2025-11-13;9;2463
12;2025-11-13;10;2054
12;2025-11-13;11;1933
12;2025-11-13;12;2007
12;2025-11-13;13;2070
12;2025-11-13;14;1990
12;2025-11-13;15;2251
12;2025-11-13;16;2662
12;2025-11-13;17;2974
12;2025-11-13;18;3137
12;2025-11-13;19;2347
12;2025-11-13;20;1515
12;2025-11-13;21;935
12;2025-11-13;22;463
12;2025-11-13;23;256
12;2025-11-14;0;56
12;2025-11-14;1;0
12;2025-11-14;2;0
12;2025-11-14;3;0
12;2025-11-14;4;0
12;2025-11-14;5;315
12;2025-11-14;6;1363
12;2025-11-14;7;2639
12;2025-11-14;8;3348
12;2025-11-14;9;2423
12;2025-11-14;10;1994
12;2025-11-14;11;1964
12;2025-11-14;12;1998
12;2025-11-14;13;2072
12;2025-11-14;14;2009
12;2025-11-14;15;2334
12;2025-11-14;16;2839
12;2025-11-14;17;2971
12;2025-11-14;18;2616
12;2025-11-14;19;2053
12;2025-11-14;20;1373
12;2025-11-14;21;917
12;2025-11-14;22;457
12;2025-11-14;23;304
12;2025-11-15;0;73
12;2025-11-15;1;0
12;2025-11-15;2;0
12;2025-11-15;3;0
12;2025-11-15;4;0
12;2025-11-15;5;215
12;2025-11-15;6;777
12;2025-11-15;7;882
12;2025-11-15;8;1024
12;2025-11-15;9;1217
12;2025-11-15;10;1437
12;2025-11-15;11;1540
12;2025-11-15;12;1590
12;2025-11-15;13;1765
12;2025-11-15;14;1677
12;2025-11-15;15;1623
12;2025-11-15;16;1740
12;2025-11-15;17;1661
12;2025-11-15;18;1502
12;2025-11-15;19;1311
12;2025-11-15;20;913
12;2025-11-15;21;721
12;2025-11-15;22;386
12;2025-11-15;23;282
12;2025-11-16;0;78
12;2025-11-16;1;0
12;2025-11-16;2;0
12;2025-11-16;3;0
12;2025-11-16;4;0
12;2025-11-16;5;127
12;2025-11-16;6;507
12;2025-11-16;7;668
12;2025-11-16;8;701
12;2025-11-16;9;904
12;2025-11-16;10;1135
12;2025-11-16;11;1254
12;2025-11-16;12;1319
12;2025-11-16;13;1510
12;2025-11-16;14;1478
12;2025-11-16;15;1489
12;2025-11-16;16;1520
12;2025-11-16;17;1472
12;2025-11-16;18;1290
12;2025-11-16;19;1011
12;2025-11-16;20;742
12;2025-11-16;21;575
12;2025-11-16;22;357
12;2025-11-16;23;204
12;2025-11-17;0;53
12;2025-11-17;1;0
12;2025-11-17;2;0
12;2025-11-17;3;0
12;2025-11-17;4;0
12;2025-11-17;5;307
12;2025-11-17;6;1378
12;2025-11-17;7;2649
12;2025-11-17;8;3418
12;2025-11-17;9;2460
12;2025-11-17;10;2012
12;2025-11-17;11;1948
12;2025-11-17;12;2023
12;2025-11-17;13;2028
12;2025-11-17;14;1974
12;2025-11-17;15;2264
12;2025-11-17;16;2681
12;2025-11-17;17;2997
12;2025-11-17;18;3170
12;2025-11-17;19;2306
12;2025-11-17;20;1526
12;2025-11-17;21;918
12;2025-11-17;22;437
12;2025-11-17;23;224
12;2025-11-18;0;49
12;2025-11-18;1;0
12;2025-11-18;2;0
12;2025-11-18;3;0
12;2025-11-18;4;0
12;2025-11-18;5;319
12;2025-11-18;6;1417
12;2025-11-18;7;2738
12;2025-11-18;8;3573
12;2025-11-18;9;2522
12;2025-11-18;10;2092
12;2025-11-18;11;1989
12;2025-11-18;12;2022
12;2025-11-18;13;2085
12;2025-11-18;14;2003
12;2025-11-18;15;2292
12;2025-11-18;16;2688
12;2025-11-18;17;3024
12;2025-11-18;18;3212
12;2025-11-18;19;2350
12;2025-11-18;20;1501
12;2025-11-18;21;918
12;2025-11-18;22;454
12;2025-11-18;23;240
12;2025-11-19;0;58
12;2025-11-19;1;0
12;2025-11-19;2;0
12;2025-11-19;3;0
12;2025-11-19;4;0
12;2025-11-19;5;320
12;2025-11-19;6;1398
12;2025-11-19;7;2654
12;2025-11-19;8;3486
12;2025-11-19;9;2508
12;2025-11-19;10;2126
12;2025-11-19;11;2015
12;2025-11-19;12;2045
12;2025-11-19;13;2096
12;2025-11-19;14;2003
12;2025-11-19;15;2310
12;2025-11-19;16;2733
12;2025-11-19;17;3025
12;2025-11-19;18;3086
12;2025-11-19;19;2361
12;2025-11-19;20;1548
12;2025-11-19;21;970
12;2025-11-19;22;469
12;2025-11-19;23;246
12;2025-11-20;0;49
12;2025-11-20;1;0
12;2025-11-20;2;0
12;2025-11-20;3;0
12;2025-11-20;4;0
12;2025-11-20;5;300
12;2025-11-20;6;1352
12;2025-11-20;7;2630
12;2025-11-20;8;3472
12;2025-11-20;9;2464
12;2025-11-20;10;2055
12;2025-11-20;11;1933
12;2025-11-20;12;2008
12;2025-11-20;13;2071
12;2025-11-20;14;1991
12;2025-11-20;15;2252
12;2025-11-20;16;2662
12;2025-11-20;17;2974
12;2025-11-20;18;3136
12;2025-11-20;19;2346
12;2025-11-20;20;1514
12;2025-11-20;21;934
12;2025-11-20;22;461
12;2025-11-20;23;253
12;2025-11-21;0;55
12;2025-11-21;1;0
12;2025-11-21;2;0
12;2025-11-21;3;0
12;2025-11-21;4;0
12;2025-11-21;5;315
12;2025-11-21;6;1363
12;2025-11-21;7;2639
12;2025-11-21;8;3348
12;2025-11-21;9;2423
12;2025-11-21;10;1994
12;2025-11-21;11;1964
12;2025-11-21;12;1998
12;2025-11-21;13;2072
12;2025-11-21;14;2010
12;2025-11-21;15;2334
12;2025-11-21;16;2839
12;2025-11-21;17;2971
12;2025-11-21;18;2616
12;2025-11-21;19;2053
12;2025-11-21;20;1372
12;2025-11-21;21;916
12;2025-11-21;22;457
12;2025-11-21;23;302
12;2025-11-22;0;73
12;2025-11-22;1;0
12;2025-11-22;2;0
12;2025-11-22;3;0
12;2025-11-22;4;0
12;2025-11-22;5;215
12;2025-11-22;6;777
12;2025-11-22;7;883
12;2025-11-22;8;1024
12;2025-11-22;9;1218
12;2025-11-22;10;1437
12;2025-11-22;11;1541
12;2025-11-22;12;1590
12;2025-11-22;13;1766
12;2025-11-22;14;1677
12;2025-11-22;15;1623
12;2025-11-22;16;1740
12;2025-11-22;17;1661
12;2025-11-22;18;1502
12;2025-11-22;19;1310
12;2025-11-22;20;912
12;2025-11-22;21;720
12;2025-11-22;22;386
12;2025-11-22;23;281
12;2025-11-23;0;78
12;2025-11-23;1;0
12;2025-11-23;2;0
12;2025-11-23;3;0
12;2025-11-23;4;0
12;2025-11-23;5;127
12;2025-11-23;6;507
12;2025-11-23;7;668
12;2025-11-23;8;701
12;2025-11-23;9;904
12;2025-11-23;10;1135
12;2025-11-23;11;1254
12;2025-11-23;12;1319
12;2025-11-23;13;1510
12;2025-11-23;14;1478
12;2025-11-23;15;1489
12;2025-11-23;16;1521
12;2025-11-23;17;1472
12;2025-11-23;18;1290
12;2025-11-23;19;1011
12;2025-11-23;20;742
12;2025-11-23;21;575
12;2025-11-23;22;357
12;2025-11-23;23;204
12;2025-11-24;0;53
12;2025-11-24;1;0
12;2025-11-24;2;0
12;2025-11-24;3;0
12;2025-11-24;4;0
12;2025-11-24;5;307
12;2025-11-24;6;1378
12;2025-11-24;7;2649
12;2025-11-24;8;3418
12;2025-11-24;9;2460
12;2025-11-24;10;2012
12;2025-11-24;11;1948
12;2025-11-24;12;2023
12;2025-11-24;13;2028
12;2025-11-24;14;1974
12;2025-11-24;15;2264
12;2025-11-24;16;2681
12;2025-11-24;17;2997
12;2025-11-24;18;3170
12;2025-11-24;19;2306
12;2025-11-24;20;1526
12;2025-11-24;21;918
12;2025-11-24;22;437
12;2025-11-24;23;224
12;2025-11-25;0;49
12;2025-11-25;1;0
12;2025-11-25;2;0
12;2025-11-25;3;0
12;2025-11-25;4;0
12;2025-11-25;5;319
12;2025-11-25;6;1417
12;2025-11-25;7;2738
12;2025-11-25;8;3573
12;2025-11-25;9;2522
12;2025-11-25;10;2092
12;2025-11-25;11;1989
12;2025-11-25;12;2022
12;2025-11-25;13;2085
12;2025-11-25;14;2003
12;2025-11-25;15;2292
12;2025-11-25;16;2688
12;2025-11-25;17;3024
12;2025-11-25;18;3212
12;2025-11-25;19;2350
12;2025-11-25;20;1501
12;2025-11-25;21;918
12;2025-11-25;22;454
12;2025-11-25;23;240
12;2025-11-26;0;58
12;2025-11-26;1;0
12;2025-11-26;2;0
12;2025-11-26;3;0
12;2025-11-26;4;0
12;2025-11-26;5;320
12;2025-11-26;6;1398
12;2025-11-26;7;2654
12;2025-11-26;8;3486
12;2025-11-26;9;2508
12;2025-11-26;10;2126
12;2025-11-26;11;2015
12;2025-11-26;12;2045
12;2025-11-26;13;2096
12;2025-11-26;14;2003
12;2025-11-26;15;2310
12;2025-11-26;16;2733
12;2025-11-26;17;3025
12;2025-11-26;18;3086
12;2025-11-26;19;2361
12;2025-11-26;20;1548
12;2025-11-26;21;970
12;2025-11-26;22;469
12;2025-11-26;23;246
12;2025-11-27;0;49
12;2025-11-27;1;0
12;2025-11-27;2;0
12;2025-11-27;3;0
12;2025-11-27;4;0
12;2025-11-27;5;300
12;2025-11-27;6;1352
12;2025-11-27;7;2630
12;2025-11-27;8;3472
12;2025-11-27;9;2464
12;2025-11-27;10;2055
12;2025-11-27;11;1933
12;2025-11-27;12;2008
12;2025-11-27;13;2071
12;2025-11-27;14;1991
12;2025-11-27;15;2252
12;2025-11-27;16;2662
12;2025-11-27;17;2974
12;2025-11-27;18;3136
12;2025-11-27;19;2346
12;2025-11-27;20;1514
12;2025-11-27;21;934
12;2025-11-27;22;461
12;2025-11-27;23;253
12;2025-11-28;0;55
12;2025-11-28;1;0
12;2025-11-28;2;0
12;2025-11-28;3;0
12;2025-11-28;4;0
12;2025-11-28;5;315
12;2025-11-28;6;1363
12;2025-11-28;7;2639
12;2025-11-28;8;3348
12;2025-11-28;9;2423
12;2025-11-28;10;1994
12;2025-11-28;11;1964
12;2025-11-28;12;1998
12;2025-11-28;13;2072
12;2025-11-28;14;2010
12;2025-11-28;15;2334
12;2025-11-28;16;2839
12;2025-11-28;17;2971
12;2025-11-28;18;2616
12;2025-11-28;19;2053
12;2025-11-28;20;1372
12;2025-11-28;21;916
12;2025-11-28;22;457
12;2025-11-28;23;302
12;2025-11-29;0;73
12;2025-11-29;1;0
12;2025-11-29;2;0
12;2025-11-29;3;0
12;2025-11-29;4;0
12;2025-11-29;5;215
12;2025-11-29;6;777
12;2025-11-29;7;883
12;2025-11-29;8;1024
12;2025-11-29;9;1218
12;2025-11-29;10;1437
12;2025-11-29;11;1541
12;2025-11-29;12;1590
12;2025-11-29;13;1766
12;2025-11-29;14;1677
12;2025-11-29;15;1623
12;2025-11-29;16;1740
12;2025-11-29;17;1661
12;2025-11-29;18;1502
12;2025-11-29;19;1310
12;2025-11-29;20;912
12;2025-11-29;21;720
12;2025-11-29;22;386
12;2025-11-29;23;281
12;2025-11-30;0;78
12;2025-11-30;1;0
12;2025-11-30;2;0
12;2025-11-30;3;0
12;2025-11-30;4;0
12;2025-11-30;5;127
12;2025-11-30;6;507
12;2025-11-30;7;668
12;2025-11-30;8;701
12;2025-11-30;9;904
12;2025-11-30;10;1135
12;2025-11-30;11;1254
12;2025-11-30;12;1319
12;2025-11-30;13;1510
12;2025-11-30;14;1478
12;2025-11-30;15;1489
12;2025-11-30;16;1521
12;2025-11-30;17;1472
12;2025-11-30;18;1290
12;2025-11-30;19;1011
12;2025-11-30;20;742
12;2025-11-30;21;575
12;2025-11-30;22;357
12;2025-11-30;23;204
12;2025-12-01;0;53
12;2025-12-01;1;0
12;2025-12-01;2;0
12;2025-12-01;3;0
12;2025-12-01;4;0
12;2025-12-01;5;307
12;2025-12-01;6;1378
12;2025-12-01;7;2649
12;2025-12-01;8;3418
12;2025-12-01;9;2460
12;2025-12-01;10;2012
12;2025-12-01;11;1948
12;2025-12-01;12;2023
12;2025-12-01;13;2028
12;2025-12-01;14;1974
12;2025-12-01;15;2264
12;2025-12-01;16;2681
12;2025-12-01;17;2997
12;2025-12-01;18;3170
12;2025-12-01;19;2306
12;2025-12-01;20;1526
12;2025-12-01;21;918
12;2025-12-01;22;437
12;2025-12-01;23;224
12;2025-12-02;0;49
12;2025-12-02;1;0
12;2025-12-02;2;0
12;2025-12-02;3;0
12;2025-12-02;4;0
12;2025-12-02;5;319
12;2025-12-02;6;1417
12;2025-12-02;7;2738
12;2025-12-02;8;3573
12;2025-12-02;9;2522
12;2025-12-02;10;2092
12;2025-12-02;11;1989
12;2025-12-02;12;2022
12;2025-12-02;13;2085
12;2025-12-02;14;2003
12;2025-12-02;15;2292
12;2025-12-02;16;2688
12;2025-12-02;17;3024
12;2025-12-02;18;3212
12;2025-12-02;19;2350
12;2025-12-02;20;1501
12;2025-12-02;21;918
12;2025-12-02;22;454
12;2025-12-02;23;240
12;2025-12-03;0;58
12;2025-12-03;1;0
12;2025-12-03;2;0
12;2025-12-03;3;0
12;2025-12-03;4;0
12;2025-12-03;5;320
12;2025-12-03;6;1397
12;2025-12-03;7;2654
12;2025-12-03;8;3485
12;2025-12-03;9;2507
12;2025-12-03;10;2125
12;2025-12-03;11;2014
12;2025-12-03;12;2044
12;2025-12-03;13;2095
12;2025-12-03;14;2003
12;2025-12-03;15;2310
12;2025-12-03;16;2732
12;2025-12-03;17;3024
12;2025-12-03;18;3087
12;2025-12-03;19;2362
12;2025-12-03;20;1549
12;2025-12-03;21;971
12;2025-12-03;22;470
12;2025-12-03;23;248
12;2025-12-04;0;49
12;2025-12-04;1;0
12;2025-12-04;2;0
12;2025-12-04;3;0
12;2025-12-04;4;0
12;2025-12-04;5;298
12;2025-12-04;6;1346
12;2025-12-04;7;2618
12;2025-12-04;8;3456
12;2025-12-04;9;2453
12;2025-12-04;10;2046
12;2025-12-04;11;1924
12;2025-12-04;12;1999
12;2025-12-04;13;2065
12;2025-12-04;14;1985
12;2025-12-04;15;2252
12;2025-12-04;16;2661
12;2025-12-04;17;2971
12;2025-12-04;18;3138
12;2025-12-04;19;2352
12;2025-12-04;20;1523
12;2025-12-04;21;957
12;2025-12-04;22;486
12;2025-12-04;23;279
12;2025-12-05;0;55
12;2025-12-05;1;0
12;2025-12-05;2;0
12;2025-12-05;3;0
12;2025-12-05;4;0
12;2025-12-05;5;313
12;2025-12-05;6;1355
12;2025-12-05;7;2624
12;2025-12-05;8;3329
12;2025-12-05;9;2409
12;2025-12-05;10;1983
12;2025-12-05;11;1953
12;2025-12-05;12;1986
12;2025-12-05;13;2064
12;2025-12-05;14;2001
12;2025-12-05;15;2329
12;2025-12-05;16;2828
12;2025-12-05;17;2963
12;2025-12-05;18;2626
12;2025-12-05;19;2067
12;2025-12-05;20;1390
12;2025-12-05;21;946
12;2025-12-05;22;489
12;2025-12-05;23;335
12;2025-12-06;0;73
12;2025-12-06;1;0
12;2025-12-06;2;0
12;2025-12-06;3;0
12;2025-12-06;4;0
12;2025-12-06;5;208
12;2025-12-06;6;769
12;2025-12-06;7;874
12;2025-12-06;8;1015
12;2025-12-06;9;1208
12;2025-12-06;10;1428
12;2025-12-06;11;1531
12;2025-12-06;12;1580
12;2025-12-06;13;1757
12;2025-12-06;14;1669
12;2025-12-06;15;1625
12;2025-12-06;16;1742
12;2025-12-06;17;1664
12;2025-12-06;18;1511
12;2025-12-06;19;1319
12;2025-12-06;20;922
12;2025-12-06;21;737
12;2025-12-06;22;403
12;2025-12-06;23;299
12;2025-12-07;0;78
12;2025-12-07;1;0
12;2025-12-07;2;0
12;2025-12-07;3;0
12;2025-12-07;4;0
12;2025-12-07;5;121
12;2025-12-07;6;500
12;2025-12-07;7;661
12;2025-12-07;8;694
12;2025-12-07;9;896
12;2025-12-07;10;1126
12;2025-12-07;11;1245
12;2025-12-07;12;1309
12;2025-12-07;13;1501
12;2025-12-07;14;1470
12;2025-12-07;15;1490
12;2025-12-07;16;1520
12;2025-12-07;17;1474
12;2025-12-07;18;1299
12;2025-12-07;19;1021
12;2025-12-07;20;753
12;2025-12-07;21;591
12;2025-12-07;22;374
12;2025-12-07;23;221
12;2025-12-08;0;53
12;2025-12-08;1;0
12;2025-12-08;2;0
12;2025-12-08;3;0
12;2025-12-08;4;0
12;2025-12-08;5;296
12;2025-12-08;6;1364
12;2025-12-08;7;2630
12;2025-12-08;8;3397
12;2025-12-08;9;2442
12;2025-12-08;10;1995
12;2025-12-08;11;1932
12;2025-12-08;12;2007
12;2025-12-08;13;2015
12;2025-12-08;14;1963
12;2025-12-08;15;2271
12;2025-12-08;16;2687
12;2025-12-08;17;3001
12;2025-12-08;18;3183
12;2025-12-08;19;2321
12;2025-12-08;20;1544
12;2025-12-08;21;949
12;2025-12-08;22;468
12;2025-12-08;23;257
12;2025-12-09;0;49
12;2025-12-09;1;0
12;2025-12-09;2;0
12;2025-12-09;3;0
12;2025-12-09;4;0
12;2025-12-09;5;308
12;2025-12-09;6;1404
12;2025-12-09;7;2722
12;2025-12-09;8;3555
12;2025-12-09;9;2507
12;2025-12-09;10;2077
12;2025-12-09;11;1975
12;2025-12-09;12;2008
12;2025-12-09;13;2074
12;2025-12-09;14;1994
12;2025-12-09;15;2299
12;2025-12-09;16;2694
12;2025-12-09;17;3030
12;2025-12-09;18;3223
12;2025-12-09;19;2362
12;2025-12-09;20;1515
12;2025-12-09;21;944
12;2025-12-09;22;481
12;2025-12-09;23;268
12;2025-12-10;0;58
12;2025-12-10;1;0
12;2025-12-10;2;0
12;2025-12-10;3;0
12;2025-12-10;4;0
12;2025-12-10;5;309
12;2025-12-10;6;1383
12;2025-12-10;7;2636
12;2025-12-10;8;3465
12;2025-12-10;9;2490
12;2025-12-10;10;2109
12;2025-12-10;11;1998
12;2025-12-10;12;2028
12;2025-12-10;13;2082
12;2025-12-10;14;1991
12;2025-12-10;15;2317
12;2025-12-10;16;2739
12;2025-12-10;17;3030
12;2025-12-10;18;3099
12;2025-12-10;19;2376
12;2025-12-10;20;1565
12;2025-12-10;21;1000
12;2025-12-10;22;501
12;2025-12-10;23;278
12;2025-12-11;0;49
12;2025-12-11;1;0
12;2025-12-11;2;0
12;2025-12-11;3;0
12;2025-12-11;4;0
12;2025-12-11;5;289
12;2025-12-11;6;1339
12;2025-12-11;7;2615
12;2025-12-11;8;3455
12;2025-12-11;9;2449
12;2025-12-11;10;2041
12;2025-12-11;11;1919
12;2025-12-11;12;1994
12;2025-12-11;13;2060
12;2025-12-11;14;1982
12;2025-12-11;15;2258
12;2025-12-11;16;2668
12;2025-12-11;17;2979
12;2025-12-11;18;3147
12;2025-12-11;19;2358
12;2025-12-11;20;1528
12;2025-12-11;21;960
12;2025-12-11;22;488
12;2025-12-11;23;280
12;2025-12-12;0;55
12;2025-12-12;1;0
12;2025-12-12;2;0
12;2025-12-12;3;0
12;2025-12-12;4;0
12;2025-12-12;5;304
12;2025-12-12;6;1349
12;2025-12-12;7;2621
12;2025-12-12;8;3327
12;2025-12-12;9;2405
12;2025-12-12;10;1978
12;2025-12-12;11;1948
12;2025-12-12;12;1982
12;2025-12-12;13;2059
12;2025-12-12;14;1998
12;2025-12-12;15;2336
12;2025-12-12;16;2836
12;2025-12-12;17;2971
12;2025-12-12;18;2633
12;2025-12-12;19;2072
12;2025-12-12;20;1394
12;2025-12-12;21;948
12;2025-12-12;22;490
12;2025-12-12;23;336
12;2025-12-13;0;73
12;2025-12-13;1;0
12;2025-12-13;2;0
12;2025-12-13;3;0
12;2025-12-13;4;0
12;2025-12-13;5;208
12;2025-12-13;6;769
12;2025-12-13;7;874
12;2025-12-13;8;1015
12;2025-12-13;9;1208
12;2025-12-13;10;1428
12;2025-12-13;11;1531
12;2025-12-13;12;1580
12;2025-12-13;13;1757
12;2025-12-13;14;1669
12;2025-12-13;15;1625
12;2025-12-13;16;1742
12;2025-12-13;17;1664
12;2025-12-13;18;1511
12;2025-12-13;19;1319
12;2025-12-13;20;922
12;2025-12-13;21;737
12;2025-12-13;22;403
12;2025-12-13;23;299
12;2025-12-14;0;78
12;2025-12-14;1;0
12;2025-12-14;2;0
12;2025-12-14;3;0
12;2025-12-14;4;0
12;2025-12-14;5;121
12;2025-12-14;6;500
12;2025-12-14;7;661
12;2025-12-14;8;694
12;2025-12-14;9;896
12;2025-12-14;10;1126
12;2025-12-14;11;1245
12;2025-12-14;12;1309
12;2025-12-14;13;1501
12;2025-12-14;14;1470
12;2025-12-14;15;1490
12;2025-12-14;16;1520
12;2025-12-14;17;1474
12;2025-12-14;18;1299
12;2025-12-14;19;1021
12;2025-12-14;20;753
12;2025-12-14;21;591
12;2025-12-14;22;374
12;2025-12-14;23;221
12;2025-12-15;0;53
12;2025-12-15;1;0
12;2025-12-15;2;0
12;2025-12-15;3;0
12;2025-12-15;4;0
12;2025-12-15;5;296
12;2025-12-15;6;1364
12;2025-12-15;7;2630
12;2025-12-15;8;3397
12;2025-12-15;9;2442
12;2025-12-15;10;1995
12;2025-12-15;11;1932
12;2025-12-15;12;2007
12;2025-12-15;13;2015
12;2025-12-15;14;1963
12;2025-12-15;15;2271
12;2025-12-15;16;2687
12;2025-12-15;17;3001
12;2025-12-15;18;3183
12;2025-12-15;19;2321
12;2025-12-15;20;1544
12;2025-12-15;21;949
12;2025-12-15;22;468
12;2025-12-15;23;257
12;2025-12-16;0;49
12;2025-12-16;1;0
12;2025-12-16;2;0
12;2025-12-16;3;0
12;2025-12-16;4;0
12;2025-12-16;5;308
12;2025-12-16;6;1404
12;2025-12-16;7;2722
12;2025-12-16;8;3555
12;2025-12-16;9;2507
12;2025-12-16;10;2077
12;2025-12-16;11;1975
12;2025-12-16;12;2008
12;2025-12-16;13;2074
12;2025-12-16;14;1994
12;2025-12-16;15;2299
12;2025-12-16;16;2694
12;2025-12-16;17;3030
12;2025-12-16;18;3223
12;2025-12-16;19;2362
12;2025-12-16;20;1515
12;2025-12-16;21;944
12;2025-12-16;22;481
12;2025-12-16;23;268
12;2025-12-17;0;58
12;2025-12-17;1;0
12;2025-12-17;2;0
12;2025-12-17;3;0
12;2025-12-17;4;0
12;2025-12-17;5;309
12;2025-12-17;6;1383
12;2025-12-17;7;2636
12;2025-12-17;8;3465
12;2025-12-17;9;2490
12;2025-12-17;10;2109
12;2025-12-17;11;1998
12;2025-12-17;12;2028
12;2025-12-17;13;2082
12;2025-12-17;14;1991
12;2025-12-17;15;2317
12;2025-12-17;16;2739
12;2025-12-17;17;3030
12;2025-12-17;18;3099
12;2025-12-17;19;2376
12;2025-12-17;20;1565
12;2025-12-17;21;1000
12;2025-12-17;22;501
12;2025-12-17;23;278
12;2025-12-18;0;49
12;2025-12-18;1;0
12;2025-12-18;2;0
12;2025-12-18;3;0
12;2025-12-18;4;0
12;2025-12-18;5;289
12;2025-12-18;6;1339
12;2025-12-18;7;2615
12;2025-12-18;8;3455
12;2025-12-18;9;2449
12;2025-12-18;10;2041
12;2025-12-18;11;1919
12;2025-12-18;12;1994
12;2025-12-18;13;2060
12;2025-12-18;14;1982
12;2025-12-18;15;2258
12;2025-12-18;16;2668
12;2025-12-18;17;2979
12;2025-12-18;18;3147
12;2025-12-18;19;2358
12;2025-12-18;20;1528
12;2025-12-18;21;960
12;2025-12-18;22;488
12;2025-12-18;23;280
12;2025-12-19;0;55
12;2025-12-19;1;0
12;2025-12-19;2;0
12;2025-12-19;3;0
12;2025-12-19;4;0
12;2025-12-19;5;304
12;2025-12-19;6;1349
12;2025-12-19;7;2621
12;2025-12-19;8;3327
12;2025-12-19;9;2405
12;2025-12-19;10;1978
12;2025-12-19;11;1948
12;2025-12-19;12;1982
12;2025-12-19;13;2059
12;2025-12-19;14;1998
12;2025-12-19;15;2336
12;2025-12-19;16;2836
12;2025-12-19;17;2971
12;2025-12-19;18;2633
12;2025-12-19;19;2072
12;2025-12-19;20;1394
12;2025-12-19;21;948
12;2025-12-19;22;490
12;2025-12-19;23;336
12;2025-12-20;0;73
12;2025-12-20;1;0
12;2025-12-20;2;0
12;2025-12-20;3;0
12;2025-12-20;4;0
12;2025-12-20;5;208
12;2025-12-20;6;769
12;2025-12-20;7;874
12;2025-12-20;8;1015
12;2025-12-20;9;1208
12;2025-12-20;10;1428
12;2025-12-20;11;1531
12;2025-12-20;12;1580
12;2025-12-20;13;1757
12;2025-12-20;14;1669
12;2025-12-20;15;1625
12;2025-12-20;16;1742
12;2025-12-20;17;1664
12;2025-12-20;18;1511
12;2025-12-20;19;1319
12;2025-12-20;20;922
12;2025-12-20;21;737
12;2025-12-20;22;403
12;2025-12-20;23;299
12;2025-12-21;0;78
12;2025-12-21;1;0
12;2025-12-21;2;0
12;2025-12-21;3;0
12;2025-12-21;4;0
12;2025-12-21;5;121
12;2025-12-21;6;500
12;2025-12-21;7;661
12;2025-12-21;8;694
12;2025-12-21;9;896
12;2025-12-21;10;1126
12;2025-12-21;11;1245
12;2025-12-21;12;1309
12;2025-12-21;13;1501
12;2025-12-21;14;1470
12;2025-12-21;15;1490
12;2025-12-21;16;1520
12;2025-12-21;17;1474
12;2025-12-21;18;1299
12;2025-12-21;19;1021
12;2025-12-21;20;753
12;2025-12-21;21;591
12;2025-12-21;22;374
12;2025-12-21;23;221
12;2025-12-22;0;53
12;2025-12-22;1;0
12;2025-12-22;2;0
12;2025-12-22;3;0
12;2025-12-22;4;0
12;2025-12-22;5;296
12;2025-12-22;6;1364
12;2025-12-22;7;2630
12;2025-12-22;8;3397
12;2025-12-22;9;2442
12;2025-12-22;10;1995
12;2025-12-22;11;1932
12;2025-12-22;12;2007
12;2025-12-22;13;2015
12;2025-12-22;14;1963
12;2025-12-22;15;2271
12;2025-12-22;16;2687
12;2025-12-22;17;3001
12;2025-12-22;18;3183
12;2025-12-22;19;2321
12;2025-12-22;20;1544
12;2025-12-22;21;949
12;2025-12-22;22;468
12;2025-12-22;23;257
12;2025-12-23;0;49
12;2025-12-23;1;0
12;2025-12-23;2;0
12;2025-12-23;3;0
12;2025-12-23;4;0
12;2025-12-23;5;308
12;2025-12-23;6;1404
12;2025-12-23;7;2722
12;2025-12-23;8;3555
12;2025-12-23;9;2507
12;2025-12-23;10;2077
12;2025-12-23;11;1975
12;2025-12-23;12;2008
12;2025-12-23;13;2074
12;2025-12-23;14;1994
12;2025-12-23;15;2299
12;2025-12-23;16;2694
12;2025-12-23;17;3030
12;2025-12-23;18;3223
12;2025-12-23;19;2362
12;2025-12-23;20;1515
12;2025-12-23;21;944
12;2025-12-23;22;481
12;2025-12-23;23;268
12;2025-12-24;0;58
12;2025-12-24;1;0
12;2025-12-24;2;0
12;2025-12-24;3;0
12;2025-12-24;4;0
12;2025-12-24;5;309
12;2025-12-24;6;1383
12;2025-12-24;7;2636
12;2025-12-24;8;3465
12;2025-12-24;9;2490
12;2025-12-24;10;2109
12;2025-12-24;11;1998
12;2025-12-24;12;2028
12;2025-12-24;13;2082
12;2025-12-24;14;1991
12;2025-12-24;15;2317
12;2025-12-24;16;2739
12;2025-12-24;17;3030
12;2025-12-24;18;3099
12;2025-12-24;19;2376
12;2025-12-24;20;1565
12;2025-12-24;21;1000
12;2025-12-24;22;501
12;2025-12-24;23;278
12;2025-12-25;0;49
12;2025-12-25;1;0
12;2025-12-25;2;0
12;2025-12-25;3;0
12;2025-12-25;4;0
12;2025-12-25;5;289
12;2025-12-25;6;1339
12;2025-12-25;7;2615
12;2025-12-25;8;3455
12;2025-12-25;9;2449
12;2025-12-25;10;2041
12;2025-12-25;11;1919
12;2025-12-25;12;1994
12;2025-12-25;13;2060
12;2025-12-25;14;1982
12;2025-12-25;15;2258
12;2025-12-25;16;2668
12;2025-12-25;17;2979
12;2025-12-25;18;3147
12;2025-12-25;19;2358
12;2025-12-25;20;1528
12;2025-12-25;21;960
12;2025-12-25;22;488
12;2025-12-25;23;280
12;2025-12-26;0;55
12;2025-12-26;1;0
12;2025-12-26;2;0
12;2025-12-26;3;0
12;2025-12-26;4;0
12;2025-12-26;5;304
12;2025-12-26;6;1349
12;2025-12-26;7;2621
12;2025-12-26;8;3327
12;2025-12-26;9;2405
12;2025-12-26;10;1978
12;2025-12-26;11;1948
12;2025-12-26;12;1982
12;2025-12-26;13;2059
12;2025-12-26;14;1998
12;2025-12-26;15;2336
12;2025-12-26;16;2836
12;2025-12-26;17;2971
12;2025-12-26;18;2633
12;2025-12-26;19;2072
12;2025-12-26;20;1394
12;2025-12-26;21;948
12;2025-12-26;22;490
12;2025-12-26;23;336
12;2025-12-27;0;73
12;2025-12-27;1;0
12;2025-12-27;2;0
12;2025-12-27;3;0
12;2025-12-27;4;0
12;2025-12-27;5;208
12;2025-12-27;6;769
12;2025-12-27;7;874
12;2025-12-27;8;1015
12;2025-12-27;9;1208
12;2025-12-27;10;1428
12;2025-12-27;11;1531
12;2025-12-27;12;1580
12;2025-12-27;13;1757
12;2025-12-27;14;1669
12;2025-12-27;15;1625
12;2025-12-27;16;1742
12;2025-12-27;17;1664
12;2025-12-27;18;1511
12;2025-12-27;19;1319
12;2025-12-27;20;922
12;2025-12-27;21;737
12;2025-12-27;22;403
12;2025-12-27;23;299
12;2025-12-28;0;78
12;2025-12-28;1;0
12;2025-12-28;2;0
12;2025-12-28;3;0
12;2025-12-28;4;0
12;2025-12-28;5;121
12;2025-12-28;6;500
12;2025-12-28;7;661
12;2025-12-28;8;694
12;2025-12-28;9;896
12;2025-12-28;10;1126
12;2025-12-28;11;1245
12;2025-12-28;12;1309
12;2025-12-28;13;1501
12;2025-12-28;14;1470
12;2025-12-28;15;1490
12;2025-12-28;16;1520
12;2025-12-28;17;1474
12;2025-12-28;18;1299
12;2025-12-28;19;1021
12;2025-12-28;20;753
12;2025-12-28;21;591
12;2025-12-28;22;374
12;2025-12-28;23;221
12;2025-12-29;0;53
12;2025-12-29;1;0
12;2025-12-29;2;0
12;2025-12-29;3;0
12;2025-12-29;4;0
12;2025-12-29;5;296
12;2025-12-29;6;1364
12;2025-12-29;7;2630
12;2025-12-29;8;3397
12;2025-12-29;9;2442
12;2025-12-29;10;1995
12;2025-12-29;11;1932
12;2025-12-29;12;2007
12;2025-12-29;13;2015
12;2025-12-29;14;1963
12;2025-12-29;15;2271
12;2025-12-29;16;2687
12;2025-12-29;17;3001
12;2025-12-29;18;3183
12;2025-12-29;19;2321
12;2025-12-29;20;1544
12;2025-12-29;21;949
12;2025-12-29;22;468
12;2025-12-29;23;257
12;2025-12-30;0;49
12;2025-12-30;1;0
12;2025-12-30;2;0
12;2025-12-30;3;0
12;2025-12-30;4;0
12;2025-12-30;5;307
12;2025-12-30;6;1406
12;2025-12-30;7;2728
12;2025-12-30;8;3566
12;2025-12-30;9;2522
12;2025-12-30;10;2091
12;2025-12-30;11;1997
12;2025-12-30;12;2029
12;2025-12-30;13;2105
12;2025-12-30;14;2035
12;2025-12-30;15;2341
12;2025-12-30;16;2738
12;2025-12-30;17;2975
12;2025-12-30;18;3142
12;2025-12-30;19;2283
12;2025-12-30;20;1496
12;2025-12-30;21;935
12;2025-12-30;22;477
12;2025-12-30;23;266
12;2025-12-31;0;77
12;2025-12-31;1;0
12;2025-12-31;2;0
12;2025-12-31;3;0
12;2025-12-31;4;0
12;2025-12-31;5;125
12;2025-12-31;6;516
12;2025-12-31;7;665
12;2025-12-31;8;672
12;2025-12-31;9;879
12;2025-12-31;10;1137
12;2025-12-31;11;1270
12;2025-12-31;12;1321
12;2025-12-31;13;1518
12;2025-12-31;14;1521
12;2025-12-31;15;1531
12;2025-12-31;16;1546
12;2025-12-31;17;1495
12;2025-12-31;18;1336
12;2025-12-31;19;1054
12;2025-12-31;20;785
12;2025-12-31;21;618
12;2025-12-31;22;381
12;2025-12-31;23;229
17;2025-11-01;0;142
17;2025-11-01;1;0
17;2025-11-01;2;0
17;2025-11-01;3;0
17;2025-11-01;4;0
17;2025-11-01;5;236
17;2025-11-01;6;1128
17;2025-11-01;7;2915
17;2025-11-01;8;3898
17;2025-11-01;9;3130
17;2025-11-01;10;2705
17;2025-11-01;11;2821
17;2025-11-01;12;2896
17;2025-11-01;13;3042
17;2025-11-01;14;3028
17;2025-11-01;15;3189
17;2025-11-01;16;3443
17;2025-11-01;17;3712
17;2025-11-01;18;3484
17;2025-11-01;19;2613
17;2025-11-01;20;1960
17;2025-11-01;21;1303
17;2025-11-01;22;705
17;2025-11-01;23;405
17;2025-11-02;0;184
17;2025-11-02;1;0
17;2025-11-02;2;0
17;2025-11-02;3;0
17;2025-11-02;4;0
17;2025-11-02;5;96
17;2025-11-02;6;418
17;2025-11-02;7;807
17;2025-11-02;8;1167
17;2025-11-02;9;1613
17;2025-11-02;10;1916
17;2025-11-02;11;2476
17;2025-11-02;12;2888
17;2025-11-02;13;3084
17;2025-11-02;14;3173
17;2025-11-02;15;3131
17;2025-11-02;16;3097
17;2025-11-02;17;3015
17;2025-11-02;18;2622
17;2025-11-02;19;2051
17;2025-11-02;20;1550
17;2025-11-02;21;1162
17;2025-11-02;22;703
17;2025-11-02;23;349
17;2025-11-03;0;186
17;2025-11-03;1;0
17;2025-11-03;2;0
17;2025-11-03;3;0
17;2025-11-03;4;0
17;2025-11-03;5;96
17;2025-11-03;6;429
17;2025-11-03;7;844
17;2025-11-03;8;1215
17;2025-11-03;9;1683
17;2025-11-03;10;2013
17;2025-11-03;11;2611
17;2025-11-03;12;2979
17;2025-11-03;13;3211
17;2025-11-03;14;3355
17;2025-11-03;15;3245
17;2025-11-03;16;3208
17;2025-11-03;17;3136
17;2025-11-03;18;2658
17;2025-11-03;19;2111
17;2025-11-03;20;1619
17;2025-11-03;21;1196
17;2025-11-03;22;718
17;2025-11-03;23;358
17;2025-11-04;0;171
17;2025-11-04;1;0
17;2025-11-04;2;0
17;2025-11-04;3;0
17;2025-11-04;4;0
17;2025-11-04;5;85
17;2025-11-04;6;410
17;2025-11-04;7;756
17;2025-11-04;8;1183
17;2025-11-04;9;1617
17;2025-11-04;10;1968
17;2025-11-04;11;2529
17;2025-11-04;12;2927
17;2025-11-04;13;3176
17;2025-11-04;14;3242
17;2025-11-04;15;3166
17;2025-11-04;16;3152
17;2025-11-04;17;3015
17;2025-11-04;18;2581
17;2025-11-04;19;2054
17;2025-11-04;20;1578
17;2025-11-04;21;1163
17;2025-11-04;22;693
17;2025-11-04;23;338
17;2025-11-05;0;121
17;2025-11-05;1;0
17;2025-11-05;2;0
17;2025-11-05;3;0
17;2025-11-05;4;0
17;2025-11-05;5;309
17;2025-11-05;6;1486
17;2025-11-05;7;3991
17;2025-11-05;8;5306
17;2025-11-05;9;3816
17;2025-11-05;10;3047
17;2025-11-05;11;3034
17;2025-11-05;12;3026
17;2025-11-05;13;3138
17;2025-11-05;14;3204
17;2025-11-05;15;3340
17;2025-11-05;16;3704
17;2025-11-05;17;4508
17;2025-11-05;18;4673
17;2025-11-05;19;3291
17;2025-11-05;20;2298
17;2025-11-05;21;1446
17;2025-11-05;22;735
17;2025-11-05;23;379
17;2025-11-06;0;132
17;2025-11-06;1;0
17;2025-11-06;2;0
17;2025-11-06;3;0
17;2025-11-06;4;0
17;2025-11-06;5;321
17;2025-11-06;6;1517
17;2025-11-06;7;4001
17;2025-11-06;8;5272
17;2025-11-06;9;3815
17;2025-11-06;10;3070
17;2025-11-06;11;3027
17;2025-11-06;12;3042
17;2025-11-06;13;3158
17;2025-11-06;14;3186
17;2025-11-06;15;3332
17;2025-11-06;16;3779
17;2025-11-06;17;4495
17;2025-11-06;18;4680
17;2025-11-06;19;3332
17;2025-11-06;20;2378
17;2025-11-06;21;1471
17;2025-11-06;22;742
17;2025-11-06;23;393
17;2025-11-07;0;144
17;2025-11-07;1;0
17;2025-11-07;2;0
17;2025-11-07;3;0
17;2025-11-07;4;0
17;2025-11-07;5;314
17;2025-11-07;6;1512
17;2025-11-07;7;3996
17;2025-11-07;8;5225
17;2025-11-07;9;3809
17;2025-11-07;10;3008
17;2025-11-07;11;3015
17;2025-11-07;12;3014
17;2025-11-07;13;3175
17;2025-11-07;14;3227
17;2025-11-07;15;3542
17;2025-11-07;16;4064
17;2025-11-07;17;4641
17;2025-11-07;18;4313
17;2025-11-07;19;3177
17;2025-11-07;20;2341
17;2025-11-07;21;1547
17;2025-11-07;22;779
17;2025-11-07;23;465
17;2025-11-08;0;206
17;2025-11-08;1;0
17;2025-11-08;2;0
17;2025-11-08;3;0
17;2025-11-08;4;0
17;2025-11-08;5;129
17;2025-11-08;6;579
17;2025-11-08;7;1268
17;2025-11-08;8;1815
17;2025-11-08;9;2273
17;2025-11-08;10;2527
17;2025-11-08;11;3009
17;2025-11-08;12;3333
17;2025-11-08;13;3582
17;2025-11-08;14;3587
17;2025-11-08;15;3490
17;2025-11-08;16;3571
17;2025-11-08;17;3336
17;2025-11-08;18;2985
17;2025-11-08;19;2383
17;2025-11-08;20;1828
17;2025-11-08;21;1337
17;2025-11-08;22;802
17;2025-11-08;23;457
17;2025-11-09;0;189
17;2025-11-09;1;0
17;2025-11-09;2;0
17;2025-11-09;3;0
17;2025-11-09;4;0
17;2025-11-09;5;95
17;2025-11-09;6;423
17;2025-11-09;7;845
17;2025-11-09;8;1205
17;2025-11-09;9;1661
17;2025-11-09;10;1973
17;2025-11-09;11;2538
17;2025-11-09;12;2935
17;2025-11-09;13;3182
17;2025-11-09;14;3286
17;2025-11-09;15;3207
17;2025-11-09;16;3172
17;2025-11-09;17;3050
17;2025-11-09;18;2618
17;2025-11-09;19;2032
17;2025-11-09;20;1520
17;2025-11-09;21;1130
17;2025-11-09;22;684
17;2025-11-09;23;342
17;2025-11-10;0;119
17;2025-11-10;1;0
17;2025-11-10;2;0
17;2025-11-10;3;0
17;2025-11-10;4;0
17;2025-11-10;5;305
17;2025-11-10;6;1491
17;2025-11-10;7;3982
17;2025-11-10;8;5268
17;2025-11-10;9;3788
17;2025-11-10;10;2924
17;2025-11-10;11;2923
17;2025-11-10;12;2917
17;2025-11-10;13;3038
17;2025-11-10;14;3061
17;2025-11-10;15;3205
17;2025-11-10;16;3586
17;2025-11-10;17;4361
17;2025-11-10;18;4640
17;2025-11-10;19;3221
17;2025-11-10;20;2251
17;2025-11-10;21;1376
17;2025-11-10;22;649
17;2025-11-10;23;319
17;2025-11-11;0;109
17;2025-11-11;1;0
17;2025-11-11;2;0
17;2025-11-11;3;0
17;2025-11-11;4;0
17;2025-11-11;5;327
17;2025-11-11;6;1516
17;2025-11-11;7;4003
17;2025-11-11;8;5310
17;2025-11-11;9;3802
17;2025-11-11;10;2982
17;2025-11-11;11;2951
17;2025-11-11;12;2975
17;2025-11-11;13;3094
17;2025-11-11;14;3133
17;2025-11-11;15;3286
17;2025-11-11;16;3608
17;2025-11-11;17;4504
17;2025-11-11;18;4731
17;2025-11-11;19;3313
17;2025-11-11;20;2307
17;2025-11-11;21;1429
17;2025-11-11;22;690
17;2025-11-11;23;364
17;2025-11-12;0;122
17;2025-11-12;1;0
17;2025-11-12;2;0
17;2025-11-12;3;0
17;2025-11-12;4;0
17;2025-11-12;5;310
17;2025-11-12;6;1487
17;2025-11-12;7;3992
17;2025-11-12;8;5308
17;2025-11-12;9;3817
17;2025-11-12;10;3045
17;2025-11-12;11;3032
17;2025-11-12;12;3023
17;2025-11-12;13;3136
17;2025-11-12;14;3201
17;2025-11-12;15;3341
17;2025-11-12;16;3705
17;2025-11-12;17;4510
17;2025-11-12;18;4674
17;2025-11-12;19;3292
17;2025-11-12;20;2298
17;2025-11-12;21;1446
17;2025-11-12;22;736
17;2025-11-12;23;378
17;2025-11-13;0;132
17;2025-11-13;1;0
17;2025-11-13;2;0
17;2025-11-13;3;0
17;2025-11-13;4;0
17;2025-11-13;5;321
17;2025-11-13;6;1517
17;2025-11-13;7;4001
17;2025-11-13;8;5272
17;2025-11-13;9;3815
17;2025-11-13;10;3070
17;2025-11-13;11;3027
17;2025-11-13;12;3042
17;2025-11-13;13;3158
17;2025-11-13;14;3186
17;2025-11-13;15;3332
17;2025-11-13;16;3779
17;2025-11-13;17;4495
17;2025-11-13;18;4680
17;2025-11-13;19;3332
17;2025-11-13;20;2378
17;2025-11-13;21;1471
17;2025-11-13;22;742
17;2025-11-13;23;393
17;2025-11-14;0;144
17;2025-11-14;1;0
17;2025-11-14;2;0
17;2025-11-14;3;0
17;2025-11-14;4;0
17;2025-11-14;5;314
17;2025-11-14;6;1512
17;2025-11-14;7;3996
17;2025-11-14;8;5224
17;2025-11-14;9;3809
17;2025-11-14;10;3009
17;2025-11-14;11;3016
17;2025-11-14;12;3015
17;2025-11-14;13;3175
17;2025-11-14;14;3227
17;2025-11-14;15;3542
17;2025-11-14;16;4063
17;2025-11-14;17;4641
17;2025-11-14;18;4313
17;2025-11-14;19;3177
17;2025-11-14;20;2341
17;2025-11-14;21;1546
17;2025-11-14;22;779
17;2025-11-14;23;465
17;2025-11-15;0;206
17;2025-11-15;1;0
17;2025-11-15;2;0
17;2025-11-15;3;0
17;2025-11-15;4;0
17;2025-11-15;5;129
17;2025-11-15;6;579
17;2025-11-15;7;1268
17;2025-11-15;8;1815
17;2025-11-15;9;2273
17;2025-11-15;10;2527
17;2025-11-15;11;3009
17;2025-11-15;12;3333
17;2025-11-15;13;3582
17;2025-11-15;14;3587
17;2025-11-15;15;3490
17;2025-11-15;16;3571
17;2025-11-15;17;3336
17;2025-11-15;18;2985
17;2025-11-15;19;2383
17;2025-11-15;20;1828
17;2025-11-15;21;1337
17;2025-11-15;22;802
17;2025-11-15;23;457
17;2025-11-16;0;189
17;2025-11-16;1;0
17;2025-11-16;2;0
17;2025-11-16;3;0
17;2025-11-16;4;0
17;2025-11-16;5;95
17;2025-11-16;6;423
17;2025-11-16;7;845
17;2025-11-16;8;1205
17;2025-11-16;9;1661
17;2025-11-16;10;1973
17;2025-11-16;11;2538
17;2025-11-16;12;2935
17;2025-11-16;13;3182
17;2025-11-16;14;3286
17;2025-11-16;15;3207
17;2025-11-16;16;3172
17;2025-11-16;17;3050
17;2025-11-16;18;2618
17;2025-11-16;19;2032
17;2025-11-16;20;1520
17;2025-11-16;21;1130
17;2025-11-16;22;684
17;2025-11-16;23;342
17;2025-11-17;0;119
17;2025-11-17;1;0
17;2025-11-17;2;0
17;2025-11-17;3;0
17;2025-11-17;4;0
17;2025-11-17;5;305
17;2025-11-17;6;1491
17;2025-11-17;7;3982
17;2025-11-17;8;5268
17;2025-11-17;9;3788
17;2025-11-17;10;2924
17;2025-11-17;11;2923
17;2025-11-17;12;2917
17;2025-11-17;13;3038
17;2025-11-17;14;3061
17;2025-11-17;15;3205
17;2025-11-17;16;3586
17;2025-11-17;17;4361
17;2025-11-17;18;4640
17;2025-11-17;19;3221
17;2025-11-17;20;2251
17;2025-11-17;21;1376
17;2025-11-17;22;649
17;2025-11-17;23;319
17;2025-11-18;0;109
17;2025-11-18;1;0
17;2025-11-18;2;0
17;2025-11-18;3;0
17;2025-11-18;4;0
17;2025-11-18;5;327
17;2025-11-18;6;1516
17;2025-11-18;7;4004
17;2025-11-18;8;5311
17;2025-11-18;9;3803
17;2025-11-18;10;2985
17;2025-11-18;11;2954
17;2025-11-18;12;2977
17;2025-11-18;13;3095
17;2025-11-18;14;3134
17;2025-11-18;15;3288
17;2025-11-18;16;3608
17;2025-11-18;17;4504
17;2025-11-18;18;4730
17;2025-11-18;19;3312
17;2025-11-18;20;2306
17;2025-11-18;21;1427
17;2025-11-18;22;688
17;2025-11-18;23;360
17;2025-11-19;0;122
17;2025-11-19;1;0
17;2025-11-19;2;0
17;2025-11-19;3;0
17;2025-11-19;4;0
17;2025-11-19;5;309
17;2025-11-19;6;1487
17;2025-11-19;7;3992
17;2025-11-19;8;5307
17;2025-11-19;9;3816
17;2025-11-19;10;3047
17;2025-11-19;11;3033
17;2025-11-19;12;3024
17;2025-11-19;13;3137
17;2025-11-19;14;3202
17;2025-11-19;15;3342
17;2025-11-19;16;3704
17;2025-11-19;17;4509
17;2025-11-19;18;4674
17;2025-11-19;19;3292
17;2025-11-19;20;2298
17;2025-11-19;21;1446
17;2025-11-19;22;735
17;2025-11-19;23;376
17;2025-11-20;0;131
17;2025-11-20;1;0
17;2025-11-20;2;0
17;2025-11-20;3;0
17;2025-11-20;4;0
17;2025-11-20;5;321
17;2025-11-20;6;1517
17;2025-11-20;7;4002
17;2025-11-20;8;5274
17;2025-11-20;9;3816
17;2025-11-20;10;3072
17;2025-11-20;11;3030
17;2025-11-20;12;3043
17;2025-11-20;13;3160
17;2025-11-20;14;3188
17;2025-11-20;15;3334
17;2025-11-20;16;3779
17;2025-11-20;17;4495
17;2025-11-20;18;4679
17;2025-11-20;19;3331
17;2025-11-20;20;2376
17;2025-11-20;21;1469
17;2025-11-20;22;739
17;2025-11-20;23;389
17;2025-11-21;0;142
17;2025-11-21;1;0
17;2025-11-21;2;0
17;2025-11-21;3;0
17;2025-11-21;4;0
17;2025-11-21;5;314
17;2025-11-21;6;1513
17;2025-11-21;7;3997
17;2025-11-21;8;5225
17;2025-11-21;9;3810
17;2025-11-21;10;3010
17;2025-11-21;11;3017
17;2025-11-21;12;3015
17;2025-11-21;13;3176
17;2025-11-21;14;3228
17;2025-11-21;15;3543
17;2025-11-21;16;4063
17;2025-11-21;17;4641
17;2025-11-21;18;4313
17;2025-11-21;19;3177
17;2025-11-21;20;2340
17;2025-11-21;21;1546
17;2025-11-21;22;779
17;2025-11-21;23;463
17;2025-11-22;0;205
17;2025-11-22;1;0
17;2025-11-22;2;0
17;2025-11-22;3;0
17;2025-11-22;4;0
17;2025-11-22;5;129
17;2025-11-22;6;580
17;2025-11-22;7;1269
17;2025-11-22;8;1816
17;2025-11-22;9;2273
17;2025-11-22;10;2528
17;2025-11-22;11;3010
17;2025-11-22;12;3334
17;2025-11-22;13;3583
17;2025-11-22;14;3588
17;2025-11-22;15;3491
17;2025-11-22;16;3572
17;2025-11-22;17;3336
17;2025-11-22;18;2985
17;2025-11-22;19;2382
17;2025-11-22;20;1827
17;2025-11-22;21;1335
17;2025-11-22;22;800
17;2025-11-22;23;454
17;2025-11-23;0;188
17;2025-11-23;1;0
17;2025-11-23;2;0
17;2025-11-23;3;0
17;2025-11-23;4;0
17;2025-11-23;5;95
17;2025-11-23;6;423
17;2025-11-23;7;845
17;2025-11-23;8;1205
17;2025-11-23;9;1661
17;2025-11-23;10;1973
17;2025-11-23;11;2538
17;2025-11-23;12;2935
17;2025-11-23;13;3183
17;2025-11-23;14;3286
17;2025-11-23;15;3207
17;2025-11-23;16;3172
17;2025-11-23;17;3050
17;2025-11-23;18;2618
17;2025-11-23;19;2032
17;2025-11-23;20;1521
17;2025-11-23;21;1130
17;2025-11-23;22;684
17;2025-11-23;23;342
17;2025-11-24;0;118
17;2025-11-24;1;0
17;2025-11-24;2;0
17;2025-11-24;3;0
17;2025-11-24;4;0
17;2025-11-24;5;305
17;2025-11-24;6;1491
17;2025-11-24;7;3982
17;2025-11-24;8;5268
17;2025-11-24;9;3788
17;2025-11-24;10;2924
17;2025-11-24;11;2923
17;2025-11-24;12;2917
17;2025-11-24;13;3039
17;2025-11-24;14;3061
17;2025-11-24;15;3206
17;2025-11-24;16;3586
17;2025-11-24;17;4362
17;2025-11-24;18;4640
17;2025-11-24;19;3221
17;2025-11-24;20;2252
17;2025-11-24;21;1376
17;2025-11-24;22;649
17;2025-11-24;23;319
17;2025-11-25;0;107
17;2025-11-25;1;0
17;2025-11-25;2;0
17;2025-11-25;3;0
17;2025-11-25;4;0
17;2025-11-25;5;327
17;2025-11-25;6;1516
17;2025-11-25;7;4004
17;2025-11-25;8;5311
17;2025-11-25;9;3803
17;2025-11-25;10;2985
17;2025-11-25;11;2954
17;2025-11-25;12;2977
17;2025-11-25;13;3095
17;2025-11-25;14;3135
17;2025-11-25;15;3288
17;2025-11-25;16;3608
17;2025-11-25;17;4504
17;2025-11-25;18;4730
17;2025-11-25;19;3312
17;2025-11-25;20;2306
17;2025-11-25;21;1427
17;2025-11-25;22;688
17;2025-11-25;23;360
17;2025-11-26;0;120
17;2025-11-26;1;0
17;2025-11-26;2;0
17;2025-11-26;3;0
17;2025-11-26;4;0
17;2025-11-26;5;309
17;2025-11-26;6;1487
17;2025-11-26;7;3992
17;2025-11-26;8;5307
17;2025-11-26;9;3817
17;2025-11-26;10;3047
17;2025-11-26;11;3033
17;2025-11-26;12;3024
17;2025-11-26;13;3137
17;2025-11-26;14;3202
17;2025-11-26;15;3342
17;2025-11-26;16;3705
17;2025-11-26;17;4509
17;2025-11-26;18;4674
17;2025-11-26;19;3292
17;2025-11-26;20;2298
17;2025-11-26;21;1446
17;2025-11-26;22;735
17;2025-11-26;23;376
17;2025-11-27;0;130
17;2025-11-27;1;0
17;2025-11-27;2;0
17;2025-11-27;3;0
17;2025-11-27;4;0
17;2025-11-27;5;321
17;2025-11-27;6;1517
17;2025-11-27;7;4002
17;2025-11-27;8;5274
17;2025-11-27;9;3816
17;2025-11-27;10;3072
17;2025-11-27;11;3030
17;2025-11-27;12;3044
17;2025-11-27;13;3160
17;2025-11-27;14;3188
17;2025-11-27;15;3334
17;2025-11-27;16;3779
17;2025-11-27;17;4495
17;2025-11-27;18;4680
17;2025-11-27;19;3331
17;2025-11-27;20;2376
17;2025-11-27;21;1469
17;2025-11-27;22;739
17;2025-11-27;23;389
17;2025-11-28;0;141
17;2025-11-28;1;0
17;2025-11-28;2;0
17;2025-11-28;3;0
17;2025-11-28;4;0
17;2025-11-28;5;314
17;2025-11-28;6;1513
17;2025-11-28;7;3997
17;2025-11-28;8;5225
17;2025-11-28;9;3810
17;2025-11-28;10;3010
17;2025-11-28;11;3017
17;2025-11-28;12;3015
17;2025-11-28;13;3176
17;2025-11-28;14;3228
17;2025-11-28;15;3543
17;2025-11-28;16;4063
17;2025-11-28;17;4641
17;2025-11-28;18;4313
17;2025-11-28;19;3177
17;2025-11-28;20;2340
17;2025-11-28;21;1546
17;2025-11-28;22;779
17;2025-11-28;23;463
17;2025-11-29;0;204
17;2025-11-29;1;0
17;2025-11-29;2;0
17;2025-11-29;3;0
17;2025-11-29;4;0
17;2025-11-29;5;129
17;2025-11-29;6;580
17;2025-11-29;7;1269
17;2025-11-29;8;1816
17;2025-11-29;9;2274
17;2025-11-29;10;2528
17;2025-11-29;11;3010
17;2025-11-29;12;3334
17;2025-11-29;13;3583
17;2025-11-29;14;3589
17;2025-11-29;15;3491
17;2025-11-29;16;3572
17;2025-11-29;17;3337
17;2025-11-29;18;2985
17;2025-11-29;19;2382
17;2025-11-29;20;1827
17;2025-11-29;21;1335
17;2025-11-29;22;800
17;2025-11-29;23;454
17;2025-11-30;0;187
17;2025-11-30;1;0
17;2025-11-30;2;0
17;2025-11-30;3;0
17;2025-11-30;4;0
17;2025-11-30;5;95
17;2025-11-30;6;423
17;2025-11-30;7;845
17;2025-11-30;8;1205
17;2025-11-30;9;1661
17;2025-11-30;10;1973
17;2025-11-30;11;2538
17;2025-11-30;12;2935
17;2025-11-30;13;3183
17;2025-11-30;14;3286
17;2025-11-30;15;3208
17;2025-11-30;16;3172
17;2025-11-30;17;3050
17;2025-11-30;18;2618
17;2025-11-30;19;2032
17;2025-11-30;20;1521
17;2025-11-30;21;1130
17;2025-11-30;22;684
17;2025-11-30;23;342
17;2025-12-01;0;117
17;2025-12-01;1;0
17;2025-12-01;2;0
17;2025-12-01;3;0
17;2025-12-01;4;0
17;2025-12-01;5;305
17;2025-12-01;6;1491
17;2025-12-01;7;3982
17;2025-12-01;8;5268
17;2025-12-01;9;3788
17;2025-12-01;10;2924
17;2025-12-01;11;2923
17;2025-12-01;12;2917
17;2025-12-01;13;3039
17;2025-12-01;14;3061
17;2025-12-01;15;3206
17;2025-12-01;16;3586
17;2025-12-01;17;4362
17;2025-12-01;18;4640
17;2025-12-01;19;3221
17;2025-12-01;20;2252
17;2025-12-01;21;1376
17;2025-12-01;22;649
17;2025-12-01;23;319
17;2025-12-02;0;106
17;2025-12-02;1;0
17;2025-12-02;2;0
17;2025-12-02;3;0
17;2025-12-02;4;0
17;2025-12-02;5;327
17;2025-12-02;6;1516
17;2025-12-02;7;4004
17;2025-12-02;8;5311
17;2025-12-02;9;3803
17;2025-12-02;10;2985
17;2025-12-02;11;2954
17;2025-12-02;12;2977
17;2025-12-02;13;3095
17;2025-12-02;14;3135
17;2025-12-02;15;3288
17;2025-12-02;16;3608
17;2025-12-02;17;4504
17;2025-12-02;18;4730
17;2025-12-02;19;3312
17;2025-12-02;20;2306
17;2025-12-02;21;1427
17;2025-12-02;22;688
17;2025-12-02;23;360
17;2025-12-03;0;120
17;2025-12-03;1;0
17;2025-12-03;2;0
17;2025-12-03;3;0
17;2025-12-03;4;0
17;2025-12-03;5;309
17;2025-12-03;6;1486
17;2025-12-03;7;3991
17;2025-12-03;8;5305
17;2025-12-03;9;3815
17;2025-12-03;10;3046
17;2025-12-03;11;3032
17;2025-12-03;12;3023
17;2025-12-03;13;3136
17;2025-12-03;14;3201
17;2025-12-03;15;3340
17;2025-12-03;16;3703
17;2025-12-03;17;4508
17;2025-12-03;18;4676
17;2025-12-03;19;3294
17;2025-12-03;20;2301
17;2025-12-03;21;1449
17;2025-12-03;22;738
17;2025-12-03;23;379
17;2025-12-04;0;129
17;2025-12-04;1;0
17;2025-12-04;2;0
17;2025-12-04;3;0
17;2025-12-04;4;0
17;2025-12-04;5;316
17;2025-12-04;6;1502
17;2025-12-04;7;3968
17;2025-12-04;8;5229
17;2025-12-04;9;3782
17;2025-12-04;10;3044
17;2025-12-04;11;3004
17;2025-12-04;12;3017
17;2025-12-04;13;3137
17;2025-12-04;14;3165
17;2025-12-04;15;3352
17;2025-12-04;16;3796
17;2025-12-04;17;4505
17;2025-12-04;18;4697
17;2025-12-04;19;3360
17;2025-12-04;20;2412
17;2025-12-04;21;1513
17;2025-12-04;22;781
17;2025-12-04;23;434
17;2025-12-05;0;140
17;2025-12-05;1;0
17;2025-12-05;2;0
17;2025-12-05;3;0
17;2025-12-05;4;0
17;2025-12-05;5;311
17;2025-12-05;6;1498
17;2025-12-05;7;3959
17;2025-12-05;8;5176
17;2025-12-05;9;3774
17;2025-12-05;10;2982
17;2025-12-05;11;2989
17;2025-12-05;12;2987
17;2025-12-05;13;3151
17;2025-12-05;14;3202
17;2025-12-05;15;3555
17;2025-12-05;16;4071
17;2025-12-05;17;4643
17;2025-12-05;18;4338
17;2025-12-05;19;3212
17;2025-12-05;20;2382
17;2025-12-05;21;1595
17;2025-12-05;22;828
17;2025-12-05;23;516
17;2025-12-06;0;204
17;2025-12-06;1;0
17;2025-12-06;2;0
17;2025-12-06;3;0
17;2025-12-06;4;0
17;2025-12-06;5;107
17;2025-12-06;6;557
17;2025-12-06;7;1238
17;2025-12-06;8;1784
17;2025-12-06;9;2239
17;2025-12-06;10;2491
17;2025-12-06;11;2973
17;2025-12-06;12;3295
17;2025-12-06;13;3547
17;2025-12-06;14;3552
17;2025-12-06;15;3516
17;2025-12-06;16;3599
17;2025-12-06;17;3364
17;2025-12-06;18;3026
17;2025-12-06;19;2425
17;2025-12-06;20;1870
17;2025-12-06;21;1379
17;2025-12-06;22;840
17;2025-12-06;23;495
17;2025-12-07;0;186
17;2025-12-07;1;0
17;2025-12-07;2;0
17;2025-12-07;3;0
17;2025-12-07;4;0
17;2025-12-07;5;76
17;2025-12-07;6;403
17;2025-12-07;7;819
17;2025-12-07;8;1177
17;2025-12-07;9;1631
17;2025-12-07;10;1940
17;2025-12-07;11;2504
17;2025-12-07;12;2898
17;2025-12-07;13;3148
17;2025-12-07;14;3251
17;2025-12-07;15;3226
17;2025-12-07;16;3194
17;2025-12-07;17;3072
17;2025-12-07;18;2654
17;2025-12-07;19;2070
17;2025-12-07;20;1561
17;2025-12-07;21;1172
17;2025-12-07;22;723
17;2025-12-07;23;382
17;2025-12-08;0;117
17;2025-12-08;1;0
17;2025-12-08;2;0
17;2025-12-08;3;0
17;2025-12-08;4;0
17;2025-12-08;5;279
17;2025-12-08;6;1460
17;2025-12-08;7;3933
17;2025-12-08;8;5214
17;2025-12-08;9;3739
17;2025-12-08;10;2879
17;2025-12-08;11;2880
17;2025-12-08;12;2873
17;2025-12-08;13;2999
17;2025-12-08;14;3021
17;2025-12-08;15;3244
17;2025-12-08;16;3622
17;2025-12-08;17;4395
17;2025-12-08;18;4684
17;2025-12-08;19;3271
17;2025-12-08;20;2306
17;2025-12-08;21;1434
17;2025-12-08;22;702
17;2025-12-08;23;373
17;2025-12-09;0;105
17;2025-12-09;1;0
17;2025-12-09;2;0
17;2025-12-09;3;0
17;2025-12-09;4;0
17;2025-12-09;5;298
17;2025-12-09;6;1484
17;2025-12-09;7;3959
17;2025-12-09;8;5263
17;2025-12-09;9;3757
17;2025-12-09;10;2940
17;2025-12-09;11;2913
17;2025-12-09;12;2935
17;2025-12-09;13;3058
17;2025-12-09;14;3097
17;2025-12-09;15;3326
17;2025-12-09;16;3646
17;2025-12-09;17;4541
17;2025-12-09;18;4776
17;2025-12-09;19;3361
17;2025-12-09;20;2356
17;2025-12-09;21;1479
17;2025-12-09;22;734
17;2025-12-09;23;407
17;2025-12-10;0;120
17;2025-12-10;1;0
17;2025-12-10;2;0
17;2025-12-10;3;0
17;2025-12-10;4;0
17;2025-12-10;5;280
17;2025-12-10;6;1454
17;2025-12-10;7;3943
17;2025-12-10;8;5254
17;2025-12-10;9;3767
17;2025-12-10;10;2998
17;2025-12-10;11;2986
17;2025-12-10;12;2976
17;2025-12-10;13;3093
17;2025-12-10;14;3158
17;2025-12-10;15;3379
17;2025-12-10;16;3744
17;2025-12-10;17;4546
17;2025-12-10;18;4723
17;2025-12-10;19;3346
17;2025-12-10;20;2356
17;2025-12-10;21;1507
17;2025-12-10;22;790
17;2025-12-10;23;433
17;2025-12-11;0;130
17;2025-12-11;1;0
17;2025-12-11;2;0
17;2025-12-11;3;0
17;2025-12-11;4;0
17;2025-12-11;5;292
17;2025-12-11;6;1485
17;2025-12-11;7;3957
17;2025-12-11;8;5225
17;2025-12-11;9;3770
17;2025-12-11;10;3027
17;2025-12-11;11;2988
17;2025-12-11;12;3000
17;2025-12-11;13;3121
17;2025-12-11;14;3149
17;2025-12-11;15;3373
17;2025-12-11;16;3818
17;2025-12-11;17;4532
17;2025-12-11;18;4726
17;2025-12-11;19;3381
17;2025-12-11;20;2427
17;2025-12-11;21;1522
17;2025-12-11;22;786
17;2025-12-11;23;437
17;2025-12-12;0;140
17;2025-12-12;1;0
17;2025-12-12;2;0
17;2025-12-12;3;0
17;2025-12-12;4;0
17;2025-12-12;5;287
17;2025-12-12;6;1481
17;2025-12-12;7;3947
17;2025-12-12;8;5171
17;2025-12-12;9;3762
17;2025-12-12;10;2965
17;2025-12-12;11;2973
17;2025-12-12;12;2970
17;2025-12-12;13;3135
17;2025-12-12;14;3186
17;2025-12-12;15;3577
17;2025-12-12;16;4096
17;2025-12-12;17;4671
17;2025-12-12;18;4363
17;2025-12-12;19;3232
17;2025-12-12;20;2396
17;2025-12-12;21;1604
17;2025-12-12;22;834
17;2025-12-12;23;520
17;2025-12-13;0;204
17;2025-12-13;1;0
17;2025-12-13;2;0
17;2025-12-13;3;0
17;2025-12-13;4;0
17;2025-12-13;5;107
17;2025-12-13;6;557
17;2025-12-13;7;1238
17;2025-12-13;8;1784
17;2025-12-13;9;2239
17;2025-12-13;10;2491
17;2025-12-13;11;2973
17;2025-12-13;12;3295
17;2025-12-13;13;3547
17;2025-12-13;14;3552
17;2025-12-13;15;3516
17;2025-12-13;16;3599
17;2025-12-13;17;3364
17;2025-12-13;18;3026
17;2025-12-13;19;2425
17;2025-12-13;20;1870
17;2025-12-13;21;1379
17;2025-12-13;22;840
17;2025-12-13;23;495
17;2025-12-14;0;186
17;2025-12-14;1;0
17;2025-12-14;2;0
17;2025-12-14;3;0
17;2025-12-14;4;0
17;2025-12-14;5;76
17;2025-12-14;6;403
17;2025-12-14;7;819
17;2025-12-14;8;1177
17;2025-12-14;9;1631
17;2025-12-14;10;1940
17;2025-12-14;11;2504
17;2025-12-14;12;2898
17;2025-12-14;13;3148
17;2025-12-14;14;3251
17;2025-12-14;15;3226
17;2025-12-14;16;3194
17;2025-12-14;17;3072
17;2025-12-14;18;2654
17;2025-12-14;19;2070
17;2025-12-14;20;1561
17;2025-12-14;21;1172
17;2025-12-14;22;723
17;2025-12-14;23;382
17;2025-12-15;0;117
17;2025-12-15;1;0
17;2025-12-15;2;0
17;2025-12-15;3;0
17;2025-12-15;4;0
17;2025-12-15;5;279
17;2025-12-15;6;1460
17;2025-12-15;7;3933
17;2025-12-15;8;5214
17;2025-12-15;9;3739
17;2025-12-15;10;2879
17;2025-12-15;11;2880
17;2025-12-15;12;2873
17;2025-12-15;13;2999
17;2025-12-15;14;3021
17;2025-12-15;15;3244
17;2025-12-15;16;3622
17;2025-12-15;17;4395
17;2025-12-15;18;4684
17;2025-12-15;19;3271
17;2025-12-15;20;2306
17;2025-12-15;21;1434
17;2025-12-15;22;702
17;2025-12-15;23;373
17;2025-12-16;0;105
17;2025-12-16;1;0
17;2025-12-16;2;0
17;2025-12-16;3;0
17;2025-12-16;4;0
17;2025-12-16;5;298
17;2025-12-16;6;1484
17;2025-12-16;7;3959
17;2025-12-16;8;5263
17;2025-12-16;9;3757
17;2025-12-16;10;2940
17;2025-12-16;11;2913
17;2025-12-16;12;2935
17;2025-12-16;13;3058
17;2025-12-16;14;3097
17;2025-12-16;15;3326
17;2025-12-16;16;3646
17;2025-12-16;17;4541
17;2025-12-16;18;4776
17;2025-12-16;19;3361
17;2025-12-16;20;2356
17;2025-12-16;21;1479
17;2025-12-16;22;734
17;2025-12-16;23;407
17;2025-12-17;0;120
17;2025-12-17;1;0
17;2025-12-17;2;0
17;2025-12-17;3;0
17;2025-12-17;4;0
17;2025-12-17;5;280
17;2025-12-17;6;1454
17;2025-12-17;7;3943
17;2025-12-17;8;5254
17;2025-12-17;9;3767
17;2025-12-17;10;2998
17;2025-12-17;11;2986
17;2025-12-17;12;2976
17;2025-12-17;13;3093
17;2025-12-17;14;3158
17;2025-12-17;15;3379
17;2025-12-17;16;3744
17;2025-12-17;17;4546
17;2025-12-17;18;4723
17;2025-12-17;19;3346
17;2025-12-17;20;2356
17;2025-12-17;21;1507
17;2025-12-17;22;790
17;2025-12-17;23;433
17;2025-12-18;0;130
17;2025-12-18;1;0
17;2025-12-18;2;0
17;2025-12-18;3;0
17;2025-12-18;4;0
17;2025-12-18;5;292
17;2025-12-18;6;1485
17;2025-12-18;7;3957
17;2025-12-18;8;5225
17;2025-12-18;9;3770
17;2025-12-18;10;3027
17;2025-12-18;11;2988
17;2025-12-18;12;3000
17;2025-12-18;13;3121
17;2025-12-18;14;3149
17;2025-12-18;15;3373
17;2025-12-18;16;3818
17;2025-12-18;17;4532
17;2025-12-18;18;4726
17;2025-12-18;19;3381
17;2025-12-18;20;2427
17;2025-12-18;21;1522
17;2025-12-18;22;786
17;2025-12-18;23;437
17;2025-12-19;0;140
17;2025-12-19;1;0
17;2025-12-19;2;0
17;2025-12-19;3;0
17;2025-12-19;4;0
17;2025-12-19;5;287
17;2025-12-19;6;1481
17;2025-12-19;7;3947
17;2025-12-19;8;5171
17;2025-12-19;9;3762
17;2025-12-19;10;2965
17;2025-12-19;11;2973
17;2025-12-19;12;2970
17;2025-12-19;13;3135
17;2025-12-19;14;3186
17;2025-12-19;15;3577
17;2025-12-19;16;4096
17;2025-12-19;17;4671
17;2025-12-19;18;4363
17;2025-12-19;19;3232
17;2025-12-19;20;2396
17;2025-12-19;21;1604
17;2025-12-19;22;834
17;2025-12-19;23;520
17;2025-12-20;0;204
17;2025-12-20;1;0
17;2025-12-20;2;0
17;2025-12-20;3;0
17;2025-12-20;4;0
17;2025-12-20;5;107
17;2025-12-20;6;557
17;2025-12-20;7;1238
17;2025-12-20;8;1784
17;2025-12-20;9;2239
17;2025-12-20;10;2491
17;2025-12-20;11;2973
17;2025-12-20;12;3295
17;2025-12-20;13;3547
17;2025-12-20;14;3552
17;2025-12-20;15;3516
17;2025-12-20;16;3599
17;2025-12-20;17;3364
17;2025-12-20;18;3026
17;2025-12-20;19;2425
17;2025-12-20;20;1870
17;2025-12-20;21;1379
17;2025-12-20;22;840
17;2025-12-20;23;495
17;2025-12-21;0;186
17;2025-12-21;1;0
17;2025-12-21;2;0
17;2025-12-21;3;0
17;2025-12-21;4;0
17;2025-12-21;5;76
17;2025-12-21;6;403
17;2025-12-21;7;819
17;2025-12-21;8;1177
17;2025-12-21;9;1631
17;2025-12-21;10;1940
17;2025-12-21;11;2504
17;2025-12-21;12;2898
17;2025-12-21;13;3148
17;2025-12-21;14;3251
17;2025-12-21;15;3226
17;2025-12-21;16;3194
17;2025-12-21;17;3072
17;2025-12-21;18;2654
17;2025-12-21;19;2070
17;2025-12-21;20;1561
17;2025-12-21;21;1172
17;2025-12-21;22;723
17;2025-12-21;23;382
17;2025-12-22;0;117
17;2025-12-22;1;0
17;2025-12-22;2;0
17;2025-12-22;3;0
17;2025-12-22;4;0
17;2025-12-22;5;279
17;2025-12-22;6;1460
17;2025-12-22;7;3933
17;2025-12-22;8;5214
17;2025-12-22;9;3739
17;2025-12-22;10;2879
17;2025-12-22;11;2880
17;2025-12-22;12;2873
17;2025-12-22;13;2999
17;2025-12-22;14;3021
17;2025-12-22;15;3244
17;2025-12-22;16;3622
17;2025-12-22;17;4395
17;2025-12-22;18;4684
17;2025-12-22;19;3271
17;2025-12-22;20;2306
17;2025-12-22;21;1434
17;2025-12-22;22;702
17;2025-12-22;23;373
17;2025-12-23;0;105
17;2025-12-23;1;0
17;2025-12-23;2;0
17;2025-12-23;3;0
17;2025-12-23;4;0
17;2025-12-23;5;298
17;2025-12-23;6;1484
17;2025-12-23;7;3959
17;2025-12-23;8;5263
17;2025-12-23;9;3757
17;2025-12-23;10;2940
17;2025-12-23;11;2913
17;2025-12-23;12;2935
17;2025-12-23;13;3058
17;2025-12-23;14;3097
17;2025-12-23;15;3326
17;2025-12-23;16;3646
17;2025-12-23;17;4541
17;2025-12-23;18;4776
17;2025-12-23;19;3361
17;2025-12-23;20;2356
17;2025-12-23;21;1479
17;2025-12-23;22;734
17;2025-12-23;23;407
17;2025-12-24;0;120
17;2025-12-24;1;0
17;2025-12-24;2;0
17;2025-12-24;3;0
17;2025-12-24;4;0
17;2025-12-24;5;280
17;2025-12-24;6;1454
17;2025-12-24;7;3943
17;2025-12-24;8;5254
17;2025-12-24;9;3767
17;2025-12-24;10;2998
17;2025-12-24;11;2986
17;2025-12-24;12;2976
17;2025-12-24;13;3093
17;2025-12-24;14;3158
17;2025-12-24;15;3379
17;2025-12-24;16;3744
17;2025-12-24;17;4546
17;2025-12-24;18;4723
17;2025-12-24;19;3346
17;2025-12-24;20;2356
17;2025-12-24;21;1507
17;2025-12-24;22;790
17;2025-12-24;23;433
17;2025-12-25;0;130
17;2025-12-25;1;0
17;2025-12-25;2;0
17;2025-12-25;3;0
17;2025-12-25;4;0
17;2025-12-25;5;292
17;2025-12-25;6;1485
17;2025-12-25;7;3957
17;2025-12-25;8;5225
17;2025-12-25;9;3770
17;2025-12-25;10;3027
17;2025-12-25;11;2988
17;2025-12-25;12;3000
17;2025-12-25;13;3121
17;2025-12-25;14;3149
17;2025-12-25;15;3373
17;2025-12-25;16;3818
17;2025-12-25;17;4532
17;2025-12-25;18;4726
17;2025-12-25;19;3381
17;2025-12-25;20;2427
17;2025-12-25;21;1522
17;2025-12-25;22;786
17;2025-12-25;23;437
17;2025-12-26;0;140
17;2025-12-26;1;0
17;2025-12-26;2;0
17;2025-12-26;3;0
17;2025-12-26;4;0
17;2025-12-26;5;287
17;2025-12-26;6;1481
17;2025-12-26;7;3947
17;2025-12-26;8;5171
17;2025-12-26;9;3762
17;2025-12-26;10;2965
17;2025-12-26;11;2973
17;2025-12-26;12;2970
17;2025-12-26;13;3135
17;2025-12-26;14;3186
17;2025-12-26;15;3577
17;2025-12-26;16;4096
17;2025-12-26;17;4671
17;2025-12-26;18;4363
17;2025-12-26;19;3232
17;2025-12-26;20;2396
17;2025-12-26;21;1604
17;2025-12-26;22;834
17;2025-12-26;23;520
17;2025-12-27;0;204
17;2025-12-27;1;0
17;2025-12-27;2;0
17;2025-12-27;3;0
17;2025-12-27;4;0
17;2025-12-27;5;107
17;2025-12-27;6;557
17;2025-12-27;7;1238
17;2025-12-27;8;1784
17;2025-12-27;9;2239
17;2025-12-27;10;2491
17;2025-12-27;11;2973
17;2025-12-27;12;3295
17;2025-12-27;13;3547
17;2025-12-27;14;3552
17;2025-12-27;15;3516
17;2025-12-27;16;3599
17;2025-12-27;17;3364
17;2025-12-27;18;3026
17;2025-12-27;19;2425
17;2025-12-27;20;1870
17;2025-12-27;21;1379
17;2025-12-27;22;840
17;2025-12-27;23;495
17;2025-12-28;0;186
17;2025-12-28;1;0
17;2025-12-28;2;0
17;2025-12-28;3;0
17;2025-12-28;4;0
17;2025-12-28;5;76
17;2025-12-28;6;403
17;2025-12-28;7;819
17;2025-12-28;8;1177
17;2025-12-28;9;1631
17;2025-12-28;10;1940
17;2025-12-28;11;2504
17;2025-12-28;12;2898
17;2025-12-28;13;3148
17;2025-12-28;14;3251
17;2025-12-28;15;3226
17;2025-12-28;16;3194
17;2025-12-28;17;3072
17;2025-12-28;18;2654
17;2025-12-28;19;2070
17;2025-12-28;20;1561
17;2025-12-28;21;1172
17;2025-12-28;22;723
17;2025-12-28;23;382
17;2025-12-29;0;117
17;2025-12-29;1;0
17;2025-12-29;2;0
17;2025-12-29;3;0
17;2025-12-29;4;0
17;2025-12-29;5;279
17;2025-12-29;6;1460
17;2025-12-29;7;3933
17;2025-12-29;8;5214
17;2025-12-29;9;3739
17;2025-12-29;10;2879
17;2025-12-29;11;2880
17;2025-12-29;12;2873
17;2025-12-29;13;2999
17;2025-12-29;14;3021
17;2025-12-29;15;3244
17;2025-12-29;16;3622
17;2025-12-29;17;4395
17;2025-12-29;18;4684
17;2025-12-29;19;3271
17;2025-12-29;20;2306
17;2025-12-29;21;1434
17;2025-12-29;22;702
17;2025-12-29;23;373
17;2025-12-30;0;106
17;2025-12-30;1;0
17;2025-12-30;2;0
17;2025-12-30;3;0
17;2025-12-30;4;0
17;2025-12-30;5;294
17;2025-12-30;6;1486
17;2025-12-30;7;3972
17;2025-12-30;8;5287
17;2025-12-30;9;3778
17;2025-12-30;10;2957
17;2025-12-30;11;2937
17;2025-12-30;12;2958
17;2025-12-30;13;3095
17;2025-12-30;14;3150
17;2025-12-30;15;3385
17;2025-12-30;16;3707
17;2025-12-30;17;4467
17;2025-12-30;18;4660
17;2025-12-30;19;3256
17;2025-12-30;20;2333
17;2025-12-30;21;1469
17;2025-12-30;22;731
17;2025-12-30;23;406
17;2025-12-31;0;183
17;2025-12-31;1;0
17;2025-12-31;2;0
17;2025-12-31;3;0
17;2025-12-31;4;0
17;2025-12-31;5;78
17;2025-12-31;6;405
17;2025-12-31;7;762
17;2025-12-31;8;1137
17;2025-12-31;9;1616
17;2025-12-31;10;1926
17;2025-12-31;11;2501
17;2025-12-31;12;2907
17;2025-12-31;13;3122
17;2025-12-31;14;3181
17;2025-12-31;15;3188
17;2025-12-31;16;3199
17;2025-12-31;17;3068
17;2025-12-31;18;2651
17;2025-12-31;19;2127
17;2025-12-31;20;1646
17;2025-12-31;21;1230
17;2025-12-31;22;753
17;2025-12-31;23;395
25;2025-11-01;0;3
25;2025-11-01;1;0
25;2025-11-01;2;0
25;2025-11-01;3;0
25;2025-11-01;4;0
25;2025-11-01;5;20
25;2025-11-01;6;196
25;2025-11-01;7;392
25;2025-11-01;8;662
25;2025-11-01;9;412
25;2025-11-01;10;345
25;2025-11-01;11;396
25;2025-11-01;12;407
25;2025-11-01;13;502
25;2025-11-01;14;476
25;2025-11-01;15;564
25;2025-11-01;16;629
25;2025-11-01;17;633
25;2025-11-01;18;604
25;2025-11-01;19;479
25;2025-11-01;20;286
25;2025-11-01;21;201
25;2025-11-01;22;99
25;2025-11-01;23;23
25;2025-11-02;0;16
25;2025-11-02;1;0
25;2025-11-02;2;0
25;2025-11-02;3;0
25;2025-11-02;4;0
25;2025-11-02;5;9
25;2025-11-02;6;96
25;2025-11-02;7;119
25;2025-11-02;8;188
25;2025-11-02;9;223
25;2025-11-02;10;237
25;2025-11-02;11;323
25;2025-11-02;12;390
25;2025-11-02;13;484
25;2025-11-02;14;530
25;2025-11-02;15;556
25;2025-11-02;16;537
25;2025-11-02;17;529
25;2025-11-02;18;454
25;2025-11-02;19;325
25;2025-11-02;20;238
25;2025-11-02;21;173
25;2025-11-02;22;106
25;2025-11-02;23;34
25;2025-11-03;0;16
25;2025-11-03;1;0
25;2025-11-03;2;0
25;2025-11-03;3;0
25;2025-11-03;4;0
25;2025-11-03;5;9
25;2025-11-03;6;99
25;2025-11-03;7;123
25;2025-11-03;8;176
25;2025-11-03;9;221
25;2025-11-03;10;243
25;2025-11-03;11;339
25;2025-11-03;12;406
25;2025-11-03;13;493
25;2025-11-03;14;544
25;2025-11-03;15;588
25;2025-11-03;16;553
25;2025-11-03;17;552
25;2025-11-03;18;471
25;2025-11-03;19;332
25;2025-11-03;20;244
25;2025-11-03;21;177
25;2025-11-03;22;107
25;2025-11-03;23;34
25;2025-11-04;0;15
25;2025-11-04;1;0
25;2025-11-04;2;0
25;2025-11-04;3;0
25;2025-11-04;4;0
25;2025-11-04;5;8
25;2025-11-04;6;97
25;2025-11-04;7;120
25;2025-11-04;8;179
25;2025-11-04;9;230
25;2025-11-04;10;241
25;2025-11-04;11;338
25;2025-11-04;12;405
25;2025-11-04;13;503
25;2025-11-04;14;548
25;2025-11-04;15;581
25;2025-11-04;16;566
25;2025-11-04;17;555
25;2025-11-04;18;470
25;2025-11-04;19;340
25;2025-11-04;20;242
25;2025-11-04;21;176
25;2025-11-04;22;106
25;2025-11-04;23;33
25;2025-11-05;0;0
25;2025-11-05;1;0
25;2025-11-05;2;0
25;2025-11-05;3;0
25;2025-11-05;4;0
25;2025-11-05;5;21
25;2025-11-05;6;251
25;2025-11-05;7;547
25;2025-11-05;8;932
25;2025-11-05;9;508
25;2025-11-05;10;421
25;2025-11-05;11;462
25;2025-11-05;12;468
25;2025-11-05;13;568
25;2025-11-05;14;472
25;2025-11-05;15;603
25;2025-11-05;16;691
25;2025-11-05;17;852
25;2025-11-05;18;873
25;2025-11-05;19;633
25;2025-11-05;20;359
25;2025-11-05;21;262
25;2025-11-05;22;113
25;2025-11-05;23;16
25;2025-11-06;0;2
25;2025-11-06;1;0
25;2025-11-06;2;0
25;2025-11-06;3;0
25;2025-11-06;4;0
25;2025-11-06;5;23
25;2025-11-06;6;246
25;2025-11-06;7;531
25;2025-11-06;8;874
25;2025-11-06;9;490
25;2025-11-06;10;414
25;2025-11-06;11;446
25;2025-11-06;12;451
25;2025-11-06;13;525
25;2025-11-06;14;497
25;2025-11-06;15;602
25;2025-11-06;16;681
25;2025-11-06;17;754
25;2025-11-06;18;797
25;2025-11-06;19;592
25;2025-11-06;20;316
25;2025-11-06;21;213
25;2025-11-06;22;96
25;2025-11-06;23;13
25;2025-11-07;0;1
25;2025-11-07;1;0
25;2025-11-07;2;0
25;2025-11-07;3;0
25;2025-11-07;4;0
25;2025-11-07;5;17
25;2025-11-07;6;258
25;2025-11-07;7;565
25;2025-11-07;8;902
25;2025-11-07;9;499
25;2025-11-07;10;416
25;2025-11-07;11;454
25;2025-11-07;12;458
25;2025-11-07;13;555
25;2025-11-07;14;498
25;2025-11-07;15;635
25;2025-11-07;16;767
25;2025-11-07;17;791
25;2025-11-07;18;748
25;2025-11-07;19;586
25;2025-11-07;20;360
25;2025-11-07;21;232
25;2025-11-07;22;112
25;2025-11-07;23;21
25;2025-11-08;0;10
25;2025-11-08;1;0
25;2025-11-08;2;0
25;2025-11-08;3;0
25;2025-11-08;4;0
25;2025-11-08;5;17
25;2025-11-08;6;127
25;2025-11-08;7;178
25;2025-11-08;8;315
25;2025-11-08;9;302
25;2025-11-08;10;301
25;2025-11-08;11;393
25;2025-11-08;12;436
25;2025-11-08;13;607
25;2025-11-08;14;597
25;2025-11-08;15;657
25;2025-11-08;16;659
25;2025-11-08;17;579
25;2025-11-08;18;519
25;2025-11-08;19;441
25;2025-11-08;20;274
25;2025-11-08;21;210
25;2025-11-08;22;119
25;2025-11-08;23;42
25;2025-11-09;0;17
25;2025-11-09;1;0
25;2025-11-09;2;0
25;2025-11-09;3;0
25;2025-11-09;4;0
25;2025-11-09;5;9
25;2025-11-09;6;97
25;2025-11-09;7;126
25;2025-11-09;8;196
25;2025-11-09;9;230
25;2025-11-09;10;243
25;2025-11-09;11;332
25;2025-11-09;12;398
25;2025-11-09;13;501
25;2025-11-09;14;544
25;2025-11-09;15;578
25;2025-11-09;16;555
25;2025-11-09;17;545
25;2025-11-09;18;455
25;2025-11-09;19;322
25;2025-11-09;20;233
25;2025-11-09;21;168
25;2025-11-09;22;103
25;2025-11-09;23;33
25;2025-11-10;0;7
25;2025-11-10;1;0
25;2025-11-10;2;0
25;2025-11-10;3;0
25;2025-11-10;4;0
25;2025-11-10;5;20
25;2025-11-10;6;246
25;2025-11-10;7;542
25;2025-11-10;8;932
25;2025-11-10;9;524
25;2025-11-10;10;375
25;2025-11-10;11;430
25;2025-11-10;12;442
25;2025-11-10;13;535
25;2025-11-10;14;477
25;2025-11-10;15;546
25;2025-11-10;16;682
25;2025-11-10;17;782
25;2025-11-10;18;796
25;2025-11-10;19;594
25;2025-11-10;20;346
25;2025-11-10;21;216
25;2025-11-10;22;95
25;2025-11-10;23;17
25;2025-11-11;0;4
25;2025-11-11;1;0
25;2025-11-11;2;0
25;2025-11-11;3;0
25;2025-11-11;4;0
25;2025-11-11;5;18
25;2025-11-11;6;243
25;2025-11-11;7;538
25;2025-11-11;8;913
25;2025-11-11;9;489
25;2025-11-11;10;386
25;2025-11-11;11;423
25;2025-11-11;12;434
25;2025-11-11;13;493
25;2025-11-11;14;473
25;2025-11-11;15;575
25;2025-11-11;16;658
25;2025-11-11;17;752
25;2025-11-11;18;768
25;2025-11-11;19;580
25;2025-11-11;20;330
25;2025-11-11;21;213
25;2025-11-11;22;93
25;2025-11-11;23;12
25;2025-11-12;0;0
25;2025-11-12;1;0
25;2025-11-12;2;0
25;2025-11-12;3;0
25;2025-11-12;4;0
25;2025-11-12;5;21
25;2025-11-12;6;251
25;2025-11-12;7;548
25;2025-11-12;8;932
25;2025-11-12;9;508
25;2025-11-12;10;421
25;2025-11-12;11;461
25;2025-11-12;12;467
25;2025-11-12;13;568
25;2025-11-12;14;472
25;2025-11-12;15;603
25;2025-11-12;16;691
25;2025-11-12;17;852
25;2025-11-12;18;872
25;2025-11-12;19;632
25;2025-11-12;20;359
25;2025-11-12;21;262
25;2025-11-12;22;113
25;2025-11-12;23;16
25;2025-11-13;0;2
25;2025-11-13;1;0
25;2025-11-13;2;0
25;2025-11-13;3;0
25;2025-11-13;4;0
25;2025-11-13;5;23
25;2025-11-13;6;247
25;2025-11-13;7;532
25;2025-11-13;8;875
25;2025-11-13;9;491
25;2025-11-13;10;414
25;2025-11-13;11;445
25;2025-11-13;12;451
25;2025-11-13;13;525
25;2025-11-13;14;497
25;2025-11-13;15;602
25;2025-11-13;16;681
25;2025-11-13;17;754
25;2025-11-13;18;796
25;2025-11-13;19;591
25;2025-11-13;20;316
25;2025-11-13;21;213
25;2025-11-13;22;96
25;2025-11-13;23;13
25;2025-11-14;0;1
25;2025-11-14;1;0
25;2025-11-14;2;0
25;2025-11-14;3;0
25;2025-11-14;4;0
25;2025-11-14;5;17
25;2025-11-14;6;259
25;2025-11-14;7;565
25;2025-11-14;8;902
25;2025-11-14;9;500
25;2025-11-14;10;415
25;2025-11-14;11;454
25;2025-11-14;12;458
25;2025-11-14;13;555
25;2025-11-14;14;498
25;2025-11-14;15;635
25;2025-11-14;16;767
25;2025-11-14;17;791
25;2025-11-14;18;747
25;2025-11-14;19;586
25;2025-11-14;20;360
25;2025-11-14;21;232
25;2025-11-14;22;112
25;2025-11-14;23;21
25;2025-11-15;0;10
25;2025-11-15;1;0
25;2025-11-15;2;0
25;2025-11-15;3;0
25;2025-11-15;4;0
25;2025-11-15;5;17
25;2025-11-15;6;127
25;2025-11-15;7;178
25;2025-11-15;8;315
25;2025-11-15;9;302
25;2025-11-15;10;301
25;2025-11-15;11;393
25;2025-11-15;12;436
25;2025-11-15;13;607
25;2025-11-15;14;597
25;2025-11-15;15;657
25;2025-11-15;16;659
25;2025-11-15;17;579
25;2025-11-15;18;519
25;2025-11-15;19;441
25;2025-11-15;20;274
25;2025-11-15;21;210
25;2025-11-15;22;119
25;2025-11-15;23;42
25;2025-11-16;0;17
25;2025-11-16;1;0
25;2025-11-16;2;0
25;2025-11-16;3;0
25;2025-11-16;4;0
25;2025-11-16;5;9
25;2025-11-16;6;97
25;2025-11-16;7;126
25;2025-11-16;8;196
25;2025-11-16;9;230
25;2025-11-16;10;243
25;2025-11-16;11;332
25;2025-11-16;12;398
25;2025-11-16;13;501
25;2025-11-16;14;544
25;2025-11-16;15;578
25;2025-11-16;16;555
25;2025-11-16;17;545
25;2025-11-16;18;455
25;2025-11-16;19;322
25;2025-11-16;20;233
25;2025-11-16;21;168
25;2025-11-16;22;103
25;2025-11-16;23;33
25;2025-11-17;0;7
25;2025-11-17;1;0
25;2025-11-17;2;0
25;2025-11-17;3;0
25;2025-11-17;4;0
25;2025-11-17;5;20
25;2025-11-17;6;246
25;2025-11-17;7;542
25;2025-11-17;8;932
25;2025-11-17;9;524
25;2025-11-17;10;375
25;2025-11-17;11;430
25;2025-11-17;12;442
25;2025-11-17;13;535
25;2025-11-17;14;477
25;2025-11-17;15;546
25;2025-11-17;16;682
25;2025-11-17;17;782
25;2025-11-17;18;796
25;2025-11-17;19;594
25;2025-11-17;20;346
25;2025-11-17;21;216
25;2025-11-17;22;95
25;2025-11-17;23;17
25;2025-11-18;0;4
25;2025-11-18;1;0
25;2025-11-18;2;0
25;2025-11-18;3;0
25;2025-11-18;4;0
25;2025-11-18;5;18
25;2025-11-18;6;243
25;2025-11-18;7;538
25;2025-11-18;8;913
25;2025-11-18;9;489
25;2025-11-18;10;386
25;2025-11-18;11;423
25;2025-11-18;12;434
25;2025-11-18;13;493
25;2025-11-18;14;473
25;2025-11-18;15;575
25;2025-11-18;16;658
25;2025-11-18;17;752
25;2025-11-18;18;768
25;2025-11-18;19;580
25;2025-11-18;20;330
25;2025-11-18;21;213
25;2025-11-18;22;93
25;2025-11-18;23;12
25;2025-11-19;0;0
25;2025-11-19;1;0
25;2025-11-19;2;0
25;2025-11-19;3;0
25;2025-11-19;4;0
25;2025-11-19;5;21
25;2025-11-19;6;251
25;2025-11-19;7;548
25;2025-11-19;8;932
25;2025-11-19;9;508
25;2025-11-19;10;421
25;2025-11-19;11;462
25;2025-11-19;12;467
25;2025-11-19;13;568
25;2025-11-19;14;472
25;2025-11-19;15;603
25;2025-11-19;16;691
25;2025-11-19;17;851
25;2025-11-19;18;872
25;2025-11-19;19;632
25;2025-11-19;20;359
25;2025-11-19;21;262
25;2025-11-19;22;113
25;2025-11-19;23;16
25;2025-11-20;0;2
25;2025-11-20;1;0
25;2025-11-20;2;0
25;2025-11-20;3;0
25;2025-11-20;4;0
25;2025-11-20;5;23
25;2025-11-20;6;247
25;2025-11-20;7;532
25;2025-11-20;8;875
25;2025-11-20;9;491
25;2025-11-20;10;414
25;2025-11-20;11;446
25;2025-11-20;12;451
25;2025-11-20;13;525
25;2025-11-20;14;497
25;2025-11-20;15;602
25;2025-11-20;16;681
25;2025-11-20;17;754
25;2025-11-20;18;796
25;2025-11-20;19;591
25;2025-11-20;20;316
25;2025-11-20;21;212
25;2025-11-20;22;96
25;2025-11-20;23;13
25;2025-11-21;0;0
25;2025-11-21;1;0
25;2025-11-21;2;0
25;2025-11-21;3;0
25;2025-11-21;4;0
25;2025-11-21;5;17
25;2025-11-21;6;259
25;2025-11-21;7;565
25;2025-11-21;8;902
25;2025-11-21;9;500
25;2025-11-21;10;415
25;2025-11-21;11;454
25;2025-11-21;12;459
25;2025-11-21;13;556
25;2025-11-21;14;498
25;2025-11-21;15;635
25;2025-11-21;16;767
25;2025-11-21;17;791
25;2025-11-21;18;747
25;2025-11-21;19;586
25;2025-11-21;20;359
25;2025-11-21;21;232
25;2025-11-21;22;111
25;2025-11-21;23;20
25;2025-11-22;0;10
25;2025-11-22;1;0
25;2025-11-22;2;0
25;2025-11-22;3;0
25;2025-11-22;4;0
25;2025-11-22;5;17
25;2025-11-22;6;127
25;2025-11-22;7;178
25;2025-11-22;8;315
25;2025-11-22;9;303
25;2025-11-22;10;301
25;2025-11-22;11;393
25;2025-11-22;12;436
25;2025-11-22;13;607
25;2025-11-22;14;597
25;2025-11-22;15;658
25;2025-11-22;16;659
25;2025-11-22;17;579
25;2025-11-22;18;519
25;2025-11-22;19;441
25;2025-11-22;20;273
25;2025-11-22;21;210
25;2025-11-22;22;119
25;2025-11-22;23;41
25;2025-11-23;0;17
25;2025-11-23;1;0
25;2025-11-23;2;0
25;2025-11-23;3;0
25;2025-11-23;4;0
25;2025-11-23;5;9
25;2025-11-23;6;97
25;2025-11-23;7;126
25;2025-11-23;8;196
25;2025-11-23;9;230
25;2025-11-23;10;243
25;2025-11-23;11;332
25;2025-11-23;12;398
25;2025-11-23;13;501
25;2025-11-23;14;544
25;2025-11-23;15;578
25;2025-11-23;16;555
25;2025-11-23;17;545
25;2025-11-23;18;455
25;2025-11-23;19;322
25;2025-11-23;20;233
25;2025-11-23;21;168
25;2025-11-23;22;103
25;2025-11-23;23;33
25;2025-11-24;0;7
25;2025-11-24;1;0
25;2025-11-24;2;0
25;2025-11-24;3;0
25;2025-11-24;4;0
25;2025-11-24;5;20
25;2025-11-24;6;246
25;2025-11-24;7;542
25;2025-11-24;8;932
25;2025-11-24;9;524
25;2025-11-24;10;375
25;2025-11-24;11;430
25;2025-11-24;12;442
25;2025-11-24;13;535
25;2025-11-24;14;477
25;2025-11-24;15;546
25;2025-11-24;16;682
25;2025-11-24;17;782
25;2025-11-24;18;796
25;2025-11-24;19;594
25;2025-11-24;20;346
25;2025-11-24;21;216
25;2025-11-24;22;95
25;2025-11-24;23;17
25;2025-11-25;0;4
25;2025-11-25;1;0
25;2025-11-25;2;0
25;2025-11-25;3;0
25;2025-11-25;4;0
25;2025-11-25;5;18
25;2025-11-25;6;243
25;2025-11-25;7;538
25;2025-11-25;8;913
25;2025-11-25;9;489
25;2025-11-25;10;386
25;2025-11-25;11;423
25;2025-11-25;12;434
25;2025-11-25;13;493
25;2025-11-25;14;473
25;2025-11-25;15;575
25;2025-11-25;16;658
25;2025-11-25;17;752
25;2025-11-25;18;768
25;2025-11-25;19;580
25;2025-11-25;20;330
25;2025-11-25;21;213
25;2025-11-25;22;93
25;2025-11-25;23;12
25;2025-11-26;0;0
25;2025-11-26;1;0
25;2025-11-26;2;0
25;2025-11-26;3;0
25;2025-11-26;4;0
25;2025-11-26;5;21
25;2025-11-26;6;251
25;2025-11-26;7;548
25;2025-11-26;8;932
25;2025-11-26;9;508
25;2025-11-26;10;421
25;2025-11-26;11;462
25;2025-11-26;12;467
25;2025-11-26;13;568
25;2025-11-26;14;472
25;2025-11-26;15;603
25;2025-11-26;16;691
25;2025-11-26;17;851
25;2025-11-26;18;872
25;2025-11-26;19;632
25;2025-11-26;20;359
25;2025-11-26;21;262
25;2025-11-26;22;113
25;2025-11-26;23;16
25;2025-11-27;0;2
25;2025-11-27;1;0
25;2025-11-27;2;0
25;2025-11-27;3;0
25;2025-11-27;4;0
25;2025-11-27;5;23
25;2025-11-27;6;247
25;2025-11-27;7;532
25;2025-11-27;8;875
25;2025-11-27;9;491
25;2025-11-27;10;414
25;2025-11-27;11;446
25;2025-11-27;12;451
25;2025-11-27;13;525
25;2025-11-27;14;497
25;2025-11-27;15;602
25;2025-11-27;16;681
25;2025-11-27;17;754
25;2025-11-27;18;796
25;2025-11-27;19;591
25;2025-11-27;20;316
25;2025-11-27;21;212
25;2025-11-27;22;96
25;2025-11-27;23;13
25;2025-11-28;0;0
25;2025-11-28;1;0
25;2025-11-28;2;0
25;2025-11-28;3;0
25;2025-11-28;4;0
25;2025-11-28;5;17
25;2025-11-28;6;259
25;2025-11-28;7;565
25;2025-11-28;8;902
25;2025-11-28;9;500
25;2025-11-28;10;415
25;2025-11-28;11;454
25;2025-11-28;12;459
25;2025-11-28;13;556
25;2025-11-28;14;498
25;2025-11-28;15;635
25;2025-11-28;16;767
25;2025-11-28;17;791
25;2025-11-28;18;747
25;2025-11-28;19;586
25;2025-11-28;20;359
25;2025-11-28;21;232
25;2025-11-28;22;111
25;2025-11-28;23;20
25;2025-11-29;0;9
25;2025-11-29;1;0
25;2025-11-29;2;0
25;2025-11-29;3;0
25;2025-11-29;4;0
25;2025-11-29;5;17
25;2025-11-29;6;127
25;2025-11-29;7;178
25;2025-11-29;8;315
25;2025-11-29;9;303
25;2025-11-29;10;301
25;2025-11-29;11;393
25;2025-11-29;12;436
25;2025-11-29;13;607
25;2025-11-29;14;597
25;2025-11-29;15;658
25;2025-11-29;16;659
25;2025-11-29;17;579
25;2025-11-29;18;519
25;2025-11-29;19;441
25;2025-11-29;20;273
25;2025-11-29;21;210
25;2025-11-29;22;119
25;2025-11-29;23;41
25;2025-11-30;0;17
25;2025-11-30;1;0
25;2025-11-30;2;0
25;2025-11-30;3;0
25;2025-11-30;4;0
25;2025-11-30;5;9
25;2025-11-30;6;97
25;2025-11-30;7;126
25;2025-11-30;8;196
25;2025-11-30;9;230
25;2025-11-30;10;243
25;2025-11-30;11;332
25;2025-11-30;12;398
25;2025-11-30;13;501
25;2025-11-30;14;544
25;2025-11-30;15;578
25;2025-11-30;16;555
25;2025-11-30;17;545
25;2025-11-30;18;455
25;2025-11-30;19;322
25;2025-11-30;20;233
25;2025-11-30;21;168
25;2025-11-30;22;103
25;2025-11-30;23;33
25;2025-12-01;0;7
25;2025-12-01;1;0
25;2025-12-01;2;0
25;2025-12-01;3;0
25;2025-12-01;4;0
25;2025-12-01;5;20
25;2025-12-01;6;246
25;2025-12-01;7;542
25;2025-12-01;8;933
25;2025-12-01;9;524
25;2025-12-01;10;375
25;2025-12-01;11;430
25;2025-12-01;12;442
25;2025-12-01;13;535
25;2025-12-01;14;477
25;2025-12-01;15;546
25;2025-12-01;16;682
25;2025-12-01;17;782
25;2025-12-01;18;796
25;2025-12-01;19;594
25;2025-12-01;20;346
25;2025-12-01;21;216
25;2025-12-01;22;95
25;2025-12-01;23;17
25;2025-12-02;0;4
25;2025-12-02;1;0
25;2025-12-02;2;0
25;2025-12-02;3;0
25;2025-12-02;4;0
25;2025-12-02;5;18
25;2025-12-02;6;243
25;2025-12-02;7;538
25;2025-12-02;8;913
25;2025-12-02;9;489
25;2025-12-02;10;386
25;2025-12-02;11;423
25;2025-12-02;12;434
25;2025-12-02;13;493
25;2025-12-02;14;473
25;2025-12-02;15;575
25;2025-12-02;16;658
25;2025-12-02;17;752
25;2025-12-02;18;768
25;2025-12-02;19;580
25;2025-12-02;20;330
25;2025-12-02;21;213
25;2025-12-02;22;93
25;2025-12-02;23;12
25;2025-12-03;0;0
25;2025-12-03;1;0
25;2025-12-03;2;0
25;2025-12-03;3;0
25;2025-12-03;4;0
25;2025-12-03;5;21
25;2025-12-03;6;251
25;2025-12-03;7;548
25;2025-12-03;8;932
25;2025-12-03;9;508
25;2025-12-03;10;421
25;2025-12-03;11;462
25;2025-12-03;12;467
25;2025-12-03;13;568
25;2025-12-03;14;472
25;2025-12-03;15;602
25;2025-12-03;16;691
25;2025-12-03;17;851
25;2025-12-03;18;872
25;2025-12-03;19;633
25;2025-12-03;20;359
25;2025-12-03;21;263
25;2025-12-03;22;114
25;2025-12-03;23;16
25;2025-12-04;0;2
25;2025-12-04;1;0
25;2025-12-04;2;0
25;2025-12-04;3;0
25;2025-12-04;4;0
25;2025-12-04;5;23
25;2025-12-04;6;245
25;2025-12-04;7;527
25;2025-12-04;8;867
25;2025-12-04;9;486
25;2025-12-04;10;411
25;2025-12-04;11;442
25;2025-12-04;12;447
25;2025-12-04;13;521
25;2025-12-04;14;493
25;2025-12-04;15;605
25;2025-12-04;16;683
25;2025-12-04;17;755
25;2025-12-04;18;798
25;2025-12-04;19;595
25;2025-12-04;20;322
25;2025-12-04;21;220
25;2025-12-04;22;103
25;2025-12-04;23;20
25;2025-12-05;0;0
25;2025-12-05;1;0
25;2025-12-05;2;0
25;2025-12-05;3;0
25;2025-12-05;4;0
25;2025-12-05;5;17
25;2025-12-05;6;257
25;2025-12-05;7;560
25;2025-12-05;8;893
25;2025-12-05;9;495
25;2025-12-05;10;411
25;2025-12-05;11;449
25;2025-12-05;12;454
25;2025-12-05;13;551
25;2025-12-05;14;493
25;2025-12-05;15;636
25;2025-12-05;16;766
25;2025-12-05;17;791
25;2025-12-05;18;751
25;2025-12-05;19;591
25;2025-12-05;20;367
25;2025-12-05;21;241
25;2025-12-05;22;120
25;2025-12-05;23;30
25;2025-12-06;0;9
25;2025-12-06;1;0
25;2025-12-06;2;0
25;2025-12-06;3;0
25;2025-12-06;4;0
25;2025-12-06;5;14
25;2025-12-06;6;124
25;2025-12-06;7;173
25;2025-12-06;8;309
25;2025-12-06;9;298
25;2025-12-06;10;296
25;2025-12-06;11;388
25;2025-12-06;12;431
25;2025-12-06;13;599
25;2025-12-06;14;590
25;2025-12-06;15;661
25;2025-12-06;16;663
25;2025-12-06;17;582
25;2025-12-06;18;525
25;2025-12-06;19;447
25;2025-12-06;20;280
25;2025-12-06;21;217
25;2025-12-06;22;126
25;2025-12-06;23;48
25;2025-12-07;0;17
25;2025-12-07;1;0
25;2025-12-07;2;0
25;2025-12-07;3;0
25;2025-12-07;4;0
25;2025-12-07;5;6
25;2025-12-07;6;95
25;2025-12-07;7;122
25;2025-12-07;8;191
25;2025-12-07;9;226
25;2025-12-07;10;239
25;2025-12-07;11;327
25;2025-12-07;12;393
25;2025-12-07;13;494
25;2025-12-07;14;538
25;2025-12-07;15;581
25;2025-12-07;16;557
25;2025-12-07;17;548
25;2025-12-07;18;460
25;2025-12-07;19;328
25;2025-12-07;20;239
25;2025-12-07;21;174
25;2025-12-07;22;109
25;2025-12-07;23;39
25;2025-12-08;0;7
25;2025-12-08;1;0
25;2025-12-08;2;0
25;2025-12-08;3;0
25;2025-12-08;4;0
25;2025-12-08;5;16
25;2025-12-08;6;241
25;2025-12-08;7;534
25;2025-12-08;8;923
25;2025-12-08;9;518
25;2025-12-08;10;369
25;2025-12-08;11;424
25;2025-12-08;12;436
25;2025-12-08;13;526
25;2025-12-08;14;470
25;2025-12-08;15;552
25;2025-12-08;16;687
25;2025-12-08;17;787
25;2025-12-08;18;803
25;2025-12-08;19;602
25;2025-12-08;20;354
25;2025-12-08;21;225
25;2025-12-08;22;104
25;2025-12-08;23;26
25;2025-12-09;0;4
25;2025-12-09;1;0
25;2025-12-09;2;0
25;2025-12-09;3;0
25;2025-12-09;4;0
25;2025-12-09;5;14
25;2025-12-09;6;238
25;2025-12-09;7;531
25;2025-12-09;8;905
25;2025-12-09;9;483
25;2025-12-09;10;381
25;2025-12-09;11;418
25;2025-12-09;12;428
25;2025-12-09;13;484
25;2025-12-09;14;467
25;2025-12-09;15;581
25;2025-12-09;16;663
25;2025-12-09;17;757
25;2025-12-09;18;774
25;2025-12-09;19;587
25;2025-12-09;20;338
25;2025-12-09;21;221
25;2025-12-09;22;101
25;2025-12-09;23;19
25;2025-12-10;0;0
25;2025-12-10;1;0
25;2025-12-10;2;0
25;2025-12-10;3;0
25;2025-12-10;4;0
25;2025-12-10;5;17
25;2025-12-10;6;246
25;2025-12-10;7;539
25;2025-12-10;8;922
25;2025-12-10;9;502
25;2025-12-10;10;415
25;2025-12-10;11;456
25;2025-12-10;12;461
25;2025-12-10;13;559
25;2025-12-10;14;465
25;2025-12-10;15;609
25;2025-12-10;16;697
25;2025-12-10;17;857
25;2025-12-10;18;879
25;2025-12-10;19;640
25;2025-12-10;20;368
25;2025-12-10;21;272
25;2025-12-10;22;122
25;2025-12-10;23;25
25;2025-12-11;0;2
25;2025-12-11;1;0
25;2025-12-11;2;0
25;2025-12-11;3;0
25;2025-12-11;4;0
25;2025-12-11;5;19
25;2025-12-11;6;242
25;2025-12-11;7;525
25;2025-12-11;8;866
25;2025-12-11;9;485
25;2025-12-11;10;409
25;2025-12-11;11;441
25;2025-12-11;12;446
25;2025-12-11;13;516
25;2025-12-11;14;489
25;2025-12-11;15;608
25;2025-12-11;16;687
25;2025-12-11;17;759
25;2025-12-11;18;803
25;2025-12-11;19;598
25;2025-12-11;20;324
25;2025-12-11;21;221
25;2025-12-11;22;103
25;2025-12-11;23;21
25;2025-12-12;0;0
25;2025-12-12;1;0
25;2025-12-12;2;0
25;2025-12-12;3;0
25;2025-12-12;4;0
25;2025-12-12;5;13
25;2025-12-12;6;254
25;2025-12-12;7;557
25;2025-12-12;8;893
25;2025-12-12;9;493
25;2025-12-12;10;410
25;2025-12-12;11;448
25;2025-12-12;12;452
25;2025-12-12;13;546
25;2025-12-12;14;489
25;2025-12-12;15;640
25;2025-12-12;16;770
25;2025-12-12;17;795
25;2025-12-12;18;756
25;2025-12-12;19;595
25;2025-12-12;20;369
25;2025-12-12;21;242
25;2025-12-12;22;121
25;2025-12-12;23;30
25;2025-12-13;0;9
25;2025-12-13;1;0
25;2025-12-13;2;0
25;2025-12-13;3;0
25;2025-12-13;4;0
25;2025-12-13;5;14
25;2025-12-13;6;124
25;2025-12-13;7;173
25;2025-12-13;8;309
25;2025-12-13;9;298
25;2025-12-13;10;296
25;2025-12-13;11;388
25;2025-12-13;12;431
25;2025-12-13;13;599
25;2025-12-13;14;590
25;2025-12-13;15;661
25;2025-12-13;16;663
25;2025-12-13;17;582
25;2025-12-13;18;525
25;2025-12-13;19;447
25;2025-12-13;20;280
25;2025-12-13;21;217
25;2025-12-13;22;126
25;2025-12-13;23;48
25;2025-12-14;0;17
25;2025-12-14;1;0
25;2025-12-14;2;0
25;2025-12-14;3;0
25;2025-12-14;4;0
25;2025-12-14;5;6
25;2025-12-14;6;95
25;2025-12-14;7;122
25;2025-12-14;8;191
25;2025-12-14;9;226
25;2025-12-14;10;239
25;2025-12-14;11;327
25;2025-12-14;12;393
25;2025-12-14;13;494
25;2025-12-14;14;538
25;2025-12-14;15;581
25;2025-12-14;16;557
25;2025-12-14;17;548
25;2025-12-14;18;460
25;2025-12-14;19;328
25;2025-12-14;20;239
25;2025-12-14;21;174
25;2025-12-14;22;109
25;2025-12-14;23;39
25;2025-12-15;0;7
25;2025-12-15;1;0
25;2025-12-15;2;0
25;2025-12-15;3;0
25;2025-12-15;4;0
25;2025-12-15;5;16
25;2025-12-15;6;241
25;2025-12-15;7;534
25;2025-12-15;8;923
25;2025-12-15;9;518
25;2025-12-15;10;369
25;2025-12-15;11;424
25;2025-12-15;12;436
25;2025-12-15;13;526
25;2025-12-15;14;470
25;2025-12-15;15;552
25;2025-12-15;16;687
25;2025-12-15;17;787
25;2025-12-15;18;803
25;2025-12-15;19;602
25;2025-12-15;20;354
25;2025-12-15;21;225
25;2025-12-15;22;104
25;2025-12-15;23;26
25;2025-12-16;0;4
25;2025-12-16;1;0
25;2025-12-16;2;0
25;2025-12-16;3;0
25;2025-12-16;4;0
25;2025-12-16;5;14
25;2025-12-16;6;238
25;2025-12-16;7;531
25;2025-12-16;8;905
25;2025-12-16;9;483
25;2025-12-16;10;381
25;2025-12-16;11;418
25;2025-12-16;12;428
25;2025-12-16;13;484
25;2025-12-16;14;467
25;2025-12-16;15;581
25;2025-12-16;16;663
25;2025-12-16;17;757
25;2025-12-16;18;774
25;2025-12-16;19;587
25;2025-12-16;20;338
25;2025-12-16;21;221
25;2025-12-16;22;101
25;2025-12-16;23;19
25;2025-12-17;0;0
25;2025-12-17;1;0
25;2025-12-17;2;0
25;2025-12-17;3;0
25;2025-12-17;4;0
25;2025-12-17;5;17
25;2025-12-17;6;246
25;2025-12-17;7;539
25;2025-12-17;8;922
25;2025-12-17;9;502
25;2025-12-17;10;415
25;2025-12-17;11;456
25;2025-12-17;12;461
25;2025-12-17;13;559
25;2025-12-17;14;465
25;2025-12-17;15;609
25;2025-12-17;16;697
25;2025-12-17;17;857
25;2025-12-17;18;879
25;2025-12-17;19;640
25;2025-12-17;20;368
25;2025-12-17;21;272
25;2025-12-17;22;122
25;2025-12-17;23;25
25;2025-12-18;0;2
25;2025-12-18;1;0
25;2025-12-18;2;0
25;2025-12-18;3;0
25;2025-12-18;4;0
25;2025-12-18;5;19
25;2025-12-18;6;242
25;2025-12-18;7;525
25;2025-12-18;8;866
25;2025-12-18;9;485
25;2025-12-18;10;409
25;2025-12-18;11;441
25;2025-12-18;12;446
25;2025-12-18;13;516
25;2025-12-18;14;489
25;2025-12-18;15;608
25;2025-12-18;16;687
25;2025-12-18;17;759
25;2025-12-18;18;803
25;2025-12-18;19;598
25;2025-12-18;20;324
25;2025-12-18;21;221
25;2025-12-18;22;103
25;2025-12-18;23;21
25;2025-12-19;0;0
25;2025-12-19;1;0
25;2025-12-19;2;0
25;2025-12-19;3;0
25;2025-12-19;4;0
25;2025-12-19;5;13
25;2025-12-19;6;254
25;2025-12-19;7;557
25;2025-12-19;8;893
25;2025-12-19;9;493
25;2025-12-19;10;410
25;2025-12-19;11;448
25;2025-12-19;12;452
25;2025-12-19;13;546
25;2025-12-19;14;489
25;2025-12-19;15;640
25;2025-12-19;16;770
25;2025-12-19;17;795
25;2025-12-19;18;756
25;2025-12-19;19;595
25;2025-12-19;20;369
25;2025-12-19;21;242
25;2025-12-19;22;121
25;2025-12-19;23;30
25;2025-12-20;0;9
25;2025-12-20;1;0
25;2025-12-20;2;0
25;2025-12-20;3;0
25;2025-12-20;4;0
25;2025-12-20;5;14
25;2025-12-20;6;124
25;2025-12-20;7;173
25;2025-12-20;8;309
25;2025-12-20;9;298
25;2025-12-20;10;296
25;2025-12-20;11;388
25;2025-12-20;12;431
25;2025-12-20;13;599
25;2025-12-20;14;590
25;2025-12-20;15;661
25;2025-12-20;16;663
25;2025-12-20;17;582
25;2025-12-20;18;525
25;2025-12-20;19;447
25;2025-12-20;20;280
25;2025-12-20;21;217
25;2025-12-20;22;126
25;2025-12-20;23;48
25;2025-12-21;0;17
25;2025-12-21;1;0
25;2025-12-21;2;0
25;2025-12-21;3;0
25;2025-12-21;4;0
25;2025-12-21;5;6
25;2025-12-21;6;95
25;2025-12-21;7;122
25;2025-12-21;8;191
25;2025-12-21;9;226
25;2025-12-21;10;239
25;2025-12-21;11;327
25;2025-12-21;12;393
25;2025-12-21;13;494
25;2025-12-21;14;538
25;2025-12-21;15;581
25;2025-12-21;16;557
25;2025-12-21;17;548
25;2025-12-21;18;460
25;2025-12-21;19;328
25;2025-12-21;20;239
25;2025-12-21;21;174
25;2025-12-21;22;109
25;2025-12-21;23;39
25;2025-12-22;0;7
25;2025-12-22;1;0
25;2025-12-22;2;0
25;2025-12-22;3;0
25;2025-12-22;4;0
25;2025-12-22;5;16
25;2025-12-22;6;241
25;2025-12-22;7;534
25;2025-12-22;8;923
25;2025-12-22;9;518
25;2025-12-22;10;369
25;2025-12-22;11;424
25;2025-12-22;12;436
25;2025-12-22;13;526
25;2025-12-22;14;470
25;2025-12-22;15;552
25;2025-12-22;16;687
25;2025-12-22;17;787
25;2025-12-22;18;803
25;2025-12-22;19;602
25;2025-12-22;20;354
25;2025-12-22;21;225
25;2025-12-22;22;104
25;2025-12-22;23;26
25;2025-12-23;0;4
25;2025-12-23;1;0
25;2025-12-23;2;0
25;2025-12-23;3;0
25;2025-12-23;4;0
25;2025-12-23;5;14
25;2025-12-23;6;238
25;2025-12-23;7;531
25;2025-12-23;8;905
25;2025-12-23;9;483
25;2025-12-23;10;381
25;2025-12-23;11;418
25;2025-12-23;12;428
25;2025-12-23;13;484
25;2025-12-23;14;467
25;2025-12-23;15;581
25;2025-12-23;16;663
25;2025-12-23;17;757
25;2025-12-23;18;774
25;2025-12-23;19;587
25;2025-12-23;20;338
25;2025-12-23;21;221
25;2025-12-23;22;101
25;2025-12-23;23;19
25;2025-12-24;0;0
25;2025-12-24;1;0
25;2025-12-24;2;0
25;2025-12-24;3;0
25;2025-12-24;4;0
25;2025-12-24;5;17
25;2025-12-24;6;246
25;2025-12-24;7;539
25;2025-12-24;8;922
25;2025-12-24;9;502
25;2025-12-24;10;415
25;2025-12-24;11;456
25;2025-12-24;12;461
25;2025-12-24;13;559
25;2025-12-24;14;465
25;2025-12-24;15;609
25;2025-12-24;16;697
25;2025-12-24;17;857
25;2025-12-24;18;879
25;2025-12-24;19;640
25;2025-12-24;20;368
25;2025-12-24;21;272
25;2025-12-24;22;122
25;2025-12-24;23;25
25;2025-12-25;0;2
25;2025-12-25;1;0
25;2025-12-25;2;0
25;2025-12-25;3;0
25;2025-12-25;4;0
25;2025-12-25;5;19
25;2025-12-25;6;242
25;2025-12-25;7;525
25;2025-12-25;8;866
25;2025-12-25;9;485
25;2025-12-25;10;409
25;2025-12-25;11;441
25;2025-12-25;12;446
25;2025-12-25;13;516
25;2025-12-25;14;489
25;2025-12-25;15;608
25;2025-12-25;16;687
25;2025-12-25;17;759
25;2025-12-25;18;803
25;2025-12-25;19;598
25;2025-12-25;20;324
25;2025-12-25;21;221
25;2025-12-25;22;103
25;2025-12-25;23;21
25;2025-12-26;0;0
25;2025-12-26;1;0
25;2025-12-26;2;0
25;2025-12-26;3;0
25;2025-12-26;4;0
25;2025-12-26;5;13
25;2025-12-26;6;254
25;2025-12-26;7;557
25;2025-12-26;8;893
25;2025-12-26;9;493
25;2025-12-26;10;410
25;2025-12-26;11;448
25;2025-12-26;12;452
25;2025-12-26;13;546
25;2025-12-26;14;489
25;2025-12-26;15;640
25;2025-12-26;16;770
25;2025-12-26;17;795
25;2025-12-26;18;756
25;2025-12-26;19;595
25;2025-12-26;20;369
25;2025-12-26;21;242
25;2025-12-26;22;121
25;2025-12-26;23;30
25;2025-12-27;0;9
25;2025-12-27;1;0
25;2025-12-27;2;0
25;2025-12-27;3;0
25;2025-12-27;4;0
25;2025-12-27;5;14
25;2025-12-27;6;124
25;2025-12-27;7;173
25;2025-12-27;8;309
25;2025-12-27;9;298
25;2025-12-27;10;296
25;2025-12-27;11;388
25;2025-12-27;12;431
25;2025-12-27;13;599
25;2025-12-27;14;590
25;2025-12-27;15;661
25;2025-12-27;16;663
25;2025-12-27;17;582
25;2025-12-27;18;525
25;2025-12-27;19;447
25;2025-12-27;20;280
25;2025-12-27;21;217
25;2025-12-27;22;126
25;2025-12-27;23;48
25;2025-12-28;0;17
25;2025-12-28;1;0
25;2025-12-28;2;0
25;2025-12-28;3;0
25;2025-12-28;4;0
25;2025-12-28;5;6
25;2025-12-28;6;95
25;2025-12-28;7;122
25;2025-12-28;8;191
25;2025-12-28;9;226
25;2025-12-28;10;239
25;2025-12-28;11;327
25;2025-12-28;12;393
25;2025-12-28;13;494
25;2025-12-28;14;538
25;2025-12-28;15;581
25;2025-12-28;16;557
25;2025-12-28;17;548
25;2025-12-28;18;460
25;2025-12-28;19;328
25;2025-12-28;20;239
25;2025-12-28;21;174
25;2025-12-28;22;109
25;2025-12-28;23;39
25;2025-12-29;0;7
25;2025-12-29;1;0
25;2025-12-29;2;0
25;2025-12-29;3;0
25;2025-12-29;4;0
25;2025-12-29;5;16
25;2025-12-29;6;241
25;2025-12-29;7;534
25;2025-12-29;8;923
25;2025-12-29;9;518
25;2025-12-29;10;369
25;2025-12-29;11;424
25;2025-12-29;12;436
25;2025-12-29;13;526
25;2025-12-29;14;470
25;2025-12-29;15;552
25;2025-12-29;16;687
25;2025-12-29;17;787
25;2025-12-29;18;803
25;2025-12-29;19;602
25;2025-12-29;20;354
25;2025-12-29;21;225
25;2025-12-29;22;104
25;2025-12-29;23;26
25;2025-12-30;0;4
25;2025-12-30;1;0
25;2025-12-30;2;0
25;2025-12-30;3;0
25;2025-12-30;4;0
25;2025-12-30;5;14
25;2025-12-30;6;239
25;2025-12-30;7;532
25;2025-12-30;8;908
25;2025-12-30;9;489
25;2025-12-30;10;386
25;2025-12-30;11;423
25;2025-12-30;12;433
25;2025-12-30;13;491
25;2025-12-30;14;477
25;2025-12-30;15;591
25;2025-12-30;16;673
25;2025-12-30;17;741
25;2025-12-30;18;754
25;2025-12-30;19;569
25;2025-12-30;20;334
25;2025-12-30;21;219
25;2025-12-30;22;100
25;2025-12-30;23;19
25;2025-12-31;0;16
25;2025-12-31;1;0
25;2025-12-31;2;0
25;2025-12-31;3;0
25;2025-12-31;4;0
25;2025-12-31;5;6
25;2025-12-31;6;96
25;2025-12-31;7;117
25;2025-12-31;8;179
25;2025-12-31;9;224
25;2025-12-31;10;236
25;2025-12-31;11;319
25;2025-12-31;12;388
25;2025-12-31;13;480
25;2025-12-31;14;545
25;2025-12-31;15;569
25;2025-12-31;16;550
25;2025-12-31;17;535
25;2025-12-31;18;462
25;2025-12-31;19;321
25;2025-12-31;20;249
25;2025-12-31;21;181
25;2025-12-31;22;113
25;2025-12-31;23;41
26;2025-11-01;0;37
26;2025-11-01;1;0
26;2025-11-01;2;0
26;2025-11-01;3;0
26;2025-11-01;4;0
26;2025-11-01;5;71
26;2025-11-01;6;370
26;2025-11-01;7;770
26;2025-11-01;8;1532
26;2025-11-01;9;1084
26;2025-11-01;10;1001
26;2025-11-01;11;992
26;2025-11-01;12;1030
26;2025-11-01;13;1073
26;2025-11-01;14;1113
26;2025-11-01;15;1134
26;2025-11-01;16;1243
26;2025-11-01;17;1309
26;2025-11-01;18;1193
26;2025-11-01;19;910
26;2025-11-01;20;604
26;2025-11-01;21;396
26;2025-11-01;22;184
26;2025-11-01;23;135
26;2025-11-02;0;49
26;2025-11-02;1;0
26;2025-11-02;2;0
26;2025-11-02;3;0
26;2025-11-02;4;0
26;2025-11-02;5;24
26;2025-11-02;6;149
26;2025-11-02;7;250
26;2025-11-02;8;369
26;2025-11-02;9;499
26;2025-11-02;10;567
26;2025-11-02;11;763
26;2025-11-02;12;815
26;2025-11-02;13;853
26;2025-11-02;14;870
26;2025-11-02;15;796
26;2025-11-02;16;790
26;2025-11-02;17;797
26;2025-11-02;18;691
26;2025-11-02;19;530
26;2025-11-02;20;396
26;2025-11-02;21;294
26;2025-11-02;22;171
26;2025-11-02;23;114
26;2025-11-03;0;50
26;2025-11-03;1;0
26;2025-11-03;2;0
26;2025-11-03;3;0
26;2025-11-03;4;0
26;2025-11-03;5;25
26;2025-11-03;6;154
26;2025-11-03;7;245
26;2025-11-03;8;359
26;2025-11-03;9;508
26;2025-11-03;10;591
26;2025-11-03;11;792
26;2025-11-03;12;843
26;2025-11-03;13;883
26;2025-11-03;14;909
26;2025-11-03;15;824
26;2025-11-03;16;824
26;2025-11-03;17;820
26;2025-11-03;18;709
26;2025-11-03;19;550
26;2025-11-03;20;408
26;2025-11-03;21;304
26;2025-11-03;22;172
26;2025-11-03;23;116
26;2025-11-04;0;44
26;2025-11-04;1;0
26;2025-11-04;2;0
26;2025-11-04;3;0
26;2025-11-04;4;0
26;2025-11-04;5;21
26;2025-11-04;6;146
26;2025-11-04;7;234
26;2025-11-04;8;342
26;2025-11-04;9;471
26;2025-11-04;10;560
26;2025-11-04;11;742
26;2025-11-04;12;806
26;2025-11-04;13;854
26;2025-11-04;14;882
26;2025-11-04;15;777
26;2025-11-04;16;777
26;2025-11-04;17;790
26;2025-11-04;18;673
26;2025-11-04;19;519
26;2025-11-04;20;392
26;2025-11-04;21;290
26;2025-11-04;22;163
26;2025-11-04;23;108
26;2025-11-05;0;31
26;2025-11-05;1;0
26;2025-11-05;2;0
26;2025-11-05;3;0
26;2025-11-05;4;0
26;2025-11-05;5;104
26;2025-11-05;6;486
26;2025-11-05;7;1080
26;2025-11-05;8;2217
26;2025-11-05;9;1441
26;2025-11-05;10;1223
26;2025-11-05;11;1118
26;2025-11-05;12;1184
26;2025-11-05;13;1217
26;2025-11-05;14;1306
26;2025-11-05;15;1366
26;2025-11-05;16;1489
26;2025-11-05;17;1717
26;2025-11-05;18;1827
26;2025-11-05;19;1241
26;2025-11-05;20;771
26;2025-11-05;21;524
26;2025-11-05;22;215
26;2025-11-05;23;129
26;2025-11-06;0;41
26;2025-11-06;1;0
26;2025-11-06;2;0
26;2025-11-06;3;0
26;2025-11-06;4;0
26;2025-11-06;5;97
26;2025-11-06;6;491
26;2025-11-06;7;1080
26;2025-11-06;8;2180
26;2025-11-06;9;1440
26;2025-11-06;10;1221
26;2025-11-06;11;1143
26;2025-11-06;12;1187
26;2025-11-06;13;1226
26;2025-11-06;14;1322
26;2025-11-06;15;1365
26;2025-11-06;16;1503
26;2025-11-06;17;1710
26;2025-11-06;18;1846
26;2025-11-06;19;1220
26;2025-11-06;20;753
26;2025-11-06;21;491
26;2025-11-06;22;207
26;2025-11-06;23;132
26;2025-11-07;0;35
26;2025-11-07;1;0
26;2025-11-07;2;0
26;2025-11-07;3;0
26;2025-11-07;4;0
26;2025-11-07;5;89
26;2025-11-07;6;488
26;2025-11-07;7;1052
26;2025-11-07;8;2111
26;2025-11-07;9;1385
26;2025-11-07;10;1199
26;2025-11-07;11;1115
26;2025-11-07;12;1132
26;2025-11-07;13;1196
26;2025-11-07;14;1299
26;2025-11-07;15;1367
26;2025-11-07;16;1557
26;2025-11-07;17;1719
26;2025-11-07;18;1451
26;2025-11-07;19;1079
26;2025-11-07;20;679
26;2025-11-07;21;456
26;2025-11-07;22;199
26;2025-11-07;23;151
26;2025-11-08;0;53
26;2025-11-08;1;0
26;2025-11-08;2;0
26;2025-11-08;3;0
26;2025-11-08;4;0
26;2025-11-08;5;48
26;2025-11-08;6;229
26;2025-11-08;7;370
26;2025-11-08;8;612
26;2025-11-08;9;681
26;2025-11-08;10;821
26;2025-11-08;11;975
26;2025-11-08;12;1043
26;2025-11-08;13;1068
26;2025-11-08;14;1082
26;2025-11-08;15;988
26;2025-11-08;16;1046
26;2025-11-08;17;981
26;2025-11-08;18;872
26;2025-11-08;19;735
26;2025-11-08;20;519
26;2025-11-08;21;362
26;2025-11-08;22;207
26;2025-11-08;23;153
26;2025-11-09;0;50
26;2025-11-09;1;0
26;2025-11-09;2;0
26;2025-11-09;3;0
26;2025-11-09;4;0
26;2025-11-09;5;23
26;2025-11-09;6;148
26;2025-11-09;7;255
26;2025-11-09;8;376
26;2025-11-09;9;504
26;2025-11-09;10;576
26;2025-11-09;11;772
26;2025-11-09;12;823
26;2025-11-09;13;861
26;2025-11-09;14;871
26;2025-11-09;15;796
26;2025-11-09;16;790
26;2025-11-09;17;796
26;2025-11-09;18;682
26;2025-11-09;19;518
26;2025-11-09;20;383
26;2025-11-09;21;282
26;2025-11-09;22;164
26;2025-11-09;23;111
26;2025-11-10;0;31
26;2025-11-10;1;0
26;2025-11-10;2;0
26;2025-11-10;3;0
26;2025-11-10;4;0
26;2025-11-10;5;94
26;2025-11-10;6;492
26;2025-11-10;7;1092
26;2025-11-10;8;2150
26;2025-11-10;9;1429
26;2025-11-10;10;1201
26;2025-11-10;11;1095
26;2025-11-10;12;1123
26;2025-11-10;13;1190
26;2025-11-10;14;1260
26;2025-11-10;15;1315
26;2025-11-10;16;1445
26;2025-11-10;17;1700
26;2025-11-10;18;1834
26;2025-11-10;19;1201
26;2025-11-10;20;745
26;2025-11-10;21;465
26;2025-11-10;22;194
26;2025-11-10;23;106
26;2025-11-11;0;32
26;2025-11-11;1;0
26;2025-11-11;2;0
26;2025-11-11;3;0
26;2025-11-11;4;0
26;2025-11-11;5;93
26;2025-11-11;6;504
26;2025-11-11;7;1121
26;2025-11-11;8;2271
26;2025-11-11;9;1446
26;2025-11-11;10;1268
26;2025-11-11;11;1174
26;2025-11-11;12;1175
26;2025-11-11;13;1214
26;2025-11-11;14;1292
26;2025-11-11;15;1362
26;2025-11-11;16;1499
26;2025-11-11;17;1777
26;2025-11-11;18;1891
26;2025-11-11;19;1266
26;2025-11-11;20;749
26;2025-11-11;21;488
26;2025-11-11;22;212
26;2025-11-11;23;116
26;2025-11-12;0;31
26;2025-11-12;1;0
26;2025-11-12;2;0
26;2025-11-12;3;0
26;2025-11-12;4;0
26;2025-11-12;5;104
26;2025-11-12;6;488
26;2025-11-12;7;1082
26;2025-11-12;8;2219
26;2025-11-12;9;1443
26;2025-11-12;10;1222
26;2025-11-12;11;1116
26;2025-11-12;12;1182
26;2025-11-12;13;1215
26;2025-11-12;14;1305
26;2025-11-12;15;1365
26;2025-11-12;16;1489
26;2025-11-12;17;1717
26;2025-11-12;18;1827
26;2025-11-12;19;1241
26;2025-11-12;20;771
26;2025-11-12;21;524
26;2025-11-12;22;215
26;2025-11-12;23;129
26;2025-11-13;0;41
26;2025-11-13;1;0
26;2025-11-13;2;0
26;2025-11-13;3;0
26;2025-11-13;4;0
26;2025-11-13;5;97
26;2025-11-13;6;493
26;2025-11-13;7;1082
26;2025-11-13;8;2182
26;2025-11-13;9;1442
26;2025-11-13;10;1221
26;2025-11-13;11;1143
26;2025-11-13;12;1187
26;2025-11-13;13;1226
26;2025-11-13;14;1322
26;2025-11-13;15;1364
26;2025-11-13;16;1503
26;2025-11-13;17;1709
26;2025-11-13;18;1846
26;2025-11-13;19;1218
26;2025-11-13;20;751
26;2025-11-13;21;489
26;2025-11-13;22;207
26;2025-11-13;23;132
26;2025-11-14;0;35
26;2025-11-14;1;0
26;2025-11-14;2;0
26;2025-11-14;3;0
26;2025-11-14;4;0
26;2025-11-14;5;89
26;2025-11-14;6;490
26;2025-11-14;7;1054
26;2025-11-14;8;2112
26;2025-11-14;9;1386
26;2025-11-14;10;1198
26;2025-11-14;11;1114
26;2025-11-14;12;1133
26;2025-11-14;13;1196
26;2025-11-14;14;1300
26;2025-11-14;15;1367
26;2025-11-14;16;1556
26;2025-11-14;17;1719
26;2025-11-14;18;1450
26;2025-11-14;19;1078
26;2025-11-14;20;678
26;2025-11-14;21;455
26;2025-11-14;22;199
26;2025-11-14;23;151
26;2025-11-15;0;53
26;2025-11-15;1;0
26;2025-11-15;2;0
26;2025-11-15;3;0
26;2025-11-15;4;0
26;2025-11-15;5;48
26;2025-11-15;6;229
26;2025-11-15;7;370
26;2025-11-15;8;612
26;2025-11-15;9;681
26;2025-11-15;10;821
26;2025-11-15;11;975
26;2025-11-15;12;1043
26;2025-11-15;13;1068
26;2025-11-15;14;1083
26;2025-11-15;15;988
26;2025-11-15;16;1046
26;2025-11-15;17;982
26;2025-11-15;18;872
26;2025-11-15;19;735
26;2025-11-15;20;519
26;2025-11-15;21;362
26;2025-11-15;22;207
26;2025-11-15;23;153
26;2025-11-16;0;50
26;2025-11-16;1;0
26;2025-11-16;2;0
26;2025-11-16;3;0
26;2025-11-16;4;0
26;2025-11-16;5;23
26;2025-11-16;6;148
26;2025-11-16;7;255
26;2025-11-16;8;376
26;2025-11-16;9;504
26;2025-11-16;10;576
26;2025-11-16;11;772
26;2025-11-16;12;823
26;2025-11-16;13;861
26;2025-11-16;14;871
26;2025-11-16;15;797
26;2025-11-16;16;790
26;2025-11-16;17;796
26;2025-11-16;18;682
26;2025-11-16;19;518
26;2025-11-16;20;383
26;2025-11-16;21;282
26;2025-11-16;22;164
26;2025-11-16;23;111
26;2025-11-17;0;31
26;2025-11-17;1;0
26;2025-11-17;2;0
26;2025-11-17;3;0
26;2025-11-17;4;0
26;2025-11-17;5;94
26;2025-11-17;6;492
26;2025-11-17;7;1092
26;2025-11-17;8;2150
26;2025-11-17;9;1429
26;2025-11-17;10;1201
26;2025-11-17;11;1095
26;2025-11-17;12;1123
26;2025-11-17;13;1190
26;2025-11-17;14;1260
26;2025-11-17;15;1315
26;2025-11-17;16;1445
26;2025-11-17;17;1700
26;2025-11-17;18;1834
26;2025-11-17;19;1201
26;2025-11-17;20;745
26;2025-11-17;21;465
26;2025-11-17;22;194
26;2025-11-17;23;106
26;2025-11-18;0;32
26;2025-11-18;1;0
26;2025-11-18;2;0
26;2025-11-18;3;0
26;2025-11-18;4;0
26;2025-11-18;5;93
26;2025-11-18;6;504
26;2025-11-18;7;1121
26;2025-11-18;8;2271
26;2025-11-18;9;1446
26;2025-11-18;10;1269
26;2025-11-18;11;1175
26;2025-11-18;12;1176
26;2025-11-18;13;1215
26;2025-11-18;14;1292
26;2025-11-18;15;1362
26;2025-11-18;16;1498
26;2025-11-18;17;1777
26;2025-11-18;18;1891
26;2025-11-18;19;1266
26;2025-11-18;20;749
26;2025-11-18;21;487
26;2025-11-18;22;212
26;2025-11-18;23;115
26;2025-11-19;0;31
26;2025-11-19;1;0
26;2025-11-19;2;0
26;2025-11-19;3;0
26;2025-11-19;4;0
26;2025-11-19;5;104
26;2025-11-19;6;487
26;2025-11-19;7;1082
26;2025-11-19;8;2219
26;2025-11-19;9;1442
26;2025-11-19;10;1222
26;2025-11-19;11;1117
26;2025-11-19;12;1183
26;2025-11-19;13;1216
26;2025-11-19;14;1305
26;2025-11-19;15;1366
26;2025-11-19;16;1489
26;2025-11-19;17;1717
26;2025-11-19;18;1826
26;2025-11-19;19;1241
26;2025-11-19;20;771
26;2025-11-19;21;524
26;2025-11-19;22;215
26;2025-11-19;23;128
26;2025-11-20;0;41
26;2025-11-20;1;0
26;2025-11-20;2;0
26;2025-11-20;3;0
26;2025-11-20;4;0
26;2025-11-20;5;97
26;2025-11-20;6;493
26;2025-11-20;7;1082
26;2025-11-20;8;2182
26;2025-11-20;9;1442
26;2025-11-20;10;1222
26;2025-11-20;11;1144
26;2025-11-20;12;1187
26;2025-11-20;13;1226
26;2025-11-20;14;1322
26;2025-11-20;15;1365
26;2025-11-20;16;1503
26;2025-11-20;17;1709
26;2025-11-20;18;1845
26;2025-11-20;19;1218
26;2025-11-20;20;750
26;2025-11-20;21;488
26;2025-11-20;22;207
26;2025-11-20;23;131
26;2025-11-21;0;35
26;2025-11-21;1;0
26;2025-11-21;2;0
26;2025-11-21;3;0
26;2025-11-21;4;0
26;2025-11-21;5;89
26;2025-11-21;6;490
26;2025-11-21;7;1054
26;2025-11-21;8;2112
26;2025-11-21;9;1387
26;2025-11-21;10;1198
26;2025-11-21;11;1114
26;2025-11-21;12;1133
26;2025-11-21;13;1197
26;2025-11-21;14;1300
26;2025-11-21;15;1367
26;2025-11-21;16;1556
26;2025-11-21;17;1719
26;2025-11-21;18;1450
26;2025-11-21;19;1077
26;2025-11-21;20;678
26;2025-11-21;21;455
26;2025-11-21;22;199
26;2025-11-21;23;150
26;2025-11-22;0;53
26;2025-11-22;1;0
26;2025-11-22;2;0
26;2025-11-22;3;0
26;2025-11-22;4;0
26;2025-11-22;5;48
26;2025-11-22;6;229
26;2025-11-22;7;370
26;2025-11-22;8;612
26;2025-11-22;9;682
26;2025-11-22;10;821
26;2025-11-22;11;975
26;2025-11-22;12;1043
26;2025-11-22;13;1068
26;2025-11-22;14;1083
26;2025-11-22;15;989
26;2025-11-22;16;1046
26;2025-11-22;17;981
26;2025-11-22;18;872
26;2025-11-22;19;735
26;2025-11-22;20;519
26;2025-11-22;21;361
26;2025-11-22;22;207
26;2025-11-22;23;153
26;2025-11-23;0;50
26;2025-11-23;1;0
26;2025-11-23;2;0
26;2025-11-23;3;0
26;2025-11-23;4;0
26;2025-11-23;5;23
26;2025-11-23;6;148
26;2025-11-23;7;255
26;2025-11-23;8;376
26;2025-11-23;9;504
26;2025-11-23;10;576
26;2025-11-23;11;772
26;2025-11-23;12;823
26;2025-11-23;13;861
26;2025-11-23;14;871
26;2025-11-23;15;797
26;2025-11-23;16;790
26;2025-11-23;17;796
26;2025-11-23;18;682
26;2025-11-23;19;518
26;2025-11-23;20;383
26;2025-11-23;21;282
26;2025-11-23;22;164
26;2025-11-23;23;111
26;2025-11-24;0;31
26;2025-11-24;1;0
26;2025-11-24;2;0
26;2025-11-24;3;0
26;2025-11-24;4;0
26;2025-11-24;5;94
26;2025-11-24;6;492
26;2025-11-24;7;1092
26;2025-11-24;8;2150
26;2025-11-24;9;1429
26;2025-11-24;10;1201
26;2025-11-24;11;1095
26;2025-11-24;12;1123
26;2025-11-24;13;1190
26;2025-11-24;14;1260
26;2025-11-24;15;1315
26;2025-11-24;16;1445
26;2025-11-24;17;1700
26;2025-11-24;18;1834
26;2025-11-24;19;1201
26;2025-11-24;20;745
26;2025-11-24;21;465
26;2025-11-24;22;194
26;2025-11-24;23;106
26;2025-11-25;0;32
26;2025-11-25;1;0
26;2025-11-25;2;0
26;2025-11-25;3;0
26;2025-11-25;4;0
26;2025-11-25;5;93
26;2025-11-25;6;504
26;2025-11-25;7;1121
26;2025-11-25;8;2271
26;2025-11-25;9;1446
26;2025-11-25;10;1269
26;2025-11-25;11;1175
26;2025-11-25;12;1176
26;2025-11-25;13;1215
26;2025-11-25;14;1292
26;2025-11-25;15;1362
26;2025-11-25;16;1498
26;2025-11-25;17;1777
26;2025-11-25;18;1891
26;2025-11-25;19;1266
26;2025-11-25;20;749
26;2025-11-25;21;487
26;2025-11-25;22;212
26;2025-11-25;23;115
26;2025-11-26;0;31
26;2025-11-26;1;0
26;2025-11-26;2;0
26;2025-11-26;3;0
26;2025-11-26;4;0
26;2025-11-26;5;104
26;2025-11-26;6;487
26;2025-11-26;7;1082
26;2025-11-26;8;2219
26;2025-11-26;9;1442
26;2025-11-26;10;1222
26;2025-11-26;11;1117
26;2025-11-26;12;1183
26;2025-11-26;13;1216
26;2025-11-26;14;1305
26;2025-11-26;15;1366
26;2025-11-26;16;1489
26;2025-11-26;17;1717
26;2025-11-26;18;1826
26;2025-11-26;19;1241
26;2025-11-26;20;771
26;2025-11-26;21;524
26;2025-11-26;22;215
26;2025-11-26;23;128
26;2025-11-27;0;41
26;2025-11-27;1;0
26;2025-11-27;2;0
26;2025-11-27;3;0
26;2025-11-27;4;0
26;2025-11-27;5;97
26;2025-11-27;6;493
26;2025-11-27;7;1082
26;2025-11-27;8;2182
26;2025-11-27;9;1442
26;2025-11-27;10;1222
26;2025-11-27;11;1144
26;2025-11-27;12;1187
26;2025-11-27;13;1226
26;2025-11-27;14;1322
26;2025-11-27;15;1365
26;2025-11-27;16;1503
26;2025-11-27;17;1709
26;2025-11-27;18;1845
26;2025-11-27;19;1218
26;2025-11-27;20;750
26;2025-11-27;21;488
26;2025-11-27;22;207
26;2025-11-27;23;131
26;2025-11-28;0;34
26;2025-11-28;1;0
26;2025-11-28;2;0
26;2025-11-28;3;0
26;2025-11-28;4;0
26;2025-11-28;5;89
26;2025-11-28;6;490
26;2025-11-28;7;1054
26;2025-11-28;8;2112
26;2025-11-28;9;1387
26;2025-11-28;10;1198
26;2025-11-28;11;1114
26;2025-11-28;12;1133
26;2025-11-28;13;1197
26;2025-11-28;14;1300
26;2025-11-28;15;1367
26;2025-11-28;16;1556
26;2025-11-28;17;1719
26;2025-11-28;18;1450
26;2025-11-28;19;1077
26;2025-11-28;20;678
26;2025-11-28;21;455
26;2025-11-28;22;199
26;2025-11-28;23;151
26;2025-11-29;0;53
26;2025-11-29;1;0
26;2025-11-29;2;0
26;2025-11-29;3;0
26;2025-11-29;4;0
26;2025-11-29;5;48
26;2025-11-29;6;229
26;2025-11-29;7;370
26;2025-11-29;8;612
26;2025-11-29;9;682
26;2025-11-29;10;821
26;2025-11-29;11;975
26;2025-11-29;12;1043
26;2025-11-29;13;1068
26;2025-11-29;14;1083
26;2025-11-29;15;989
26;2025-11-29;16;1046
26;2025-11-29;17;982
26;2025-11-29;18;872
26;2025-11-29;19;735
26;2025-11-29;20;519
26;2025-11-29;21;361
26;2025-11-29;22;207
26;2025-11-29;23;153
26;2025-11-30;0;50
26;2025-11-30;1;0
26;2025-11-30;2;0
26;2025-11-30;3;0
26;2025-11-30;4;0
26;2025-11-30;5;23
26;2025-11-30;6;148
26;2025-11-30;7;255
26;2025-11-30;8;376
26;2025-11-30;9;504
26;2025-11-30;10;576
26;2025-11-30;11;772
26;2025-11-30;12;823
26;2025-11-30;13;861
26;2025-11-30;14;871
26;2025-11-30;15;797
26;2025-11-30;16;790
26;2025-11-30;17;796
26;2025-11-30;18;682
26;2025-11-30;19;518
26;2025-11-30;20;383
26;2025-11-30;21;282
26;2025-11-30;22;164
26;2025-11-30;23;111
26;2025-12-01;0;31
26;2025-12-01;1;0
26;2025-12-01;2;0
26;2025-12-01;3;0
26;2025-12-01;4;0
26;2025-12-01;5;94
26;2025-12-01;6;492
26;2025-12-01;7;1092
26;2025-12-01;8;2150
26;2025-12-01;9;1429
26;2025-12-01;10;1201
26;2025-12-01;11;1095
26;2025-12-01;12;1123
26;2025-12-01;13;1190
26;2025-12-01;14;1260
26;2025-12-01;15;1315
26;2025-12-01;16;1445
26;2025-12-01;17;1700
26;2025-12-01;18;1834
26;2025-12-01;19;1201
26;2025-12-01;20;745
26;2025-12-01;21;465
26;2025-12-01;22;194
26;2025-12-01;23;106
26;2025-12-02;0;32
26;2025-12-02;1;0
26;2025-12-02;2;0
26;2025-12-02;3;0
26;2025-12-02;4;0
26;2025-12-02;5;93
26;2025-12-02;6;504
26;2025-12-02;7;1121
26;2025-12-02;8;2271
26;2025-12-02;9;1446
26;2025-12-02;10;1269
26;2025-12-02;11;1175
26;2025-12-02;12;1176
26;2025-12-02;13;1215
26;2025-12-02;14;1292
26;2025-12-02;15;1362
26;2025-12-02;16;1498
26;2025-12-02;17;1777
26;2025-12-02;18;1891
26;2025-12-02;19;1266
26;2025-12-02;20;749
26;2025-12-02;21;487
26;2025-12-02;22;212
26;2025-12-02;23;115
26;2025-12-03;0;31
26;2025-12-03;1;0
26;2025-12-03;2;0
26;2025-12-03;3;0
26;2025-12-03;4;0
26;2025-12-03;5;104
26;2025-12-03;6;487
26;2025-12-03;7;1081
26;2025-12-03;8;2218
26;2025-12-03;9;1442
26;2025-12-03;10;1222
26;2025-12-03;11;1116
26;2025-12-03;12;1182
26;2025-12-03;13;1215
26;2025-12-03;14;1304
26;2025-12-03;15;1365
26;2025-12-03;16;1488
26;2025-12-03;17;1716
26;2025-12-03;18;1827
26;2025-12-03;19;1242
26;2025-12-03;20;772
26;2025-12-03;21;525
26;2025-12-03;22;216
26;2025-12-03;23;129
26;2025-12-04;0;41
26;2025-12-04;1;0
26;2025-12-04;2;0
26;2025-12-04;3;0
26;2025-12-04;4;0
26;2025-12-04;5;95
26;2025-12-04;6;488
26;2025-12-04;7;1073
26;2025-12-04;8;2164
26;2025-12-04;9;1429
26;2025-12-04;10;1211
26;2025-12-04;11;1133
26;2025-12-04;12;1177
26;2025-12-04;13;1217
26;2025-12-04;14;1312
26;2025-12-04;15;1370
26;2025-12-04;16;1509
26;2025-12-04;17;1713
26;2025-12-04;18;1851
26;2025-12-04;19;1228
26;2025-12-04;20;765
26;2025-12-04;21;506
26;2025-12-04;22;223
26;2025-12-04;23;149
26;2025-12-05;0;34
26;2025-12-05;1;0
26;2025-12-05;2;0
26;2025-12-05;3;0
26;2025-12-05;4;0
26;2025-12-05;5;88
26;2025-12-05;6;485
26;2025-12-05;7;1043
26;2025-12-05;8;2092
26;2025-12-05;9;1373
26;2025-12-05;10;1187
26;2025-12-05;11;1104
26;2025-12-05;12;1122
26;2025-12-05;13;1187
26;2025-12-05;14;1289
26;2025-12-05;15;1370
26;2025-12-05;16;1558
26;2025-12-05;17;1720
26;2025-12-05;18;1460
26;2025-12-05;19;1091
26;2025-12-05;20;695
26;2025-12-05;21;474
26;2025-12-05;22;217
26;2025-12-05;23;170
26;2025-12-06;0;53
26;2025-12-06;1;0
26;2025-12-06;2;0
26;2025-12-06;3;0
26;2025-12-06;4;0
26;2025-12-06;5;43
26;2025-12-06;6;223
26;2025-12-06;7;361
26;2025-12-06;8;603
26;2025-12-06;9;671
26;2025-12-06;10;810
26;2025-12-06;11;964
26;2025-12-06;12;1032
26;2025-12-06;13;1057
26;2025-12-06;14;1072
26;2025-12-06;15;995
26;2025-12-06;16;1053
26;2025-12-06;17;989
26;2025-12-06;18;883
26;2025-12-06;19;747
26;2025-12-06;20;532
26;2025-12-06;21;375
26;2025-12-06;22;219
26;2025-12-06;23;165
26;2025-12-07;0;50
26;2025-12-07;1;0
26;2025-12-07;2;0
26;2025-12-07;3;0
26;2025-12-07;4;0
26;2025-12-07;5;19
26;2025-12-07;6;144
26;2025-12-07;7;249
26;2025-12-07;8;368
26;2025-12-07;9;496
26;2025-12-07;10;567
26;2025-12-07;11;762
26;2025-12-07;12;813
26;2025-12-07;13;851
26;2025-12-07;14;862
26;2025-12-07;15;801
26;2025-12-07;16;795
26;2025-12-07;17;801
26;2025-12-07;18;692
26;2025-12-07;19;528
26;2025-12-07;20;394
26;2025-12-07;21;293
26;2025-12-07;22;174
26;2025-12-07;23;122
26;2025-12-08;0;31
26;2025-12-08;1;0
26;2025-12-08;2;0
26;2025-12-08;3;0
26;2025-12-08;4;0
26;2025-12-08;5;86
26;2025-12-08;6;482
26;2025-12-08;7;1075
26;2025-12-08;8;2129
26;2025-12-08;9;1411
26;2025-12-08;10;1184
26;2025-12-08;11;1079
26;2025-12-08;12;1107
26;2025-12-08;13;1175
26;2025-12-08;14;1246
26;2025-12-08;15;1328
26;2025-12-08;16;1457
26;2025-12-08;17;1711
26;2025-12-08;18;1849
26;2025-12-08;19;1219
26;2025-12-08;20;765
26;2025-12-08;21;486
26;2025-12-08;22;214
26;2025-12-08;23;127
26;2025-12-09;0;32
26;2025-12-09;1;0
26;2025-12-09;2;0
26;2025-12-09;3;0
26;2025-12-09;4;0
26;2025-12-09;5;84
26;2025-12-09;6;494
26;2025-12-09;7;1106
26;2025-12-09;8;2253
26;2025-12-09;9;1429
26;2025-12-09;10;1253
26;2025-12-09;11;1160
26;2025-12-09;12;1159
26;2025-12-09;13;1200
26;2025-12-09;14;1278
26;2025-12-09;15;1375
26;2025-12-09;16;1512
26;2025-12-09;17;1790
26;2025-12-09;18;1906
26;2025-12-09;19;1283
26;2025-12-09;20;768
26;2025-12-09;21;507
26;2025-12-09;22;230
26;2025-12-09;23;133
26;2025-12-10;0;31
26;2025-12-10;1;0
26;2025-12-10;2;0
26;2025-12-10;3;0
26;2025-12-10;4;0
26;2025-12-10;5;95
26;2025-12-10;6;477
26;2025-12-10;7;1066
26;2025-12-10;8;2198
26;2025-12-10;9;1424
26;2025-12-10;10;1205
26;2025-12-10;11;1100
26;2025-12-10;12;1165
26;2025-12-10;13;1200
26;2025-12-10;14;1289
26;2025-12-10;15;1378
26;2025-12-10;16;1502
26;2025-12-10;17;1729
26;2025-12-10;18;1843
26;2025-12-10;19;1260
26;2025-12-10;20;792
26;2025-12-10;21;546
26;2025-12-10;22;236
26;2025-12-10;23;149
26;2025-12-11;0;41
26;2025-12-11;1;0
26;2025-12-11;2;0
26;2025-12-11;3;0
26;2025-12-11;4;0
26;2025-12-11;5;88
26;2025-12-11;6;482
26;2025-12-11;7;1068
26;2025-12-11;8;2164
26;2025-12-11;9;1425
26;2025-12-11;10;1206
26;2025-12-11;11;1128
26;2025-12-11;12;1171
26;2025-12-11;13;1212
26;2025-12-11;14;1308
26;2025-12-11;15;1377
26;2025-12-11;16;1516
26;2025-12-11;17;1722
26;2025-12-11;18;1861
26;2025-12-11;19;1235
26;2025-12-11;20;769
26;2025-12-11;21;508
26;2025-12-11;22;224
26;2025-12-11;23;150
26;2025-12-12;0;34
26;2025-12-12;1;0
26;2025-12-12;2;0
26;2025-12-12;3;0
26;2025-12-12;4;0
26;2025-12-12;5;81
26;2025-12-12;6;480
26;2025-12-12;7;1038
26;2025-12-12;8;2092
26;2025-12-12;9;1369
26;2025-12-12;10;1182
26;2025-12-12;11;1099
26;2025-12-12;12;1117
26;2025-12-12;13;1182
26;2025-12-12;14;1285
26;2025-12-12;15;1377
26;2025-12-12;16;1566
26;2025-12-12;17;1728
26;2025-12-12;18;1468
26;2025-12-12;19;1097
26;2025-12-12;20;699
26;2025-12-12;21;477
26;2025-12-12;22;219
26;2025-12-12;23;171
26;2025-12-13;0;53
26;2025-12-13;1;0
26;2025-12-13;2;0
26;2025-12-13;3;0
26;2025-12-13;4;0
26;2025-12-13;5;43
26;2025-12-13;6;223
26;2025-12-13;7;361
26;2025-12-13;8;603
26;2025-12-13;9;671
26;2025-12-13;10;810
26;2025-12-13;11;964
26;2025-12-13;12;1032
26;2025-12-13;13;1057
26;2025-12-13;14;1072
26;2025-12-13;15;995
26;2025-12-13;16;1053
26;2025-12-13;17;989
26;2025-12-13;18;883
26;2025-12-13;19;747
26;2025-12-13;20;532
26;2025-12-13;21;375
26;2025-12-13;22;219
26;2025-12-13;23;165
26;2025-12-14;0;50
26;2025-12-14;1;0
26;2025-12-14;2;0
26;2025-12-14;3;0
26;2025-12-14;4;0
26;2025-12-14;5;19
26;2025-12-14;6;144
26;2025-12-14;7;249
26;2025-12-14;8;368
26;2025-12-14;9;496
26;2025-12-14;10;567
26;2025-12-14;11;762
26;2025-12-14;12;813
26;2025-12-14;13;851
26;2025-12-14;14;862
26;2025-12-14;15;801
26;2025-12-14;16;795
26;2025-12-14;17;801
26;2025-12-14;18;692
26;2025-12-14;19;528
26;2025-12-14;20;394
26;2025-12-14;21;293
26;2025-12-14;22;174
26;2025-12-14;23;122
26;2025-12-15;0;31
26;2025-12-15;1;0
26;2025-12-15;2;0
26;2025-12-15;3;0
26;2025-12-15;4;0
26;2025-12-15;5;86
26;2025-12-15;6;482
26;2025-12-15;7;1075
26;2025-12-15;8;2129
26;2025-12-15;9;1411
26;2025-12-15;10;1184
26;2025-12-15;11;1079
26;2025-12-15;12;1107
26;2025-12-15;13;1175
26;2025-12-15;14;1246
26;2025-12-15;15;1328
26;2025-12-15;16;1457
26;2025-12-15;17;1711
26;2025-12-15;18;1849
26;2025-12-15;19;1219
26;2025-12-15;20;765
26;2025-12-15;21;486
26;2025-12-15;22;214
26;2025-12-15;23;127
26;2025-12-16;0;32
26;2025-12-16;1;0
26;2025-12-16;2;0
26;2025-12-16;3;0
26;2025-12-16;4;0
26;2025-12-16;5;84
26;2025-12-16;6;494
26;2025-12-16;7;1106
26;2025-12-16;8;2253
26;2025-12-16;9;1429
26;2025-12-16;10;1253
26;2025-12-16;11;1160
26;2025-12-16;12;1159
26;2025-12-16;13;1200
26;2025-12-16;14;1278
26;2025-12-16;15;1375
26;2025-12-16;16;1512
26;2025-12-16;17;1790
26;2025-12-16;18;1906
26;2025-12-16;19;1283
26;2025-12-16;20;768
26;2025-12-16;21;507
26;2025-12-16;22;230
26;2025-12-16;23;133
26;2025-12-17;0;31
26;2025-12-17;1;0
26;2025-12-17;2;0
26;2025-12-17;3;0
26;2025-12-17;4;0
26;2025-12-17;5;95
26;2025-12-17;6;477
26;2025-12-17;7;1066
26;2025-12-17;8;2198
26;2025-12-17;9;1424
26;2025-12-17;10;1205
26;2025-12-17;11;1100
26;2025-12-17;12;1165
26;2025-12-17;13;1200
26;2025-12-17;14;1289
26;2025-12-17;15;1378
26;2025-12-17;16;1502
26;2025-12-17;17;1729
26;2025-12-17;18;1843
26;2025-12-17;19;1260
26;2025-12-17;20;792
26;2025-12-17;21;546
26;2025-12-17;22;236
26;2025-12-17;23;149
26;2025-12-18;0;41
26;2025-12-18;1;0
26;2025-12-18;2;0
26;2025-12-18;3;0
26;2025-12-18;4;0
26;2025-12-18;5;88
26;2025-12-18;6;482
26;2025-12-18;7;1068
26;2025-12-18;8;2164
26;2025-12-18;9;1425
26;2025-12-18;10;1206
26;2025-12-18;11;1128
26;2025-12-18;12;1171
26;2025-12-18;13;1212
26;2025-12-18;14;1308
26;2025-12-18;15;1377
26;2025-12-18;16;1516
26;2025-12-18;17;1722
26;2025-12-18;18;1861
26;2025-12-18;19;1235
26;2025-12-18;20;769
26;2025-12-18;21;508
26;2025-12-18;22;224
26;2025-12-18;23;150
26;2025-12-19;0;34
26;2025-12-19;1;0
26;2025-12-19;2;0
26;2025-12-19;3;0
26;2025-12-19;4;0
26;2025-12-19;5;81
26;2025-12-19;6;480
26;2025-12-19;7;1038
26;2025-12-19;8;2092
26;2025-12-19;9;1369
26;2025-12-19;10;1182
26;2025-12-19;11;1099
26;2025-12-19;12;1117
26;2025-12-19;13;1182
26;2025-12-19;14;1285
26;2025-12-19;15;1377
26;2025-12-19;16;1566
26;2025-12-19;17;1728
26;2025-12-19;18;1468
26;2025-12-19;19;1097
26;2025-12-19;20;699
26;2025-12-19;21;477
26;2025-12-19;22;219
26;2025-12-19;23;171
26;2025-12-20;0;53
26;2025-12-20;1;0
26;2025-12-20;2;0
26;2025-12-20;3;0
26;2025-12-20;4;0
26;2025-12-20;5;43
26;2025-12-20;6;223
26;2025-12-20;7;361
26;2025-12-20;8;603
26;2025-12-20;9;671
26;2025-12-20;10;810
26;2025-12-20;11;964
26;2025-12-20;12;1032
26;2025-12-20;13;1057
26;2025-12-20;14;1072
26;2025-12-20;15;995
26;2025-12-20;16;1053
26;2025-12-20;17;989
26;2025-12-20;18;883
26;2025-12-20;19;747
26;2025-12-20;20;532
26;2025-12-20;21;375
26;2025-12-20;22;219
26;2025-12-20;23;165
26;2025-12-21;0;50
26;2025-12-21;1;0
26;2025-12-21;2;0
26;2025-12-21;3;0
26;2025-12-21;4;0
26;2025-12-21;5;19
26;2025-12-21;6;144
26;2025-12-21;7;249
26;2025-12-21;8;368
26;2025-12-21;9;496
26;2025-12-21;10;567
26;2025-12-21;11;762
26;2025-12-21;12;813
26;2025-12-21;13;851
26;2025-12-21;14;862
26;2025-12-21;15;801
26;2025-12-21;16;795
26;2025-12-21;17;801
26;2025-12-21;18;692
26;2025-12-21;19;528
26;2025-12-21;20;394
26;2025-12-21;21;293
26;2025-12-21;22;174
26;2025-12-21;23;122
26;2025-12-22;0;31
26;2025-12-22;1;0
26;2025-12-22;2;0
26;2025-12-22;3;0
26;2025-12-22;4;0
26;2025-12-22;5;86
26;2025-12-22;6;482
26;2025-12-22;7;1075
26;2025-12-22;8;2129
26;2025-12-22;9;1411
26;2025-12-22;10;1184
26;2025-12-22;11;1079
26;2025-12-22;12;1107
26;2025-12-22;13;1175
26;2025-12-22;14;1246
26;2025-12-22;15;1328
26;2025-12-22;16;1457
26;2025-12-22;17;1711
26;2025-12-22;18;1849
26;2025-12-22;19;1219
26;2025-12-22;20;765
26;2025-12-22;21;486
26;2025-12-22;22;214
26;2025-12-22;23;127
26;2025-12-23;0;32
26;2025-12-23;1;0
26;2025-12-23;2;0
26;2025-12-23;3;0
26;2025-12-23;4;0
26;2025-12-23;5;84
26;2025-12-23;6;494
26;2025-12-23;7;1106
26;2025-12-23;8;2253
26;2025-12-23;9;1429
26;2025-12-23;10;1253
26;2025-12-23;11;1160
26;2025-12-23;12;1159
26;2025-12-23;13;1200
26;2025-12-23;14;1278
26;2025-12-23;15;1375
26;2025-12-23;16;1512
26;2025-12-23;17;1790
26;2025-12-23;18;1906
26;2025-12-23;19;1283
26;2025-12-23;20;768
26;2025-12-23;21;507
26;2025-12-23;22;230
26;2025-12-23;23;133
26;2025-12-24;0;31
26;2025-12-24;1;0
26;2025-12-24;2;0
26;2025-12-24;3;0
26;2025-12-24;4;0
26;2025-12-24;5;95
26;2025-12-24;6;477
26;2025-12-24;7;1066
26;2025-12-24;8;2198
26;2025-12-24;9;1424
26;2025-12-24;10;1205
26;2025-12-24;11;1100
26;2025-12-24;12;1165
26;2025-12-24;13;1200
26;2025-12-24;14;1289
26;2025-12-24;15;1378
26;2025-12-24;16;1502
26;2025-12-24;17;1729
26;2025-12-24;18;1843
26;2025-12-24;19;1260
26;2025-12-24;20;792
26;2025-12-24;21;546
26;2025-12-24;22;236
26;2025-12-24;23;149
26;2025-12-25;0;41
26;2025-12-25;1;0
26;2025-12-25;2;0
26;2025-12-25;3;0
26;2025-12-25;4;0
26;2025-12-25;5;88
26;2025-12-25;6;482
26;2025-12-25;7;1068
26;2025-12-25;8;2164
26;2025-12-25;9;1425
26;2025-12-25;10;1206
26;2025-12-25;11;1128
26;2025-12-25;12;1171
26;2025-12-25;13;1212
26;2025-12-25;14;1308
26;2025-12-25;15;1377
26;2025-12-25;16;1516
26;2025-12-25;17;1722
26;2025-12-25;18;1861
26;2025-12-25;19;1235
26;2025-12-25;20;769
26;2025-12-25;21;508
26;2025-12-25;22;224
26;2025-12-25;23;150
26;2025-12-26;0;34
26;2025-12-26;1;0
26;2025-12-26;2;0
26;2025-12-26;3;0
26;2025-12-26;4;0
26;2025-12-26;5;81
26;2025-12-26;6;480
26;2025-12-26;7;1038
26;2025-12-26;8;2092
26;2025-12-26;9;1369
26;2025-12-26;10;1182
26;2025-12-26;11;1099
26;2025-12-26;12;1117
26;2025-12-26;13;1182
26;2025-12-26;14;1285
26;2025-12-26;15;1377
26;2025-12-26;16;1566
26;2025-12-26;17;1728
26;2025-12-26;18;1468
26;2025-12-26;19;1097
26;2025-12-26;20;699
26;2025-12-26;21;477
26;2025-12-26;22;219
26;2025-12-26;23;171
26;2025-12-27;0;53
26;2025-12-27;1;0
26;2025-12-27;2;0
26;2025-12-27;3;0
26;2025-12-27;4;0
26;2025-12-27;5;43
26;2025-12-27;6;223
26;2025-12-27;7;361
26;2025-12-27;8;603
26;2025-12-27;9;671
26;2025-12-27;10;810
26;2025-12-27;11;964
26;2025-12-27;12;1032
26;2025-12-27;13;1057
26;2025-12-27;14;1072
26;2025-12-27;15;995
26;2025-12-27;16;1053
26;2025-12-27;17;989
26;2025-12-27;18;883
26;2025-12-27;19;747
26;2025-12-27;20;532
26;2025-12-27;21;375
26;2025-12-27;22;219
26;2025-12-27;23;165
26;2025-12-28;0;50
26;2025-12-28;1;0
26;2025-12-28;2;0
26;2025-12-28;3;0
26;2025-12-28;4;0
26;2025-12-28;5;19
26;2025-12-28;6;144
26;2025-12-28;7;249
26;2025-12-28;8;368
26;2025-12-28;9;496
26;2025-12-28;10;567
26;2025-12-28;11;762
26;2025-12-28;12;813
26;2025-12-28;13;851
26;2025-12-28;14;862
26;2025-12-28;15;801
26;2025-12-28;16;795
26;2025-12-28;17;801
26;2025-12-28;18;692
26;2025-12-28;19;528
26;2025-12-28;20;394
26;2025-12-28;21;293
26;2025-12-28;22;174
26;2025-12-28;23;122
26;2025-12-29;0;31
26;2025-12-29;1;0
26;2025-12-29;2;0
26;2025-12-29;3;0
26;2025-12-29;4;0
26;2025-12-29;5;86
26;2025-12-29;6;482
26;2025-12-29;7;1075
26;2025-12-29;8;2129
26;2025-12-29;9;1411
26;2025-12-29;10;1184
26;2025-12-29;11;1079
26;2025-12-29;12;1107
26;2025-12-29;13;1175
26;2025-12-29;14;1246
26;2025-12-29;15;1328
26;2025-12-29;16;1457
26;2025-12-29;17;1711
26;2025-12-29;18;1849
26;2025-12-29;19;1219
26;2025-12-29;20;765
26;2025-12-29;21;486
26;2025-12-29;22;214
26;2025-12-29;23;127
26;2025-12-30;0;32
26;2025-12-30;1;0
26;2025-12-30;2;0
26;2025-12-30;3;0
26;2025-12-30;4;0
26;2025-12-30;5;83
26;2025-12-30;6;494
26;2025-12-30;7;1108
26;2025-12-30;8;2260
26;2025-12-30;9;1439
26;2025-12-30;10;1261
26;2025-12-30;11;1172
26;2025-12-30;12;1172
26;2025-12-30;13;1218
26;2025-12-30;14;1301
26;2025-12-30;15;1399
26;2025-12-30;16;1536
26;2025-12-30;17;1757
26;2025-12-30;18;1858
26;2025-12-30;19;1241
26;2025-12-30;20;758
26;2025-12-30;21;503
26;2025-12-30;22;228
26;2025-12-30;23;133
26;2025-12-31;0;49
26;2025-12-31;1;0
26;2025-12-31;2;0
26;2025-12-31;3;0
26;2025-12-31;4;0
26;2025-12-31;5;21
26;2025-12-31;6;148
26;2025-12-31;7;239
26;2025-12-31;8;340
26;2025-12-31;9;498
26;2025-12-31;10;576
26;2025-12-31;11;797
26;2025-12-31;12;812
26;2025-12-31;13;867
26;2025-12-31;14;871
26;2025-12-31;15;801
26;2025-12-31;16;796
26;2025-12-31;17;819
26;2025-12-31;18;716
26;2025-12-31;19;548
26;2025-12-31;20;417
26;2025-12-31;21;309
26;2025-12-31;22;183
26;2025-12-31;23;127
28;2025-11-01;0;0
28;2025-11-01;1;0
28;2025-11-01;2;0
28;2025-11-01;3;0
28;2025-11-01;4;0
28;2025-11-01;5;60
28;2025-11-01;6;191
28;2025-11-01;7;538
28;2025-11-01;8;848
28;2025-11-01;9;624
28;2025-11-01;10;528
28;2025-11-01;11;502
28;2025-11-01;12;584
28;2025-11-01;13;609
28;2025-11-01;14;581
28;2025-11-01;15;612
28;2025-11-01;16;692
28;2025-11-01;17;772
28;2025-11-01;18;685
28;2025-11-01;19;506
28;2025-11-01;20;376
28;2025-11-01;21;270
28;2025-11-01;22;113
28;2025-11-01;23;9
28;2025-11-02;0;0
28;2025-11-02;1;0
28;2025-11-02;2;0
28;2025-11-02;3;0
28;2025-11-02;4;0
28;2025-11-02;5;28
28;2025-11-02;6;73
28;2025-11-02;7;168
28;2025-11-02;8;250
28;2025-11-02;9;342
28;2025-11-02;10;385
28;2025-11-02;11;430
28;2025-11-02;12;469
28;2025-11-02;13;538
28;2025-11-02;14;526
28;2025-11-02;15;514
28;2025-11-02;16;494
28;2025-11-02;17;518
28;2025-11-02;18;435
28;2025-11-02;19;380
28;2025-11-02;20;286
28;2025-11-02;21;225
28;2025-11-02;22;114
28;2025-11-02;23;18
28;2025-11-03;0;0
28;2025-11-03;1;0
28;2025-11-03;2;0
28;2025-11-03;3;0
28;2025-11-03;4;0
28;2025-11-03;5;28
28;2025-11-03;6;75
28;2025-11-03;7;177
28;2025-11-03;8;244
28;2025-11-03;9;353
28;2025-11-03;10;390
28;2025-11-03;11;443
28;2025-11-03;12;476
28;2025-11-03;13;551
28;2025-11-03;14;534
28;2025-11-03;15;530
28;2025-11-03;16;484
28;2025-11-03;17;535
28;2025-11-03;18;447
28;2025-11-03;19;382
28;2025-11-03;20;292
28;2025-11-03;21;231
28;2025-11-03;22;115
28;2025-11-03;23;18
28;2025-11-04;0;0
28;2025-11-04;1;0
28;2025-11-04;2;0
28;2025-11-04;3;0
28;2025-11-04;4;0
28;2025-11-04;5;25
28;2025-11-04;6;72
28;2025-11-04;7;168
28;2025-11-04;8;230
28;2025-11-04;9;337
28;2025-11-04;10;379
28;2025-11-04;11;432
28;2025-11-04;12;468
28;2025-11-04;13;538
28;2025-11-04;14;524
28;2025-11-04;15;508
28;2025-11-04;16;503
28;2025-11-04;17;532
28;2025-11-04;18;438
28;2025-11-04;19;380
28;2025-11-04;20;286
28;2025-11-04;21;225
28;2025-11-04;22;110
28;2025-11-04;23;16
28;2025-11-05;0;0
28;2025-11-05;1;0
28;2025-11-05;2;0
28;2025-11-05;3;0
28;2025-11-05;4;0
28;2025-11-05;5;79
28;2025-11-05;6;260
28;2025-11-05;7;779
28;2025-11-05;8;1239
28;2025-11-05;9;836
28;2025-11-05;10;639
28;2025-11-05;11;601
28;2025-11-05;12;716
28;2025-11-05;13;734
28;2025-11-05;14;697
28;2025-11-05;15;720
28;2025-11-05;16;863
28;2025-11-05;17;1039
28;2025-11-05;18;1031
28;2025-11-05;19;754
28;2025-11-05;20;527
28;2025-11-05;21;321
28;2025-11-05;22;122
28;2025-11-05;23;11
28;2025-11-06;0;0
28;2025-11-06;1;0
28;2025-11-06;2;0
28;2025-11-06;3;0
28;2025-11-06;4;0
28;2025-11-06;5;82
28;2025-11-06;6;253
28;2025-11-06;7;778
28;2025-11-06;8;1179
28;2025-11-06;9;792
28;2025-11-06;10;612
28;2025-11-06;11;582
28;2025-11-06;12;665
28;2025-11-06;13;703
28;2025-11-06;14;669
28;2025-11-06;15;718
28;2025-11-06;16;817
28;2025-11-06;17;1043
28;2025-11-06;18;1022
28;2025-11-06;19;725
28;2025-11-06;20;515
28;2025-11-06;21;325
28;2025-11-06;22;131
28;2025-11-06;23;13
28;2025-11-07;0;0
28;2025-11-07;1;0
28;2025-11-07;2;0
28;2025-11-07;3;0
28;2025-11-07;4;0
28;2025-11-07;5;79
28;2025-11-07;6;279
28;2025-11-07;7;802
28;2025-11-07;8;1252
28;2025-11-07;9;807
28;2025-11-07;10;630
28;2025-11-07;11;592
28;2025-11-07;12;705
28;2025-11-07;13;715
28;2025-11-07;14;694
28;2025-11-07;15;740
28;2025-11-07;16;876
28;2025-11-07;17;1016
28;2025-11-07;18;868
28;2025-11-07;19;663
28;2025-11-07;20;453
28;2025-11-07;21;317
28;2025-11-07;22;124
28;2025-11-07;23;13
28;2025-11-08;0;1
28;2025-11-08;1;0
28;2025-11-08;2;0
28;2025-11-08;3;0
28;2025-11-08;4;0
28;2025-11-08;5;37
28;2025-11-08;6;109
28;2025-11-08;7;237
28;2025-11-08;8;394
28;2025-11-08;9;445
28;2025-11-08;10;481
28;2025-11-08;11;511
28;2025-11-08;12;597
28;2025-11-08;13;624
28;2025-11-08;14;607
28;2025-11-08;15;601
28;2025-11-08;16;622
28;2025-11-08;17;594
28;2025-11-08;18;504
28;2025-11-08;19;394
28;2025-11-08;20;303
28;2025-11-08;21;251
28;2025-11-08;22;119
28;2025-11-08;23;19
28;2025-11-09;0;0
28;2025-11-09;1;0
28;2025-11-09;2;0
28;2025-11-09;3;0
28;2025-11-09;4;0
28;2025-11-09;5;27
28;2025-11-09;6;73
28;2025-11-09;7;173
28;2025-11-09;8;255
28;2025-11-09;9;348
28;2025-11-09;10;392
28;2025-11-09;11;435
28;2025-11-09;12;476
28;2025-11-09;13;541
28;2025-11-09;14;529
28;2025-11-09;15;516
28;2025-11-09;16;495
28;2025-11-09;17;517
28;2025-11-09;18;430
28;2025-11-09;19;371
28;2025-11-09;20;278
28;2025-11-09;21;218
28;2025-11-09;22;110
28;2025-11-09;23;16
28;2025-11-10;0;0
28;2025-11-10;1;0
28;2025-11-10;2;0
28;2025-11-10;3;0
28;2025-11-10;4;0
28;2025-11-10;5;79
28;2025-11-10;6;260
28;2025-11-10;7;743
28;2025-11-10;8;1173
28;2025-11-10;9;769
28;2025-11-10;10;606
28;2025-11-10;11;548
28;2025-11-10;12;642
28;2025-11-10;13;665
28;2025-11-10;14;645
28;2025-11-10;15;670
28;2025-11-10;16;804
28;2025-11-10;17;990
28;2025-11-10;18;970
28;2025-11-10;19;694
28;2025-11-10;20;471
28;2025-11-10;21;296
28;2025-11-10;22;112
28;2025-11-10;23;7
28;2025-11-11;0;0
28;2025-11-11;1;0
28;2025-11-11;2;0
28;2025-11-11;3;0
28;2025-11-11;4;0
28;2025-11-11;5;75
28;2025-11-11;6;257
28;2025-11-11;7;764
28;2025-11-11;8;1216
28;2025-11-11;9;785
28;2025-11-11;10;618
28;2025-11-11;11;573
28;2025-11-11;12;651
28;2025-11-11;13;679
28;2025-11-11;14;662
28;2025-11-11;15;691
28;2025-11-11;16;775
28;2025-11-11;17;961
28;2025-11-11;18;971
28;2025-11-11;19;685
28;2025-11-11;20;466
28;2025-11-11;21;301
28;2025-11-11;22;117
28;2025-11-11;23;10
28;2025-11-12;0;0
28;2025-11-12;1;0
28;2025-11-12;2;0
28;2025-11-12;3;0
28;2025-11-12;4;0
28;2025-11-12;5;78
28;2025-11-12;6;261
28;2025-11-12;7;780
28;2025-11-12;8;1239
28;2025-11-12;9;837
28;2025-11-12;10;638
28;2025-11-12;11;601
28;2025-11-12;12;716
28;2025-11-12;13;734
28;2025-11-12;14;696
28;2025-11-12;15;720
28;2025-11-12;16;863
28;2025-11-12;17;1038
28;2025-11-12;18;1030
28;2025-11-12;19;753
28;2025-11-12;20;527
28;2025-11-12;21;321
28;2025-11-12;22;122
28;2025-11-12;23;11
28;2025-11-13;0;0
28;2025-11-13;1;0
28;2025-11-13;2;0
28;2025-11-13;3;0
28;2025-11-13;4;0
28;2025-11-13;5;82
28;2025-11-13;6;254
28;2025-11-13;7;779
28;2025-11-13;8;1180
28;2025-11-13;9;793
28;2025-11-13;10;611
28;2025-11-13;11;582
28;2025-11-13;12;665
28;2025-11-13;13;703
28;2025-11-13;14;668
28;2025-11-13;15;718
28;2025-11-13;16;816
28;2025-11-13;17;1042
28;2025-11-13;18;1021
28;2025-11-13;19;725
28;2025-11-13;20;514
28;2025-11-13;21;325
28;2025-11-13;22;131
28;2025-11-13;23;13
28;2025-11-14;0;0
28;2025-11-14;1;0
28;2025-11-14;2;0
28;2025-11-14;3;0
28;2025-11-14;4;0
28;2025-11-14;5;79
28;2025-11-14;6;280
28;2025-11-14;7;803
28;2025-11-14;8;1252
28;2025-11-14;9;808
28;2025-11-14;10;629
28;2025-11-14;11;591
28;2025-11-14;12;705
28;2025-11-14;13;715
28;2025-11-14;14;694
28;2025-11-14;15;740
28;2025-11-14;16;876
28;2025-11-14;17;1016
28;2025-11-14;18;867
28;2025-11-14;19;663
28;2025-11-14;20;453
28;2025-11-14;21;317
28;2025-11-14;22;124
28;2025-11-14;23;13
28;2025-11-15;0;1
28;2025-11-15;1;0
28;2025-11-15;2;0
28;2025-11-15;3;0
28;2025-11-15;4;0
28;2025-11-15;5;37
28;2025-11-15;6;109
28;2025-11-15;7;237
28;2025-11-15;8;394
28;2025-11-15;9;445
28;2025-11-15;10;481
28;2025-11-15;11;511
28;2025-11-15;12;597
28;2025-11-15;13;624
28;2025-11-15;14;607
28;2025-11-15;15;601
28;2025-11-15;16;622
28;2025-11-15;17;593
28;2025-11-15;18;504
28;2025-11-15;19;394
28;2025-11-15;20;302
28;2025-11-15;21;251
28;2025-11-15;22;119
28;2025-11-15;23;19
28;2025-11-16;0;0
28;2025-11-16;1;0
28;2025-11-16;2;0
28;2025-11-16;3;0
28;2025-11-16;4;0
28;2025-11-16;5;27
28;2025-11-16;6;73
28;2025-11-16;7;173
28;2025-11-16;8;255
28;2025-11-16;9;348
28;2025-11-16;10;392
28;2025-11-16;11;435
28;2025-11-16;12;476
28;2025-11-16;13;541
28;2025-11-16;14;529
28;2025-11-16;15;516
28;2025-11-16;16;495
28;2025-11-16;17;517
28;2025-11-16;18;430
28;2025-11-16;19;371
28;2025-11-16;20;278
28;2025-11-16;21;218
28;2025-11-16;22;110
28;2025-11-16;23;16
28;2025-11-17;0;0
28;2025-11-17;1;0
28;2025-11-17;2;0
28;2025-11-17;3;0
28;2025-11-17;4;0
28;2025-11-17;5;79
28;2025-11-17;6;260
28;2025-11-17;7;743
28;2025-11-17;8;1173
28;2025-11-17;9;769
28;2025-11-17;10;606
28;2025-11-17;11;548
28;2025-11-17;12;642
28;2025-11-17;13;665
28;2025-11-17;14;645
28;2025-11-17;15;670
28;2025-11-17;16;804
28;2025-11-17;17;990
28;2025-11-17;18;970
28;2025-11-17;19;694
28;2025-11-17;20;471
28;2025-11-17;21;296
28;2025-11-17;22;112
28;2025-11-17;23;7
28;2025-11-18;0;0
28;2025-11-18;1;0
28;2025-11-18;2;0
28;2025-11-18;3;0
28;2025-11-18;4;0
28;2025-11-18;5;75
28;2025-11-18;6;257
28;2025-11-18;7;764
28;2025-11-18;8;1216
28;2025-11-18;9;786
28;2025-11-18;10;618
28;2025-11-18;11;573
28;2025-11-18;12;652
28;2025-11-18;13;680
28;2025-11-18;14;662
28;2025-11-18;15;691
28;2025-11-18;16;775
28;2025-11-18;17;961
28;2025-11-18;18;971
28;2025-11-18;19;684
28;2025-11-18;20;466
28;2025-11-18;21;300
28;2025-11-18;22;117
28;2025-11-18;23;10
28;2025-11-19;0;0
28;2025-11-19;1;0
28;2025-11-19;2;0
28;2025-11-19;3;0
28;2025-11-19;4;0
28;2025-11-19;5;78
28;2025-11-19;6;261
28;2025-11-19;7;780
28;2025-11-19;8;1240
28;2025-11-19;9;837
28;2025-11-19;10;638
28;2025-11-19;11;601
28;2025-11-19;12;716
28;2025-11-19;13;734
28;2025-11-19;14;696
28;2025-11-19;15;720
28;2025-11-19;16;863
28;2025-11-19;17;1038
28;2025-11-19;18;1030
28;2025-11-19;19;753
28;2025-11-19;20;527
28;2025-11-19;21;321
28;2025-11-19;22;122
28;2025-11-19;23;11
28;2025-11-20;0;0
28;2025-11-20;1;0
28;2025-11-20;2;0
28;2025-11-20;3;0
28;2025-11-20;4;0
28;2025-11-20;5;82
28;2025-11-20;6;254
28;2025-11-20;7;779
28;2025-11-20;8;1181
28;2025-11-20;9;793
28;2025-11-20;10;612
28;2025-11-20;11;582
28;2025-11-20;12;665
28;2025-11-20;13;704
28;2025-11-20;14;669
28;2025-11-20;15;719
28;2025-11-20;16;816
28;2025-11-20;17;1042
28;2025-11-20;18;1021
28;2025-11-20;19;724
28;2025-11-20;20;514
28;2025-11-20;21;325
28;2025-11-20;22;130
28;2025-11-20;23;12
28;2025-11-21;0;0
28;2025-11-21;1;0
28;2025-11-21;2;0
28;2025-11-21;3;0
28;2025-11-21;4;0
28;2025-11-21;5;79
28;2025-11-21;6;281
28;2025-11-21;7;803
28;2025-11-21;8;1253
28;2025-11-21;9;808
28;2025-11-21;10;629
28;2025-11-21;11;591
28;2025-11-21;12;705
28;2025-11-21;13;715
28;2025-11-21;14;694
28;2025-11-21;15;740
28;2025-11-21;16;875
28;2025-11-21;17;1016
28;2025-11-21;18;867
28;2025-11-21;19;662
28;2025-11-21;20;453
28;2025-11-21;21;317
28;2025-11-21;22;124
28;2025-11-21;23;13
28;2025-11-22;0;1
28;2025-11-22;1;0
28;2025-11-22;2;0
28;2025-11-22;3;0
28;2025-11-22;4;0
28;2025-11-22;5;37
28;2025-11-22;6;109
28;2025-11-22;7;237
28;2025-11-22;8;394
28;2025-11-22;9;445
28;2025-11-22;10;481
28;2025-11-22;11;511
28;2025-11-22;12;597
28;2025-11-22;13;624
28;2025-11-22;14;608
28;2025-11-22;15;601
28;2025-11-22;16;622
28;2025-11-22;17;593
28;2025-11-22;18;504
28;2025-11-22;19;394
28;2025-11-22;20;302
28;2025-11-22;21;251
28;2025-11-22;22;119
28;2025-11-22;23;19
28;2025-11-23;0;0
28;2025-11-23;1;0
28;2025-11-23;2;0
28;2025-11-23;3;0
28;2025-11-23;4;0
28;2025-11-23;5;27
28;2025-11-23;6;73
28;2025-11-23;7;173
28;2025-11-23;8;255
28;2025-11-23;9;348
28;2025-11-23;10;392
28;2025-11-23;11;435
28;2025-11-23;12;476
28;2025-11-23;13;541
28;2025-11-23;14;529
28;2025-11-23;15;516
28;2025-11-23;16;495
28;2025-11-23;17;517
28;2025-11-23;18;430
28;2025-11-23;19;371
28;2025-11-23;20;278
28;2025-11-23;21;218
28;2025-11-23;22;110
28;2025-11-23;23;16
28;2025-11-24;0;0
28;2025-11-24;1;0
28;2025-11-24;2;0
28;2025-11-24;3;0
28;2025-11-24;4;0
28;2025-11-24;5;79
28;2025-11-24;6;260
28;2025-11-24;7;743
28;2025-11-24;8;1173
28;2025-11-24;9;769
28;2025-11-24;10;606
28;2025-11-24;11;548
28;2025-11-24;12;642
28;2025-11-24;13;665
28;2025-11-24;14;645
28;2025-11-24;15;670
28;2025-11-24;16;804
28;2025-11-24;17;990
28;2025-11-24;18;970
28;2025-11-24;19;694
28;2025-11-24;20;471
28;2025-11-24;21;296
28;2025-11-24;22;112
28;2025-11-24;23;7
28;2025-11-25;0;0
28;2025-11-25;1;0
28;2025-11-25;2;0
28;2025-11-25;3;0
28;2025-11-25;4;0
28;2025-11-25;5;75
28;2025-11-25;6;257
28;2025-11-25;7;764
28;2025-11-25;8;1216
28;2025-11-25;9;786
28;2025-11-25;10;618
28;2025-11-25;11;573
28;2025-11-25;12;652
28;2025-11-25;13;680
28;2025-11-25;14;662
28;2025-11-25;15;691
28;2025-11-25;16;775
28;2025-11-25;17;961
28;2025-11-25;18;971
28;2025-11-25;19;684
28;2025-11-25;20;466
28;2025-11-25;21;300
28;2025-11-25;22;117
28;2025-11-25;23;10
28;2025-11-26;0;0
28;2025-11-26;1;0
28;2025-11-26;2;0
28;2025-11-26;3;0
28;2025-11-26;4;0
28;2025-11-26;5;78
28;2025-11-26;6;261
28;2025-11-26;7;780
28;2025-11-26;8;1240
28;2025-11-26;9;837
28;2025-11-26;10;638
28;2025-11-26;11;601
28;2025-11-26;12;716
28;2025-11-26;13;734
28;2025-11-26;14;696
28;2025-11-26;15;720
28;2025-11-26;16;863
28;2025-11-26;17;1038
28;2025-11-26;18;1030
28;2025-11-26;19;753
28;2025-11-26;20;527
28;2025-11-26;21;321
28;2025-11-26;22;122
28;2025-11-26;23;11
28;2025-11-27;0;0
28;2025-11-27;1;0
28;2025-11-27;2;0
28;2025-11-27;3;0
28;2025-11-27;4;0
28;2025-11-27;5;82
28;2025-11-27;6;254
28;2025-11-27;7;779
28;2025-11-27;8;1181
28;2025-11-27;9;793
28;2025-11-27;10;612
28;2025-11-27;11;582
28;2025-11-27;12;665
28;2025-11-27;13;704
28;2025-11-27;14;669
28;2025-11-27;15;719
28;2025-11-27;16;816
28;2025-11-27;17;1042
28;2025-11-27;18;1021
28;2025-11-27;19;724
28;2025-11-27;20;514
28;2025-11-27;21;325
28;2025-11-27;22;130
28;2025-11-27;23;12
28;2025-11-28;0;0
28;2025-11-28;1;0
28;2025-11-28;2;0
28;2025-11-28;3;0
28;2025-11-28;4;0
28;2025-11-28;5;79
28;2025-11-28;6;281
28;2025-11-28;7;803
28;2025-11-28;8;1253
28;2025-11-28;9;808
28;2025-11-28;10;629
28;2025-11-28;11;591
28;2025-11-28;12;705
28;2025-11-28;13;715
28;2025-11-28;14;694
28;2025-11-28;15;740
28;2025-11-28;16;875
28;2025-11-28;17;1016
28;2025-11-28;18;867
28;2025-11-28;19;662
28;2025-11-28;20;453
28;2025-11-28;21;317
28;2025-11-28;22;124
28;2025-11-28;23;13
28;2025-11-29;0;1
28;2025-11-29;1;0
28;2025-11-29;2;0
28;2025-11-29;3;0
28;2025-11-29;4;0
28;2025-11-29;5;37
28;2025-11-29;6;109
28;2025-11-29;7;237
28;2025-11-29;8;394
28;2025-11-29;9;445
28;2025-11-29;10;481
28;2025-11-29;11;511
28;2025-11-29;12;597
28;2025-11-29;13;624
28;2025-11-29;14;608
28;2025-11-29;15;601
28;2025-11-29;16;622
28;2025-11-29;17;593
28;2025-11-29;18;504
28;2025-11-29;19;394
28;2025-11-29;20;302
28;2025-11-29;21;251
28;2025-11-29;22;119
28;2025-11-29;23;19
28;2025-11-30;0;0
28;2025-11-30;1;0
28;2025-11-30;2;0
28;2025-11-30;3;0
28;2025-11-30;4;0
28;2025-11-30;5;27
28;2025-11-30;6;73
28;2025-11-30;7;173
28;2025-11-30;8;255
28;2025-11-30;9;348
28;2025-11-30;10;392
28;2025-11-30;11;435
28;2025-11-30;12;476
28;2025-11-30;13;541
28;2025-11-30;14;529
28;2025-11-30;15;516
28;2025-11-30;16;495
28;2025-11-30;17;517
28;2025-11-30;18;430
28;2025-11-30;19;371
28;2025-11-30;20;278
28;2025-11-30;21;218
28;2025-11-30;22;110
28;2025-11-30;23;16
28;2025-12-01;0;0
28;2025-12-01;1;0
28;2025-12-01;2;0
28;2025-12-01;3;0
28;2025-12-01;4;0
28;2025-12-01;5;79
28;2025-12-01;6;260
28;2025-12-01;7;743
28;2025-12-01;8;1173
28;2025-12-01;9;769
28;2025-12-01;10;606
28;2025-12-01;11;548
28;2025-12-01;12;642
28;2025-12-01;13;665
28;2025-12-01;14;645
28;2025-12-01;15;670
28;2025-12-01;16;804
28;2025-12-01;17;990
28;2025-12-01;18;970
28;2025-12-01;19;694
28;2025-12-01;20;471
28;2025-12-01;21;296
28;2025-12-01;22;112
28;2025-12-01;23;7
28;2025-12-02;0;0
28;2025-12-02;1;0
28;2025-12-02;2;0
28;2025-12-02;3;0
28;2025-12-02;4;0
28;2025-12-02;5;75
28;2025-12-02;6;257
28;2025-12-02;7;764
28;2025-12-02;8;1216
28;2025-12-02;9;786
28;2025-12-02;10;618
28;2025-12-02;11;573
28;2025-12-02;12;652
28;2025-12-02;13;680
28;2025-12-02;14;662
28;2025-12-02;15;691
28;2025-12-02;16;775
28;2025-12-02;17;961
28;2025-12-02;18;971
28;2025-12-02;19;684
28;2025-12-02;20;466
28;2025-12-02;21;300
28;2025-12-02;22;117
28;2025-12-02;23;10
28;2025-12-03;0;0
28;2025-12-03;1;0
28;2025-12-03;2;0
28;2025-12-03;3;0
28;2025-12-03;4;0
28;2025-12-03;5;78
28;2025-12-03;6;261
28;2025-12-03;7;780
28;2025-12-03;8;1239
28;2025-12-03;9;837
28;2025-12-03;10;638
28;2025-12-03;11;601
28;2025-12-03;12;715
28;2025-12-03;13;734
28;2025-12-03;14;696
28;2025-12-03;15;720
28;2025-12-03;16;863
28;2025-12-03;17;1038
28;2025-12-03;18;1031
28;2025-12-03;19;754
28;2025-12-03;20;527
28;2025-12-03;21;322
28;2025-12-03;22;122
28;2025-12-03;23;11
28;2025-12-04;0;0
28;2025-12-04;1;0
28;2025-12-04;2;0
28;2025-12-04;3;0
28;2025-12-04;4;0
28;2025-12-04;5;82
28;2025-12-04;6;252
28;2025-12-04;7;773
28;2025-12-04;8;1172
28;2025-12-04;9;788
28;2025-12-04;10;607
28;2025-12-04;11;578
28;2025-12-04;12;661
28;2025-12-04;13;700
28;2025-12-04;14;665
28;2025-12-04;15;721
28;2025-12-04;16;818
28;2025-12-04;17;1043
28;2025-12-04;18;1024
28;2025-12-04;19;729
28;2025-12-04;20;520
28;2025-12-04;21;332
28;2025-12-04;22;139
28;2025-12-04;23;22
28;2025-12-05;0;0
28;2025-12-05;1;0
28;2025-12-05;2;0
28;2025-12-05;3;0
28;2025-12-05;4;0
28;2025-12-05;5;79
28;2025-12-05;6;278
28;2025-12-05;7;796
28;2025-12-05;8;1243
28;2025-12-05;9;802
28;2025-12-05;10;624
28;2025-12-05;11;586
28;2025-12-05;12;699
28;2025-12-05;13;710
28;2025-12-05;14;690
28;2025-12-05;15;741
28;2025-12-05;16;875
28;2025-12-05;17;1015
28;2025-12-05;18;872
28;2025-12-05;19;669
28;2025-12-05;20;461
28;2025-12-05;21;326
28;2025-12-05;22;135
28;2025-12-05;23;24
28;2025-12-06;0;1
28;2025-12-06;1;0
28;2025-12-06;2;0
28;2025-12-06;3;0
28;2025-12-06;4;0
28;2025-12-06;5;34
28;2025-12-06;6;106
28;2025-12-06;7;232
28;2025-12-06;8;389
28;2025-12-06;9;440
28;2025-12-06;10;476
28;2025-12-06;11;506
28;2025-12-06;12;592
28;2025-12-06;13;619
28;2025-12-06;14;603
28;2025-12-06;15;605
28;2025-12-06;16;625
28;2025-12-06;17;597
28;2025-12-06;18;509
28;2025-12-06;19;400
28;2025-12-06;20;308
28;2025-12-06;21;257
28;2025-12-06;22;125
28;2025-12-06;23;25
28;2025-12-07;0;0
28;2025-12-07;1;0
28;2025-12-07;2;0
28;2025-12-07;3;0
28;2025-12-07;4;0
28;2025-12-07;5;25
28;2025-12-07;6;71
28;2025-12-07;7;170
28;2025-12-07;8;251
28;2025-12-07;9;343
28;2025-12-07;10;387
28;2025-12-07;11;430
28;2025-12-07;12;470
28;2025-12-07;13;537
28;2025-12-07;14;524
28;2025-12-07;15;519
28;2025-12-07;16;498
28;2025-12-07;17;520
28;2025-12-07;18;435
28;2025-12-07;19;376
28;2025-12-07;20;284
28;2025-12-07;21;224
28;2025-12-07;22;116
28;2025-12-07;23;22
28;2025-12-08;0;0
28;2025-12-08;1;0
28;2025-12-08;2;0
28;2025-12-08;3;0
28;2025-12-08;4;0
28;2025-12-08;5;74
28;2025-12-08;6;255
28;2025-12-08;7;734
28;2025-12-08;8;1164
28;2025-12-08;9;760
28;2025-12-08;10;598
28;2025-12-08;11;540
28;2025-12-08;12;634
28;2025-12-08;13;658
28;2025-12-08;14;638
28;2025-12-08;15;676
28;2025-12-08;16;810
28;2025-12-08;17;996
28;2025-12-08;18;978
28;2025-12-08;19;703
28;2025-12-08;20;481
28;2025-12-08;21;306
28;2025-12-08;22;122
28;2025-12-08;23;18
28;2025-12-09;0;0
28;2025-12-09;1;0
28;2025-12-09;2;0
28;2025-12-09;3;0
28;2025-12-09;4;0
28;2025-12-09;5;71
28;2025-12-09;6;252
28;2025-12-09;7;757
28;2025-12-09;8;1208
28;2025-12-09;9;778
28;2025-12-09;10;610
28;2025-12-09;11;566
28;2025-12-09;12;644
28;2025-12-09;13;673
28;2025-12-09;14;655
28;2025-12-09;15;697
28;2025-12-09;16;780
28;2025-12-09;17;967
28;2025-12-09;18;978
28;2025-12-09;19;692
28;2025-12-09;20;474
28;2025-12-09;21;309
28;2025-12-09;22;126
28;2025-12-09;23;19
28;2025-12-10;0;0
28;2025-12-10;1;0
28;2025-12-10;2;0
28;2025-12-10;3;0
28;2025-12-10;4;0
28;2025-12-10;5;74
28;2025-12-10;6;256
28;2025-12-10;7;771
28;2025-12-10;8;1229
28;2025-12-10;9;828
28;2025-12-10;10;630
28;2025-12-10;11;593
28;2025-12-10;12;707
28;2025-12-10;13;726
28;2025-12-10;14;689
28;2025-12-10;15;727
28;2025-12-10;16;869
28;2025-12-10;17;1044
28;2025-12-10;18;1039
28;2025-12-10;19;763
28;2025-12-10;20;537
28;2025-12-10;21;332
28;2025-12-10;22;133
28;2025-12-10;23;22
28;2025-12-11;0;0
28;2025-12-11;1;0
28;2025-12-11;2;0
28;2025-12-11;3;0
28;2025-12-11;4;0
28;2025-12-11;5;78
28;2025-12-11;6;249
28;2025-12-11;7;771
28;2025-12-11;8;1172
28;2025-12-11;9;785
28;2025-12-11;10;604
28;2025-12-11;11;574
28;2025-12-11;12;658
28;2025-12-11;13;697
28;2025-12-11;14;662
28;2025-12-11;15;725
28;2025-12-11;16;822
28;2025-12-11;17;1048
28;2025-12-11;18;1029
28;2025-12-11;19;732
28;2025-12-11;20;522
28;2025-12-11;21;333
28;2025-12-11;22;140
28;2025-12-11;23;22
28;2025-12-12;0;0
28;2025-12-12;1;0
28;2025-12-12;2;0
28;2025-12-12;3;0
28;2025-12-12;4;0
28;2025-12-12;5;75
28;2025-12-12;6;275
28;2025-12-12;7;794
28;2025-12-12;8;1242
28;2025-12-12;9;799
28;2025-12-12;10;620
28;2025-12-12;11;583
28;2025-12-12;12;696
28;2025-12-12;13;707
28;2025-12-12;14;687
28;2025-12-12;15;745
28;2025-12-12;16;880
28;2025-12-12;17;1020
28;2025-12-12;18;877
28;2025-12-12;19;672
28;2025-12-12;20;464
28;2025-12-12;21;328
28;2025-12-12;22;135
28;2025-12-12;23;25
28;2025-12-13;0;1
28;2025-12-13;1;0
28;2025-12-13;2;0
28;2025-12-13;3;0
28;2025-12-13;4;0
28;2025-12-13;5;34
28;2025-12-13;6;106
28;2025-12-13;7;232
28;2025-12-13;8;389
28;2025-12-13;9;440
28;2025-12-13;10;476
28;2025-12-13;11;506
28;2025-12-13;12;592
28;2025-12-13;13;619
28;2025-12-13;14;603
28;2025-12-13;15;605
28;2025-12-13;16;625
28;2025-12-13;17;597
28;2025-12-13;18;509
28;2025-12-13;19;400
28;2025-12-13;20;308
28;2025-12-13;21;257
28;2025-12-13;22;125
28;2025-12-13;23;25
28;2025-12-14;0;0
28;2025-12-14;1;0
28;2025-12-14;2;0
28;2025-12-14;3;0
28;2025-12-14;4;0
28;2025-12-14;5;25
28;2025-12-14;6;71
28;2025-12-14;7;170
28;2025-12-14;8;251
28;2025-12-14;9;343
28;2025-12-14;10;387
28;2025-12-14;11;430
28;2025-12-14;12;470
28;2025-12-14;13;537
28;2025-12-14;14;524
28;2025-12-14;15;519
28;2025-12-14;16;498
28;2025-12-14;17;520
28;2025-12-14;18;435
28;2025-12-14;19;376
28;2025-12-14;20;284
28;2025-12-14;21;224
28;2025-12-14;22;116
28;2025-12-14;23;22
28;2025-12-15;0;0
28;2025-12-15;1;0
28;2025-12-15;2;0
28;2025-12-15;3;0
28;2025-12-15;4;0
28;2025-12-15;5;74
28;2025-12-15;6;255
28;2025-12-15;7;734
28;2025-12-15;8;1164
28;2025-12-15;9;760
28;2025-12-15;10;598
28;2025-12-15;11;540
28;2025-12-15;12;634
28;2025-12-15;13;658
28;2025-12-15;14;638
28;2025-12-15;15;676
28;2025-12-15;16;810
28;2025-12-15;17;996
28;2025-12-15;18;978
28;2025-12-15;19;703
28;2025-12-15;20;481
28;2025-12-15;21;306
28;2025-12-15;22;122
28;2025-12-15;23;18
28;2025-12-16;0;0
28;2025-12-16;1;0
28;2025-12-16;2;0
28;2025-12-16;3;0
28;2025-12-16;4;0
28;2025-12-16;5;71
28;2025-12-16;6;252
28;2025-12-16;7;757
28;2025-12-16;8;1208
28;2025-12-16;9;778
28;2025-12-16;10;610
28;2025-12-16;11;566
28;2025-12-16;12;644
28;2025-12-16;13;673
28;2025-12-16;14;655
28;2025-12-16;15;697
28;2025-12-16;16;780
28;2025-12-16;17;967
28;2025-12-16;18;978
28;2025-12-16;19;692
28;2025-12-16;20;474
28;2025-12-16;21;309
28;2025-12-16;22;126
28;2025-12-16;23;19
28;2025-12-17;0;0
28;2025-12-17;1;0
28;2025-12-17;2;0
28;2025-12-17;3;0
28;2025-12-17;4;0
28;2025-12-17;5;74
28;2025-12-17;6;256
28;2025-12-17;7;771
28;2025-12-17;8;1229
28;2025-12-17;9;828
28;2025-12-17;10;630
28;2025-12-17;11;593
28;2025-12-17;12;707
28;2025-12-17;13;726
28;2025-12-17;14;689
28;2025-12-17;15;727
28;2025-12-17;16;869
28;2025-12-17;17;1044
28;2025-12-17;18;1039
28;2025-12-17;19;763
28;2025-12-17;20;537
28;2025-12-17;21;332
28;2025-12-17;22;133
28;2025-12-17;23;22
28;2025-12-18;0;0
28;2025-12-18;1;0
28;2025-12-18;2;0
28;2025-12-18;3;0
28;2025-12-18;4;0
28;2025-12-18;5;78
28;2025-12-18;6;249
28;2025-12-18;7;771
28;2025-12-18;8;1172
28;2025-12-18;9;785
28;2025-12-18;10;604
28;2025-12-18;11;574
28;2025-12-18;12;658
28;2025-12-18;13;697
28;2025-12-18;14;662
28;2025-12-18;15;725
28;2025-12-18;16;822
28;2025-12-18;17;1048
28;2025-12-18;18;1029
28;2025-12-18;19;732
28;2025-12-18;20;522
28;2025-12-18;21;333
28;2025-12-18;22;140
28;2025-12-18;23;22
28;2025-12-19;0;0
28;2025-12-19;1;0
28;2025-12-19;2;0
28;2025-12-19;3;0
28;2025-12-19;4;0
28;2025-12-19;5;75
28;2025-12-19;6;275
28;2025-12-19;7;794
28;2025-12-19;8;1242
28;2025-12-19;9;799
28;2025-12-19;10;620
28;2025-12-19;11;583
28;2025-12-19;12;696
28;2025-12-19;13;707
28;2025-12-19;14;687
28;2025-12-19;15;745
28;2025-12-19;16;880
28;2025-12-19;17;1020
28;2025-12-19;18;877
28;2025-12-19;19;672
28;2025-12-19;20;464
28;2025-12-19;21;328
28;2025-12-19;22;135
28;2025-12-19;23;25
28;2025-12-20;0;1
28;2025-12-20;1;0
28;2025-12-20;2;0
28;2025-12-20;3;0
28;2025-12-20;4;0
28;2025-12-20;5;34
28;2025-12-20;6;106
28;2025-12-20;7;232
28;2025-12-20;8;389
28;2025-12-20;9;440
28;2025-12-20;10;476
28;2025-12-20;11;506
28;2025-12-20;12;592
28;2025-12-20;13;619
28;2025-12-20;14;603
28;2025-12-20;15;605
28;2025-12-20;16;625
28;2025-12-20;17;597
28;2025-12-20;18;509
28;2025-12-20;19;400
28;2025-12-20;20;308
28;2025-12-20;21;257
28;2025-12-20;22;125
28;2025-12-20;23;25
28;2025-12-21;0;0
28;2025-12-21;1;0
28;2025-12-21;2;0
28;2025-12-21;3;0
28;2025-12-21;4;0
28;2025-12-21;5;25
28;2025-12-21;6;71
28;2025-12-21;7;170
28;2025-12-21;8;251
28;2025-12-21;9;343
28;2025-12-21;10;387
28;2025-12-21;11;430
28;2025-12-21;12;470
28;2025-12-21;13;537
28;2025-12-21;14;524
28;2025-12-21;15;519
28;2025-12-21;16;498
28;2025-12-21;17;520
28;2025-12-21;18;435
28;2025-12-21;19;376
28;2025-12-21;20;284
28;2025-12-21;21;224
28;2025-12-21;22;116
28;2025-12-21;23;22
28;2025-12-22;0;0
28;2025-12-22;1;0
28;2025-12-22;2;0
28;2025-12-22;3;0
28;2025-12-22;4;0
28;2025-12-22;5;74
28;2025-12-22;6;255
28;2025-12-22;7;734
28;2025-12-22;8;1164
28;2025-12-22;9;760
28;2025-12-22;10;598
28;2025-12-22;11;540
28;2025-12-22;12;634
28;2025-12-22;13;658
28;2025-12-22;14;638
28;2025-12-22;15;676
28;2025-12-22;16;810
28;2025-12-22;17;996
28;2025-12-22;18;978
28;2025-12-22;19;703
28;2025-12-22;20;481
28;2025-12-22;21;306
28;2025-12-22;22;122
28;2025-12-22;23;18
28;2025-12-23;0;0
28;2025-12-23;1;0
28;2025-12-23;2;0
28;2025-12-23;3;0
28;2025-12-23;4;0
28;2025-12-23;5;71
28;2025-12-23;6;252
28;2025-12-23;7;757
28;2025-12-23;8;1208
28;2025-12-23;9;778
28;2025-12-23;10;610
28;2025-12-23;11;566
28;2025-12-23;12;644
28;2025-12-23;13;673
28;2025-12-23;14;655
28;2025-12-23;15;697
28;2025-12-23;16;780
28;2025-12-23;17;967
28;2025-12-23;18;978
28;2025-12-23;19;692
28;2025-12-23;20;474
28;2025-12-23;21;309
28;2025-12-23;22;126
28;2025-12-23;23;19
28;2025-12-24;0;0
28;2025-12-24;1;0
28;2025-12-24;2;0
28;2025-12-24;3;0
28;2025-12-24;4;0
28;2025-12-24;5;74
28;2025-12-24;6;256
28;2025-12-24;7;771
28;2025-12-24;8;1229
28;2025-12-24;9;828
28;2025-12-24;10;630
28;2025-12-24;11;593
28;2025-12-24;12;707
28;2025-12-24;13;726
28;2025-12-24;14;689
28;2025-12-24;15;727
28;2025-12-24;16;869
28;2025-12-24;17;1044
28;2025-12-24;18;1039
28;2025-12-24;19;763
28;2025-12-24;20;537
28;2025-12-24;21;332
28;2025-12-24;22;133
28;2025-12-24;23;22
28;2025-12-25;0;0
28;2025-12-25;1;0
28;2025-12-25;2;0
28;2025-12-25;3;0
28;2025-12-25;4;0
28;2025-12-25;5;78
28;2025-12-25;6;249
28;2025-12-25;7;771
28;2025-12-25;8;1172
28;2025-12-25;9;785
28;2025-12-25;10;604
28;2025-12-25;11;574
28;2025-12-25;12;658
28;2025-12-25;13;697
28;2025-12-25;14;662
28;2025-12-25;15;725
28;2025-12-25;16;822
28;2025-12-25;17;1048
28;2025-12-25;18;1029
28;2025-12-25;19;732
28;2025-12-25;20;522
28;2025-12-25;21;333
28;2025-12-25;22;140
28;2025-12-25;23;22
28;2025-12-26;0;0
28;2025-12-26;1;0
28;2025-12-26;2;0
28;2025-12-26;3;0
28;2025-12-26;4;0
28;2025-12-26;5;75
28;2025-12-26;6;275
28;2025-12-26;7;794
28;2025-12-26;8;1242
28;2025-12-26;9;799
28;2025-12-26;10;620
28;2025-12-26;11;583
28;2025-12-26;12;696
28;2025-12-26;13;707
28;2025-12-26;14;687
28;2025-12-26;15;745
28;2025-12-26;16;880
28;2025-12-26;17;1020
28;2025-12-26;18;877
28;2025-12-26;19;672
28;2025-12-26;20;464
28;2025-12-26;21;328
28;2025-12-26;22;135
28;2025-12-26;23;25
28;2025-12-27;0;1
28;2025-12-27;1;0
28;2025-12-27;2;0
28;2025-12-27;3;0
28;2025-12-27;4;0
28;2025-12-27;5;34
28;2025-12-27;6;106
28;2025-12-27;7;232
28;2025-12-27;8;389
28;2025-12-27;9;440
28;2025-12-27;10;476
28;2025-12-27;11;506
28;2025-12-27;12;592
28;2025-12-27;13;619
28;2025-12-27;14;603
28;2025-12-27;15;605
28;2025-12-27;16;625
28;2025-12-27;17;597
28;2025-12-27;18;509
28;2025-12-27;19;400
28;2025-12-27;20;308
28;2025-12-27;21;257
28;2025-12-27;22;125
28;2025-12-27;23;25
28;2025-12-28;0;0
28;2025-12-28;1;0
28;2025-12-28;2;0
28;2025-12-28;3;0
28;2025-12-28;4;0
28;2025-12-28;5;25
28;2025-12-28;6;71
28;2025-12-28;7;170
28;2025-12-28;8;251
28;2025-12-28;9;343
28;2025-12-28;10;387
28;2025-12-28;11;430
28;2025-12-28;12;470
28;2025-12-28;13;537
28;2025-12-28;14;524
28;2025-12-28;15;519
28;2025-12-28;16;498
28;2025-12-28;17;520
28;2025-12-28;18;435
28;2025-12-28;19;376
28;2025-12-28;20;284
28;2025-12-28;21;224
28;2025-12-28;22;116
28;2025-12-28;23;22
28;2025-12-29;0;0
28;2025-12-29;1;0
28;2025-12-29;2;0
28;2025-12-29;3;0
28;2025-12-29;4;0
28;2025-12-29;5;74
28;2025-12-29;6;255
28;2025-12-29;7;734
28;2025-12-29;8;1164
28;2025-12-29;9;760
28;2025-12-29;10;598
28;2025-12-29;11;540
28;2025-12-29;12;634
28;2025-12-29;13;658
28;2025-12-29;14;638
28;2025-12-29;15;676
28;2025-12-29;16;810
28;2025-12-29;17;996
28;2025-12-29;18;978
28;2025-12-29;19;703
28;2025-12-29;20;481
28;2025-12-29;21;306
28;2025-12-29;22;122
28;2025-12-29;23;18
28;2025-12-30;0;0
28;2025-12-30;1;0
28;2025-12-30;2;0
28;2025-12-30;3;0
28;2025-12-30;4;0
28;2025-12-30;5;70
28;2025-12-30;6;252
28;2025-12-30;7;758
28;2025-12-30;8;1212
28;2025-12-30;9;783
28;2025-12-30;10;615
28;2025-12-30;11;574
28;2025-12-30;12;650
28;2025-12-30;13;682
28;2025-12-30;14;668
28;2025-12-30;15;710
28;2025-12-30;16;793
28;2025-12-30;17;948
28;2025-12-30;18;955
28;2025-12-30;19;669
28;2025-12-30;20;469
28;2025-12-30;21;307
28;2025-12-30;22;125
28;2025-12-30;23;18
28;2025-12-31;0;1
28;2025-12-31;1;0
28;2025-12-31;2;0
28;2025-12-31;3;0
28;2025-12-31;4;0
28;2025-12-31;5;25
28;2025-12-31;6;72
28;2025-12-31;7;164
28;2025-12-31;8;218
28;2025-12-31;9;316
28;2025-12-31;10;374
28;2025-12-31;11;422
28;2025-12-31;12;450
28;2025-12-31;13;530
28;2025-12-31;14;513
28;2025-12-31;15;510
28;2025-12-31;16;468
28;2025-12-31;17;517
28;2025-12-31;18;441
28;2025-12-31;19;377
28;2025-12-31;20;291
28;2025-12-31;21;231
28;2025-12-31;22;119
28;2025-12-31;23;24
50;2025-11-01;0;30
50;2025-11-01;1;0
50;2025-11-01;2;0
50;2025-11-01;3;0
50;2025-11-01;4;0
50;2025-11-01;5;56
50;2025-11-01;6;346
50;2025-11-01;7;1129
50;2025-11-01;8;1778
50;2025-11-01;9;1443
50;2025-11-01;10;1142
50;2025-11-01;11;1078
50;2025-11-01;12;1079
50;2025-11-01;13;1089
50;2025-11-01;14;1098
50;2025-11-01;15;1170
50;2025-11-01;16;1278
50;2025-11-01;17;1506
50;2025-11-01;18;1437
50;2025-11-01;19;993
50;2025-11-01;20;698
50;2025-11-01;21;457
50;2025-11-01;22;209
50;2025-11-01;23;133
50;2025-11-02;0;10
50;2025-11-02;1;0
50;2025-11-02;2;0
50;2025-11-02;3;0
50;2025-11-02;4;0
50;2025-11-02;5;1
50;2025-11-02;6;20
50;2025-11-02;7;6
50;2025-11-02;8;10
50;2025-11-02;9;12
50;2025-11-02;10;13
50;2025-11-02;11;26
50;2025-11-02;12;32
50;2025-11-02;13;36
50;2025-11-02;14;53
50;2025-11-02;15;51
50;2025-11-02;16;44
50;2025-11-02;17;54
50;2025-11-02;18;27
50;2025-11-02;19;19
50;2025-11-02;20;17
50;2025-11-02;21;12
50;2025-11-02;22;7
50;2025-11-02;23;3
50;2025-11-03;0;15
50;2025-11-03;1;0
50;2025-11-03;2;0
50;2025-11-03;3;0
50;2025-11-03;4;0
50;2025-11-03;5;2
50;2025-11-03;6;37
50;2025-11-03;7;28
50;2025-11-03;8;63
50;2025-11-03;9;78
50;2025-11-03;10;79
50;2025-11-03;11;110
50;2025-11-03;12;130
50;2025-11-03;13;120
50;2025-11-03;14;143
50;2025-11-03;15;127
50;2025-11-03;16;142
50;2025-11-03;17;156
50;2025-11-03;18;115
50;2025-11-03;19;105
50;2025-11-03;20;80
50;2025-11-03;21;60
50;2025-11-03;22;26
50;2025-11-03;23;9
50;2025-11-04;0;11
50;2025-11-04;1;0
50;2025-11-04;2;0
50;2025-11-04;3;0
50;2025-11-04;4;0
50;2025-11-04;5;1
50;2025-11-04;6;28
50;2025-11-04;7;16
50;2025-11-04;8;46
50;2025-11-04;9;40
50;2025-11-04;10;38
50;2025-11-04;11;76
50;2025-11-04;12;101
50;2025-11-04;13;86
50;2025-11-04;14;108
50;2025-11-04;15;94
50;2025-11-04;16;106
50;2025-11-04;17;104
50;2025-11-04;18;93
50;2025-11-04;19;72
50;2025-11-04;20;62
50;2025-11-04;21;46
50;2025-11-04;22;16
50;2025-11-04;23;6
50;2025-11-05;0;24
50;2025-11-05;1;0
50;2025-11-05;2;0
50;2025-11-05;3;0
50;2025-11-05;4;0
50;2025-11-05;5;83
50;2025-11-05;6;542
50;2025-11-05;7;1774
50;2025-11-05;8;2930
50;2025-11-05;9;2211
50;2025-11-05;10;1692
50;2025-11-05;11;1545
50;2025-11-05;12;1539
50;2025-11-05;13;1515
50;2025-11-05;14;1489
50;2025-11-05;15;1659
50;2025-11-05;16;1753
50;2025-11-05;17;2377
50;2025-11-05;18;2531
50;2025-11-05;19;1498
50;2025-11-05;20;937
50;2025-11-05;21;636
50;2025-11-05;22;259
50;2025-11-05;23;151
50;2025-11-06;0;37
50;2025-11-06;1;0
50;2025-11-06;2;0
50;2025-11-06;3;0
50;2025-11-06;4;0
50;2025-11-06;5;72
50;2025-11-06;6;522
50;2025-11-06;7;1726
50;2025-11-06;8;2764
50;2025-11-06;9;2185
50;2025-11-06;10;1672
50;2025-11-06;11;1504
50;2025-11-06;12;1526
50;2025-11-06;13;1479
50;2025-11-06;14;1467
50;2025-11-06;15;1641
50;2025-11-06;16;1733
50;2025-11-06;17;2312
50;2025-11-06;18;2473
50;2025-11-06;19;1500
50;2025-11-06;20;981
50;2025-11-06;21;657
50;2025-11-06;22;259
50;2025-11-06;23;155
50;2025-11-07;0;40
50;2025-11-07;1;0
50;2025-11-07;2;0
50;2025-11-07;3;0
50;2025-11-07;4;0
50;2025-11-07;5;73
50;2025-11-07;6;524
50;2025-11-07;7;1732
50;2025-11-07;8;2737
50;2025-11-07;9;2133
50;2025-11-07;10;1564
50;2025-11-07;11;1464
50;2025-11-07;12;1471
50;2025-11-07;13;1481
50;2025-11-07;14;1475
50;2025-11-07;15;1686
50;2025-11-07;16;1989
50;2025-11-07;17;2140
50;2025-11-07;18;1761
50;2025-11-07;19;1294
50;2025-11-07;20;887
50;2025-11-07;21;572
50;2025-11-07;22;246
50;2025-11-07;23;157
50;2025-11-08;0;18
50;2025-11-08;1;0
50;2025-11-08;2;0
50;2025-11-08;3;0
50;2025-11-08;4;0
50;2025-11-08;5;1
50;2025-11-08;6;27
50;2025-11-08;7;13
50;2025-11-08;8;44
50;2025-11-08;9;22
50;2025-11-08;10;33
50;2025-11-08;11;54
50;2025-11-08;12;54
50;2025-11-08;13;54
50;2025-11-08;14;83
50;2025-11-08;15;47
50;2025-11-08;16;56
50;2025-11-08;17;86
50;2025-11-08;18;60
50;2025-11-08;19;42
50;2025-11-08;20;30
50;2025-11-08;21;12
50;2025-11-08;22;12
50;2025-11-08;23;10
50;2025-11-09;0;9
50;2025-11-09;1;0
50;2025-11-09;2;0
50;2025-11-09;3;0
50;2025-11-09;4;0
50;2025-11-09;5;0
50;2025-11-09;6;18
50;2025-11-09;7;5
50;2025-11-09;8;7
50;2025-11-09;9;8
50;2025-11-09;10;9
50;2025-11-09;11;15
50;2025-11-09;12;22
50;2025-11-09;13;24
50;2025-11-09;14;40
50;2025-11-09;15;39
50;2025-11-09;16;32
50;2025-11-09;17;40
50;2025-11-09;18;16
50;2025-11-09;19;10
50;2025-11-09;20;9
50;2025-11-09;21;6
50;2025-11-09;22;4
50;2025-11-09;23;2
50;2025-11-10;0;17
50;2025-11-10;1;0
50;2025-11-10;2;0
50;2025-11-10;3;0
50;2025-11-10;4;0
50;2025-11-10;5;71
50;2025-11-10;6;543
50;2025-11-10;7;1752
50;2025-11-10;8;2816
50;2025-11-10;9;2214
50;2025-11-10;10;1626
50;2025-11-10;11;1477
50;2025-11-10;12;1452
50;2025-11-10;13;1457
50;2025-11-10;14;1444
50;2025-11-10;15;1638
50;2025-11-10;16;1704
50;2025-11-10;17;2275
50;2025-11-10;18;2492
50;2025-11-10;19;1436
50;2025-11-10;20;889
50;2025-11-10;21;603
50;2025-11-10;22;235
50;2025-11-10;23;126
50;2025-11-11;0;28
50;2025-11-11;1;0
50;2025-11-11;2;0
50;2025-11-11;3;0
50;2025-11-11;4;0
50;2025-11-11;5;79
50;2025-11-11;6;566
50;2025-11-11;7;1839
50;2025-11-11;8;2834
50;2025-11-11;9;2227
50;2025-11-11;10;1692
50;2025-11-11;11;1528
50;2025-11-11;12;1503
50;2025-11-11;13;1502
50;2025-11-11;14;1472
50;2025-11-11;15;1671
50;2025-11-11;16;1761
50;2025-11-11;17;2394
50;2025-11-11;18;2478
50;2025-11-11;19;1481
50;2025-11-11;20;954
50;2025-11-11;21;619
50;2025-11-11;22;244
50;2025-11-11;23;139
50;2025-11-12;0;24
50;2025-11-12;1;0
50;2025-11-12;2;0
50;2025-11-12;3;0
50;2025-11-12;4;0
50;2025-11-12;5;83
50;2025-11-12;6;542
50;2025-11-12;7;1774
50;2025-11-12;8;2930
50;2025-11-12;9;2211
50;2025-11-12;10;1692
50;2025-11-12;11;1545
50;2025-11-12;12;1539
50;2025-11-12;13;1515
50;2025-11-12;14;1489
50;2025-11-12;15;1659
50;2025-11-12;16;1753
50;2025-11-12;17;2377
50;2025-11-12;18;2531
50;2025-11-12;19;1498
50;2025-11-12;20;937
50;2025-11-12;21;636
50;2025-11-12;22;259
50;2025-11-12;23;150
50;2025-11-13;0;37
50;2025-11-13;1;0
50;2025-11-13;2;0
50;2025-11-13;3;0
50;2025-11-13;4;0
50;2025-11-13;5;72
50;2025-11-13;6;522
50;2025-11-13;7;1727
50;2025-11-13;8;2766
50;2025-11-13;9;2186
50;2025-11-13;10;1673
50;2025-11-13;11;1505
50;2025-11-13;12;1527
50;2025-11-13;13;1480
50;2025-11-13;14;1468
50;2025-11-13;15;1642
50;2025-11-13;16;1732
50;2025-11-13;17;2311
50;2025-11-13;18;2473
50;2025-11-13;19;1497
50;2025-11-13;20;978
50;2025-11-13;21;654
50;2025-11-13;22;259
50;2025-11-13;23;154
50;2025-11-14;0;40
50;2025-11-14;1;0
50;2025-11-14;2;0
50;2025-11-14;3;0
50;2025-11-14;4;0
50;2025-11-14;5;73
50;2025-11-14;6;524
50;2025-11-14;7;1732
50;2025-11-14;8;2738
50;2025-11-14;9;2133
50;2025-11-14;10;1565
50;2025-11-14;11;1465
50;2025-11-14;12;1471
50;2025-11-14;13;1482
50;2025-11-14;14;1475
50;2025-11-14;15;1686
50;2025-11-14;16;1989
50;2025-11-14;17;2140
50;2025-11-14;18;1761
50;2025-11-14;19;1293
50;2025-11-14;20;885
50;2025-11-14;21;571
50;2025-11-14;22;246
50;2025-11-14;23;157
50;2025-11-15;0;56
50;2025-11-15;1;0
50;2025-11-15;2;0
50;2025-11-15;3;0
50;2025-11-15;4;0
50;2025-11-15;5;32
50;2025-11-15;6;172
50;2025-11-15;7;403
50;2025-11-15;8;626
50;2025-11-15;9;601
50;2025-11-15;10;660
50;2025-11-15;11;767
50;2025-11-15;12;789
50;2025-11-15;13;822
50;2025-11-15;14;879
50;2025-11-15;15;780
50;2025-11-15;16;808
50;2025-11-15;17;881
50;2025-11-15;18;807
50;2025-11-15;19;672
50;2025-11-15;20;537
50;2025-11-15;21;386
50;2025-11-15;22;223
50;2025-11-15;23;137
50;2025-11-16;0;44
50;2025-11-16;1;0
50;2025-11-16;2;0
50;2025-11-16;3;0
50;2025-11-16;4;0
50;2025-11-16;5;27
50;2025-11-16;6;142
50;2025-11-16;7;279
50;2025-11-16;8;443
50;2025-11-16;9;511
50;2025-11-16;10;532
50;2025-11-16;11;683
50;2025-11-16;12;720
50;2025-11-16;13;755
50;2025-11-16;14;798
50;2025-11-16;15;759
50;2025-11-16;16;749
50;2025-11-16;17;812
50;2025-11-16;18;710
50;2025-11-16;19;590
50;2025-11-16;20;483
50;2025-11-16;21;377
50;2025-11-16;22;201
50;2025-11-16;23;112
50;2025-11-17;0;17
50;2025-11-17;1;0
50;2025-11-17;2;0
50;2025-11-17;3;0
50;2025-11-17;4;0
50;2025-11-17;5;71
50;2025-11-17;6;543
50;2025-11-17;7;1752
50;2025-11-17;8;2816
50;2025-11-17;9;2214
50;2025-11-17;10;1626
50;2025-11-17;11;1477
50;2025-11-17;12;1452
50;2025-11-17;13;1457
50;2025-11-17;14;1444
50;2025-11-17;15;1638
50;2025-11-17;16;1704
50;2025-11-17;17;2275
50;2025-11-17;18;2492
50;2025-11-17;19;1436
50;2025-11-17;20;889
50;2025-11-17;21;603
50;2025-11-17;22;235
50;2025-11-17;23;126
50;2025-11-18;0;28
50;2025-11-18;1;0
50;2025-11-18;2;0
50;2025-11-18;3;0
50;2025-11-18;4;0
50;2025-11-18;5;79
50;2025-11-18;6;566
50;2025-11-18;7;1839
50;2025-11-18;8;2834
50;2025-11-18;9;2227
50;2025-11-18;10;1693
50;2025-11-18;11;1529
50;2025-11-18;12;1503
50;2025-11-18;13;1503
50;2025-11-18;14;1473
50;2025-11-18;15;1672
50;2025-11-18;16;1760
50;2025-11-18;17;2394
50;2025-11-18;18;2478
50;2025-11-18;19;1480
50;2025-11-18;20;954
50;2025-11-18;21;618
50;2025-11-18;22;242
50;2025-11-18;23;137
50;2025-11-19;0;24
50;2025-11-19;1;0
50;2025-11-19;2;0
50;2025-11-19;3;0
50;2025-11-19;4;0
50;2025-11-19;5;83
50;2025-11-19;6;542
50;2025-11-19;7;1773
50;2025-11-19;8;2930
50;2025-11-19;9;2211
50;2025-11-19;10;1693
50;2025-11-19;11;1546
50;2025-11-19;12;1540
50;2025-11-19;13;1515
50;2025-11-19;14;1489
50;2025-11-19;15;1660
50;2025-11-19;16;1753
50;2025-11-19;17;2377
50;2025-11-19;18;2531
50;2025-11-19;19;1498
50;2025-11-19;20;937
50;2025-11-19;21;636
50;2025-11-19;22;259
50;2025-11-19;23;149
50;2025-11-20;0;36
50;2025-11-20;1;0
50;2025-11-20;2;0
50;2025-11-20;3;0
50;2025-11-20;4;0
50;2025-11-20;5;72
50;2025-11-20;6;522
50;2025-11-20;7;1727
50;2025-11-20;8;2766
50;2025-11-20;9;2187
50;2025-11-20;10;1674
50;2025-11-20;11;1506
50;2025-11-20;12;1528
50;2025-11-20;13;1481
50;2025-11-20;14;1469
50;2025-11-20;15;1643
50;2025-11-20;16;1732
50;2025-11-20;17;2311
50;2025-11-20;18;2473
50;2025-11-20;19;1496
50;2025-11-20;20;977
50;2025-11-20;21;653
50;2025-11-20;22;257
50;2025-11-20;23;152
50;2025-11-21;0;39
50;2025-11-21;1;0
50;2025-11-21;2;0
50;2025-11-21;3;0
50;2025-11-21;4;0
50;2025-11-21;5;73
50;2025-11-21;6;524
50;2025-11-21;7;1732
50;2025-11-21;8;2738
50;2025-11-21;9;2133
50;2025-11-21;10;1566
50;2025-11-21;11;1465
50;2025-11-21;12;1472
50;2025-11-21;13;1482
50;2025-11-21;14;1476
50;2025-11-21;15;1686
50;2025-11-21;16;1989
50;2025-11-21;17;2140
50;2025-11-21;18;1761
50;2025-11-21;19;1292
50;2025-11-21;20;885
50;2025-11-21;21;571
50;2025-11-21;22;246
50;2025-11-21;23;156
50;2025-11-22;0;55
50;2025-11-22;1;0
50;2025-11-22;2;0
50;2025-11-22;3;0
50;2025-11-22;4;0
50;2025-11-22;5;32
50;2025-11-22;6;173
50;2025-11-22;7;403
50;2025-11-22;8;626
50;2025-11-22;9;601
50;2025-11-22;10;660
50;2025-11-22;11;767
50;2025-11-22;12;789
50;2025-11-22;13;822
50;2025-11-22;14;879
50;2025-11-22;15;780
50;2025-11-22;16;808
50;2025-11-22;17;881
50;2025-11-22;18;807
50;2025-11-22;19;672
50;2025-11-22;20;537
50;2025-11-22;21;385
50;2025-11-22;22;222
50;2025-11-22;23;136
50;2025-11-23;0;44
50;2025-11-23;1;0
50;2025-11-23;2;0
50;2025-11-23;3;0
50;2025-11-23;4;0
50;2025-11-23;5;27
50;2025-11-23;6;142
50;2025-11-23;7;279
50;2025-11-23;8;443
50;2025-11-23;9;511
50;2025-11-23;10;532
50;2025-11-23;11;683
50;2025-11-23;12;720
50;2025-11-23;13;755
50;2025-11-23;14;798
50;2025-11-23;15;759
50;2025-11-23;16;750
50;2025-11-23;17;812
50;2025-11-23;18;710
50;2025-11-23;19;590
50;2025-11-23;20;483
50;2025-11-23;21;377
50;2025-11-23;22;201
50;2025-11-23;23;112
50;2025-11-24;0;16
50;2025-11-24;1;0
50;2025-11-24;2;0
50;2025-11-24;3;0
50;2025-11-24;4;0
50;2025-11-24;5;71
50;2025-11-24;6;543
50;2025-11-24;7;1752
50;2025-11-24;8;2816
50;2025-11-24;9;2214
50;2025-11-24;10;1626
50;2025-11-24;11;1477
50;2025-11-24;12;1452
50;2025-11-24;13;1457
50;2025-11-24;14;1444
50;2025-11-24;15;1638
50;2025-11-24;16;1704
50;2025-11-24;17;2275
50;2025-11-24;18;2492
50;2025-11-24;19;1436
50;2025-11-24;20;889
50;2025-11-24;21;603
50;2025-11-24;22;235
50;2025-11-24;23;126
50;2025-11-25;0;27
50;2025-11-25;1;0
50;2025-11-25;2;0
50;2025-11-25;3;0
50;2025-11-25;4;0
50;2025-11-25;5;79
50;2025-11-25;6;566
50;2025-11-25;7;1839
50;2025-11-25;8;2835
50;2025-11-25;9;2227
50;2025-11-25;10;1693
50;2025-11-25;11;1529
50;2025-11-25;12;1504
50;2025-11-25;13;1503
50;2025-11-25;14;1473
50;2025-11-25;15;1672
50;2025-11-25;16;1761
50;2025-11-25;17;2395
50;2025-11-25;18;2478
50;2025-11-25;19;1480
50;2025-11-25;20;954
50;2025-11-25;21;618
50;2025-11-25;22;242
50;2025-11-25;23;137
50;2025-11-26;0;23
50;2025-11-26;1;0
50;2025-11-26;2;0
50;2025-11-26;3;0
50;2025-11-26;4;0
50;2025-11-26;5;83
50;2025-11-26;6;542
50;2025-11-26;7;1774
50;2025-11-26;8;2930
50;2025-11-26;9;2211
50;2025-11-26;10;1693
50;2025-11-26;11;1546
50;2025-11-26;12;1540
50;2025-11-26;13;1516
50;2025-11-26;14;1489
50;2025-11-26;15;1660
50;2025-11-26;16;1753
50;2025-11-26;17;2377
50;2025-11-26;18;2531
50;2025-11-26;19;1498
50;2025-11-26;20;937
50;2025-11-26;21;636
50;2025-11-26;22;259
50;2025-11-26;23;149
50;2025-11-27;0;36
50;2025-11-27;1;0
50;2025-11-27;2;0
50;2025-11-27;3;0
50;2025-11-27;4;0
50;2025-11-27;5;72
50;2025-11-27;6;522
50;2025-11-27;7;1727
50;2025-11-27;8;2766
50;2025-11-27;9;2187
50;2025-11-27;10;1674
50;2025-11-27;11;1506
50;2025-11-27;12;1528
50;2025-11-27;13;1481
50;2025-11-27;14;1469
50;2025-11-27;15;1643
50;2025-11-27;16;1732
50;2025-11-27;17;2311
50;2025-11-27;18;2473
50;2025-11-27;19;1496
50;2025-11-27;20;977
50;2025-11-27;21;653
50;2025-11-27;22;257
50;2025-11-27;23;152
50;2025-11-28;0;38
50;2025-11-28;1;0
50;2025-11-28;2;0
50;2025-11-28;3;0
50;2025-11-28;4;0
50;2025-11-28;5;73
50;2025-11-28;6;524
50;2025-11-28;7;1733
50;2025-11-28;8;2738
50;2025-11-28;9;2134
50;2025-11-28;10;1566
50;2025-11-28;11;1466
50;2025-11-28;12;1472
50;2025-11-28;13;1482
50;2025-11-28;14;1476
50;2025-11-28;15;1686
50;2025-11-28;16;1989
50;2025-11-28;17;2140
50;2025-11-28;18;1761
50;2025-11-28;19;1292
50;2025-11-28;20;885
50;2025-11-28;21;571
50;2025-11-28;22;246
50;2025-11-28;23;156
50;2025-11-29;0;55
50;2025-11-29;1;0
50;2025-11-29;2;0
50;2025-11-29;3;0
50;2025-11-29;4;0
50;2025-11-29;5;32
50;2025-11-29;6;173
50;2025-11-29;7;403
50;2025-11-29;8;626
50;2025-11-29;9;601
50;2025-11-29;10;660
50;2025-11-29;11;767
50;2025-11-29;12;789
50;2025-11-29;13;822
50;2025-11-29;14;879
50;2025-11-29;15;780
50;2025-11-29;16;808
50;2025-11-29;17;881
50;2025-11-29;18;807
50;2025-11-29;19;672
50;2025-11-29;20;537
50;2025-11-29;21;385
50;2025-11-29;22;222
50;2025-11-29;23;136
50;2025-11-30;0;43
50;2025-11-30;1;0
50;2025-11-30;2;0
50;2025-11-30;3;0
50;2025-11-30;4;0
50;2025-11-30;5;27
50;2025-11-30;6;142
50;2025-11-30;7;279
50;2025-11-30;8;443
50;2025-11-30;9;511
50;2025-11-30;10;532
50;2025-11-30;11;683
50;2025-11-30;12;720
50;2025-11-30;13;755
50;2025-11-30;14;798
50;2025-11-30;15;759
50;2025-11-30;16;750
50;2025-11-30;17;812
50;2025-11-30;18;710
50;2025-11-30;19;590
50;2025-11-30;20;483
50;2025-11-30;21;377
50;2025-11-30;22;201
50;2025-11-30;23;112
50;2025-12-01;0;16
50;2025-12-01;1;0
50;2025-12-01;2;0
50;2025-12-01;3;0
50;2025-12-01;4;0
50;2025-12-01;5;71
50;2025-12-01;6;543
50;2025-12-01;7;1752
50;2025-12-01;8;2816
50;2025-12-01;9;2214
50;2025-12-01;10;1626
50;2025-12-01;11;1477
50;2025-12-01;12;1452
50;2025-12-01;13;1457
50;2025-12-01;14;1444
50;2025-12-01;15;1638
50;2025-12-01;16;1704
50;2025-12-01;17;2275
50;2025-12-01;18;2492
50;2025-12-01;19;1436
50;2025-12-01;20;889
50;2025-12-01;21;603
50;2025-12-01;22;235
50;2025-12-01;23;126
50;2025-12-02;0;27
50;2025-12-02;1;0
50;2025-12-02;2;0
50;2025-12-02;3;0
50;2025-12-02;4;0
50;2025-12-02;5;79
50;2025-12-02;6;566
50;2025-12-02;7;1839
50;2025-12-02;8;2835
50;2025-12-02;9;2227
50;2025-12-02;10;1693
50;2025-12-02;11;1529
50;2025-12-02;12;1504
50;2025-12-02;13;1503
50;2025-12-02;14;1473
50;2025-12-02;15;1672
50;2025-12-02;16;1761
50;2025-12-02;17;2395
50;2025-12-02;18;2478
50;2025-12-02;19;1480
50;2025-12-02;20;954
50;2025-12-02;21;618
50;2025-12-02;22;242
50;2025-12-02;23;137
50;2025-12-03;0;23
50;2025-12-03;1;0
50;2025-12-03;2;0
50;2025-12-03;3;0
50;2025-12-03;4;0
50;2025-12-03;5;83
50;2025-12-03;6;542
50;2025-12-03;7;1773
50;2025-12-03;8;2929
50;2025-12-03;9;2210
50;2025-12-03;10;1693
50;2025-12-03;11;1546
50;2025-12-03;12;1539
50;2025-12-03;13;1515
50;2025-12-03;14;1489
50;2025-12-03;15;1659
50;2025-12-03;16;1752
50;2025-12-03;17;2376
50;2025-12-03;18;2532
50;2025-12-03;19;1499
50;2025-12-03;20;938
50;2025-12-03;21;637
50;2025-12-03;22;260
50;2025-12-03;23;151
50;2025-12-04;0;36
50;2025-12-04;1;0
50;2025-12-04;2;0
50;2025-12-04;3;0
50;2025-12-04;4;0
50;2025-12-04;5;71
50;2025-12-04;6;519
50;2025-12-04;7;1720
50;2025-12-04;8;2755
50;2025-12-04;9;2177
50;2025-12-04;10;1665
50;2025-12-04;11;1499
50;2025-12-04;12;1521
50;2025-12-04;13;1476
50;2025-12-04;14;1464
50;2025-12-04;15;1643
50;2025-12-04;16;1732
50;2025-12-04;17;2309
50;2025-12-04;18;2474
50;2025-12-04;19;1502
50;2025-12-04;20;985
50;2025-12-04;21;670
50;2025-12-04;22;276
50;2025-12-04;23;171
50;2025-12-05;0;38
50;2025-12-05;1;0
50;2025-12-05;2;0
50;2025-12-05;3;0
50;2025-12-05;4;0
50;2025-12-05;5;73
50;2025-12-05;6;521
50;2025-12-05;7;1723
50;2025-12-05;8;2724
50;2025-12-05;9;2122
50;2025-12-05;10;1557
50;2025-12-05;11;1457
50;2025-12-05;12;1464
50;2025-12-05;13;1476
50;2025-12-05;14;1470
50;2025-12-05;15;1683
50;2025-12-05;16;1983
50;2025-12-05;17;2135
50;2025-12-05;18;1768
50;2025-12-05;19;1302
50;2025-12-05;20;897
50;2025-12-05;21;591
50;2025-12-05;22;267
50;2025-12-05;23;178
50;2025-12-06;0;55
50;2025-12-06;1;0
50;2025-12-06;2;0
50;2025-12-06;3;0
50;2025-12-06;4;0
50;2025-12-06;5;29
50;2025-12-06;6;169
50;2025-12-06;7;399
50;2025-12-06;8;622
50;2025-12-06;9;597
50;2025-12-06;10;655
50;2025-12-06;11;762
50;2025-12-06;12;784
50;2025-12-06;13;818
50;2025-12-06;14;875
50;2025-12-06;15;781
50;2025-12-06;16;810
50;2025-12-06;17;882
50;2025-12-06;18;812
50;2025-12-06;19;677
50;2025-12-06;20;542
50;2025-12-06;21;394
50;2025-12-06;22;231
50;2025-12-06;23;145
50;2025-12-07;0;43
50;2025-12-07;1;0
50;2025-12-07;2;0
50;2025-12-07;3;0
50;2025-12-07;4;0
50;2025-12-07;5;23
50;2025-12-07;6;138
50;2025-12-07;7;275
50;2025-12-07;8;439
50;2025-12-07;9;506
50;2025-12-07;10;526
50;2025-12-07;11;678
50;2025-12-07;12;714
50;2025-12-07;13;750
50;2025-12-07;14;794
50;2025-12-07;15;759
50;2025-12-07;16;749
50;2025-12-07;17;813
50;2025-12-07;18;716
50;2025-12-07;19;596
50;2025-12-07;20;489
50;2025-12-07;21;386
50;2025-12-07;22;210
50;2025-12-07;23;122
50;2025-12-08;0;16
50;2025-12-08;1;0
50;2025-12-08;2;0
50;2025-12-08;3;0
50;2025-12-08;4;0
50;2025-12-08;5;64
50;2025-12-08;6;535
50;2025-12-08;7;1739
50;2025-12-08;8;2800
50;2025-12-08;9;2200
50;2025-12-08;10;1613
50;2025-12-08;11;1466
50;2025-12-08;12;1441
50;2025-12-08;13;1448
50;2025-12-08;14;1436
50;2025-12-08;15;1643
50;2025-12-08;16;1708
50;2025-12-08;17;2278
50;2025-12-08;18;2501
50;2025-12-08;19;1447
50;2025-12-08;20;902
50;2025-12-08;21;625
50;2025-12-08;22;257
50;2025-12-08;23;150
50;2025-12-09;0;27
50;2025-12-09;1;0
50;2025-12-09;2;0
50;2025-12-09;3;0
50;2025-12-09;4;0
50;2025-12-09;5;71
50;2025-12-09;6;557
50;2025-12-09;7;1828
50;2025-12-09;8;2823
50;2025-12-09;9;2215
50;2025-12-09;10;1681
50;2025-12-09;11;1519
50;2025-12-09;12;1493
50;2025-12-09;13;1495
50;2025-12-09;14;1466
50;2025-12-09;15;1677
50;2025-12-09;16;1766
50;2025-12-09;17;2399
50;2025-12-09;18;2486
50;2025-12-09;19;1490
50;2025-12-09;20;964
50;2025-12-09;21;637
50;2025-12-09;22;262
50;2025-12-09;23;157
50;2025-12-10;0;23
50;2025-12-10;1;0
50;2025-12-10;2;0
50;2025-12-10;3;0
50;2025-12-10;4;0
50;2025-12-10;5;74
50;2025-12-10;6;532
50;2025-12-10;7;1761
50;2025-12-10;8;2916
50;2025-12-10;9;2196
50;2025-12-10;10;1679
50;2025-12-10;11;1533
50;2025-12-10;12;1526
50;2025-12-10;13;1505
50;2025-12-10;14;1479
50;2025-12-10;15;1664
50;2025-12-10;16;1758
50;2025-12-10;17;2381
50;2025-12-10;18;2541
50;2025-12-10;19;1510
50;2025-12-10;20;951
50;2025-12-10;21;658
50;2025-12-10;22;282
50;2025-12-10;23;173
50;2025-12-11;0;36
50;2025-12-11;1;0
50;2025-12-11;2;0
50;2025-12-11;3;0
50;2025-12-11;4;0
50;2025-12-11;5;64
50;2025-12-11;6;513
50;2025-12-11;7;1717
50;2025-12-11;8;2754
50;2025-12-11;9;2175
50;2025-12-11;10;1662
50;2025-12-11;11;1495
50;2025-12-11;12;1518
50;2025-12-11;13;1473
50;2025-12-11;14;1462
50;2025-12-11;15;1648
50;2025-12-11;16;1737
50;2025-12-11;17;2316
50;2025-12-11;18;2481
50;2025-12-11;19;1506
50;2025-12-11;20;987
50;2025-12-11;21;672
50;2025-12-11;22;277
50;2025-12-11;23;172
50;2025-12-12;0;38
50;2025-12-12;1;0
50;2025-12-12;2;0
50;2025-12-12;3;0
50;2025-12-12;4;0
50;2025-12-12;5;66
50;2025-12-12;6;516
50;2025-12-12;7;1720
50;2025-12-12;8;2723
50;2025-12-12;9;2121
50;2025-12-12;10;1554
50;2025-12-12;11;1454
50;2025-12-12;12;1461
50;2025-12-12;13;1473
50;2025-12-12;14;1468
50;2025-12-12;15;1688
50;2025-12-12;16;1988
50;2025-12-12;17;2141
50;2025-12-12;18;1773
50;2025-12-12;19;1306
50;2025-12-12;20;899
50;2025-12-12;21;592
50;2025-12-12;22;268
50;2025-12-12;23;179
50;2025-12-13;0;55
50;2025-12-13;1;0
50;2025-12-13;2;0
50;2025-12-13;3;0
50;2025-12-13;4;0
50;2025-12-13;5;29
50;2025-12-13;6;169
50;2025-12-13;7;399
50;2025-12-13;8;622
50;2025-12-13;9;597
50;2025-12-13;10;655
50;2025-12-13;11;762
50;2025-12-13;12;784
50;2025-12-13;13;818
50;2025-12-13;14;875
50;2025-12-13;15;781
50;2025-12-13;16;810
50;2025-12-13;17;882
50;2025-12-13;18;812
50;2025-12-13;19;677
50;2025-12-13;20;542
50;2025-12-13;21;394
50;2025-12-13;22;231
50;2025-12-13;23;145
50;2025-12-14;0;43
50;2025-12-14;1;0
50;2025-12-14;2;0
50;2025-12-14;3;0
50;2025-12-14;4;0
50;2025-12-14;5;23
50;2025-12-14;6;138
50;2025-12-14;7;275
50;2025-12-14;8;439
50;2025-12-14;9;506
50;2025-12-14;10;526
50;2025-12-14;11;678
50;2025-12-14;12;714
50;2025-12-14;13;750
50;2025-12-14;14;794
50;2025-12-14;15;759
50;2025-12-14;16;749
50;2025-12-14;17;813
50;2025-12-14;18;716
50;2025-12-14;19;596
50;2025-12-14;20;489
50;2025-12-14;21;386
50;2025-12-14;22;210
50;2025-12-14;23;122
50;2025-12-15;0;16
50;2025-12-15;1;0
50;2025-12-15;2;0
50;2025-12-15;3;0
50;2025-12-15;4;0
50;2025-12-15;5;64
50;2025-12-15;6;535
50;2025-12-15;7;1739
50;2025-12-15;8;2800
50;2025-12-15;9;2200
50;2025-12-15;10;1613
50;2025-12-15;11;1466
50;2025-12-15;12;1441
50;2025-12-15;13;1448
50;2025-12-15;14;1436
50;2025-12-15;15;1643
50;2025-12-15;16;1708
50;2025-12-15;17;2278
50;2025-12-15;18;2501
50;2025-12-15;19;1447
50;2025-12-15;20;902
50;2025-12-15;21;625
50;2025-12-15;22;257
50;2025-12-15;23;150
50;2025-12-16;0;27
50;2025-12-16;1;0
50;2025-12-16;2;0
50;2025-12-16;3;0
50;2025-12-16;4;0
50;2025-12-16;5;71
50;2025-12-16;6;557
50;2025-12-16;7;1828
50;2025-12-16;8;2823
50;2025-12-16;9;2215
50;2025-12-16;10;1681
50;2025-12-16;11;1519
50;2025-12-16;12;1493
50;2025-12-16;13;1495
50;2025-12-16;14;1466
50;2025-12-16;15;1677
50;2025-12-16;16;1766
50;2025-12-16;17;2399
50;2025-12-16;18;2486
50;2025-12-16;19;1490
50;2025-12-16;20;964
50;2025-12-16;21;637
50;2025-12-16;22;262
50;2025-12-16;23;157
50;2025-12-17;0;23
50;2025-12-17;1;0
50;2025-12-17;2;0
50;2025-12-17;3;0
50;2025-12-17;4;0
50;2025-12-17;5;74
50;2025-12-17;6;532
50;2025-12-17;7;1761
50;2025-12-17;8;2916
50;2025-12-17;9;2196
50;2025-12-17;10;1679
50;2025-12-17;11;1533
50;2025-12-17;12;1526
50;2025-12-17;13;1505
50;2025-12-17;14;1479
50;2025-12-17;15;1664
50;2025-12-17;16;1758
50;2025-12-17;17;2381
50;2025-12-17;18;2541
50;2025-12-17;19;1510
50;2025-12-17;20;951
50;2025-12-17;21;658
50;2025-12-17;22;282
50;2025-12-17;23;173
50;2025-12-18;0;36
50;2025-12-18;1;0
50;2025-12-18;2;0
50;2025-12-18;3;0
50;2025-12-18;4;0
50;2025-12-18;5;64
50;2025-12-18;6;513
50;2025-12-18;7;1717
50;2025-12-18;8;2754
50;2025-12-18;9;2175
50;2025-12-18;10;1662
50;2025-12-18;11;1495
50;2025-12-18;12;1518
50;2025-12-18;13;1473
50;2025-12-18;14;1462
50;2025-12-18;15;1648
50;2025-12-18;16;1737
50;2025-12-18;17;2316
50;2025-12-18;18;2481
50;2025-12-18;19;1506
50;2025-12-18;20;987
50;2025-12-18;21;672
50;2025-12-18;22;277
50;2025-12-18;23;172
50;2025-12-19;0;38
50;2025-12-19;1;0
50;2025-12-19;2;0
50;2025-12-19;3;0
50;2025-12-19;4;0
50;2025-12-19;5;66
50;2025-12-19;6;516
50;2025-12-19;7;1720
50;2025-12-19;8;2723
50;2025-12-19;9;2121
50;2025-12-19;10;1554
50;2025-12-19;11;1454
50;2025-12-19;12;1461
50;2025-12-19;13;1473
50;2025-12-19;14;1468
50;2025-12-19;15;1688
50;2025-12-19;16;1988
50;2025-12-19;17;2141
50;2025-12-19;18;1773
50;2025-12-19;19;1306
50;2025-12-19;20;899
50;2025-12-19;21;592
50;2025-12-19;22;268
50;2025-12-19;23;179
50;2025-12-20;0;55
50;2025-12-20;1;0
50;2025-12-20;2;0
50;2025-12-20;3;0
50;2025-12-20;4;0
50;2025-12-20;5;29
50;2025-12-20;6;169
50;2025-12-20;7;399
50;2025-12-20;8;622
50;2025-12-20;9;597
50;2025-12-20;10;655
50;2025-12-20;11;762
50;2025-12-20;12;784
50;2025-12-20;13;818
50;2025-12-20;14;875
50;2025-12-20;15;781
50;2025-12-20;16;810
50;2025-12-20;17;882
50;2025-12-20;18;812
50;2025-12-20;19;677
50;2025-12-20;20;542
50;2025-12-20;21;394
50;2025-12-20;22;231
50;2025-12-20;23;145
50;2025-12-21;0;43
50;2025-12-21;1;0
50;2025-12-21;2;0
50;2025-12-21;3;0
50;2025-12-21;4;0
50;2025-12-21;5;23
50;2025-12-21;6;138
50;2025-12-21;7;275
50;2025-12-21;8;439
50;2025-12-21;9;506
50;2025-12-21;10;526
50;2025-12-21;11;678
50;2025-12-21;12;714
50;2025-12-21;13;750
50;2025-12-21;14;794
50;2025-12-21;15;759
50;2025-12-21;16;749
50;2025-12-21;17;813
50;2025-12-21;18;716
50;2025-12-21;19;596
50;2025-12-21;20;489
50;2025-12-21;21;386
50;2025-12-21;22;210
50;2025-12-21;23;122
50;2025-12-22;0;16
50;2025-12-22;1;0
50;2025-12-22;2;0
50;2025-12-22;3;0
50;2025-12-22;4;0
50;2025-12-22;5;64
50;2025-12-22;6;535
50;2025-12-22;7;1739
50;2025-12-22;8;2800
50;2025-12-22;9;2200
50;2025-12-22;10;1613
50;2025-12-22;11;1466
50;2025-12-22;12;1441
50;2025-12-22;13;1448
50;2025-12-22;14;1436
50;2025-12-22;15;1643
50;2025-12-22;16;1708
50;2025-12-22;17;2278
50;2025-12-22;18;2501
50;2025-12-22;19;1447
50;2025-12-22;20;902
50;2025-12-22;21;625
50;2025-12-22;22;257
50;2025-12-22;23;150
50;2025-12-23;0;27
50;2025-12-23;1;0
50;2025-12-23;2;0
50;2025-12-23;3;0
50;2025-12-23;4;0
50;2025-12-23;5;71
50;2025-12-23;6;557
50;2025-12-23;7;1828
50;2025-12-23;8;2823
50;2025-12-23;9;2215
50;2025-12-23;10;1681
50;2025-12-23;11;1519
50;2025-12-23;12;1493
50;2025-12-23;13;1495
50;2025-12-23;14;1466
50;2025-12-23;15;1677
50;2025-12-23;16;1766
50;2025-12-23;17;2399
50;2025-12-23;18;2486
50;2025-12-23;19;1490
50;2025-12-23;20;964
50;2025-12-23;21;637
50;2025-12-23;22;262
50;2025-12-23;23;157
50;2025-12-24;0;23
50;2025-12-24;1;0
50;2025-12-24;2;0
50;2025-12-24;3;0
50;2025-12-24;4;0
50;2025-12-24;5;74
50;2025-12-24;6;532
50;2025-12-24;7;1761
50;2025-12-24;8;2916
50;2025-12-24;9;2196
50;2025-12-24;10;1679
50;2025-12-24;11;1533
50;2025-12-24;12;1526
50;2025-12-24;13;1505
50;2025-12-24;14;1479
50;2025-12-24;15;1664
50;2025-12-24;16;1758
50;2025-12-24;17;2381
50;2025-12-24;18;2541
50;2025-12-24;19;1510
50;2025-12-24;20;951
50;2025-12-24;21;658
50;2025-12-24;22;282
50;2025-12-24;23;173
50;2025-12-25;0;36
50;2025-12-25;1;0
50;2025-12-25;2;0
50;2025-12-25;3;0
50;2025-12-25;4;0
50;2025-12-25;5;64
50;2025-12-25;6;513
50;2025-12-25;7;1717
50;2025-12-25;8;2754
50;2025-12-25;9;2175
50;2025-12-25;10;1662
50;2025-12-25;11;1495
50;2025-12-25;12;1518
50;2025-12-25;13;1473
50;2025-12-25;14;1462
50;2025-12-25;15;1648
50;2025-12-25;16;1737
50;2025-12-25;17;2316
50;2025-12-25;18;2481
50;2025-12-25;19;1506
50;2025-12-25;20;987
50;2025-12-25;21;672
50;2025-12-25;22;277
50;2025-12-25;23;172
50;2025-12-26;0;38
50;2025-12-26;1;0
50;2025-12-26;2;0
50;2025-12-26;3;0
50;2025-12-26;4;0
50;2025-12-26;5;66
50;2025-12-26;6;516
50;2025-12-26;7;1720
50;2025-12-26;8;2723
50;2025-12-26;9;2121
50;2025-12-26;10;1554
50;2025-12-26;11;1454
50;2025-12-26;12;1461
50;2025-12-26;13;1473
50;2025-12-26;14;1468
50;2025-12-26;15;1688
50;2025-12-26;16;1988
50;2025-12-26;17;2141
50;2025-12-26;18;1773
50;2025-12-26;19;1306
50;2025-12-26;20;899
50;2025-12-26;21;592
50;2025-12-26;22;268
50;2025-12-26;23;179
50;2025-12-27;0;55
50;2025-12-27;1;0
50;2025-12-27;2;0
50;2025-12-27;3;0
50;2025-12-27;4;0
50;2025-12-27;5;29
50;2025-12-27;6;169
50;2025-12-27;7;399
50;2025-12-27;8;622
50;2025-12-27;9;597
50;2025-12-27;10;655
50;2025-12-27;11;762
50;2025-12-27;12;784
50;2025-12-27;13;818
50;2025-12-27;14;875
50;2025-12-27;15;781
50;2025-12-27;16;810
50;2025-12-27;17;882
50;2025-12-27;18;812
50;2025-12-27;19;677
50;2025-12-27;20;542
50;2025-12-27;21;394
50;2025-12-27;22;231
50;2025-12-27;23;145
50;2025-12-28;0;43
50;2025-12-28;1;0
50;2025-12-28;2;0
50;2025-12-28;3;0
50;2025-12-28;4;0
50;2025-12-28;5;23
50;2025-12-28;6;138
50;2025-12-28;7;275
50;2025-12-28;8;439
50;2025-12-28;9;506
50;2025-12-28;10;526
50;2025-12-28;11;678
50;2025-12-28;12;714
50;2025-12-28;13;750
50;2025-12-28;14;794
50;2025-12-28;15;759
50;2025-12-28;16;749
50;2025-12-28;17;813
50;2025-12-28;18;716
50;2025-12-28;19;596
50;2025-12-28;20;489
50;2025-12-28;21;386
50;2025-12-28;22;210
50;2025-12-28;23;122
50;2025-12-29;0;16
50;2025-12-29;1;0
50;2025-12-29;2;0
50;2025-12-29;3;0
50;2025-12-29;4;0
50;2025-12-29;5;64
50;2025-12-29;6;535
50;2025-12-29;7;1739
50;2025-12-29;8;2800
50;2025-12-29;9;2200
50;2025-12-29;10;1613
50;2025-12-29;11;1466
50;2025-12-29;12;1441
50;2025-12-29;13;1448
50;2025-12-29;14;1436
50;2025-12-29;15;1643
50;2025-12-29;16;1708
50;2025-12-29;17;2278
50;2025-12-29;18;2501
50;2025-12-29;19;1447
50;2025-12-29;20;902
50;2025-12-29;21;625
50;2025-12-29;22;257
50;2025-12-29;23;150
50;2025-12-30;0;27
50;2025-12-30;1;0
50;2025-12-30;2;0
50;2025-12-30;3;0
50;2025-12-30;4;0
50;2025-12-30;5;69
50;2025-12-30;6;557
50;2025-12-30;7;1834
50;2025-12-30;8;2832
50;2025-12-30;9;2226
50;2025-12-30;10;1690
50;2025-12-30;11;1534
50;2025-12-30;12;1510
50;2025-12-30;13;1519
50;2025-12-30;14;1497
50;2025-12-30;15;1709
50;2025-12-30;16;1799
50;2025-12-30;17;2347
50;2025-12-30;18;2420
50;2025-12-30;19;1436
50;2025-12-30;20;957
50;2025-12-30;21;631
50;2025-12-30;22;260
50;2025-12-30;23;156
50;2025-12-31;0;51
50;2025-12-31;1;0
50;2025-12-31;2;0
50;2025-12-31;3;0
50;2025-12-31;4;0
50;2025-12-31;5;30
50;2025-12-31;6;165
50;2025-12-31;7;315
50;2025-12-31;8;501
50;2025-12-31;9;615
50;2025-12-31;10;587
50;2025-12-31;11;726
50;2025-12-31;12;788
50;2025-12-31;13;818
50;2025-12-31;14;877
50;2025-12-31;15;840
50;2025-12-31;16;843
50;2025-12-31;17;881
50;2025-12-31;18;812
50;2025-12-31;19;685
50;2025-12-31;20;580
50;2025-12-31;21;462
50;2025-12-31;22;244
50;2025-12-31;23;139
