route;date;hour;prediction
1;2025-11-01;0;2
1;2025-11-01;1;0
1;2025-11-01;2;0
1;2025-11-01;3;0
1;2025-11-01;4;4
1;2025-11-01;5;95
1;2025-11-01;6;364
1;2025-11-01;7;1059
1;2025-11-01;8;1289
1;2025-11-01;9;1173
1;2025-11-01;10;1145
1;2025-11-01;11;1189
1;2025-11-01;12;1251
1;2025-11-01;13;1301
1;2025-11-01;14;1236
1;2025-11-01;15;1283
1;2025-11-01;16;1292
1;2025-11-01;17;1384
1;2025-11-01;18;1160
1;2025-11-01;19;972
1;2025-11-01;20;658
1;2025-11-01;21;420
1;2025-11-01;22;173
1;2025-11-01;23;40
1;2025-11-02;0;1
1;2025-11-02;1;0
1;2025-11-02;2;0
1;2025-11-02;3;0
1;2025-11-02;4;0
1;2025-11-02;5;22
1;2025-11-02;6;114
1;2025-11-02;7;252
1;2025-11-02;8;345
1;2025-11-02;9;582
1;2025-11-02;10;667
1;2025-11-02;11;695
1;2025-11-02;12;803
1;2025-11-02;13;827
1;2025-11-02;14;777
1;2025-11-02;15;691
1;2025-11-02;16;633
1;2025-11-02;17;562
1;2025-11-02;18;499
1;2025-11-02;19;436
1;2025-11-02;20;325
1;2025-11-02;21;260
1;2025-11-02;22;98
1;2025-11-02;23;27
1;2025-11-03;0;2
1;2025-11-03;1;0
1;2025-11-03;2;0
1;2025-11-03;3;0
1;2025-11-03;4;0
1;2025-11-03;5;24
1;2025-11-03;6;124
1;2025-11-03;7;275
1;2025-11-03;8;378
1;2025-11-03;9;618
1;2025-11-03;10;720
1;2025-11-03;11;734
1;2025-11-03;12;860
1;2025-11-03;13;890
1;2025-11-03;14;832
1;2025-11-03;15;735
1;2025-11-03;16;663
1;2025-11-03;17;597
1;2025-11-03;18;529
1;2025-11-03;19;461
1;2025-11-03;20;348
1;2025-11-03;21;268
1;2025-11-03;22;104
1;2025-11-03;23;27
1;2025-11-04;0;2
1;2025-11-04;1;0
1;2025-11-04;2;0
1;2025-11-04;3;0
1;2025-11-04;4;0
1;2025-11-04;5;21
1;2025-11-04;6;109
1;2025-11-04;7;240
1;2025-11-04;8;330
1;2025-11-04;9;546
1;2025-11-04;10;632
1;2025-11-04;11;651
1;2025-11-04;12;758
1;2025-11-04;13;783
1;2025-11-04;14;734
1;2025-11-04;15;649
1;2025-11-04;16;589
1;2025-11-04;17;528
1;2025-11-04;18;468
1;2025-11-04;19;409
1;2025-11-04;20;306
1;2025-11-04;21;240
1;2025-11-04;22;92
1;2025-11-04;23;25
1;2025-11-05;0;3
1;2025-11-05;1;0
1;2025-11-05;2;0
1;2025-11-05;3;0
1;2025-11-05;4;8
1;2025-11-05;5;135
1;2025-11-05;6;560
1;2025-11-05;7;1485
1;2025-11-05;8;2023
1;2025-11-05;9;1461
1;2025-11-05;10;1358
1;2025-11-05;11;1332
1;2025-11-05;12;1405
1;2025-11-05;13;1483
1;2025-11-05;14;1399
1;2025-11-05;15;1564
1;2025-11-05;16;1520
1;2025-11-05;17;1790
1;2025-11-05;18;1806
1;2025-11-05;19;1342
1;2025-11-05;20;905
1;2025-11-05;21;494
1;2025-11-05;22;212
1;2025-11-05;23;38
1;2025-11-06;0;6
1;2025-11-06;1;0
1;2025-11-06;2;0
1;2025-11-06;3;0
1;2025-11-06;4;10
1;2025-11-06;5;115
1;2025-11-06;6;486
1;2025-11-06;7;1500
1;2025-11-06;8;1989
1;2025-11-06;9;1486
1;2025-11-06;10;1389
1;2025-11-06;11;1390
1;2025-11-06;12;1431
1;2025-11-06;13;1433
1;2025-11-06;14;1439
1;2025-11-06;15;1532
1;2025-11-06;16;1542
1;2025-11-06;17;1773
1;2025-11-06;18;1848
1;2025-11-06;19;1324
1;2025-11-06;20;908
1;2025-11-06;21;475
1;2025-11-06;22;197
1;2025-11-06;23;41
1;2025-11-07;0;4
1;2025-11-07;1;0
1;2025-11-07;2;0
1;2025-11-07;3;0
1;2025-11-07;4;7
1;2025-11-07;5;136
1;2025-11-07;6;499
1;2025-11-07;7;1524
1;2025-11-07;8;1812
1;2025-11-07;9;1447
1;2025-11-07;10;1290
1;2025-11-07;11;1382
1;2025-11-07;12;1362
1;2025-11-07;13;1411
1;2025-11-07;14;1361
1;2025-11-07;15;1529
1;2025-11-07;16;1625
1;2025-11-07;17;1813
1;2025-11-07;18;1497
1;2025-11-07;19;1242
1;2025-11-07;20;805
1;2025-11-07;21;493
1;2025-11-07;22;203
1;2025-11-07;23;48
1;2025-11-08;0;6
1;2025-11-08;1;0
1;2025-11-08;2;0
1;2025-11-08;3;0
1;2025-11-08;4;0
1;2025-11-08;5;33
1;2025-11-08;6;163
1;2025-11-08;7;361
1;2025-11-08;8;504
1;2025-11-08;9;762
1;2025-11-08;10;926
1;2025-11-08;11;899
1;2025-11-08;12;1085
1;2025-11-08;13;1136
1;2025-11-08;14;1049
1;2025-11-08;15;915
1;2025-11-08;16;794
1;2025-11-08;17;742
1;2025-11-08;18;653
1;2025-11-08;19;566
1;2025-11-08;20;438
1;2025-11-08;21;309
1;2025-11-08;22;127
1;2025-11-08;23;29
1;2025-11-09;0;1
1;2025-11-09;1;0
1;2025-11-09;2;0
1;2025-11-09;3;0
1;2025-11-09;4;0
1;2025-11-09;5;23
1;2025-11-09;6;120
1;2025-11-09;7;265
1;2025-11-09;8;363
1;2025-11-09;9;613
1;2025-11-09;10;702
1;2025-11-09;11;731
1;2025-11-09;12;846
1;2025-11-09;13;870
1;2025-11-09;14;818
1;2025-11-09;15;727
1;2025-11-09;16;666
1;2025-11-09;17;591
1;2025-11-09;18;525
1;2025-11-09;19;459
1;2025-11-09;20;342
1;2025-11-09;21;274
1;2025-11-09;22;103
1;2025-11-09;23;29
1;2025-11-10;0;0
1;2025-11-10;1;0
1;2025-11-10;2;0
1;2025-11-10;3;0
1;2025-11-10;4;9
1;2025-11-10;5;137
1;2025-11-10;6;513
1;2025-11-10;7;1490
1;2025-11-10;8;1966
1;2025-11-10;9;1476
1;2025-11-10;10;1277
1;2025-11-10;11;1277
1;2025-11-10;12;1379
1;2025-11-10;13;1434
1;2025-11-10;14;1446
1;2025-11-10;15;1572
1;2025-11-10;16;1621
1;2025-11-10;17;1882
1;2025-11-10;18;1996
1;2025-11-10;19;1454
1;2025-11-10;20;914
1;2025-11-10;21;460
1;2025-11-10;22;182
1;2025-11-10;23;47
1;2025-11-11;0;6
1;2025-11-11;1;0
1;2025-11-11;2;0
1;2025-11-11;3;1
1;2025-11-11;4;11
1;2025-11-11;5;111
1;2025-11-11;6;519
1;2025-11-11;7;1570
1;2025-11-11;8;1955
1;2025-11-11;9;1526
1;2025-11-11;10;1380
1;2025-11-11;11;1355
1;2025-11-11;12;1369
1;2025-11-11;13;1422
1;2025-11-11;14;1285
1;2025-11-11;15;1418
1;2025-11-11;16;1472
1;2025-11-11;17;1780
1;2025-11-11;18;1807
1;2025-11-11;19;1431
1;2025-11-11;20;888
1;2025-11-11;21;488
1;2025-11-11;22;193
1;2025-11-11;23;41
1;2025-11-12;0;3
1;2025-11-12;1;0
1;2025-11-12;2;0
1;2025-11-12;3;0
1;2025-11-12;4;8
1;2025-11-12;5;135
1;2025-11-12;6;560
1;2025-11-12;7;1485
1;2025-11-12;8;2023
1;2025-11-12;9;1461
1;2025-11-12;10;1358
1;2025-11-12;11;1332
1;2025-11-12;12;1405
1;2025-11-12;13;1483
1;2025-11-12;14;1399
1;2025-11-12;15;1564
1;2025-11-12;16;1520
1;2025-11-12;17;1790
1;2025-11-12;18;1806
1;2025-11-12;19;1342
1;2025-11-12;20;905
1;2025-11-12;21;494
1;2025-11-12;22;212
1;2025-11-12;23;38
1;2025-11-13;0;6
1;2025-11-13;1;0
1;2025-11-13;2;0
1;2025-11-13;3;0
1;2025-11-13;4;10
1;2025-11-13;5;115
1;2025-11-13;6;486
1;2025-11-13;7;1500
1;2025-11-13;8;1989
1;2025-11-13;9;1486
1;2025-11-13;10;1389
1;2025-11-13;11;1390
1;2025-11-13;12;1431
1;2025-11-13;13;1433
1;2025-11-13;14;1439
1;2025-11-13;15;1532
1;2025-11-13;16;1542
1;2025-11-13;17;1773
1;2025-11-13;18;1848
1;2025-11-13;19;1324
1;2025-11-13;20;908
1;2025-11-13;21;475
1;2025-11-13;22;197
1;2025-11-13;23;41
1;2025-11-14;0;4
1;2025-11-14;1;0
1;2025-11-14;2;0
1;2025-11-14;3;0
1;2025-11-14;4;7
1;2025-11-14;5;136
1;2025-11-14;6;499
1;2025-11-14;7;1524
1;2025-11-14;8;1812
1;2025-11-14;9;1447
1;2025-11-14;10;1290
1;2025-11-14;11;1382
1;2025-11-14;12;1362
1;2025-11-14;13;1411
1;2025-11-14;14;1361
1;2025-11-14;15;1529
1;2025-11-14;16;1625
1;2025-11-14;17;1813
1;2025-11-14;18;1497
1;2025-11-14;19;1242
1;2025-11-14;20;805
1;2025-11-14;21;493
1;2025-11-14;22;203
1;2025-11-14;23;48
1;2025-11-15;0;6
1;2025-11-15;1;0
1;2025-11-15;2;0
1;2025-11-15;3;0
1;2025-11-15;4;0
1;2025-11-15;5;33
1;2025-11-15;6;163
1;2025-11-15;7;361
1;2025-11-15;8;504
1;2025-11-15;9;762
1;2025-11-15;10;926
1;2025-11-15;11;899
1;2025-11-15;12;1085
1;2025-11-15;13;1136
1;2025-11-15;14;1049
1;2025-11-15;15;915
1;2025-11-15;16;794
1;2025-11-15;17;742
1;2025-11-15;18;653
1;2025-11-15;19;566
1;2025-11-15;20;438
1;2025-11-15;21;309
1;2025-11-15;22;127
1;2025-11-15;23;29
1;2025-11-16;0;1
1;2025-11-16;1;0
1;2025-11-16;2;0
1;2025-11-16;3;0
1;2025-11-16;4;0
1;2025-11-16;5;23
1;2025-11-16;6;120
1;2025-11-16;7;265
1;2025-11-16;8;363
1;2025-11-16;9;613
1;2025-11-16;10;702
1;2025-11-16;11;731
1;2025-11-16;12;846
1;2025-11-16;13;870
1;2025-11-16;14;818
1;2025-11-16;15;727
1;2025-11-16;16;666
1;2025-11-16;17;591
1;2025-11-16;18;525
1;2025-11-16;19;459
1;2025-11-16;20;342
1;2025-11-16;21;274
1;2025-11-16;22;103
1;2025-11-16;23;29
1;2025-11-17;0;0
1;2025-11-17;1;0
1;2025-11-17;2;0
1;2025-11-17;3;0
1;2025-11-17;4;9
1;2025-11-17;5;137
1;2025-11-17;6;513
1;2025-11-17;7;1490
1;2025-11-17;8;1966
1;2025-11-17;9;1476
1;2025-11-17;10;1277
1;2025-11-17;11;1277
1;2025-11-17;12;1379
1;2025-11-17;13;1434
1;2025-11-17;14;1446
1;2025-11-17;15;1572
1;2025-11-17;16;1621
1;2025-11-17;17;1882
1;2025-11-17;18;1996
1;2025-11-17;19;1454
1;2025-11-17;20;914
1;2025-11-17;21;460
1;2025-11-17;22;182
1;2025-11-17;23;47
1;2025-11-18;0;6
1;2025-11-18;1;0
1;2025-11-18;2;0
1;2025-11-18;3;1
1;2025-11-18;4;11
1;2025-11-18;5;111
1;2025-11-18;6;519
1;2025-11-18;7;1570
1;2025-11-18;8;1955
1;2025-11-18;9;1526
1;2025-11-18;10;1380
1;2025-11-18;11;1355
1;2025-11-18;12;1369
1;2025-11-18;13;1422
1;2025-11-18;14;1285
1;2025-11-18;15;1418
1;2025-11-18;16;1472
1;2025-11-18;17;1780
1;2025-11-18;18;1807
1;2025-11-18;19;1431
1;2025-11-18;20;888
1;2025-11-18;21;488
1;2025-11-18;22;193
1;2025-11-18;23;41
1;2025-11-19;0;3
1;2025-11-19;1;0
1;2025-11-19;2;0
1;2025-11-19;3;0
1;2025-11-19;4;8
1;2025-11-19;5;135
1;2025-11-19;6;560
1;2025-11-19;7;1485
1;2025-11-19;8;2023
1;2025-11-19;9;1461
1;2025-11-19;10;1358
1;2025-11-19;11;1332
1;2025-11-19;12;1405
1;2025-11-19;13;1483
1;2025-11-19;14;1399
1;2025-11-19;15;1564
1;2025-11-19;16;1520
1;2025-11-19;17;1790
1;2025-11-19;18;1806
1;2025-11-19;19;1342
1;2025-11-19;20;905
1;2025-11-19;21;494
1;2025-11-19;22;212
1;2025-11-19;23;38
1;2025-11-20;0;6
1;2025-11-20;1;0
1;2025-11-20;2;0
1;2025-11-20;3;0
1;2025-11-20;4;10
1;2025-11-20;5;115
1;2025-11-20;6;486
1;2025-11-20;7;1500
1;2025-11-20;8;1989
1;2025-11-20;9;1486
1;2025-11-20;10;1389
1;2025-11-20;11;1390
1;2025-11-20;12;1431
1;2025-11-20;13;1433
1;2025-11-20;14;1439
1;2025-11-20;15;1532
1;2025-11-20;16;1542
1;2025-11-20;17;1773
1;2025-11-20;18;1848
1;2025-11-20;19;1324
1;2025-11-20;20;908
1;2025-11-20;21;475
1;2025-11-20;22;197
1;2025-11-20;23;41
1;2025-11-21;0;4
1;2025-11-21;1;0
1;2025-11-21;2;0
1;2025-11-21;3;0
1;2025-11-21;4;7
1;2025-11-21;5;136
1;2025-11-21;6;499
1;2025-11-21;7;1524
1;2025-11-21;8;1812
1;2025-11-21;9;1447
1;2025-11-21;10;1290
1;2025-11-21;11;1382
1;2025-11-21;12;1362
1;2025-11-21;13;1411
1;2025-11-21;14;1361
1;2025-11-21;15;1529
1;2025-11-21;16;1625
1;2025-11-21;17;1813
1;2025-11-21;18;1497
1;2025-11-21;19;1242
1;2025-11-21;20;805
1;2025-11-21;21;493
1;2025-11-21;22;203
1;2025-11-21;23;48
1;2025-11-22;0;6
1;2025-11-22;1;0
1;2025-11-22;2;0
1;2025-11-22;3;0
1;2025-11-22;4;0
1;2025-11-22;5;33
1;2025-11-22;6;163
1;2025-11-22;7;361
1;2025-11-22;8;504
1;2025-11-22;9;762
1;2025-11-22;10;926
1;2025-11-22;11;899
1;2025-11-22;12;1085
1;2025-11-22;13;1136
1;2025-11-22;14;1049
1;2025-11-22;15;915
1;2025-11-22;16;794
1;2025-11-22;17;742
1;2025-11-22;18;653
1;2025-11-22;19;566
1;2025-11-22;20;438
1;2025-11-22;21;309
1;2025-11-22;22;127
1;2025-11-22;23;29
1;2025-11-23;0;1
1;2025-11-23;1;0
1;2025-11-23;2;0
1;2025-11-23;3;0
1;2025-11-23;4;0
1;2025-11-23;5;23
1;2025-11-23;6;120
1;2025-11-23;7;265
1;2025-11-23;8;363
1;2025-11-23;9;613
1;2025-11-23;10;702
1;2025-11-23;11;731
1;2025-11-23;12;846
1;2025-11-23;13;870
1;2025-11-23;14;818
1;2025-11-23;15;727
1;2025-11-23;16;666
1;2025-11-23;17;591
1;2025-11-23;18;525
1;2025-11-23;19;459
1;2025-11-23;20;342
1;2025-11-23;21;274
1;2025-11-23;22;103
1;2025-11-23;23;29
1;2025-11-24;0;0
1;2025-11-24;1;0
1;2025-11-24;2;0
1;2025-11-24;3;0
1;2025-11-24;4;9
1;2025-11-24;5;137
1;2025-11-24;6;513
1;2025-11-24;7;1490
1;2025-11-24;8;1966
1;2025-11-24;9;1476
1;2025-11-24;10;1277
1;2025-11-24;11;1277
1;2025-11-24;12;1379
1;2025-11-24;13;1434
1;2025-11-24;14;1446
1;2025-11-24;15;1572
1;2025-11-24;16;1621
1;2025-11-24;17;1882
1;2025-11-24;18;1996
1;2025-11-24;19;1454
1;2025-11-24;20;914
1;2025-11-24;21;460
1;2025-11-24;22;182
1;2025-11-24;23;47
1;2025-11-25;0;6
1;2025-11-25;1;0
1;2025-11-25;2;0
1;2025-11-25;3;1
1;2025-11-25;4;11
1;2025-11-25;5;111
1;2025-11-25;6;519
1;2025-11-25;7;1570
1;2025-11-25;8;1955
1;2025-11-25;9;1526
1;2025-11-25;10;1380
1;2025-11-25;11;1355
1;2025-11-25;12;1369
1;2025-11-25;13;1422
1;2025-11-25;14;1285
1;2025-11-25;15;1418
1;2025-11-25;16;1472
1;2025-11-25;17;1780
1;2025-11-25;18;1807
1;2025-11-25;19;1431
1;2025-11-25;20;888
1;2025-11-25;21;488
1;2025-11-25;22;193
1;2025-11-25;23;41
1;2025-11-26;0;3
1;2025-11-26;1;0
1;2025-11-26;2;0
1;2025-11-26;3;0
1;2025-11-26;4;8
1;2025-11-26;5;135
1;2025-11-26;6;560
1;2025-11-26;7;1485
1;2025-11-26;8;2023
1;2025-11-26;9;1461
1;2025-11-26;10;1358
1;2025-11-26;11;1332
1;2025-11-26;12;1405
1;2025-11-26;13;1483
1;2025-11-26;14;1399
1;2025-11-26;15;1564
1;2025-11-26;16;1520
1;2025-11-26;17;1790
1;2025-11-26;18;1806
1;2025-11-26;19;1342
1;2025-11-26;20;905
1;2025-11-26;21;494
1;2025-11-26;22;212
1;2025-11-26;23;38
1;2025-11-27;0;6
1;2025-11-27;1;0
1;2025-11-27;2;0
1;2025-11-27;3;0
1;2025-11-27;4;10
1;2025-11-27;5;115
1;2025-11-27;6;486
1;2025-11-27;7;1500
1;2025-11-27;8;1989
1;2025-11-27;9;1486
1;2025-11-27;10;1389
1;2025-11-27;11;1390
1;2025-11-27;12;1431
1;2025-11-27;13;1433
1;2025-11-27;14;1439
1;2025-11-27;15;1532
1;2025-11-27;16;1542
1;2025-11-27;17;1773
1;2025-11-27;18;1848
1;2025-11-27;19;1324
1;2025-11-27;20;908
1;2025-11-27;21;475
1;2025-11-27;22;197
1;2025-11-27;23;41
1;2025-11-28;0;4
1;2025-11-28;1;0
1;2025-11-28;2;0
1;2025-11-28;3;0
1;2025-11-28;4;7
1;2025-11-28;5;136
1;2025-11-28;6;499
1;2025-11-28;7;1524
1;2025-11-28;8;1812
1;2025-11-28;9;1447
1;2025-11-28;10;1290
1;2025-11-28;11;1382
1;2025-11-28;12;1362
1;2025-11-28;13;1411
1;2025-11-28;14;1361
1;2025-11-28;15;1529
1;2025-11-28;16;1625
1;2025-11-28;17;1813
1;2025-11-28;18;1497
1;2025-11-28;19;1242
1;2025-11-28;20;805
1;2025-11-28;21;493
1;2025-11-28;22;203
1;2025-11-28;23;48
1;2025-11-29;0;6
1;2025-11-29;1;0
1;2025-11-29;2;0
1;2025-11-29;3;0
1;2025-11-29;4;0
1;2025-11-29;5;33
1;2025-11-29;6;163
1;2025-11-29;7;361
1;2025-11-29;8;504
1;2025-11-29;9;762
1;2025-11-29;10;926
1;2025-11-29;11;899
1;2025-11-29;12;1085
1;2025-11-29;13;1136
1;2025-11-29;14;1049
1;2025-11-29;15;915
1;2025-11-29;16;794
1;2025-11-29;17;742
1;2025-11-29;18;653
1;2025-11-29;19;566
1;2025-11-29;20;438
1;2025-11-29;21;309
1;2025-11-29;22;127
1;2025-11-29;23;29
1;2025-11-30;0;1
1;2025-11-30;1;0
1;2025-11-30;2;0
1;2025-11-30;3;0
1;2025-11-30;4;0
1;2025-11-30;5;23
1;2025-11-30;6;120
1;2025-11-30;7;265
1;2025-11-30;8;363
1;2025-11-30;9;613
1;2025-11-30;10;702
1;2025-11-30;11;731
1;2025-11-30;12;846
1;2025-11-30;13;870
1;2025-11-30;14;818
1;2025-11-30;15;727
1;2025-11-30;16;666
1;2025-11-30;17;591
1;2025-11-30;18;525
1;2025-11-30;19;459
1;2025-11-30;20;342
1;2025-11-30;21;274
1;2025-11-30;22;103
1;2025-11-30;23;29
1;2025-12-01;0;0
1;2025-12-01;1;0
1;2025-12-01;2;0
1;2025-12-01;3;0
1;2025-12-01;4;9
1;2025-12-01;5;137
1;2025-12-01;6;513
1;2025-12-01;7;1490
1;2025-12-01;8;1966
1;2025-12-01;9;1476
1;2025-12-01;10;1277
1;2025-12-01;11;1277
1;2025-12-01;12;1379
1;2025-12-01;13;1434
1;2025-12-01;14;1446
1;2025-12-01;15;1572
1;2025-12-01;16;1621
1;2025-12-01;17;1882
1;2025-12-01;18;1996
1;2025-12-01;19;1454
1;2025-12-01;20;914
1;2025-12-01;21;460
1;2025-12-01;22;182
1;2025-12-01;23;47
1;2025-12-02;0;6
1;2025-12-02;1;0
1;2025-12-02;2;0
1;2025-12-02;3;1
1;2025-12-02;4;11
1;2025-12-02;5;111
1;2025-12-02;6;519
1;2025-12-02;7;1570
1;2025-12-02;8;1955
1;2025-12-02;9;1526
1;2025-12-02;10;1380
1;2025-12-02;11;1355
1;2025-12-02;12;1369
1;2025-12-02;13;1422
1;2025-12-02;14;1285
1;2025-12-02;15;1418
1;2025-12-02;16;1472
1;2025-12-02;17;1780
1;2025-12-02;18;1807
1;2025-12-02;19;1431
1;2025-12-02;20;888
1;2025-12-02;21;488
1;2025-12-02;22;193
1;2025-12-02;23;41
1;2025-12-03;0;3
1;2025-12-03;1;0
1;2025-12-03;2;0
1;2025-12-03;3;0
1;2025-12-03;4;8
1;2025-12-03;5;135
1;2025-12-03;6;560
1;2025-12-03;7;1485
1;2025-12-03;8;2023
1;2025-12-03;9;1461
1;2025-12-03;10;1358
1;2025-12-03;11;1332
1;2025-12-03;12;1405
1;2025-12-03;13;1483
1;2025-12-03;14;1399
1;2025-12-03;15;1564
1;2025-12-03;16;1520
1;2025-12-03;17;1790
1;2025-12-03;18;1806
1;2025-12-03;19;1342
1;2025-12-03;20;905
1;2025-12-03;21;494
1;2025-12-03;22;212
1;2025-12-03;23;38
1;2025-12-04;0;6
1;2025-12-04;1;0
1;2025-12-04;2;0
1;2025-12-04;3;0
1;2025-12-04;4;10
1;2025-12-04;5;115
1;2025-12-04;6;486
1;2025-12-04;7;1500
1;2025-12-04;8;1989
1;2025-12-04;9;1486
1;2025-12-04;10;1389
1;2025-12-04;11;1390
1;2025-12-04;12;1431
1;2025-12-04;13;1433
1;2025-12-04;14;1439
1;2025-12-04;15;1532
1;2025-12-04;16;1542
1;2025-12-04;17;1773
1;2025-12-04;18;1848
1;2025-12-04;19;1324
1;2025-12-04;20;908
1;2025-12-04;21;475
1;2025-12-04;22;197
1;2025-12-04;23;41
1;2025-12-05;0;4
1;2025-12-05;1;0
1;2025-12-05;2;0
1;2025-12-05;3;0
1;2025-12-05;4;7
1;2025-12-05;5;136
1;2025-12-05;6;499
1;2025-12-05;7;1524
1;2025-12-05;8;1812
1;2025-12-05;9;1447
1;2025-12-05;10;1290
1;2025-12-05;11;1382
1;2025-12-05;12;1362
1;2025-12-05;13;1411
1;2025-12-05;14;1361
1;2025-12-05;15;1529
1;2025-12-05;16;1625
1;2025-12-05;17;1813
1;2025-12-05;18;1497
1;2025-12-05;19;1242
1;2025-12-05;20;805
1;2025-12-05;21;493
1;2025-12-05;22;203
1;2025-12-05;23;48
1;2025-12-06;0;6
1;2025-12-06;1;0
1;2025-12-06;2;0
1;2025-12-06;3;0
1;2025-12-06;4;0
1;2025-12-06;5;33
1;2025-12-06;6;163
1;2025-12-06;7;361
1;2025-12-06;8;504
1;2025-12-06;9;762
1;2025-12-06;10;926
1;2025-12-06;11;899
1;2025-12-06;12;1085
1;2025-12-06;13;1136
1;2025-12-06;14;1049
1;2025-12-06;15;915
1;2025-12-06;16;794
1;2025-12-06;17;742
1;2025-12-06;18;653
1;2025-12-06;19;566
1;2025-12-06;20;438
1;2025-12-06;21;309
1;2025-12-06;22;127
1;2025-12-06;23;29
1;2025-12-07;0;1
1;2025-12-07;1;0
1;2025-12-07;2;0
1;2025-12-07;3;0
1;2025-12-07;4;0
1;2025-12-07;5;23
1;2025-12-07;6;120
1;2025-12-07;7;265
1;2025-12-07;8;363
1;2025-12-07;9;613
1;2025-12-07;10;702
1;2025-12-07;11;731
1;2025-12-07;12;846
1;2025-12-07;13;870
1;2025-12-07;14;818
1;2025-12-07;15;727
1;2025-12-07;16;666
1;2025-12-07;17;591
1;2025-12-07;18;525
1;2025-12-07;19;459
1;2025-12-07;20;342
1;2025-12-07;21;274
1;2025-12-07;22;103
1;2025-12-07;23;29
1;2025-12-08;0;0
1;2025-12-08;1;0
1;2025-12-08;2;0
1;2025-12-08;3;0
1;2025-12-08;4;9
1;2025-12-08;5;137
1;2025-12-08;6;513
1;2025-12-08;7;1490
1;2025-12-08;8;1966
1;2025-12-08;9;1476
1;2025-12-08;10;1277
1;2025-12-08;11;1277
1;2025-12-08;12;1379
1;2025-12-08;13;1434
1;2025-12-08;14;1446
1;2025-12-08;15;1572
1;2025-12-08;16;1621
1;2025-12-08;17;1882
1;2025-12-08;18;1996
1;2025-12-08;19;1454
1;2025-12-08;20;914
1;2025-12-08;21;460
1;2025-12-08;22;182
1;2025-12-08;23;47
1;2025-12-09;0;6
1;2025-12-09;1;0
1;2025-12-09;2;0
1;2025-12-09;3;1
1;2025-12-09;4;11
1;2025-12-09;5;111
1;2025-12-09;6;519
1;2025-12-09;7;1570
1;2025-12-09;8;1955
1;2025-12-09;9;1526
1;2025-12-09;10;1380
1;2025-12-09;11;1355
1;2025-12-09;12;1369
1;2025-12-09;13;1422
1;2025-12-09;14;1285
1;2025-12-09;15;1418
1;2025-12-09;16;1472
1;2025-12-09;17;1780
1;2025-12-09;18;1807
1;2025-12-09;19;1431
1;2025-12-09;20;888
1;2025-12-09;21;488
1;2025-12-09;22;193
1;2025-12-09;23;41
1;2025-12-10;0;3
1;2025-12-10;1;0
1;2025-12-10;2;0
1;2025-12-10;3;0
1;2025-12-10;4;8
1;2025-12-10;5;135
1;2025-12-10;6;560
1;2025-12-10;7;1485
1;2025-12-10;8;2023
1;2025-12-10;9;1461
1;2025-12-10;10;1358
1;2025-12-10;11;1332
1;2025-12-10;12;1405
1;2025-12-10;13;1483
1;2025-12-10;14;1399
1;2025-12-10;15;1564
1;2025-12-10;16;1520
1;2025-12-10;17;1790
1;2025-12-10;18;1806
1;2025-12-10;19;1342
1;2025-12-10;20;905
1;2025-12-10;21;494
1;2025-12-10;22;212
1;2025-12-10;23;38
1;2025-12-11;0;6
1;2025-12-11;1;0
1;2025-12-11;2;0
1;2025-12-11;3;0
1;2025-12-11;4;10
1;2025-12-11;5;115
1;2025-12-11;6;486
1;2025-12-11;7;1500
1;2025-12-11;8;1989
1;2025-12-11;9;1486
1;2025-12-11;10;1389
1;2025-12-11;11;1390
1;2025-12-11;12;1431
1;2025-12-11;13;1433
1;2025-12-11;14;1439
1;2025-12-11;15;1532
1;2025-12-11;16;1542
1;2025-12-11;17;1773
1;2025-12-11;18;1848
1;2025-12-11;19;1324
1;2025-12-11;20;908
1;2025-12-11;21;475
1;2025-12-11;22;197
1;2025-12-11;23;41
1;2025-12-12;0;4
1;2025-12-12;1;0
1;2025-12-12;2;0
1;2025-12-12;3;0
1;2025-12-12;4;7
1;2025-12-12;5;136
1;2025-12-12;6;499
1;2025-12-12;7;1524
1;2025-12-12;8;1812
1;2025-12-12;9;1447
1;2025-12-12;10;1290
1;2025-12-12;11;1382
1;2025-12-12;12;1362
1;2025-12-12;13;1411
1;2025-12-12;14;1361
1;2025-12-12;15;1529
1;2025-12-12;16;1625
1;2025-12-12;17;1813
1;2025-12-12;18;1497
1;2025-12-12;19;1242
1;2025-12-12;20;805
1;2025-12-12;21;493
1;2025-12-12;22;203
1;2025-12-12;23;48
1;2025-12-13;0;6
1;2025-12-13;1;0
1;2025-12-13;2;0
1;2025-12-13;3;0
1;2025-12-13;4;0
1;2025-12-13;5;33
1;2025-12-13;6;163
1;2025-12-13;7;361
1;2025-12-13;8;504
1;2025-12-13;9;762
1;2025-12-13;10;926
1;2025-12-13;11;899
1;2025-12-13;12;1085
1;2025-12-13;13;1136
1;2025-12-13;14;1049
1;2025-12-13;15;915
1;2025-12-13;16;794
1;2025-12-13;17;742
1;2025-12-13;18;653
1;2025-12-13;19;566
1;2025-12-13;20;438
1;2025-12-13;21;309
1;2025-12-13;22;127
1;2025-12-13;23;29
1;2025-12-14;0;1
1;2025-12-14;1;0
1;2025-12-14;2;0
1;2025-12-14;3;0
1;2025-12-14;4;0
1;2025-12-14;5;23
1;2025-12-14;6;120
1;2025-12-14;7;265
1;2025-12-14;8;363
1;2025-12-14;9;613
1;2025-12-14;10;702
1;2025-12-14;11;731
1;2025-12-14;12;846
1;2025-12-14;13;870
1;2025-12-14;14;818
1;2025-12-14;15;727
1;2025-12-14;16;666
1;2025-12-14;17;591
1;2025-12-14;18;525
1;2025-12-14;19;459
1;2025-12-14;20;342
1;2025-12-14;21;274
1;2025-12-14;22;103
1;2025-12-14;23;29
1;2025-12-15;0;0
1;2025-12-15;1;0
1;2025-12-15;2;0
1;2025-12-15;3;0
1;2025-12-15;4;9
1;2025-12-15;5;137
1;2025-12-15;6;513
1;2025-12-15;7;1490
1;2025-12-15;8;1966
1;2025-12-15;9;1476
1;2025-12-15;10;1277
1;2025-12-15;11;1277
1;2025-12-15;12;1379
1;2025-12-15;13;1434
1;2025-12-15;14;1446
1;2025-12-15;15;1572
1;2025-12-15;16;1621
1;2025-12-15;17;1882
1;2025-12-15;18;1996
1;2025-12-15;19;1454
1;2025-12-15;20;914
1;2025-12-15;21;460
1;2025-12-15;22;182
1;2025-12-15;23;47
1;2025-12-16;0;6
1;2025-12-16;1;0
1;2025-12-16;2;0
1;2025-12-16;3;1
1;2025-12-16;4;11
1;2025-12-16;5;111
1;2025-12-16;6;519
1;2025-12-16;7;1570
1;2025-12-16;8;1955
1;2025-12-16;9;1526
1;2025-12-16;10;1380
1;2025-12-16;11;1355
1;2025-12-16;12;1369
1;2025-12-16;13;1422
1;2025-12-16;14;1285
1;2025-12-16;15;1418
1;2025-12-16;16;1472
1;2025-12-16;17;1780
1;2025-12-16;18;1807
1;2025-12-16;19;1431
1;2025-12-16;20;888
1;2025-12-16;21;488
1;2025-12-16;22;193
1;2025-12-16;23;41
1;2025-12-17;0;3
1;2025-12-17;1;0
1;2025-12-17;2;0
1;2025-12-17;3;0
1;2025-12-17;4;8
1;2025-12-17;5;135
1;2025-12-17;6;560
1;2025-12-17;7;1485
1;2025-12-17;8;2023
1;2025-12-17;9;1461
1;2025-12-17;10;1358
1;2025-12-17;11;1332
1;2025-12-17;12;1405
1;2025-12-17;13;1483
1;2025-12-17;14;1399
1;2025-12-17;15;1564
1;2025-12-17;16;1520
1;2025-12-17;17;1790
1;2025-12-17;18;1806
1;2025-12-17;19;1342
1;2025-12-17;20;905
1;2025-12-17;21;494
1;2025-12-17;22;212
1;2025-12-17;23;38
1;2025-12-18;0;6
1;2025-12-18;1;0
1;2025-12-18;2;0
1;2025-12-18;3;0
1;2025-12-18;4;10
1;2025-12-18;5;115
1;2025-12-18;6;486
1;2025-12-18;7;1500
1;2025-12-18;8;1989
1;2025-12-18;9;1486
1;2025-12-18;10;1389
1;2025-12-18;11;1390
1;2025-12-18;12;1431
1;2025-12-18;13;1433
1;2025-12-18;14;1439
1;2025-12-18;15;1532
1;2025-12-18;16;1542
1;2025-12-18;17;1773
1;2025-12-18;18;1848
1;2025-12-18;19;1324
1;2025-12-18;20;908
1;2025-12-18;21;475
1;2025-12-18;22;197
1;2025-12-18;23;41
1;2025-12-19;0;4
1;2025-12-19;1;0
1;2025-12-19;2;0
1;2025-12-19;3;0
1;2025-12-19;4;7
1;2025-12-19;5;136
1;2025-12-19;6;499
1;2025-12-19;7;1524
1;2025-12-19;8;1812
1;2025-12-19;9;1447
1;2025-12-19;10;1290
1;2025-12-19;11;1382
1;2025-12-19;12;1362
1;2025-12-19;13;1411
1;2025-12-19;14;1361
1;2025-12-19;15;1529
1;2025-12-19;16;1625
1;2025-12-19;17;1813
1;2025-12-19;18;1497
1;2025-12-19;19;1242
1;2025-12-19;20;805
1;2025-12-19;21;493
1;2025-12-19;22;203
1;2025-12-19;23;48
1;2025-12-20;0;6
1;2025-12-20;1;0
1;2025-12-20;2;0
1;2025-12-20;3;0
1;2025-12-20;4;0
1;2025-12-20;5;33
1;2025-12-20;6;163
1;2025-12-20;7;361
1;2025-12-20;8;504
1;2025-12-20;9;762
1;2025-12-20;10;926
1;2025-12-20;11;899
1;2025-12-20;12;1085
1;2025-12-20;13;1136
1;2025-12-20;14;1049
1;2025-12-20;15;915
1;2025-12-20;16;794
1;2025-12-20;17;742
1;2025-12-20;18;653
1;2025-12-20;19;566
1;2025-12-20;20;438
1;2025-12-20;21;309
1;2025-12-20;22;127
1;2025-12-20;23;29
1;2025-12-21;0;1
1;2025-12-21;1;0
1;2025-12-21;2;0
1;2025-12-21;3;0
1;2025-12-21;4;0
1;2025-12-21;5;23
1;2025-12-21;6;120
1;2025-12-21;7;265
1;2025-12-21;8;363
1;2025-12-21;9;613
1;2025-12-21;10;702
1;2025-12-21;11;731
1;2025-12-21;12;846
1;2025-12-21;13;870
1;2025-12-21;14;818
1;2025-12-21;15;727
1;2025-12-21;16;666
1;2025-12-21;17;591
1;2025-12-21;18;525
1;2025-12-21;19;459
1;2025-12-21;20;342
1;2025-12-21;21;274
1;2025-12-21;22;103
1;2025-12-21;23;29
1;2025-12-22;0;0
1;2025-12-22;1;0
1;2025-12-22;2;0
1;2025-12-22;3;0
1;2025-12-22;4;9
1;2025-12-22;5;137
1;2025-12-22;6;513
1;2025-12-22;7;1490
1;2025-12-22;8;1966
1;2025-12-22;9;1476
1;2025-12-22;10;1277
1;2025-12-22;11;1277
1;2025-12-22;12;1379
1;2025-12-22;13;1434
1;2025-12-22;14;1446
1;2025-12-22;15;1572
1;2025-12-22;16;1621
1;2025-12-22;17;1882
1;2025-12-22;18;1996
1;2025-12-22;19;1454
1;2025-12-22;20;914
1;2025-12-22;21;460
1;2025-12-22;22;182
1;2025-12-22;23;47
1;2025-12-23;0;6
1;2025-12-23;1;0
1;2025-12-23;2;0
1;2025-12-23;3;1
1;2025-12-23;4;11
1;2025-12-23;5;111
1;2025-12-23;6;519
1;2025-12-23;7;1570
1;2025-12-23;8;1955
1;2025-12-23;9;1526
1;2025-12-23;10;1380
1;2025-12-23;11;1355
1;2025-12-23;12;1369
1;2025-12-23;13;1422
1;2025-12-23;14;1285
1;2025-12-23;15;1418
1;2025-12-23;16;1472
1;2025-12-23;17;1780
1;2025-12-23;18;1807
1;2025-12-23;19;1431
1;2025-12-23;20;888
1;2025-12-23;21;488
1;2025-12-23;22;193
1;2025-12-23;23;41
1;2025-12-24;0;3
1;2025-12-24;1;0
1;2025-12-24;2;0
1;2025-12-24;3;0
1;2025-12-24;4;8
1;2025-12-24;5;135
1;2025-12-24;6;560
1;2025-12-24;7;1485
1;2025-12-24;8;2023
1;2025-12-24;9;1461
1;2025-12-24;10;1358
1;2025-12-24;11;1332
1;2025-12-24;12;1405
1;2025-12-24;13;1483
1;2025-12-24;14;1399
1;2025-12-24;15;1564
1;2025-12-24;16;1520
1;2025-12-24;17;1790
1;2025-12-24;18;1806
1;2025-12-24;19;1342
1;2025-12-24;20;905
1;2025-12-24;21;494
1;2025-12-24;22;212
1;2025-12-24;23;38
1;2025-12-25;0;6
1;2025-12-25;1;0
1;2025-12-25;2;0
1;2025-12-25;3;0
1;2025-12-25;4;10
1;2025-12-25;5;115
1;2025-12-25;6;486
1;2025-12-25;7;1500
1;2025-12-25;8;1989
1;2025-12-25;9;1486
1;2025-12-25;10;1389
1;2025-12-25;11;1390
1;2025-12-25;12;1431
1;2025-12-25;13;1433
1;2025-12-25;14;1439
1;2025-12-25;15;1532
1;2025-12-25;16;1542
1;2025-12-25;17;1773
1;2025-12-25;18;1848
1;2025-12-25;19;1324
1;2025-12-25;20;908
1;2025-12-25;21;475
1;2025-12-25;22;197
1;2025-12-25;23;41
1;2025-12-26;0;4
1;2025-12-26;1;0
1;2025-12-26;2;0
1;2025-12-26;3;0
1;2025-12-26;4;7
1;2025-12-26;5;136
1;2025-12-26;6;499
1;2025-12-26;7;1524
1;2025-12-26;8;1812
1;2025-12-26;9;1447
1;2025-12-26;10;1290
1;2025-12-26;11;1382
1;2025-12-26;12;1362
1;2025-12-26;13;1411
1;2025-12-26;14;1361
1;2025-12-26;15;1529
1;2025-12-26;16;1625
1;2025-12-26;17;1813
1;2025-12-26;18;1497
1;2025-12-26;19;1242
1;2025-12-26;20;805
1;2025-12-26;21;493
1;2025-12-26;22;203
1;2025-12-26;23;48
1;2025-12-27;0;6
1;2025-12-27;1;0
1;2025-12-27;2;0
1;2025-12-27;3;0
1;2025-12-27;4;0
1;2025-12-27;5;33
1;2025-12-27;6;163
1;2025-12-27;7;361
1;2025-12-27;8;504
1;2025-12-27;9;762
1;2025-12-27;10;926
1;2025-12-27;11;899
1;2025-12-27;12;1085
1;2025-12-27;13;1136
1;2025-12-27;14;1049
1;2025-12-27;15;915
1;2025-12-27;16;794
1;2025-12-27;17;742
1;2025-12-27;18;653
1;2025-12-27;19;566
1;2025-12-27;20;438
1;2025-12-27;21;309
1;2025-12-27;22;127
1;2025-12-27;23;29
1;2025-12-28;0;1
1;2025-12-28;1;0
1;2025-12-28;2;0
1;2025-12-28;3;0
1;2025-12-28;4;0
1;2025-12-28;5;23
1;2025-12-28;6;120
1;2025-12-28;7;265
1;2025-12-28;8;363
1;2025-12-28;9;613
1;2025-12-28;10;702
1;2025-12-28;11;731
1;2025-12-28;12;846
1;2025-12-28;13;870
1;2025-12-28;14;818
1;2025-12-28;15;727
1;2025-12-28;16;666
1;2025-12-28;17;591
1;2025-12-28;18;525
1;2025-12-28;19;459
1;2025-12-28;20;342
1;2025-12-28;21;274
1;2025-12-28;22;103
1;2025-12-28;23;29
1;2025-12-29;0;0
1;2025-12-29;1;0
1;2025-12-29;2;0
1;2025-12-29;3;0
1;2025-12-29;4;9
1;2025-12-29;5;131
1;2025-12-29;6;492
1;2025-12-29;7;1430
1;2025-12-29;8;1888
1;2025-12-29;9;1417
1;2025-12-29;10;1226
1;2025-12-29;11;1226
1;2025-12-29;12;1323
1;2025-12-29;13;1377
1;2025-12-29;14;1388
1;2025-12-29;15;1509
1;2025-12-29;16;1556
1;2025-12-29;17;1807
1;2025-12-29;18;1917
1;2025-12-29;19;1396
1;2025-12-29;20;878
1;2025-12-29;21;442
1;2025-12-29;22;175
1;2025-12-29;23;45
1;2025-12-30;0;5
1;2025-12-30;1;0
1;2025-12-30;2;0
1;2025-12-30;3;1
1;2025-12-30;4;10
1;2025-12-30;5;102
1;2025-12-30;6;477
1;2025-12-30;7;1445
1;2025-12-30;8;1799
1;2025-12-30;9;1404
1;2025-12-30;10;1270
1;2025-12-30;11;1247
1;2025-12-30;12;1259
1;2025-12-30;13;1308
1;2025-12-30;14;1183
1;2025-12-30;15;1305
1;2025-12-30;16;1354
1;2025-12-30;17;1638
1;2025-12-30;18;1663
1;2025-12-30;19;1316
1;2025-12-30;20;817
1;2025-12-30;21;449
1;2025-12-30;22;177
1;2025-12-30;23;38
1;2025-12-31;0;3
1;2025-12-31;1;0
1;2025-12-31;2;0
1;2025-12-31;3;0
1;2025-12-31;4;0
1;2025-12-31;5;23
1;2025-12-31;6;119
1;2025-12-31;7;263
1;2025-12-31;8;363
1;2025-12-31;9;585
1;2025-12-31;10;686
1;2025-12-31;11;695
1;2025-12-31;12;818
1;2025-12-31;13;848
1;2025-12-31;14;791
1;2025-12-31;15;698
1;2025-12-31;16;626
1;2025-12-31;17;567
1;2025-12-31;18;501
1;2025-12-31;19;437
1;2025-12-31;20;330
1;2025-12-31;21;252
1;2025-12-31;22;98
1;2025-12-31;23;25
5;2025-11-01;0;0
5;2025-11-01;1;0
5;2025-11-01;2;0
5;2025-11-01;3;0
5;2025-11-01;4;0
5;2025-11-01;5;0
5;2025-11-01;6;0
5;2025-11-01;7;0
5;2025-11-01;8;0
5;2025-11-01;9;0
5;2025-11-01;10;0
5;2025-11-01;11;0
5;2025-11-01;12;0
5;2025-11-01;13;0
5;2025-11-01;14;0
5;2025-11-01;15;0
5;2025-11-01;16;0
5;2025-11-01;17;0
5;2025-11-01;18;0
5;2025-11-01;19;0
5;2025-11-01;20;0
5;2025-11-01;21;0
5;2025-11-01;22;0
5;2025-11-01;23;0
5;2025-11-02;0;0
5;2025-11-02;1;0
5;2025-11-02;2;0
5;2025-11-02;3;0
5;2025-11-02;4;0
5;2025-11-02;5;0
5;2025-11-02;6;0
5;2025-11-02;7;0
5;2025-11-02;8;0
5;2025-11-02;9;0
5;2025-11-02;10;0
5;2025-11-02;11;0
5;2025-11-02;12;0
5;2025-11-02;13;0
5;2025-11-02;14;0
5;2025-11-02;15;0
5;2025-11-02;16;0
5;2025-11-02;17;0
5;2025-11-02;18;0
5;2025-11-02;19;0
5;2025-11-02;20;0
5;2025-11-02;21;0
5;2025-11-02;22;0
5;2025-11-02;23;0
5;2025-11-03;0;0
5;2025-11-03;1;0
5;2025-11-03;2;0
5;2025-11-03;3;0
5;2025-11-03;4;0
5;2025-11-03;5;0
5;2025-11-03;6;0
5;2025-11-03;7;0
5;2025-11-03;8;0
5;2025-11-03;9;0
5;2025-11-03;10;0
5;2025-11-03;11;0
5;2025-11-03;12;0
5;2025-11-03;13;0
5;2025-11-03;14;0
5;2025-11-03;15;0
5;2025-11-03;16;0
5;2025-11-03;17;0
5;2025-11-03;18;0
5;2025-11-03;19;0
5;2025-11-03;20;0
5;2025-11-03;21;0
5;2025-11-03;22;0
5;2025-11-03;23;0
5;2025-11-04;0;0
5;2025-11-04;1;0
5;2025-11-04;2;0
5;2025-11-04;3;0
5;2025-11-04;4;0
5;2025-11-04;5;0
5;2025-11-04;6;0
5;2025-11-04;7;0
5;2025-11-04;8;0
5;2025-11-04;9;0
5;2025-11-04;10;0
5;2025-11-04;11;0
5;2025-11-04;12;0
5;2025-11-04;13;0
5;2025-11-04;14;0
5;2025-11-04;15;0
5;2025-11-04;16;0
5;2025-11-04;17;0
5;2025-11-04;18;0
5;2025-11-04;19;0
5;2025-11-04;20;0
5;2025-11-04;21;0
5;2025-11-04;22;0
5;2025-11-04;23;0
5;2025-11-05;0;0
5;2025-11-05;1;0
5;2025-11-05;2;0
5;2025-11-05;3;0
5;2025-11-05;4;0
5;2025-11-05;5;0
5;2025-11-05;6;0
5;2025-11-05;7;0
5;2025-11-05;8;0
5;2025-11-05;9;0
5;2025-11-05;10;0
5;2025-11-05;11;0
5;2025-11-05;12;0
5;2025-11-05;13;0
5;2025-11-05;14;0
5;2025-11-05;15;0
5;2025-11-05;16;0
5;2025-11-05;17;0
5;2025-11-05;18;0
5;2025-11-05;19;0
5;2025-11-05;20;0
5;2025-11-05;21;0
5;2025-11-05;22;0
5;2025-11-05;23;0
5;2025-11-06;0;0
5;2025-11-06;1;0
5;2025-11-06;2;0
5;2025-11-06;3;0
5;2025-11-06;4;0
5;2025-11-06;5;0
5;2025-11-06;6;0
5;2025-11-06;7;0
5;2025-11-06;8;0
5;2025-11-06;9;0
5;2025-11-06;10;0
5;2025-11-06;11;0
5;2025-11-06;12;0
5;2025-11-06;13;0
5;2025-11-06;14;0
5;2025-11-06;15;0
5;2025-11-06;16;0
5;2025-11-06;17;0
5;2025-11-06;18;0
5;2025-11-06;19;0
5;2025-11-06;20;0
5;2025-11-06;21;0
5;2025-11-06;22;0
5;2025-11-06;23;0
5;2025-11-07;0;0
5;2025-11-07;1;0
5;2025-11-07;2;0
5;2025-11-07;3;0
5;2025-11-07;4;0
5;2025-11-07;5;0
5;2025-11-07;6;0
5;2025-11-07;7;0
5;2025-11-07;8;0
5;2025-11-07;9;0
5;2025-11-07;10;0
5;2025-11-07;11;0
5;2025-11-07;12;0
5;2025-11-07;13;0
5;2025-11-07;14;0
5;2025-11-07;15;0
5;2025-11-07;16;0
5;2025-11-07;17;0
5;2025-11-07;18;0
5;2025-11-07;19;0
5;2025-11-07;20;0
5;2025-11-07;21;0
5;2025-11-07;22;0
5;2025-11-07;23;0
5;2025-11-08;0;0
5;2025-11-08;1;0
5;2025-11-08;2;0
5;2025-11-08;3;0
5;2025-11-08;4;0
5;2025-11-08;5;0
5;2025-11-08;6;0
5;2025-11-08;7;0
5;2025-11-08;8;0
5;2025-11-08;9;0
5;2025-11-08;10;0
5;2025-11-08;11;0
5;2025-11-08;12;0
5;2025-11-08;13;0
5;2025-11-08;14;0
5;2025-11-08;15;0
5;2025-11-08;16;0
5;2025-11-08;17;0
5;2025-11-08;18;0
5;2025-11-08;19;0
5;2025-11-08;20;0
5;2025-11-08;21;0
5;2025-11-08;22;0
5;2025-11-08;23;0
5;2025-11-09;0;0
5;2025-11-09;1;0
5;2025-11-09;2;0
5;2025-11-09;3;0
5;2025-11-09;4;0
5;2025-11-09;5;0
5;2025-11-09;6;0
5;2025-11-09;7;0
5;2025-11-09;8;0
5;2025-11-09;9;0
5;2025-11-09;10;0
5;2025-11-09;11;0
5;2025-11-09;12;0
5;2025-11-09;13;0
5;2025-11-09;14;0
5;2025-11-09;15;0
5;2025-11-09;16;0
5;2025-11-09;17;0
5;2025-11-09;18;0
5;2025-11-09;19;0
5;2025-11-09;20;0
5;2025-11-09;21;0
5;2025-11-09;22;0
5;2025-11-09;23;0
5;2025-11-10;0;0
5;2025-11-10;1;0
5;2025-11-10;2;0
5;2025-11-10;3;0
5;2025-11-10;4;0
5;2025-11-10;5;0
5;2025-11-10;6;0
5;2025-11-10;7;0
5;2025-11-10;8;0
5;2025-11-10;9;0
5;2025-11-10;10;0
5;2025-11-10;11;0
5;2025-11-10;12;0
5;2025-11-10;13;0
5;2025-11-10;14;0
5;2025-11-10;15;0
5;2025-11-10;16;0
5;2025-11-10;17;0
5;2025-11-10;18;0
5;2025-11-10;19;0
5;2025-11-10;20;0
5;2025-11-10;21;0
5;2025-11-10;22;0
5;2025-11-10;23;0
5;2025-11-11;0;0
5;2025-11-11;1;0
5;2025-11-11;2;0
5;2025-11-11;3;0
5;2025-11-11;4;0
5;2025-11-11;5;0
5;2025-11-11;6;0
5;2025-11-11;7;0
5;2025-11-11;8;0
5;2025-11-11;9;0
5;2025-11-11;10;0
5;2025-11-11;11;0
5;2025-11-11;12;0
5;2025-11-11;13;0
5;2025-11-11;14;0
5;2025-11-11;15;0
5;2025-11-11;16;0
5;2025-11-11;17;0
5;2025-11-11;18;0
5;2025-11-11;19;0
5;2025-11-11;20;0
5;2025-11-11;21;0
5;2025-11-11;22;0
5;2025-11-11;23;0
5;2025-11-12;0;0
5;2025-11-12;1;0
5;2025-11-12;2;0
5;2025-11-12;3;0
5;2025-11-12;4;0
5;2025-11-12;5;0
5;2025-11-12;6;0
5;2025-11-12;7;0
5;2025-11-12;8;0
5;2025-11-12;9;0
5;2025-11-12;10;0
5;2025-11-12;11;0
5;2025-11-12;12;0
5;2025-11-12;13;0
5;2025-11-12;14;0
5;2025-11-12;15;0
5;2025-11-12;16;0
5;2025-11-12;17;0
5;2025-11-12;18;0
5;2025-11-12;19;0
5;2025-11-12;20;0
5;2025-11-12;21;0
5;2025-11-12;22;0
5;2025-11-12;23;0
5;2025-11-13;0;0
5;2025-11-13;1;0
5;2025-11-13;2;0
5;2025-11-13;3;0
5;2025-11-13;4;0
5;2025-11-13;5;0
5;2025-11-13;6;0
5;2025-11-13;7;0
5;2025-11-13;8;0
5;2025-11-13;9;0
5;2025-11-13;10;0
5;2025-11-13;11;0
5;2025-11-13;12;0
5;2025-11-13;13;0
5;2025-11-13;14;0
5;2025-11-13;15;0
5;2025-11-13;16;0
5;2025-11-13;17;0
5;2025-11-13;18;0
5;2025-11-13;19;0
5;2025-11-13;20;0
5;2025-11-13;21;0
5;2025-11-13;22;0
5;2025-11-13;23;0
5;2025-11-14;0;0
5;2025-11-14;1;0
5;2025-11-14;2;0
5;2025-11-14;3;0
5;2025-11-14;4;0
5;2025-11-14;5;0
5;2025-11-14;6;0
5;2025-11-14;7;0
5;2025-11-14;8;0
5;2025-11-14;9;0
5;2025-11-14;10;0
5;2025-11-14;11;0
5;2025-11-14;12;0
5;2025-11-14;13;0
5;2025-11-14;14;0
5;2025-11-14;15;0
5;2025-11-14;16;0
5;2025-11-14;17;0
5;2025-11-14;18;0
5;2025-11-14;19;0
5;2025-11-14;20;0
5;2025-11-14;21;0
5;2025-11-14;22;0
5;2025-11-14;23;0
5;2025-11-15;0;0
5;2025-11-15;1;0
5;2025-11-15;2;0
5;2025-11-15;3;0
5;2025-11-15;4;0
5;2025-11-15;5;0
5;2025-11-15;6;0
5;2025-11-15;7;0
5;2025-11-15;8;0
5;2025-11-15;9;0
5;2025-11-15;10;0
5;2025-11-15;11;0
5;2025-11-15;12;0
5;2025-11-15;13;0
5;2025-11-15;14;0
5;2025-11-15;15;0
5;2025-11-15;16;0
5;2025-11-15;17;0
5;2025-11-15;18;0
5;2025-11-15;19;0
5;2025-11-15;20;0
5;2025-11-15;21;0
5;2025-11-15;22;0
5;2025-11-15;23;0
5;2025-11-16;0;0
5;2025-11-16;1;0
5;2025-11-16;2;0
5;2025-11-16;3;0
5;2025-11-16;4;0
5;2025-11-16;5;0
5;2025-11-16;6;0
5;2025-11-16;7;0
5;2025-11-16;8;0
5;2025-11-16;9;0
5;2025-11-16;10;0
5;2025-11-16;11;0
5;2025-11-16;12;0
5;2025-11-16;13;0
5;2025-11-16;14;0
5;2025-11-16;15;0
5;2025-11-16;16;0
5;2025-11-16;17;0
5;2025-11-16;18;0
5;2025-11-16;19;0
5;2025-11-16;20;0
5;2025-11-16;21;0
5;2025-11-16;22;0
5;2025-11-16;23;0
5;2025-11-17;0;0
5;2025-11-17;1;0
5;2025-11-17;2;0
5;2025-11-17;3;0
5;2025-11-17;4;0
5;2025-11-17;5;0
5;2025-11-17;6;0
5;2025-11-17;7;0
5;2025-11-17;8;0
5;2025-11-17;9;0
5;2025-11-17;10;0
5;2025-11-17;11;0
5;2025-11-17;12;0
5;2025-11-17;13;0
5;2025-11-17;14;0
5;2025-11-17;15;0
5;2025-11-17;16;0
5;2025-11-17;17;0
5;2025-11-17;18;0
5;2025-11-17;19;0
5;2025-11-17;20;0
5;2025-11-17;21;0
5;2025-11-17;22;0
5;2025-11-17;23;0
5;2025-11-18;0;0
5;2025-11-18;1;0
5;2025-11-18;2;0
5;2025-11-18;3;0
5;2025-11-18;4;0
5;2025-11-18;5;0
5;2025-11-18;6;0
5;2025-11-18;7;0
5;2025-11-18;8;0
5;2025-11-18;9;0
5;2025-11-18;10;0
5;2025-11-18;11;0
5;2025-11-18;12;0
5;2025-11-18;13;0
5;2025-11-18;14;0
5;2025-11-18;15;0
5;2025-11-18;16;0
5;2025-11-18;17;0
5;2025-11-18;18;0
5;2025-11-18;19;0
5;2025-11-18;20;0
5;2025-11-18;21;0
5;2025-11-18;22;0
5;2025-11-18;23;0
5;2025-11-19;0;0
5;2025-11-19;1;0
5;2025-11-19;2;0
5;2025-11-19;3;0
5;2025-11-19;4;0
5;2025-11-19;5;0
5;2025-11-19;6;0
5;2025-11-19;7;0
5;2025-11-19;8;0
5;2025-11-19;9;0
5;2025-11-19;10;0
5;2025-11-19;11;0
5;2025-11-19;12;0
5;2025-11-19;13;0
5;2025-11-19;14;0
5;2025-11-19;15;0
5;2025-11-19;16;0
5;2025-11-19;17;0
5;2025-11-19;18;0
5;2025-11-19;19;0
5;2025-11-19;20;0
5;2025-11-19;21;0
5;2025-11-19;22;0
5;2025-11-19;23;0
5;2025-11-20;0;0
5;2025-11-20;1;0
5;2025-11-20;2;0
5;2025-11-20;3;0
5;2025-11-20;4;0
5;2025-11-20;5;0
5;2025-11-20;6;0
5;2025-11-20;7;0
5;2025-11-20;8;0
5;2025-11-20;9;0
5;2025-11-20;10;0
5;2025-11-20;11;0
5;2025-11-20;12;0
5;2025-11-20;13;0
5;2025-11-20;14;0
5;2025-11-20;15;0
5;2025-11-20;16;0
5;2025-11-20;17;0
5;2025-11-20;18;0
5;2025-11-20;19;0
5;2025-11-20;20;0
5;2025-11-20;21;0
5;2025-11-20;22;0
5;2025-11-20;23;0
5;2025-11-21;0;0
5;2025-11-21;1;0
5;2025-11-21;2;0
5;2025-11-21;3;0
5;2025-11-21;4;0
5;2025-11-21;5;0
5;2025-11-21;6;0
5;2025-11-21;7;0
5;2025-11-21;8;0
5;2025-11-21;9;0
5;2025-11-21;10;0
5;2025-11-21;11;0
5;2025-11-21;12;0
5;2025-11-21;13;0
5;2025-11-21;14;0
5;2025-11-21;15;0
5;2025-11-21;16;0
5;2025-11-21;17;0
5;2025-11-21;18;0
5;2025-11-21;19;0
5;2025-11-21;20;0
5;2025-11-21;21;0
5;2025-11-21;22;0
5;2025-11-21;23;0
5;2025-11-22;0;0
5;2025-11-22;1;0
5;2025-11-22;2;0
5;2025-11-22;3;0
5;2025-11-22;4;0
5;2025-11-22;5;0
5;2025-11-22;6;0
5;2025-11-22;7;0
5;2025-11-22;8;0
5;2025-11-22;9;0
5;2025-11-22;10;0
5;2025-11-22;11;0
5;2025-11-22;12;0
5;2025-11-22;13;0
5;2025-11-22;14;0
5;2025-11-22;15;0
5;2025-11-22;16;0
5;2025-11-22;17;0
5;2025-11-22;18;0
5;2025-11-22;19;0
5;2025-11-22;20;0
5;2025-11-22;21;0
5;2025-11-22;22;0
5;2025-11-22;23;0
5;2025-11-23;0;0
5;2025-11-23;1;0
5;2025-11-23;2;0
5;2025-11-23;3;0
5;2025-11-23;4;0
5;2025-11-23;5;0
5;2025-11-23;6;0
5;2025-11-23;7;0
5;2025-11-23;8;0
5;2025-11-23;9;0
5;2025-11-23;10;0
5;2025-11-23;11;0
5;2025-11-23;12;0
5;2025-11-23;13;0
5;2025-11-23;14;0
5;2025-11-23;15;0
5;2025-11-23;16;0
5;2025-11-23;17;0
5;2025-11-23;18;0
5;2025-11-23;19;0
5;2025-11-23;20;0
5;2025-11-23;21;0
5;2025-11-23;22;0
5;2025-11-23;23;0
5;2025-11-24;0;0
5;2025-11-24;1;0
5;2025-11-24;2;0
5;2025-11-24;3;0
5;2025-11-24;4;0
5;2025-11-24;5;0
5;2025-11-24;6;0
5;2025-11-24;7;0
5;2025-11-24;8;0
5;2025-11-24;9;0
5;2025-11-24;10;0
5;2025-11-24;11;0
5;2025-11-24;12;0
5;2025-11-24;13;0
5;2025-11-24;14;0
5;2025-11-24;15;0
5;2025-11-24;16;0
5;2025-11-24;17;0
5;2025-11-24;18;0
5;2025-11-24;19;0
5;2025-11-24;20;0
5;2025-11-24;21;0
5;2025-11-24;22;0
5;2025-11-24;23;0
5;2025-11-25;0;0
5;2025-11-25;1;0
5;2025-11-25;2;0
5;2025-11-25;3;0
5;2025-11-25;4;0
5;2025-11-25;5;0
5;2025-11-25;6;0
5;2025-11-25;7;0
5;2025-11-25;8;0
5;2025-11-25;9;0
5;2025-11-25;10;0
5;2025-11-25;11;0
5;2025-11-25;12;0
5;2025-11-25;13;0
5;2025-11-25;14;0
5;2025-11-25;15;0
5;2025-11-25;16;0
5;2025-11-25;17;0
5;2025-11-25;18;0
5;2025-11-25;19;0
5;2025-11-25;20;0
5;2025-11-25;21;0
5;2025-11-25;22;0
5;2025-11-25;23;0
5;2025-11-26;0;0
5;2025-11-26;1;0
5;2025-11-26;2;0
5;2025-11-26;3;0
5;2025-11-26;4;0
5;2025-11-26;5;0
5;2025-11-26;6;0
5;2025-11-26;7;0
5;2025-11-26;8;0
5;2025-11-26;9;0
5;2025-11-26;10;0
5;2025-11-26;11;0
5;2025-11-26;12;0
5;2025-11-26;13;0
5;2025-11-26;14;0
5;2025-11-26;15;0
5;2025-11-26;16;0
5;2025-11-26;17;0
5;2025-11-26;18;0
5;2025-11-26;19;0
5;2025-11-26;20;0
5;2025-11-26;21;0
5;2025-11-26;22;0
5;2025-11-26;23;0
5;2025-11-27;0;0
5;2025-11-27;1;0
5;2025-11-27;2;0
5;2025-11-27;3;0
5;2025-11-27;4;0
5;2025-11-27;5;0
5;2025-11-27;6;0
5;2025-11-27;7;0
5;2025-11-27;8;0
5;2025-11-27;9;0
5;2025-11-27;10;0
5;2025-11-27;11;0
5;2025-11-27;12;0
5;2025-11-27;13;0
5;2025-11-27;14;0
5;2025-11-27;15;0
5;2025-11-27;16;0
5;2025-11-27;17;0
5;2025-11-27;18;0
5;2025-11-27;19;0
5;2025-11-27;20;0
5;2025-11-27;21;0
5;2025-11-27;22;0
5;2025-11-27;23;0
5;2025-11-28;0;0
5;2025-11-28;1;0
5;2025-11-28;2;0
5;2025-11-28;3;0
5;2025-11-28;4;0
5;2025-11-28;5;0
5;2025-11-28;6;0
5;2025-11-28;7;0
5;2025-11-28;8;0
5;2025-11-28;9;0
5;2025-11-28;10;0
5;2025-11-28;11;0
5;2025-11-28;12;0
5;2025-11-28;13;0
5;2025-11-28;14;0
5;2025-11-28;15;0
5;2025-11-28;16;0
5;2025-11-28;17;0
5;2025-11-28;18;0
5;2025-11-28;19;0
5;2025-11-28;20;0
5;2025-11-28;21;0
5;2025-11-28;22;0
5;2025-11-28;23;0
5;2025-11-29;0;0
5;2025-11-29;1;0
5;2025-11-29;2;0
5;2025-11-29;3;0
5;2025-11-29;4;0
5;2025-11-29;5;0
5;2025-11-29;6;0
5;2025-11-29;7;0
5;2025-11-29;8;0
5;2025-11-29;9;0
5;2025-11-29;10;0
5;2025-11-29;11;0
5;2025-11-29;12;0
5;2025-11-29;13;0
5;2025-11-29;14;0
5;2025-11-29;15;0
5;2025-11-29;16;0
5;2025-11-29;17;0
5;2025-11-29;18;0
5;2025-11-29;19;0
5;2025-11-29;20;0
5;2025-11-29;21;0
5;2025-11-29;22;0
5;2025-11-29;23;0
5;2025-11-30;0;0
5;2025-11-30;1;0
5;2025-11-30;2;0
5;2025-11-30;3;0
5;2025-11-30;4;0
5;2025-11-30;5;0
5;2025-11-30;6;0
5;2025-11-30;7;0
5;2025-11-30;8;0
5;2025-11-30;9;0
5;2025-11-30;10;0
5;2025-11-30;11;0
5;2025-11-30;12;0
5;2025-11-30;13;0
5;2025-11-30;14;0
5;2025-11-30;15;0
5;2025-11-30;16;0
5;2025-11-30;17;0
5;2025-11-30;18;0
5;2025-11-30;19;0
5;2025-11-30;20;0
5;2025-11-30;21;0
5;2025-11-30;22;0
5;2025-11-30;23;0
5;2025-12-01;0;0
5;2025-12-01;1;0
5;2025-12-01;2;0
5;2025-12-01;3;0
5;2025-12-01;4;0
5;2025-12-01;5;0
5;2025-12-01;6;0
5;2025-12-01;7;0
5;2025-12-01;8;0
5;2025-12-01;9;0
5;2025-12-01;10;0
5;2025-12-01;11;0
5;2025-12-01;12;0
5;2025-12-01;13;0
5;2025-12-01;14;0
5;2025-12-01;15;0
5;2025-12-01;16;0
5;2025-12-01;17;0
5;2025-12-01;18;0
5;2025-12-01;19;0
5;2025-12-01;20;0
5;2025-12-01;21;0
5;2025-12-01;22;0
5;2025-12-01;23;0
5;2025-12-02;0;0
5;2025-12-02;1;0
5;2025-12-02;2;0
5;2025-12-02;3;0
5;2025-12-02;4;0
5;2025-12-02;5;0
5;2025-12-02;6;0
5;2025-12-02;7;0
5;2025-12-02;8;0
5;2025-12-02;9;0
5;2025-12-02;10;0
5;2025-12-02;11;0
5;2025-12-02;12;0
5;2025-12-02;13;0
5;2025-12-02;14;0
5;2025-12-02;15;0
5;2025-12-02;16;0
5;2025-12-02;17;0
5;2025-12-02;18;0
5;2025-12-02;19;0
5;2025-12-02;20;0
5;2025-12-02;21;0
5;2025-12-02;22;0
5;2025-12-02;23;0
5;2025-12-03;0;0
5;2025-12-03;1;0
5;2025-12-03;2;0
5;2025-12-03;3;0
5;2025-12-03;4;0
5;2025-12-03;5;0
5;2025-12-03;6;0
5;2025-12-03;7;0
5;2025-12-03;8;0
5;2025-12-03;9;0
5;2025-12-03;10;0
5;2025-12-03;11;0
5;2025-12-03;12;0
5;2025-12-03;13;0
5;2025-12-03;14;0
5;2025-12-03;15;0
5;2025-12-03;16;0
5;2025-12-03;17;0
5;2025-12-03;18;0
5;2025-12-03;19;0
5;2025-12-03;20;0
5;2025-12-03;21;0
5;2025-12-03;22;0
5;2025-12-03;23;0
5;2025-12-04;0;0
5;2025-12-04;1;0
5;2025-12-04;2;0
5;2025-12-04;3;0
5;2025-12-04;4;0
5;2025-12-04;5;0
5;2025-12-04;6;0
5;2025-12-04;7;0
5;2025-12-04;8;0
5;2025-12-04;9;0
5;2025-12-04;10;0
5;2025-12-04;11;0
5;2025-12-04;12;0
5;2025-12-04;13;0
5;2025-12-04;14;0
5;2025-12-04;15;0
5;2025-12-04;16;0
5;2025-12-04;17;0
5;2025-12-04;18;0
5;2025-12-04;19;0
5;2025-12-04;20;0
5;2025-12-04;21;0
5;2025-12-04;22;0
5;2025-12-04;23;0
5;2025-12-05;0;0
5;2025-12-05;1;0
5;2025-12-05;2;0
5;2025-12-05;3;0
5;2025-12-05;4;0
5;2025-12-05;5;0
5;2025-12-05;6;0
5;2025-12-05;7;0
5;2025-12-05;8;0
5;2025-12-05;9;0
5;2025-12-05;10;0
5;2025-12-05;11;0
5;2025-12-05;12;0
5;2025-12-05;13;0
5;2025-12-05;14;0
5;2025-12-05;15;0
5;2025-12-05;16;0
5;2025-12-05;17;0
5;2025-12-05;18;0
5;2025-12-05;19;0
5;2025-12-05;20;0
5;2025-12-05;21;0
5;2025-12-05;22;0
5;2025-12-05;23;0
5;2025-12-06;0;0
5;2025-12-06;1;0
5;2025-12-06;2;0
5;2025-12-06;3;0
5;2025-12-06;4;0
5;2025-12-06;5;0
5;2025-12-06;6;0
5;2025-12-06;7;0
5;2025-12-06;8;0
5;2025-12-06;9;0
5;2025-12-06;10;0
5;2025-12-06;11;0
5;2025-12-06;12;0
5;2025-12-06;13;0
5;2025-12-06;14;0
5;2025-12-06;15;0
5;2025-12-06;16;0
5;2025-12-06;17;0
5;2025-12-06;18;0
5;2025-12-06;19;0
5;2025-12-06;20;0
5;2025-12-06;21;0
5;2025-12-06;22;0
5;2025-12-06;23;0
5;2025-12-07;0;0
5;2025-12-07;1;0
5;2025-12-07;2;0
5;2025-12-07;3;0
5;2025-12-07;4;0
5;2025-12-07;5;0
5;2025-12-07;6;0
5;2025-12-07;7;0
5;2025-12-07;8;0
5;2025-12-07;9;0
5;2025-12-07;10;0
5;2025-12-07;11;0
5;2025-12-07;12;0
5;2025-12-07;13;0
5;2025-12-07;14;0
5;2025-12-07;15;0
5;2025-12-07;16;0
5;2025-12-07;17;0
5;2025-12-07;18;0
5;2025-12-07;19;0
5;2025-12-07;20;0
5;2025-12-07;21;0
5;2025-12-07;22;0
5;2025-12-07;23;0
5;2025-12-08;0;0
5;2025-12-08;1;0
5;2025-12-08;2;0
5;2025-12-08;3;0
5;2025-12-08;4;0
5;2025-12-08;5;0
5;2025-12-08;6;0
5;2025-12-08;7;0
5;2025-12-08;8;0
5;2025-12-08;9;0
5;2025-12-08;10;0
5;2025-12-08;11;0
5;2025-12-08;12;0
5;2025-12-08;13;0
5;2025-12-08;14;0
5;2025-12-08;15;0
5;2025-12-08;16;0
5;2025-12-08;17;0
5;2025-12-08;18;0
5;2025-12-08;19;0
5;2025-12-08;20;0
5;2025-12-08;21;0
5;2025-12-08;22;0
5;2025-12-08;23;0
5;2025-12-09;0;0
5;2025-12-09;1;0
5;2025-12-09;2;0
5;2025-12-09;3;0
5;2025-12-09;4;0
5;2025-12-09;5;0
5;2025-12-09;6;0
5;2025-12-09;7;0
5;2025-12-09;8;0
5;2025-12-09;9;0
5;2025-12-09;10;0
5;2025-12-09;11;0
5;2025-12-09;12;0
5;2025-12-09;13;0
5;2025-12-09;14;0
5;2025-12-09;15;0
5;2025-12-09;16;0
5;2025-12-09;17;0
5;2025-12-09;18;0
5;2025-12-09;19;0
5;2025-12-09;20;0
5;2025-12-09;21;0
5;2025-12-09;22;0
5;2025-12-09;23;0
5;2025-12-10;0;0
5;2025-12-10;1;0
5;2025-12-10;2;0
5;2025-12-10;3;0
5;2025-12-10;4;0
5;2025-12-10;5;0
5;2025-12-10;6;0
5;2025-12-10;7;0
5;2025-12-10;8;0
5;2025-12-10;9;0
5;2025-12-10;10;0
5;2025-12-10;11;0
5;2025-12-10;12;0
5;2025-12-10;13;0
5;2025-12-10;14;0
5;2025-12-10;15;0
5;2025-12-10;16;0
5;2025-12-10;17;0
5;2025-12-10;18;0
5;2025-12-10;19;0
5;2025-12-10;20;0
5;2025-12-10;21;0
5;2025-12-10;22;0
5;2025-12-10;23;0
5;2025-12-11;0;0
5;2025-12-11;1;0
5;2025-12-11;2;0
5;2025-12-11;3;0
5;2025-12-11;4;0
5;2025-12-11;5;0
5;2025-12-11;6;0
5;2025-12-11;7;0
5;2025-12-11;8;0
5;2025-12-11;9;0
5;2025-12-11;10;0
5;2025-12-11;11;0
5;2025-12-11;12;0
5;2025-12-11;13;0
5;2025-12-11;14;0
5;2025-12-11;15;0
5;2025-12-11;16;0
5;2025-12-11;17;0
5;2025-12-11;18;0
5;2025-12-11;19;0
5;2025-12-11;20;0
5;2025-12-11;21;0
5;2025-12-11;22;0
5;2025-12-11;23;0
5;2025-12-12;0;0
5;2025-12-12;1;0
5;2025-12-12;2;0
5;2025-12-12;3;0
5;2025-12-12;4;0
5;2025-12-12;5;0
5;2025-12-12;6;0
5;2025-12-12;7;0
5;2025-12-12;8;0
5;2025-12-12;9;0
5;2025-12-12;10;0
5;2025-12-12;11;0
5;2025-12-12;12;0
5;2025-12-12;13;0
5;2025-12-12;14;0
5;2025-12-12;15;0
5;2025-12-12;16;0
5;2025-12-12;17;0
5;2025-12-12;18;0
5;2025-12-12;19;0
5;2025-12-12;20;0
5;2025-12-12;21;0
5;2025-12-12;22;0
5;2025-12-12;23;0
5;2025-12-13;0;0
5;2025-12-13;1;0
5;2025-12-13;2;0
5;2025-12-13;3;0
5;2025-12-13;4;0
5;2025-12-13;5;0
5;2025-12-13;6;0
5;2025-12-13;7;0
5;2025-12-13;8;0
5;2025-12-13;9;0
5;2025-12-13;10;0
5;2025-12-13;11;0
5;2025-12-13;12;0
5;2025-12-13;13;0
5;2025-12-13;14;0
5;2025-12-13;15;0
5;2025-12-13;16;0
5;2025-12-13;17;0
5;2025-12-13;18;0
5;2025-12-13;19;0
5;2025-12-13;20;0
5;2025-12-13;21;0
5;2025-12-13;22;0
5;2025-12-13;23;0
5;2025-12-14;0;0
5;2025-12-14;1;0
5;2025-12-14;2;0
5;2025-12-14;3;0
5;2025-12-14;4;0
5;2025-12-14;5;0
5;2025-12-14;6;0
5;2025-12-14;7;0
5;2025-12-14;8;0
5;2025-12-14;9;0
5;2025-12-14;10;0
5;2025-12-14;11;0
5;2025-12-14;12;0
5;2025-12-14;13;0
5;2025-12-14;14;0
5;2025-12-14;15;0
5;2025-12-14;16;0
5;2025-12-14;17;0
5;2025-12-14;18;0
5;2025-12-14;19;0
5;2025-12-14;20;0
5;2025-12-14;21;0
5;2025-12-14;22;0
5;2025-12-14;23;0
5;2025-12-15;0;0
5;2025-12-15;1;0
5;2025-12-15;2;0
5;2025-12-15;3;0
5;2025-12-15;4;0
5;2025-12-15;5;0
5;2025-12-15;6;0
5;2025-12-15;7;0
5;2025-12-15;8;0
5;2025-12-15;9;0
5;2025-12-15;10;0
5;2025-12-15;11;0
5;2025-12-15;12;0
5;2025-12-15;13;0
5;2025-12-15;14;0
5;2025-12-15;15;0
5;2025-12-15;16;0
5;2025-12-15;17;0
5;2025-12-15;18;0
5;2025-12-15;19;0
5;2025-12-15;20;0
5;2025-12-15;21;0
5;2025-12-15;22;0
5;2025-12-15;23;0
5;2025-12-16;0;7
5;2025-12-16;1;1
5;2025-12-16;2;0
5;2025-12-16;3;0
5;2025-12-16;4;0
5;2025-12-16;5;22
5;2025-12-16;6;98
5;2025-12-16;7;288
5;2025-12-16;8;434
5;2025-12-16;9;340
5;2025-12-16;10;281
5;2025-12-16;11;256
5;2025-12-16;12;250
5;2025-12-16;13;258
5;2025-12-16;14;245
5;2025-12-16;15;288
5;2025-12-16;16;293
5;2025-12-16;17;400
5;2025-12-16;18;428
5;2025-12-16;19;272
5;2025-12-16;20;175
5;2025-12-16;21;106
5;2025-12-16;22;47
5;2025-12-16;23;29
5;2025-12-17;0;10
5;2025-12-17;1;2
5;2025-12-17;2;0
5;2025-12-17;3;0
5;2025-12-17;4;1
5;2025-12-17;5;33
5;2025-12-17;6;137
5;2025-12-17;7;389
5;2025-12-17;8;635
5;2025-12-17;9;482
5;2025-12-17;10;404
5;2025-12-17;11;373
5;2025-12-17;12;390
5;2025-12-17;13;366
5;2025-12-17;14;363
5;2025-12-17;15;408
5;2025-12-17;16;425
5;2025-12-17;17;578
5;2025-12-17;18;587
5;2025-12-17;19;373
5;2025-12-17;20;234
5;2025-12-17;21;152
5;2025-12-17;22;69
5;2025-12-17;23;40
5;2025-12-18;0;13
5;2025-12-18;1;2
5;2025-12-18;2;0
5;2025-12-18;3;0
5;2025-12-18;4;1
5;2025-12-18;5;30
5;2025-12-18;6;135
5;2025-12-18;7;391
5;2025-12-18;8;612
5;2025-12-18;9;475
5;2025-12-18;10;397
5;2025-12-18;11;367
5;2025-12-18;12;385
5;2025-12-18;13;369
5;2025-12-18;14;384
5;2025-12-18;15;407
5;2025-12-18;16;421
5;2025-12-18;17;555
5;2025-12-18;18;613
5;2025-12-18;19;375
5;2025-12-18;20;244
5;2025-12-18;21;159
5;2025-12-18;22;70
5;2025-12-18;23;44
5;2025-12-19;0;14
5;2025-12-19;1;2
5;2025-12-19;2;0
5;2025-12-19;3;0
5;2025-12-19;4;1
5;2025-12-19;5;30
5;2025-12-19;6;140
5;2025-12-19;7;401
5;2025-12-19;8;617
5;2025-12-19;9;477
5;2025-12-19;10;398
5;2025-12-19;11;384
5;2025-12-19;12;383
5;2025-12-19;13;396
5;2025-12-19;14;395
5;2025-12-19;15;452
5;2025-12-19;16;533
5;2025-12-19;17;550
5;2025-12-19;18;449
5;2025-12-19;19;324
5;2025-12-19;20;231
5;2025-12-19;21;144
5;2025-12-19;22;77
5;2025-12-19;23;51
5;2025-12-20;0;23
5;2025-12-20;1;4
5;2025-12-20;2;0
5;2025-12-20;3;0
5;2025-12-20;4;0
5;2025-12-20;5;13
5;2025-12-20;6;71
5;2025-12-20;7;124
5;2025-12-20;8;189
5;2025-12-20;9;214
5;2025-12-20;10;221
5;2025-12-20;11;271
5;2025-12-20;12;292
5;2025-12-20;13;307
5;2025-12-20;14;317
5;2025-12-20;15;297
5;2025-12-20;16;282
5;2025-12-20;17;279
5;2025-12-20;18;255
5;2025-12-20;19;244
5;2025-12-20;20;184
5;2025-12-20;21;150
5;2025-12-20;22;82
5;2025-12-20;23;51
5;2025-12-21;0;26
5;2025-12-21;1;5
5;2025-12-21;2;1
5;2025-12-21;3;1
5;2025-12-21;4;0
5;2025-12-21;5;12
5;2025-12-21;6;59
5;2025-12-21;7;95
5;2025-12-21;8;150
5;2025-12-21;9;189
5;2025-12-21;10;214
5;2025-12-21;11;265
5;2025-12-21;12;296
5;2025-12-21;13;314
5;2025-12-21;14;341
5;2025-12-21;15;310
5;2025-12-21;16;296
5;2025-12-21;17;305
5;2025-12-21;18;270
5;2025-12-21;19;235
5;2025-12-21;20;194
5;2025-12-21;21;154
5;2025-12-21;22;89
5;2025-12-21;23;49
5;2025-12-22;0;9
5;2025-12-22;1;2
5;2025-12-22;2;0
5;2025-12-22;3;0
5;2025-12-22;4;1
5;2025-12-22;5;32
5;2025-12-22;6;139
5;2025-12-22;7;409
5;2025-12-22;8;652
5;2025-12-22;9;496
5;2025-12-22;10;398
5;2025-12-22;11;361
5;2025-12-22;12;344
5;2025-12-22;13;367
5;2025-12-22;14;362
5;2025-12-22;15;409
5;2025-12-22;16;417
5;2025-12-22;17;574
5;2025-12-22;18;619
5;2025-12-22;19;372
5;2025-12-22;20;238
5;2025-12-22;21;150
5;2025-12-22;22;64
5;2025-12-22;23;34
5;2025-12-23;0;10
5;2025-12-23;1;2
5;2025-12-23;2;0
5;2025-12-23;3;0
5;2025-12-23;4;1
5;2025-12-23;5;31
5;2025-12-23;6;140
5;2025-12-23;7;411
5;2025-12-23;8;619
5;2025-12-23;9;485
5;2025-12-23;10;402
5;2025-12-23;11;365
5;2025-12-23;12;357
5;2025-12-23;13;368
5;2025-12-23;14;350
5;2025-12-23;15;411
5;2025-12-23;16;418
5;2025-12-23;17;571
5;2025-12-23;18;611
5;2025-12-23;19;388
5;2025-12-23;20;249
5;2025-12-23;21;152
5;2025-12-23;22;67
5;2025-12-23;23;41
5;2025-12-24;0;10
5;2025-12-24;1;2
5;2025-12-24;2;0
5;2025-12-24;3;0
5;2025-12-24;4;1
5;2025-12-24;5;33
5;2025-12-24;6;137
5;2025-12-24;7;389
5;2025-12-24;8;635
5;2025-12-24;9;482
5;2025-12-24;10;404
5;2025-12-24;11;373
5;2025-12-24;12;390
5;2025-12-24;13;366
5;2025-12-24;14;363
5;2025-12-24;15;408
5;2025-12-24;16;425
5;2025-12-24;17;578
5;2025-12-24;18;587
5;2025-12-24;19;373
5;2025-12-24;20;234
5;2025-12-24;21;152
5;2025-12-24;22;69
5;2025-12-24;23;40
5;2025-12-25;0;13
5;2025-12-25;1;2
5;2025-12-25;2;0
5;2025-12-25;3;0
5;2025-12-25;4;1
5;2025-12-25;5;30
5;2025-12-25;6;135
5;2025-12-25;7;391
5;2025-12-25;8;612
5;2025-12-25;9;475
5;2025-12-25;10;397
5;2025-12-25;11;367
5;2025-12-25;12;385
5;2025-12-25;13;369
5;2025-12-25;14;384
5;2025-12-25;15;407
5;2025-12-25;16;421
5;2025-12-25;17;555
5;2025-12-25;18;613
5;2025-12-25;19;375
5;2025-12-25;20;244
5;2025-12-25;21;159
5;2025-12-25;22;70
5;2025-12-25;23;44
5;2025-12-26;0;14
5;2025-12-26;1;2
5;2025-12-26;2;0
5;2025-12-26;3;0
5;2025-12-26;4;1
5;2025-12-26;5;30
5;2025-12-26;6;140
5;2025-12-26;7;401
5;2025-12-26;8;617
5;2025-12-26;9;477
5;2025-12-26;10;398
5;2025-12-26;11;384
5;2025-12-26;12;383
5;2025-12-26;13;396
5;2025-12-26;14;395
5;2025-12-26;15;452
5;2025-12-26;16;533
5;2025-12-26;17;550
5;2025-12-26;18;449
5;2025-12-26;19;324
5;2025-12-26;20;231
5;2025-12-26;21;144
5;2025-12-26;22;77
5;2025-12-26;23;51
5;2025-12-27;0;23
5;2025-12-27;1;4
5;2025-12-27;2;0
5;2025-12-27;3;0
5;2025-12-27;4;0
5;2025-12-27;5;13
5;2025-12-27;6;71
5;2025-12-27;7;124
5;2025-12-27;8;189
5;2025-12-27;9;214
5;2025-12-27;10;221
5;2025-12-27;11;271
5;2025-12-27;12;292
5;2025-12-27;13;307
5;2025-12-27;14;317
5;2025-12-27;15;297
5;2025-12-27;16;282
5;2025-12-27;17;279
5;2025-12-27;18;255
5;2025-12-27;19;244
5;2025-12-27;20;184
5;2025-12-27;21;150
5;2025-12-27;22;82
5;2025-12-27;23;51
5;2025-12-28;0;26
5;2025-12-28;1;5
5;2025-12-28;2;1
5;2025-12-28;3;1
5;2025-12-28;4;0
5;2025-12-28;5;12
5;2025-12-28;6;59
5;2025-12-28;7;95
5;2025-12-28;8;150
5;2025-12-28;9;189
5;2025-12-28;10;214
5;2025-12-28;11;265
5;2025-12-28;12;296
5;2025-12-28;13;314
5;2025-12-28;14;341
5;2025-12-28;15;310
5;2025-12-28;16;296
5;2025-12-28;17;305
5;2025-12-28;18;270
5;2025-12-28;19;235
5;2025-12-28;20;194
5;2025-12-28;21;154
5;2025-12-28;22;89
5;2025-12-28;23;49
5;2025-12-29;0;9
5;2025-12-29;1;2
5;2025-12-29;2;0
5;2025-12-29;3;0
5;2025-12-29;4;1
5;2025-12-29;5;31
5;2025-12-29;6;133
5;2025-12-29;7;393
5;2025-12-29;8;626
5;2025-12-29;9;476
5;2025-12-29;10;382
5;2025-12-29;11;347
5;2025-12-29;12;330
5;2025-12-29;13;353
5;2025-12-29;14;347
5;2025-12-29;15;393
5;2025-12-29;16;401
5;2025-12-29;17;551
5;2025-12-29;18;594
5;2025-12-29;19;358
5;2025-12-29;20;229
5;2025-12-29;21;144
5;2025-12-29;22;61
5;2025-12-29;23;33
5;2025-12-30;0;8
5;2025-12-30;1;1
5;2025-12-30;2;0
5;2025-12-30;3;0
5;2025-12-30;4;0
5;2025-12-30;5;26
5;2025-12-30;6;116
5;2025-12-30;7;340
5;2025-12-30;8;513
5;2025-12-30;9;402
5;2025-12-30;10;333
5;2025-12-30;11;303
5;2025-12-30;12;295
5;2025-12-30;13;305
5;2025-12-30;14;290
5;2025-12-30;15;341
5;2025-12-30;16;346
5;2025-12-30;17;473
5;2025-12-30;18;506
5;2025-12-30;19;321
5;2025-12-30;20;206
5;2025-12-30;21;126
5;2025-12-30;22;55
5;2025-12-30;23;34
5;2025-12-31;0;5
5;2025-12-31;1;1
5;2025-12-31;2;0
5;2025-12-31;3;0
5;2025-12-31;4;0
5;2025-12-31;5;16
5;2025-12-31;6;68
5;2025-12-31;7;193
5;2025-12-31;8;315
5;2025-12-31;9;239
5;2025-12-31;10;201
5;2025-12-31;11;185
5;2025-12-31;12;193
5;2025-12-31;13;181
5;2025-12-31;14;180
5;2025-12-31;15;203
5;2025-12-31;16;211
5;2025-12-31;17;287
5;2025-12-31;18;291
5;2025-12-31;19;185
5;2025-12-31;20;116
5;2025-12-31;21;75
5;2025-12-31;22;34
5;2025-12-31;23;20
7;2025-11-01;0;109
7;2025-11-01;1;25
7;2025-11-01;2;0
7;2025-11-01;3;0
7;2025-11-01;4;1
7;2025-11-01;5;135
7;2025-11-01;6;504
7;2025-11-01;7;1119
7;2025-11-01;8;1766
7;2025-11-01;9;1368
7;2025-11-01;10;1363
7;2025-11-01;11;1291
7;2025-11-01;12;1424
7;2025-11-01;13;1430
7;2025-11-01;14;1470
7;2025-11-01;15;1565
7;2025-11-01;16;1715
7;2025-11-01;17;1848
7;2025-11-01;18;1611
7;2025-11-01;19;1177
7;2025-11-01;20;855
7;2025-11-01;21;538
7;2025-11-01;22;297
7;2025-11-01;23;216
7;2025-11-02;0;88
7;2025-11-02;1;21
7;2025-11-02;2;0
7;2025-11-02;3;0
7;2025-11-02;4;1
7;2025-11-02;5;28
7;2025-11-02;6;124
7;2025-11-02;7;166
7;2025-11-02;8;356
7;2025-11-02;9;468
7;2025-11-02;10;386
7;2025-11-02;11;557
7;2025-11-02;12;611
7;2025-11-02;13;606
7;2025-11-02;14;648
7;2025-11-02;15;667
7;2025-11-02;16;588
7;2025-11-02;17;606
7;2025-11-02;18;606
7;2025-11-02;19;457
7;2025-11-02;20;382
7;2025-11-02;21;286
7;2025-11-02;22;151
7;2025-11-02;23;112
7;2025-11-03;0;92
7;2025-11-03;1;22
7;2025-11-03;2;0
7;2025-11-03;3;0
7;2025-11-03;4;1
7;2025-11-03;5;32
7;2025-11-03;6;155
7;2025-11-03;7;197
7;2025-11-03;8;426
7;2025-11-03;9;489
7;2025-11-03;10;440
7;2025-11-03;11;581
7;2025-11-03;12;677
7;2025-11-03;13;661
7;2025-11-03;14;690
7;2025-11-03;15;699
7;2025-11-03;16;640
7;2025-11-03;17;651
7;2025-11-03;18;635
7;2025-11-03;19;494
7;2025-11-03;20;412
7;2025-11-03;21;306
7;2025-11-03;22;163
7;2025-11-03;23;124
7;2025-11-04;0;82
7;2025-11-04;1;20
7;2025-11-04;2;0
7;2025-11-04;3;0
7;2025-11-04;4;1
7;2025-11-04;5;27
7;2025-11-04;6;129
7;2025-11-04;7;167
7;2025-11-04;8;360
7;2025-11-04;9;435
7;2025-11-04;10;379
7;2025-11-04;11;517
7;2025-11-04;12;589
7;2025-11-04;13;578
7;2025-11-04;14;609
7;2025-11-04;15;621
7;2025-11-04;16;560
7;2025-11-04;17;573
7;2025-11-04;18;564
7;2025-11-04;19;433
7;2025-11-04;20;362
7;2025-11-04;21;270
7;2025-11-04;22;143
7;2025-11-04;23;108
7;2025-11-05;0;56
7;2025-11-05;1;10
7;2025-11-05;2;0
7;2025-11-05;3;0
7;2025-11-05;4;2
7;2025-11-05;5;195
7;2025-11-05;6;629
7;2025-11-05;7;1564
7;2025-11-05;8;2513
7;2025-11-05;9;1917
7;2025-11-05;10;1734
7;2025-11-05;11;1542
7;2025-11-05;12;1767
7;2025-11-05;13;1556
7;2025-11-05;14;1605
7;2025-11-05;15;1781
7;2025-11-05;16;1884
7;2025-11-05;17;2473
7;2025-11-05;18;2533
7;2025-11-05;19;1696
7;2025-11-05;20;1075
7;2025-11-05;21;631
7;2025-11-05;22;309
7;2025-11-05;23;191
7;2025-11-06;0;64
7;2025-11-06;1;17
7;2025-11-06;2;0
7;2025-11-06;3;0
7;2025-11-06;4;1
7;2025-11-06;5;180
7;2025-11-06;6;637
7;2025-11-06;7;1621
7;2025-11-06;8;2456
7;2025-11-06;9;1823
7;2025-11-06;10;1590
7;2025-11-06;11;1532
7;2025-11-06;12;1697
7;2025-11-06;13;1572
7;2025-11-06;14;1756
7;2025-11-06;15;1741
7;2025-11-06;16;1862
7;2025-11-06;17;2261
7;2025-11-06;18;2630
7;2025-11-06;19;1636
7;2025-11-06;20;1052
7;2025-11-06;21;634
7;2025-11-06;22;311
7;2025-11-06;23;212
7;2025-11-07;0;74
7;2025-11-07;1;15
7;2025-11-07;2;0
7;2025-11-07;3;0
7;2025-11-07;4;2
7;2025-11-07;5;171
7;2025-11-07;6;603
7;2025-11-07;7;1456
7;2025-11-07;8;2220
7;2025-11-07;9;1693
7;2025-11-07;10;1661
7;2025-11-07;11;1536
7;2025-11-07;12;1625
7;2025-11-07;13;1655
7;2025-11-07;14;1717
7;2025-11-07;15;1862
7;2025-11-07;16;2075
7;2025-11-07;17;2267
7;2025-11-07;18;1961
7;2025-11-07;19;1396
7;2025-11-07;20;987
7;2025-11-07;21;598
7;2025-11-07;22;332
7;2025-11-07;23;236
7;2025-11-08;0;110
7;2025-11-08;1;25
7;2025-11-08;2;0
7;2025-11-08;3;0
7;2025-11-08;4;1
7;2025-11-08;5;48
7;2025-11-08;6;263
7;2025-11-08;7;307
7;2025-11-08;8;669
7;2025-11-08;9;581
7;2025-11-08;10;637
7;2025-11-08;11;692
7;2025-11-08;12;924
7;2025-11-08;13;874
7;2025-11-08;14;863
7;2025-11-08;15;840
7;2025-11-08;16;840
7;2025-11-08;17;831
7;2025-11-08;18;761
7;2025-11-08;19;640
7;2025-11-08;20;529
7;2025-11-08;21;387
7;2025-11-08;22;212
7;2025-11-08;23;167
7;2025-11-09;0;92
7;2025-11-09;1;22
7;2025-11-09;2;0
7;2025-11-09;3;1
7;2025-11-09;4;1
7;2025-11-09;5;29
7;2025-11-09;6;130
7;2025-11-09;7;175
7;2025-11-09;8;375
7;2025-11-09;9;493
7;2025-11-09;10;407
7;2025-11-09;11;586
7;2025-11-09;12;643
7;2025-11-09;13;638
7;2025-11-09;14;682
7;2025-11-09;15;703
7;2025-11-09;16;619
7;2025-11-09;17;638
7;2025-11-09;18;638
7;2025-11-09;19;481
7;2025-11-09;20;402
7;2025-11-09;21;301
7;2025-11-09;22;159
7;2025-11-09;23;118
7;2025-11-10;0;63
7;2025-11-10;1;11
7;2025-11-10;2;0
7;2025-11-10;3;0
7;2025-11-10;4;1
7;2025-11-10;5;192
7;2025-11-10;6;620
7;2025-11-10;7;1624
7;2025-11-10;8;2553
7;2025-11-10;9;1807
7;2025-11-10;10;1600
7;2025-11-10;11;1498
7;2025-11-10;12;1501
7;2025-11-10;13;1541
7;2025-11-10;14;1567
7;2025-11-10;15;1709
7;2025-11-10;16;1785
7;2025-11-10;17;2364
7;2025-11-10;18;2545
7;2025-11-10;19;1715
7;2025-11-10;20;1062
7;2025-11-10;21;595
7;2025-11-10;22;291
7;2025-11-10;23;159
7;2025-11-11;0;56
7;2025-11-11;1;13
7;2025-11-11;2;0
7;2025-11-11;3;0
7;2025-11-11;4;2
7;2025-11-11;5;191
7;2025-11-11;6;622
7;2025-11-11;7;1705
7;2025-11-11;8;2449
7;2025-11-11;9;1911
7;2025-11-11;10;1668
7;2025-11-11;11;1584
7;2025-11-11;12;1664
7;2025-11-11;13;1616
7;2025-11-11;14;1576
7;2025-11-11;15;1838
7;2025-11-11;16;1824
7;2025-11-11;17;2351
7;2025-11-11;18;2687
7;2025-11-11;19;1812
7;2025-11-11;20;1140
7;2025-11-11;21;692
7;2025-11-11;22;326
7;2025-11-11;23;202
7;2025-11-12;0;56
7;2025-11-12;1;10
7;2025-11-12;2;0
7;2025-11-12;3;0
7;2025-11-12;4;2
7;2025-11-12;5;195
7;2025-11-12;6;629
7;2025-11-12;7;1564
7;2025-11-12;8;2513
7;2025-11-12;9;1917
7;2025-11-12;10;1734
7;2025-11-12;11;1542
7;2025-11-12;12;1767
7;2025-11-12;13;1556
7;2025-11-12;14;1605
7;2025-11-12;15;1781
7;2025-11-12;16;1884
7;2025-11-12;17;2473
7;2025-11-12;18;2533
7;2025-11-12;19;1696
7;2025-11-12;20;1075
7;2025-11-12;21;631
7;2025-11-12;22;309
7;2025-11-12;23;191
7;2025-11-13;0;64
7;2025-11-13;1;17
7;2025-11-13;2;0
7;2025-11-13;3;0
7;2025-11-13;4;1
7;2025-11-13;5;180
7;2025-11-13;6;637
7;2025-11-13;7;1621
7;2025-11-13;8;2456
7;2025-11-13;9;1823
7;2025-11-13;10;1590
7;2025-11-13;11;1532
7;2025-11-13;12;1697
7;2025-11-13;13;1572
7;2025-11-13;14;1756
7;2025-11-13;15;1741
7;2025-11-13;16;1862
7;2025-11-13;17;2261
7;2025-11-13;18;2630
7;2025-11-13;19;1636
7;2025-11-13;20;1052
7;2025-11-13;21;634
7;2025-11-13;22;311
7;2025-11-13;23;212
7;2025-11-14;0;74
7;2025-11-14;1;15
7;2025-11-14;2;0
7;2025-11-14;3;0
7;2025-11-14;4;2
7;2025-11-14;5;171
7;2025-11-14;6;603
7;2025-11-14;7;1456
7;2025-11-14;8;2220
7;2025-11-14;9;1693
7;2025-11-14;10;1661
7;2025-11-14;11;1536
7;2025-11-14;12;1625
7;2025-11-14;13;1655
7;2025-11-14;14;1717
7;2025-11-14;15;1862
7;2025-11-14;16;2075
7;2025-11-14;17;2267
7;2025-11-14;18;1961
7;2025-11-14;19;1396
7;2025-11-14;20;987
7;2025-11-14;21;598
7;2025-11-14;22;332
7;2025-11-14;23;236
7;2025-11-15;0;102
7;2025-11-15;1;26
7;2025-11-15;2;0
7;2025-11-15;3;0
7;2025-11-15;4;1
7;2025-11-15;5;61
7;2025-11-15;6;326
7;2025-11-15;7;500
7;2025-11-15;8;768
7;2025-11-15;9;883
7;2025-11-15;10;965
7;2025-11-15;11;1141
7;2025-11-15;12;1283
7;2025-11-15;13;1339
7;2025-11-15;14;1419
7;2025-11-15;15;1298
7;2025-11-15;16;1220
7;2025-11-15;17;1207
7;2025-11-15;18;1120
7;2025-11-15;19;1104
7;2025-11-15;20;827
7;2025-11-15;21;675
7;2025-11-15;22;360
7;2025-11-15;23;218
7;2025-11-16;0;103
7;2025-11-16;1;22
7;2025-11-16;2;2
7;2025-11-16;3;4
7;2025-11-16;4;1
7;2025-11-16;5;45
7;2025-11-16;6;222
7;2025-11-16;7;322
7;2025-11-16;8;528
7;2025-11-16;9;678
7;2025-11-16;10;775
7;2025-11-16;11;958
7;2025-11-16;12;1071
7;2025-11-16;13;1123
7;2025-11-16;14;1234
7;2025-11-16;15;1140
7;2025-11-16;16;1058
7;2025-11-16;17;1112
7;2025-11-16;18;968
7;2025-11-16;19;840
7;2025-11-16;20;692
7;2025-11-16;21;556
7;2025-11-16;22;311
7;2025-11-16;23;175
7;2025-11-17;0;63
7;2025-11-17;1;11
7;2025-11-17;2;0
7;2025-11-17;3;0
7;2025-11-17;4;1
7;2025-11-17;5;192
7;2025-11-17;6;620
7;2025-11-17;7;1624
7;2025-11-17;8;2553
7;2025-11-17;9;1807
7;2025-11-17;10;1600
7;2025-11-17;11;1498
7;2025-11-17;12;1501
7;2025-11-17;13;1541
7;2025-11-17;14;1567
7;2025-11-17;15;1709
7;2025-11-17;16;1785
7;2025-11-17;17;2364
7;2025-11-17;18;2545
7;2025-11-17;19;1715
7;2025-11-17;20;1062
7;2025-11-17;21;595
7;2025-11-17;22;291
7;2025-11-17;23;159
7;2025-11-18;0;56
7;2025-11-18;1;13
7;2025-11-18;2;0
7;2025-11-18;3;0
7;2025-11-18;4;2
7;2025-11-18;5;191
7;2025-11-18;6;622
7;2025-11-18;7;1705
7;2025-11-18;8;2449
7;2025-11-18;9;1911
7;2025-11-18;10;1668
7;2025-11-18;11;1584
7;2025-11-18;12;1664
7;2025-11-18;13;1616
7;2025-11-18;14;1576
7;2025-11-18;15;1838
7;2025-11-18;16;1824
7;2025-11-18;17;2351
7;2025-11-18;18;2687
7;2025-11-18;19;1812
7;2025-11-18;20;1140
7;2025-11-18;21;692
7;2025-11-18;22;326
7;2025-11-18;23;202
7;2025-11-19;0;56
7;2025-11-19;1;10
7;2025-11-19;2;0
7;2025-11-19;3;0
7;2025-11-19;4;2
7;2025-11-19;5;195
7;2025-11-19;6;629
7;2025-11-19;7;1564
7;2025-11-19;8;2513
7;2025-11-19;9;1917
7;2025-11-19;10;1734
7;2025-11-19;11;1542
7;2025-11-19;12;1767
7;2025-11-19;13;1556
7;2025-11-19;14;1605
7;2025-11-19;15;1781
7;2025-11-19;16;1884
7;2025-11-19;17;2473
7;2025-11-19;18;2533
7;2025-11-19;19;1696
7;2025-11-19;20;1075
7;2025-11-19;21;631
7;2025-11-19;22;309
7;2025-11-19;23;191
7;2025-11-20;0;64
7;2025-11-20;1;17
7;2025-11-20;2;0
7;2025-11-20;3;0
7;2025-11-20;4;1
7;2025-11-20;5;180
7;2025-11-20;6;637
7;2025-11-20;7;1621
7;2025-11-20;8;2456
7;2025-11-20;9;1823
7;2025-11-20;10;1590
7;2025-11-20;11;1532
7;2025-11-20;12;1697
7;2025-11-20;13;1572
7;2025-11-20;14;1756
7;2025-11-20;15;1741
7;2025-11-20;16;1862
7;2025-11-20;17;2261
7;2025-11-20;18;2630
7;2025-11-20;19;1636
7;2025-11-20;20;1052
7;2025-11-20;21;634
7;2025-11-20;22;311
7;2025-11-20;23;212
7;2025-11-21;0;74
7;2025-11-21;1;15
7;2025-11-21;2;0
7;2025-11-21;3;0
7;2025-11-21;4;2
7;2025-11-21;5;171
7;2025-11-21;6;603
7;2025-11-21;7;1456
7;2025-11-21;8;2220
7;2025-11-21;9;1693
7;2025-11-21;10;1661
7;2025-11-21;11;1536
7;2025-11-21;12;1625
7;2025-11-21;13;1655
7;2025-11-21;14;1717
7;2025-11-21;15;1862
7;2025-11-21;16;2075
7;2025-11-21;17;2267
7;2025-11-21;18;1961
7;2025-11-21;19;1396
7;2025-11-21;20;987
7;2025-11-21;21;598
7;2025-11-21;22;332
7;2025-11-21;23;236
7;2025-11-22;0;102
7;2025-11-22;1;26
7;2025-11-22;2;0
7;2025-11-22;3;0
7;2025-11-22;4;1
7;2025-11-22;5;61
7;2025-11-22;6;326
7;2025-11-22;7;500
7;2025-11-22;8;768
7;2025-11-22;9;883
7;2025-11-22;10;965
7;2025-11-22;11;1141
7;2025-11-22;12;1283
7;2025-11-22;13;1339
7;2025-11-22;14;1419
7;2025-11-22;15;1298
7;2025-11-22;16;1220
7;2025-11-22;17;1207
7;2025-11-22;18;1120
7;2025-11-22;19;1104
7;2025-11-22;20;827
7;2025-11-22;21;675
7;2025-11-22;22;360
7;2025-11-22;23;218
7;2025-11-23;0;103
7;2025-11-23;1;22
7;2025-11-23;2;2
7;2025-11-23;3;4
7;2025-11-23;4;1
7;2025-11-23;5;45
7;2025-11-23;6;222
7;2025-11-23;7;322
7;2025-11-23;8;528
7;2025-11-23;9;678
7;2025-11-23;10;775
7;2025-11-23;11;958
7;2025-11-23;12;1071
7;2025-11-23;13;1123
7;2025-11-23;14;1234
7;2025-11-23;15;1140
7;2025-11-23;16;1058
7;2025-11-23;17;1112
7;2025-11-23;18;968
7;2025-11-23;19;840
7;2025-11-23;20;692
7;2025-11-23;21;556
7;2025-11-23;22;311
7;2025-11-23;23;175
7;2025-11-24;0;63
7;2025-11-24;1;11
7;2025-11-24;2;0
7;2025-11-24;3;0
7;2025-11-24;4;1
7;2025-11-24;5;192
7;2025-11-24;6;620
7;2025-11-24;7;1624
7;2025-11-24;8;2553
7;2025-11-24;9;1807
7;2025-11-24;10;1600
7;2025-11-24;11;1498
7;2025-11-24;12;1501
7;2025-11-24;13;1541
7;2025-11-24;14;1567
7;2025-11-24;15;1709
7;2025-11-24;16;1785
7;2025-11-24;17;2364
7;2025-11-24;18;2545
7;2025-11-24;19;1715
7;2025-11-24;20;1062
7;2025-11-24;21;595
7;2025-11-24;22;291
7;2025-11-24;23;159
7;2025-11-25;0;56
7;2025-11-25;1;13
7;2025-11-25;2;0
7;2025-11-25;3;0
7;2025-11-25;4;2
7;2025-11-25;5;191
7;2025-11-25;6;622
7;2025-11-25;7;1705
7;2025-11-25;8;2449
7;2025-11-25;9;1911
7;2025-11-25;10;1668
7;2025-11-25;11;1584
7;2025-11-25;12;1664
7;2025-11-25;13;1616
7;2025-11-25;14;1576
7;2025-11-25;15;1838
7;2025-11-25;16;1824
7;2025-11-25;17;2351
7;2025-11-25;18;2687
7;2025-11-25;19;1812
7;2025-11-25;20;1140
7;2025-11-25;21;692
7;2025-11-25;22;326
7;2025-11-25;23;202
7;2025-11-26;0;56
7;2025-11-26;1;10
7;2025-11-26;2;0
7;2025-11-26;3;0
7;2025-11-26;4;2
7;2025-11-26;5;195
7;2025-11-26;6;629
7;2025-11-26;7;1564
7;2025-11-26;8;2513
7;2025-11-26;9;1917
7;2025-11-26;10;1734
7;2025-11-26;11;1542
7;2025-11-26;12;1767
7;2025-11-26;13;1556
7;2025-11-26;14;1605
7;2025-11-26;15;1781
7;2025-11-26;16;1884
7;2025-11-26;17;2473
7;2025-11-26;18;2533
7;2025-11-26;19;1696
7;2025-11-26;20;1075
7;2025-11-26;21;631
7;2025-11-26;22;309
7;2025-11-26;23;191
7;2025-11-27;0;64
7;2025-11-27;1;17
7;2025-11-27;2;0
7;2025-11-27;3;0
7;2025-11-27;4;1
7;2025-11-27;5;180
7;2025-11-27;6;637
7;2025-11-27;7;1621
7;2025-11-27;8;2456
7;2025-11-27;9;1823
7;2025-11-27;10;1590
7;2025-11-27;11;1532
7;2025-11-27;12;1697
7;2025-11-27;13;1572
7;2025-11-27;14;1756
7;2025-11-27;15;1741
7;2025-11-27;16;1862
7;2025-11-27;17;2261
7;2025-11-27;18;2630
7;2025-11-27;19;1636
7;2025-11-27;20;1052
7;2025-11-27;21;634
7;2025-11-27;22;311
7;2025-11-27;23;212
7;2025-11-28;0;74
7;2025-11-28;1;15
7;2025-11-28;2;0
7;2025-11-28;3;0
7;2025-11-28;4;2
7;2025-11-28;5;171
7;2025-11-28;6;603
7;2025-11-28;7;1456
7;2025-11-28;8;2220
7;2025-11-28;9;1693
7;2025-11-28;10;1661
7;2025-11-28;11;1536
7;2025-11-28;12;1625
7;2025-11-28;13;1655
7;2025-11-28;14;1717
7;2025-11-28;15;1862
7;2025-11-28;16;2075
7;2025-11-28;17;2267
7;2025-11-28;18;1961
7;2025-11-28;19;1396
7;2025-11-28;20;987
7;2025-11-28;21;598
7;2025-11-28;22;332
7;2025-11-28;23;236
7;2025-11-29;0;102
7;2025-11-29;1;26
7;2025-11-29;2;0
7;2025-11-29;3;0
7;2025-11-29;4;1
7;2025-11-29;5;61
7;2025-11-29;6;326
7;2025-11-29;7;500
7;2025-11-29;8;768
7;2025-11-29;9;883
7;2025-11-29;10;965
7;2025-11-29;11;1141
7;2025-11-29;12;1283
7;2025-11-29;13;1339
7;2025-11-29;14;1419
7;2025-11-29;15;1298
7;2025-11-29;16;1220
7;2025-11-29;17;1207
7;2025-11-29;18;1120
7;2025-11-29;19;1104
7;2025-11-29;20;827
7;2025-11-29;21;675
7;2025-11-29;22;360
7;2025-11-29;23;218
7;2025-11-30;0;103
7;2025-11-30;1;22
7;2025-11-30;2;2
7;2025-11-30;3;4
7;2025-11-30;4;1
7;2025-11-30;5;45
7;2025-11-30;6;222
7;2025-11-30;7;322
7;2025-11-30;8;528
7;2025-11-30;9;678
7;2025-11-30;10;775
7;2025-11-30;11;958
7;2025-11-30;12;1071
7;2025-11-30;13;1123
7;2025-11-30;14;1234
7;2025-11-30;15;1140
7;2025-11-30;16;1058
7;2025-11-30;17;1112
7;2025-11-30;18;968
7;2025-11-30;19;840
7;2025-11-30;20;692
7;2025-11-30;21;556
7;2025-11-30;22;311
7;2025-11-30;23;175
7;2025-12-01;0;63
7;2025-12-01;1;11
7;2025-12-01;2;0
7;2025-12-01;3;0
7;2025-12-01;4;1
7;2025-12-01;5;192
7;2025-12-01;6;620
7;2025-12-01;7;1624
7;2025-12-01;8;2553
7;2025-12-01;9;1807
7;2025-12-01;10;1600
7;2025-12-01;11;1498
7;2025-12-01;12;1501
7;2025-12-01;13;1541
7;2025-12-01;14;1567
7;2025-12-01;15;1709
7;2025-12-01;16;1785
7;2025-12-01;17;2364
7;2025-12-01;18;2545
7;2025-12-01;19;1715
7;2025-12-01;20;1062
7;2025-12-01;21;595
7;2025-12-01;22;291
7;2025-12-01;23;159
7;2025-12-02;0;56
7;2025-12-02;1;13
7;2025-12-02;2;0
7;2025-12-02;3;0
7;2025-12-02;4;2
7;2025-12-02;5;191
7;2025-12-02;6;622
7;2025-12-02;7;1705
7;2025-12-02;8;2449
7;2025-12-02;9;1911
7;2025-12-02;10;1668
7;2025-12-02;11;1584
7;2025-12-02;12;1664
7;2025-12-02;13;1616
7;2025-12-02;14;1576
7;2025-12-02;15;1838
7;2025-12-02;16;1824
7;2025-12-02;17;2351
7;2025-12-02;18;2687
7;2025-12-02;19;1812
7;2025-12-02;20;1140
7;2025-12-02;21;692
7;2025-12-02;22;326
7;2025-12-02;23;202
7;2025-12-03;0;56
7;2025-12-03;1;10
7;2025-12-03;2;0
7;2025-12-03;3;0
7;2025-12-03;4;2
7;2025-12-03;5;195
7;2025-12-03;6;629
7;2025-12-03;7;1564
7;2025-12-03;8;2513
7;2025-12-03;9;1917
7;2025-12-03;10;1734
7;2025-12-03;11;1542
7;2025-12-03;12;1767
7;2025-12-03;13;1556
7;2025-12-03;14;1605
7;2025-12-03;15;1781
7;2025-12-03;16;1884
7;2025-12-03;17;2473
7;2025-12-03;18;2533
7;2025-12-03;19;1696
7;2025-12-03;20;1075
7;2025-12-03;21;631
7;2025-12-03;22;309
7;2025-12-03;23;191
7;2025-12-04;0;64
7;2025-12-04;1;17
7;2025-12-04;2;0
7;2025-12-04;3;0
7;2025-12-04;4;1
7;2025-12-04;5;180
7;2025-12-04;6;637
7;2025-12-04;7;1621
7;2025-12-04;8;2456
7;2025-12-04;9;1823
7;2025-12-04;10;1590
7;2025-12-04;11;1532
7;2025-12-04;12;1697
7;2025-12-04;13;1572
7;2025-12-04;14;1756
7;2025-12-04;15;1741
7;2025-12-04;16;1862
7;2025-12-04;17;2261
7;2025-12-04;18;2630
7;2025-12-04;19;1636
7;2025-12-04;20;1052
7;2025-12-04;21;634
7;2025-12-04;22;311
7;2025-12-04;23;212
7;2025-12-05;0;74
7;2025-12-05;1;15
7;2025-12-05;2;0
7;2025-12-05;3;0
7;2025-12-05;4;2
7;2025-12-05;5;171
7;2025-12-05;6;603
7;2025-12-05;7;1456
7;2025-12-05;8;2220
7;2025-12-05;9;1693
7;2025-12-05;10;1661
7;2025-12-05;11;1536
7;2025-12-05;12;1625
7;2025-12-05;13;1655
7;2025-12-05;14;1717
7;2025-12-05;15;1862
7;2025-12-05;16;2075
7;2025-12-05;17;2267
7;2025-12-05;18;1961
7;2025-12-05;19;1396
7;2025-12-05;20;987
7;2025-12-05;21;598
7;2025-12-05;22;332
7;2025-12-05;23;236
7;2025-12-06;0;102
7;2025-12-06;1;26
7;2025-12-06;2;0
7;2025-12-06;3;0
7;2025-12-06;4;1
7;2025-12-06;5;61
7;2025-12-06;6;326
7;2025-12-06;7;500
7;2025-12-06;8;768
7;2025-12-06;9;883
7;2025-12-06;10;965
7;2025-12-06;11;1141
7;2025-12-06;12;1283
7;2025-12-06;13;1339
7;2025-12-06;14;1419
7;2025-12-06;15;1298
7;2025-12-06;16;1220
7;2025-12-06;17;1207
7;2025-12-06;18;1120
7;2025-12-06;19;1104
7;2025-12-06;20;827
7;2025-12-06;21;675
7;2025-12-06;22;360
7;2025-12-06;23;218
7;2025-12-07;0;103
7;2025-12-07;1;22
7;2025-12-07;2;2
7;2025-12-07;3;4
7;2025-12-07;4;1
7;2025-12-07;5;45
7;2025-12-07;6;222
7;2025-12-07;7;322
7;2025-12-07;8;528
7;2025-12-07;9;678
7;2025-12-07;10;775
7;2025-12-07;11;958
7;2025-12-07;12;1071
7;2025-12-07;13;1123
7;2025-12-07;14;1234
7;2025-12-07;15;1140
7;2025-12-07;16;1058
7;2025-12-07;17;1112
7;2025-12-07;18;968
7;2025-12-07;19;840
7;2025-12-07;20;692
7;2025-12-07;21;556
7;2025-12-07;22;311
7;2025-12-07;23;175
7;2025-12-08;0;63
7;2025-12-08;1;11
7;2025-12-08;2;0
7;2025-12-08;3;0
7;2025-12-08;4;1
7;2025-12-08;5;192
7;2025-12-08;6;620
7;2025-12-08;7;1624
7;2025-12-08;8;2553
7;2025-12-08;9;1807
7;2025-12-08;10;1600
7;2025-12-08;11;1498
7;2025-12-08;12;1501
7;2025-12-08;13;1541
7;2025-12-08;14;1567
7;2025-12-08;15;1709
7;2025-12-08;16;1785
7;2025-12-08;17;2364
7;2025-12-08;18;2545
7;2025-12-08;19;1715
7;2025-12-08;20;1062
7;2025-12-08;21;595
7;2025-12-08;22;291
7;2025-12-08;23;159
7;2025-12-09;0;56
7;2025-12-09;1;13
7;2025-12-09;2;0
7;2025-12-09;3;0
7;2025-12-09;4;2
7;2025-12-09;5;191
7;2025-12-09;6;622
7;2025-12-09;7;1705
7;2025-12-09;8;2449
7;2025-12-09;9;1911
7;2025-12-09;10;1668
7;2025-12-09;11;1584
7;2025-12-09;12;1664
7;2025-12-09;13;1616
7;2025-12-09;14;1576
7;2025-12-09;15;1838
7;2025-12-09;16;1824
7;2025-12-09;17;2351
7;2025-12-09;18;2687
7;2025-12-09;19;1812
7;2025-12-09;20;1140
7;2025-12-09;21;692
7;2025-12-09;22;326
7;2025-12-09;23;202
7;2025-12-10;0;56
7;2025-12-10;1;10
7;2025-12-10;2;0
7;2025-12-10;3;0
7;2025-12-10;4;2
7;2025-12-10;5;195
7;2025-12-10;6;629
7;2025-12-10;7;1564
7;2025-12-10;8;2513
7;2025-12-10;9;1917
7;2025-12-10;10;1734
7;2025-12-10;11;1542
7;2025-12-10;12;1767
7;2025-12-10;13;1556
7;2025-12-10;14;1605
7;2025-12-10;15;1781
7;2025-12-10;16;1884
7;2025-12-10;17;2473
7;2025-12-10;18;2533
7;2025-12-10;19;1696
7;2025-12-10;20;1075
7;2025-12-10;21;631
7;2025-12-10;22;309
7;2025-12-10;23;191
7;2025-12-11;0;64
7;2025-12-11;1;17
7;2025-12-11;2;0
7;2025-12-11;3;0
7;2025-12-11;4;1
7;2025-12-11;5;180
7;2025-12-11;6;637
7;2025-12-11;7;1621
7;2025-12-11;8;2456
7;2025-12-11;9;1823
7;2025-12-11;10;1590
7;2025-12-11;11;1532
7;2025-12-11;12;1697
7;2025-12-11;13;1572
7;2025-12-11;14;1756
7;2025-12-11;15;1741
7;2025-12-11;16;1862
7;2025-12-11;17;2261
7;2025-12-11;18;2630
7;2025-12-11;19;1636
7;2025-12-11;20;1052
7;2025-12-11;21;634
7;2025-12-11;22;311
7;2025-12-11;23;212
7;2025-12-12;0;74
7;2025-12-12;1;15
7;2025-12-12;2;0
7;2025-12-12;3;0
7;2025-12-12;4;2
7;2025-12-12;5;171
7;2025-12-12;6;603
7;2025-12-12;7;1456
7;2025-12-12;8;2220
7;2025-12-12;9;1693
7;2025-12-12;10;1661
7;2025-12-12;11;1536
7;2025-12-12;12;1625
7;2025-12-12;13;1655
7;2025-12-12;14;1717
7;2025-12-12;15;1862
7;2025-12-12;16;2075
7;2025-12-12;17;2267
7;2025-12-12;18;1961
7;2025-12-12;19;1396
7;2025-12-12;20;987
7;2025-12-12;21;598
7;2025-12-12;22;332
7;2025-12-12;23;236
7;2025-12-13;0;102
7;2025-12-13;1;26
7;2025-12-13;2;0
7;2025-12-13;3;0
7;2025-12-13;4;1
7;2025-12-13;5;61
7;2025-12-13;6;326
7;2025-12-13;7;500
7;2025-12-13;8;768
7;2025-12-13;9;883
7;2025-12-13;10;965
7;2025-12-13;11;1141
7;2025-12-13;12;1283
7;2025-12-13;13;1339
7;2025-12-13;14;1419
7;2025-12-13;15;1298
7;2025-12-13;16;1220
7;2025-12-13;17;1207
7;2025-12-13;18;1120
7;2025-12-13;19;1104
7;2025-12-13;20;827
7;2025-12-13;21;675
7;2025-12-13;22;360
7;2025-12-13;23;218
7;2025-12-14;0;103
7;2025-12-14;1;22
7;2025-12-14;2;2
7;2025-12-14;3;4
7;2025-12-14;4;1
7;2025-12-14;5;45
7;2025-12-14;6;222
7;2025-12-14;7;322
7;2025-12-14;8;528
7;2025-12-14;9;678
7;2025-12-14;10;775
7;2025-12-14;11;958
7;2025-12-14;12;1071
7;2025-12-14;13;1123
7;2025-12-14;14;1234
7;2025-12-14;15;1140
7;2025-12-14;16;1058
7;2025-12-14;17;1112
7;2025-12-14;18;968
7;2025-12-14;19;840
7;2025-12-14;20;692
7;2025-12-14;21;556
7;2025-12-14;22;311
7;2025-12-14;23;175
7;2025-12-15;0;63
7;2025-12-15;1;11
7;2025-12-15;2;0
7;2025-12-15;3;0
7;2025-12-15;4;1
7;2025-12-15;5;192
7;2025-12-15;6;620
7;2025-12-15;7;1624
7;2025-12-15;8;2553
7;2025-12-15;9;1807
7;2025-12-15;10;1600
7;2025-12-15;11;1498
7;2025-12-15;12;1501
7;2025-12-15;13;1541
7;2025-12-15;14;1567
7;2025-12-15;15;1709
7;2025-12-15;16;1785
7;2025-12-15;17;2364
7;2025-12-15;18;2545
7;2025-12-15;19;1715
7;2025-12-15;20;1062
7;2025-12-15;21;595
7;2025-12-15;22;291
7;2025-12-15;23;159
7;2025-12-16;0;56
7;2025-12-16;1;13
7;2025-12-16;2;0
7;2025-12-16;3;0
7;2025-12-16;4;2
7;2025-12-16;5;191
7;2025-12-16;6;622
7;2025-12-16;7;1705
7;2025-12-16;8;2449
7;2025-12-16;9;1911
7;2025-12-16;10;1668
7;2025-12-16;11;1584
7;2025-12-16;12;1664
7;2025-12-16;13;1616
7;2025-12-16;14;1576
7;2025-12-16;15;1838
7;2025-12-16;16;1824
7;2025-12-16;17;2351
7;2025-12-16;18;2687
7;2025-12-16;19;1812
7;2025-12-16;20;1140
7;2025-12-16;21;692
7;2025-12-16;22;326
7;2025-12-16;23;202
7;2025-12-17;0;56
7;2025-12-17;1;10
7;2025-12-17;2;0
7;2025-12-17;3;0
7;2025-12-17;4;2
7;2025-12-17;5;195
7;2025-12-17;6;629
7;2025-12-17;7;1564
7;2025-12-17;8;2513
7;2025-12-17;9;1917
7;2025-12-17;10;1734
7;2025-12-17;11;1542
7;2025-12-17;12;1767
7;2025-12-17;13;1556
7;2025-12-17;14;1605
7;2025-12-17;15;1781
7;2025-12-17;16;1884
7;2025-12-17;17;2473
7;2025-12-17;18;2533
7;2025-12-17;19;1696
7;2025-12-17;20;1075
7;2025-12-17;21;631
7;2025-12-17;22;309
7;2025-12-17;23;191
7;2025-12-18;0;64
7;2025-12-18;1;17
7;2025-12-18;2;0
7;2025-12-18;3;0
7;2025-12-18;4;1
7;2025-12-18;5;180
7;2025-12-18;6;637
7;2025-12-18;7;1621
7;2025-12-18;8;2456
7;2025-12-18;9;1823
7;2025-12-18;10;1590
7;2025-12-18;11;1532
7;2025-12-18;12;1697
7;2025-12-18;13;1572
7;2025-12-18;14;1756
7;2025-12-18;15;1741
7;2025-12-18;16;1862
7;2025-12-18;17;2261
7;2025-12-18;18;2630
7;2025-12-18;19;1636
7;2025-12-18;20;1052
7;2025-12-18;21;634
7;2025-12-18;22;311
7;2025-12-18;23;212
7;2025-12-19;0;74
7;2025-12-19;1;15
7;2025-12-19;2;0
7;2025-12-19;3;0
7;2025-12-19;4;2
7;2025-12-19;5;171
7;2025-12-19;6;603
7;2025-12-19;7;1456
7;2025-12-19;8;2220
7;2025-12-19;9;1693
7;2025-12-19;10;1661
7;2025-12-19;11;1536
7;2025-12-19;12;1625
7;2025-12-19;13;1655
7;2025-12-19;14;1717
7;2025-12-19;15;1862
7;2025-12-19;16;2075
7;2025-12-19;17;2267
7;2025-12-19;18;1961
7;2025-12-19;19;1396
7;2025-12-19;20;987
7;2025-12-19;21;598
7;2025-12-19;22;332
7;2025-12-19;23;236
7;2025-12-20;0;102
7;2025-12-20;1;26
7;2025-12-20;2;0
7;2025-12-20;3;0
7;2025-12-20;4;1
7;2025-12-20;5;61
7;2025-12-20;6;326
7;2025-12-20;7;500
7;2025-12-20;8;768
7;2025-12-20;9;883
7;2025-12-20;10;965
7;2025-12-20;11;1141
7;2025-12-20;12;1283
7;2025-12-20;13;1339
7;2025-12-20;14;1419
7;2025-12-20;15;1298
7;2025-12-20;16;1220
7;2025-12-20;17;1207
7;2025-12-20;18;1120
7;2025-12-20;19;1104
7;2025-12-20;20;827
7;2025-12-20;21;675
7;2025-12-20;22;360
7;2025-12-20;23;218
7;2025-12-21;0;103
7;2025-12-21;1;22
7;2025-12-21;2;2
7;2025-12-21;3;4
7;2025-12-21;4;1
7;2025-12-21;5;45
7;2025-12-21;6;222
7;2025-12-21;7;322
7;2025-12-21;8;528
7;2025-12-21;9;678
7;2025-12-21;10;775
7;2025-12-21;11;958
7;2025-12-21;12;1071
7;2025-12-21;13;1123
7;2025-12-21;14;1234
7;2025-12-21;15;1140
7;2025-12-21;16;1058
7;2025-12-21;17;1112
7;2025-12-21;18;968
7;2025-12-21;19;840
7;2025-12-21;20;692
7;2025-12-21;21;556
7;2025-12-21;22;311
7;2025-12-21;23;175
7;2025-12-22;0;63
7;2025-12-22;1;11
7;2025-12-22;2;0
7;2025-12-22;3;0
7;2025-12-22;4;1
7;2025-12-22;5;192
7;2025-12-22;6;620
7;2025-12-22;7;1624
7;2025-12-22;8;2553
7;2025-12-22;9;1807
7;2025-12-22;10;1600
7;2025-12-22;11;1498
7;2025-12-22;12;1501
7;2025-12-22;13;1541
7;2025-12-22;14;1567
7;2025-12-22;15;1709
7;2025-12-22;16;1785
7;2025-12-22;17;2364
7;2025-12-22;18;2545
7;2025-12-22;19;1715
7;2025-12-22;20;1062
7;2025-12-22;21;595
7;2025-12-22;22;291
7;2025-12-22;23;159
7;2025-12-23;0;56
7;2025-12-23;1;13
7;2025-12-23;2;0
7;2025-12-23;3;0
7;2025-12-23;4;2
7;2025-12-23;5;191
7;2025-12-23;6;622
7;2025-12-23;7;1705
7;2025-12-23;8;2449
7;2025-12-23;9;1911
7;2025-12-23;10;1668
7;2025-12-23;11;1584
7;2025-12-23;12;1664
7;2025-12-23;13;1616
7;2025-12-23;14;1576
7;2025-12-23;15;1838
7;2025-12-23;16;1824
7;2025-12-23;17;2351
7;2025-12-23;18;2687
7;2025-12-23;19;1812
7;2025-12-23;20;1140
7;2025-12-23;21;692
7;2025-12-23;22;326
7;2025-12-23;23;202
7;2025-12-24;0;56
7;2025-12-24;1;10
7;2025-12-24;2;0
7;2025-12-24;3;0
7;2025-12-24;4;2
7;2025-12-24;5;195
7;2025-12-24;6;629
7;2025-12-24;7;1564
7;2025-12-24;8;2513
7;2025-12-24;9;1917
7;2025-12-24;10;1734
7;2025-12-24;11;1542
7;2025-12-24;12;1767
7;2025-12-24;13;1556
7;2025-12-24;14;1605
7;2025-12-24;15;1781
7;2025-12-24;16;1884
7;2025-12-24;17;2473
7;2025-12-24;18;2533
7;2025-12-24;19;1696
7;2025-12-24;20;1075
7;2025-12-24;21;631
7;2025-12-24;22;309
7;2025-12-24;23;191
7;2025-12-25;0;64
7;2025-12-25;1;17
7;2025-12-25;2;0
7;2025-12-25;3;0
7;2025-12-25;4;1
7;2025-12-25;5;180
7;2025-12-25;6;637
7;2025-12-25;7;1621
7;2025-12-25;8;2456
7;2025-12-25;9;1823
7;2025-12-25;10;1590
7;2025-12-25;11;1532
7;2025-12-25;12;1697
7;2025-12-25;13;1572
7;2025-12-25;14;1756
7;2025-12-25;15;1741
7;2025-12-25;16;1862
7;2025-12-25;17;2261
7;2025-12-25;18;2630
7;2025-12-25;19;1636
7;2025-12-25;20;1052
7;2025-12-25;21;634
7;2025-12-25;22;311
7;2025-12-25;23;212
7;2025-12-26;0;74
7;2025-12-26;1;15
7;2025-12-26;2;0
7;2025-12-26;3;0
7;2025-12-26;4;2
7;2025-12-26;5;171
7;2025-12-26;6;603
7;2025-12-26;7;1456
7;2025-12-26;8;2220
7;2025-12-26;9;1693
7;2025-12-26;10;1661
7;2025-12-26;11;1536
7;2025-12-26;12;1625
7;2025-12-26;13;1655
7;2025-12-26;14;1717
7;2025-12-26;15;1862
7;2025-12-26;16;2075
7;2025-12-26;17;2267
7;2025-12-26;18;1961
7;2025-12-26;19;1396
7;2025-12-26;20;987
7;2025-12-26;21;598
7;2025-12-26;22;332
7;2025-12-26;23;236
7;2025-12-27;0;102
7;2025-12-27;1;26
7;2025-12-27;2;0
7;2025-12-27;3;0
7;2025-12-27;4;1
7;2025-12-27;5;61
7;2025-12-27;6;326
7;2025-12-27;7;500
7;2025-12-27;8;768
7;2025-12-27;9;883
7;2025-12-27;10;965
7;2025-12-27;11;1141
7;2025-12-27;12;1283
7;2025-12-27;13;1339
7;2025-12-27;14;1419
7;2025-12-27;15;1298
7;2025-12-27;16;1220
7;2025-12-27;17;1207
7;2025-12-27;18;1120
7;2025-12-27;19;1104
7;2025-12-27;20;827
7;2025-12-27;21;675
7;2025-12-27;22;360
7;2025-12-27;23;218
7;2025-12-28;0;103
7;2025-12-28;1;22
7;2025-12-28;2;2
7;2025-12-28;3;4
7;2025-12-28;4;1
7;2025-12-28;5;45
7;2025-12-28;6;222
7;2025-12-28;7;322
7;2025-12-28;8;528
7;2025-12-28;9;678
7;2025-12-28;10;775
7;2025-12-28;11;958
7;2025-12-28;12;1071
7;2025-12-28;13;1123
7;2025-12-28;14;1234
7;2025-12-28;15;1140
7;2025-12-28;16;1058
7;2025-12-28;17;1112
7;2025-12-28;18;968
7;2025-12-28;19;840
7;2025-12-28;20;692
7;2025-12-28;21;556
7;2025-12-28;22;311
7;2025-12-28;23;175
7;2025-12-29;0;61
7;2025-12-29;1;11
7;2025-12-29;2;0
7;2025-12-29;3;0
7;2025-12-29;4;1
7;2025-12-29;5;184
7;2025-12-29;6;595
7;2025-12-29;7;1559
7;2025-12-29;8;2451
7;2025-12-29;9;1735
7;2025-12-29;10;1536
7;2025-12-29;11;1438
7;2025-12-29;12;1441
7;2025-12-29;13;1479
7;2025-12-29;14;1505
7;2025-12-29;15;1641
7;2025-12-29;16;1714
7;2025-12-29;17;2269
7;2025-12-29;18;2443
7;2025-12-29;19;1646
7;2025-12-29;20;1019
7;2025-12-29;21;571
7;2025-12-29;22;280
7;2025-12-29;23;153
7;2025-12-30;0;52
7;2025-12-30;1;12
7;2025-12-30;2;0
7;2025-12-30;3;0
7;2025-12-30;4;2
7;2025-12-30;5;176
7;2025-12-30;6;572
7;2025-12-30;7;1569
7;2025-12-30;8;2253
7;2025-12-30;9;1758
7;2025-12-30;10;1535
7;2025-12-30;11;1457
7;2025-12-30;12;1531
7;2025-12-30;13;1486
7;2025-12-30;14;1450
7;2025-12-30;15;1691
7;2025-12-30;16;1678
7;2025-12-30;17;2163
7;2025-12-30;18;2472
7;2025-12-30;19;1667
7;2025-12-30;20;1049
7;2025-12-30;21;637
7;2025-12-30;22;300
7;2025-12-30;23;186
7;2025-12-31;0;90
7;2025-12-31;1;20
7;2025-12-31;2;1
7;2025-12-31;3;2
7;2025-12-31;4;1
7;2025-12-31;5;45
7;2025-12-31;6;228
7;2025-12-31;7;338
7;2025-12-31;8;538
7;2025-12-31;9;660
7;2025-12-31;10;740
7;2025-12-31;11;899
7;2025-12-31;12;1008
7;2025-12-31;13;1055
7;2025-12-31;14;1143
7;2025-12-31;15;1052
7;2025-12-31;16;981
7;2025-12-31;17;1008
7;2025-12-31;18;899
7;2025-12-31;19;821
7;2025-12-31;20;650
7;2025-12-31;21;526
7;2025-12-31;22;289
7;2025-12-31;23;167
11;2025-11-01;0;108
11;2025-11-01;1;0
11;2025-11-01;2;0
11;2025-11-01;3;0
11;2025-11-01;4;1
11;2025-11-01;5;229
11;2025-11-01;6;1099
11;2025-11-01;7;1703
11;2025-11-01;8;2324
11;2025-11-01;9;1808
11;2025-11-01;10;1664
11;2025-11-01;11;1752
11;2025-11-01;12;1905
11;2025-11-01;13;1859
11;2025-11-01;14;2026
11;2025-11-01;15;2009
11;2025-11-01;16;2113
11;2025-11-01;17;2436
11;2025-11-01;18;2067
11;2025-11-01;19;1684
11;2025-11-01;20;1215
11;2025-11-01;21;800
11;2025-11-01;22;408
11;2025-11-01;23;309
11;2025-11-02;0;107
11;2025-11-02;1;14
11;2025-11-02;2;0
11;2025-11-02;3;1
11;2025-11-02;4;1
11;2025-11-02;5;110
11;2025-11-02;6;469
11;2025-11-02;7;470
11;2025-11-02;8;645
11;2025-11-02;9;899
11;2025-11-02;10;984
11;2025-11-02;11;1444
11;2025-11-02;12;1506
11;2025-11-02;13;1488
11;2025-11-02;14;1546
11;2025-11-02;15;1531
11;2025-11-02;16;1441
11;2025-11-02;17;1605
11;2025-11-02;18;1209
11;2025-11-02;19;967
11;2025-11-02;20;776
11;2025-11-02;21;581
11;2025-11-02;22;337
11;2025-11-02;23;234
11;2025-11-03;0;106
11;2025-11-03;1;11
11;2025-11-03;2;0
11;2025-11-03;3;1
11;2025-11-03;4;1
11;2025-11-03;5;125
11;2025-11-03;6;548
11;2025-11-03;7;532
11;2025-11-03;8;731
11;2025-11-03;9;952
11;2025-11-03;10;1065
11;2025-11-03;11;1496
11;2025-11-03;12;1591
11;2025-11-03;13;1550
11;2025-11-03;14;1637
11;2025-11-03;15;1597
11;2025-11-03;16;1507
11;2025-11-03;17;1654
11;2025-11-03;18;1273
11;2025-11-03;19;1074
11;2025-11-03;20;825
11;2025-11-03;21;610
11;2025-11-03;22;353
11;2025-11-03;23;244
11;2025-11-04;0;96
11;2025-11-04;1;11
11;2025-11-04;2;0
11;2025-11-04;3;1
11;2025-11-04;4;1
11;2025-11-04;5;108
11;2025-11-04;6;468
11;2025-11-04;7;459
11;2025-11-04;8;631
11;2025-11-04;9;843
11;2025-11-04;10;935
11;2025-11-04;11;1335
11;2025-11-04;12;1410
11;2025-11-04;13;1380
11;2025-11-04;14;1449
11;2025-11-04;15;1422
11;2025-11-04;16;1340
11;2025-11-04;17;1479
11;2025-11-04;18;1129
11;2025-11-04;19;933
11;2025-11-04;20;729
11;2025-11-04;21;541
11;2025-11-04;22;314
11;2025-11-04;23;217
11;2025-11-05;0;64
11;2025-11-05;1;0
11;2025-11-05;2;0
11;2025-11-05;3;0
11;2025-11-05;4;1
11;2025-11-05;5;269
11;2025-11-05;6;1244
11;2025-11-05;7;2484
11;2025-11-05;8;3073
11;2025-11-05;9;2360
11;2025-11-05;10;1915
11;2025-11-05;11;1919
11;2025-11-05;12;1909
11;2025-11-05;13;2051
11;2025-11-05;14;2032
11;2025-11-05;15;1969
11;2025-11-05;16;2080
11;2025-11-05;17;2669
11;2025-11-05;18;3036
11;2025-11-05;19;2112
11;2025-11-05;20;1350
11;2025-11-05;21;787
11;2025-11-05;22;407
11;2025-11-05;23;233
11;2025-11-06;0;58
11;2025-11-06;1;0
11;2025-11-06;2;0
11;2025-11-06;3;0
11;2025-11-06;4;1
11;2025-11-06;5;257
11;2025-11-06;6;1286
11;2025-11-06;7;2382
11;2025-11-06;8;3110
11;2025-11-06;9;2442
11;2025-11-06;10;2047
11;2025-11-06;11;1837
11;2025-11-06;12;2018
11;2025-11-06;13;2088
11;2025-11-06;14;2062
11;2025-11-06;15;1853
11;2025-11-06;16;2269
11;2025-11-06;17;2703
11;2025-11-06;18;3202
11;2025-11-06;19;2217
11;2025-11-06;20;1459
11;2025-11-06;21;857
11;2025-11-06;22;414
11;2025-11-06;23;252
11;2025-11-07;0;71
11;2025-11-07;1;2
11;2025-11-07;2;0
11;2025-11-07;3;0
11;2025-11-07;4;1
11;2025-11-07;5;262
11;2025-11-07;6;1280
11;2025-11-07;7;2334
11;2025-11-07;8;3182
11;2025-11-07;9;2233
11;2025-11-07;10;1857
11;2025-11-07;11;1760
11;2025-11-07;12;1879
11;2025-11-07;13;1879
11;2025-11-07;14;2036
11;2025-11-07;15;2089
11;2025-11-07;16;2323
11;2025-11-07;17;2797
11;2025-11-07;18;2418
11;2025-11-07;19;1828
11;2025-11-07;20;1342
11;2025-11-07;21;845
11;2025-11-07;22;398
11;2025-11-07;23;321
11;2025-11-08;0;106
11;2025-11-08;1;2
11;2025-11-08;2;0
11;2025-11-08;3;0
11;2025-11-08;4;1
11;2025-11-08;5;180
11;2025-11-08;6;828
11;2025-11-08;7;755
11;2025-11-08;8;1038
11;2025-11-08;9;1170
11;2025-11-08;10;1375
11;2025-11-08;11;1741
11;2025-11-08;12;1944
11;2025-11-08;13;1828
11;2025-11-08;14;2011
11;2025-11-08;15;1889
11;2025-11-08;16;1797
11;2025-11-08;17;1894
11;2025-11-08;18;1541
11;2025-11-08;19;1468
11;2025-11-08;20;1024
11;2025-11-08;21;733
11;2025-11-08;22;423
11;2025-11-08;23;292
11;2025-11-09;0;113
11;2025-11-09;1;15
11;2025-11-09;2;0
11;2025-11-09;3;1
11;2025-11-09;4;1
11;2025-11-09;5;115
11;2025-11-09;6;493
11;2025-11-09;7;495
11;2025-11-09;8;679
11;2025-11-09;9;946
11;2025-11-09;10;1036
11;2025-11-09;11;1520
11;2025-11-09;12;1586
11;2025-11-09;13;1566
11;2025-11-09;14;1627
11;2025-11-09;15;1612
11;2025-11-09;16;1517
11;2025-11-09;17;1689
11;2025-11-09;18;1272
11;2025-11-09;19;1018
11;2025-11-09;20;817
11;2025-11-09;21;611
11;2025-11-09;22;354
11;2025-11-09;23;246
11;2025-11-10;0;72
11;2025-11-10;1;11
11;2025-11-10;2;0
11;2025-11-10;3;0
11;2025-11-10;4;1
11;2025-11-10;5;246
11;2025-11-10;6;1324
11;2025-11-10;7;2343
11;2025-11-10;8;3087
11;2025-11-10;9;2320
11;2025-11-10;10;1817
11;2025-11-10;11;1827
11;2025-11-10;12;1755
11;2025-11-10;13;1849
11;2025-11-10;14;1926
11;2025-11-10;15;2018
11;2025-11-10;16;2188
11;2025-11-10;17;2742
11;2025-11-10;18;2919
11;2025-11-10;19;2128
11;2025-11-10;20;1218
11;2025-11-10;21;763
11;2025-11-10;22;343
11;2025-11-10;23;205
11;2025-11-11;0;54
11;2025-11-11;1;1
11;2025-11-11;2;0
11;2025-11-11;3;0
11;2025-11-11;4;1
11;2025-11-11;5;243
11;2025-11-11;6;1337
11;2025-11-11;7;2434
11;2025-11-11;8;3277
11;2025-11-11;9;2480
11;2025-11-11;10;2011
11;2025-11-11;11;1809
11;2025-11-11;12;1877
11;2025-11-11;13;2039
11;2025-11-11;14;1925
11;2025-11-11;15;1974
11;2025-11-11;16;2161
11;2025-11-11;17;2842
11;2025-11-11;18;2994
11;2025-11-11;19;2285
11;2025-11-11;20;1494
11;2025-11-11;21;813
11;2025-11-11;22;368
11;2025-11-11;23;228
11;2025-11-12;0;64
11;2025-11-12;1;0
11;2025-11-12;2;0
11;2025-11-12;3;0
11;2025-11-12;4;1
11;2025-11-12;5;269
11;2025-11-12;6;1244
11;2025-11-12;7;2484
11;2025-11-12;8;3073
11;2025-11-12;9;2360
11;2025-11-12;10;1915
11;2025-11-12;11;1919
11;2025-11-12;12;1909
11;2025-11-12;13;2051
11;2025-11-12;14;2032
11;2025-11-12;15;1969
11;2025-11-12;16;2080
11;2025-11-12;17;2669
11;2025-11-12;18;3036
11;2025-11-12;19;2112
11;2025-11-12;20;1350
11;2025-11-12;21;787
11;2025-11-12;22;407
11;2025-11-12;23;233
11;2025-11-13;0;58
11;2025-11-13;1;0
11;2025-11-13;2;0
11;2025-11-13;3;0
11;2025-11-13;4;1
11;2025-11-13;5;257
11;2025-11-13;6;1286
11;2025-11-13;7;2382
11;2025-11-13;8;3110
11;2025-11-13;9;2442
11;2025-11-13;10;2047
11;2025-11-13;11;1837
11;2025-11-13;12;2018
11;2025-11-13;13;2088
11;2025-11-13;14;2062
11;2025-11-13;15;1853
11;2025-11-13;16;2269
11;2025-11-13;17;2703
11;2025-11-13;18;3202
11;2025-11-13;19;2217
11;2025-11-13;20;1459
11;2025-11-13;21;857
11;2025-11-13;22;414
11;2025-11-13;23;252
11;2025-11-14;0;71
11;2025-11-14;1;2
11;2025-11-14;2;0
11;2025-11-14;3;0
11;2025-11-14;4;1
11;2025-11-14;5;262
11;2025-11-14;6;1280
11;2025-11-14;7;2334
11;2025-11-14;8;3182
11;2025-11-14;9;2233
11;2025-11-14;10;1857
11;2025-11-14;11;1760
11;2025-11-14;12;1879
11;2025-11-14;13;1879
11;2025-11-14;14;2036
11;2025-11-14;15;2089
11;2025-11-14;16;2323
11;2025-11-14;17;2797
11;2025-11-14;18;2418
11;2025-11-14;19;1828
11;2025-11-14;20;1342
11;2025-11-14;21;845
11;2025-11-14;22;398
11;2025-11-14;23;321
11;2025-11-15;0;106
11;2025-11-15;1;2
11;2025-11-15;2;0
11;2025-11-15;3;0
11;2025-11-15;4;1
11;2025-11-15;5;180
11;2025-11-15;6;828
11;2025-11-15;7;755
11;2025-11-15;8;1038
11;2025-11-15;9;1170
11;2025-11-15;10;1375
11;2025-11-15;11;1741
11;2025-11-15;12;1944
11;2025-11-15;13;1828
11;2025-11-15;14;2011
11;2025-11-15;15;1889
11;2025-11-15;16;1797
11;2025-11-15;17;1894
11;2025-11-15;18;1541
11;2025-11-15;19;1468
11;2025-11-15;20;1024
11;2025-11-15;21;733
11;2025-11-15;22;423
11;2025-11-15;23;292
11;2025-11-16;0;113
11;2025-11-16;1;15
11;2025-11-16;2;0
11;2025-11-16;3;1
11;2025-11-16;4;1
11;2025-11-16;5;115
11;2025-11-16;6;493
11;2025-11-16;7;495
11;2025-11-16;8;679
11;2025-11-16;9;946
11;2025-11-16;10;1036
11;2025-11-16;11;1520
11;2025-11-16;12;1586
11;2025-11-16;13;1566
11;2025-11-16;14;1627
11;2025-11-16;15;1612
11;2025-11-16;16;1517
11;2025-11-16;17;1689
11;2025-11-16;18;1272
11;2025-11-16;19;1018
11;2025-11-16;20;817
11;2025-11-16;21;611
11;2025-11-16;22;354
11;2025-11-16;23;246
11;2025-11-17;0;72
11;2025-11-17;1;11
11;2025-11-17;2;0
11;2025-11-17;3;0
11;2025-11-17;4;1
11;2025-11-17;5;246
11;2025-11-17;6;1324
11;2025-11-17;7;2343
11;2025-11-17;8;3087
11;2025-11-17;9;2320
11;2025-11-17;10;1817
11;2025-11-17;11;1827
11;2025-11-17;12;1755
11;2025-11-17;13;1849
11;2025-11-17;14;1926
11;2025-11-17;15;2018
11;2025-11-17;16;2188
11;2025-11-17;17;2742
11;2025-11-17;18;2919
11;2025-11-17;19;2128
11;2025-11-17;20;1218
11;2025-11-17;21;763
11;2025-11-17;22;343
11;2025-11-17;23;205
11;2025-11-18;0;54
11;2025-11-18;1;1
11;2025-11-18;2;0
11;2025-11-18;3;0
11;2025-11-18;4;1
11;2025-11-18;5;243
11;2025-11-18;6;1337
11;2025-11-18;7;2434
11;2025-11-18;8;3277
11;2025-11-18;9;2480
11;2025-11-18;10;2011
11;2025-11-18;11;1809
11;2025-11-18;12;1877
11;2025-11-18;13;2039
11;2025-11-18;14;1925
11;2025-11-18;15;1974
11;2025-11-18;16;2161
11;2025-11-18;17;2842
11;2025-11-18;18;2994
11;2025-11-18;19;2285
11;2025-11-18;20;1494
11;2025-11-18;21;813
11;2025-11-18;22;368
11;2025-11-18;23;228
11;2025-11-19;0;64
11;2025-11-19;1;0
11;2025-11-19;2;0
11;2025-11-19;3;0
11;2025-11-19;4;1
11;2025-11-19;5;269
11;2025-11-19;6;1244
11;2025-11-19;7;2484
11;2025-11-19;8;3073
11;2025-11-19;9;2360
11;2025-11-19;10;1915
11;2025-11-19;11;1919
11;2025-11-19;12;1909
11;2025-11-19;13;2051
11;2025-11-19;14;2032
11;2025-11-19;15;1969
11;2025-11-19;16;2080
11;2025-11-19;17;2669
11;2025-11-19;18;3036
11;2025-11-19;19;2112
11;2025-11-19;20;1350
11;2025-11-19;21;787
11;2025-11-19;22;407
11;2025-11-19;23;233
11;2025-11-20;0;58
11;2025-11-20;1;0
11;2025-11-20;2;0
11;2025-11-20;3;0
11;2025-11-20;4;1
11;2025-11-20;5;257
11;2025-11-20;6;1286
11;2025-11-20;7;2382
11;2025-11-20;8;3110
11;2025-11-20;9;2442
11;2025-11-20;10;2047
11;2025-11-20;11;1837
11;2025-11-20;12;2018
11;2025-11-20;13;2088
11;2025-11-20;14;2062
11;2025-11-20;15;1853
11;2025-11-20;16;2269
11;2025-11-20;17;2703
11;2025-11-20;18;3202
11;2025-11-20;19;2217
11;2025-11-20;20;1459
11;2025-11-20;21;857
11;2025-11-20;22;414
11;2025-11-20;23;252
11;2025-11-21;0;71
11;2025-11-21;1;2
11;2025-11-21;2;0
11;2025-11-21;3;0
11;2025-11-21;4;1
11;2025-11-21;5;262
11;2025-11-21;6;1280
11;2025-11-21;7;2334
11;2025-11-21;8;3182
11;2025-11-21;9;2233
11;2025-11-21;10;1857
11;2025-11-21;11;1760
11;2025-11-21;12;1879
11;2025-11-21;13;1879
11;2025-11-21;14;2036
11;2025-11-21;15;2089
11;2025-11-21;16;2323
11;2025-11-21;17;2797
11;2025-11-21;18;2418
11;2025-11-21;19;1828
11;2025-11-21;20;1342
11;2025-11-21;21;845
11;2025-11-21;22;398
11;2025-11-21;23;321
11;2025-11-22;0;106
11;2025-11-22;1;2
11;2025-11-22;2;0
11;2025-11-22;3;0
11;2025-11-22;4;1
11;2025-11-22;5;180
11;2025-11-22;6;828
11;2025-11-22;7;755
11;2025-11-22;8;1038
11;2025-11-22;9;1170
11;2025-11-22;10;1375
11;2025-11-22;11;1741
11;2025-11-22;12;1944
11;2025-11-22;13;1828
11;2025-11-22;14;2011
11;2025-11-22;15;1889
11;2025-11-22;16;1797
11;2025-11-22;17;1894
11;2025-11-22;18;1541
11;2025-11-22;19;1468
11;2025-11-22;20;1024
11;2025-11-22;21;733
11;2025-11-22;22;423
11;2025-11-22;23;292
11;2025-11-23;0;113
11;2025-11-23;1;15
11;2025-11-23;2;0
11;2025-11-23;3;1
11;2025-11-23;4;1
11;2025-11-23;5;115
11;2025-11-23;6;493
11;2025-11-23;7;495
11;2025-11-23;8;679
11;2025-11-23;9;946
11;2025-11-23;10;1036
11;2025-11-23;11;1520
11;2025-11-23;12;1586
11;2025-11-23;13;1566
11;2025-11-23;14;1627
11;2025-11-23;15;1612
11;2025-11-23;16;1517
11;2025-11-23;17;1689
11;2025-11-23;18;1272
11;2025-11-23;19;1018
11;2025-11-23;20;817
11;2025-11-23;21;611
11;2025-11-23;22;354
11;2025-11-23;23;246
11;2025-11-24;0;72
11;2025-11-24;1;11
11;2025-11-24;2;0
11;2025-11-24;3;0
11;2025-11-24;4;1
11;2025-11-24;5;246
11;2025-11-24;6;1324
11;2025-11-24;7;2343
11;2025-11-24;8;3087
11;2025-11-24;9;2320
11;2025-11-24;10;1817
11;2025-11-24;11;1827
11;2025-11-24;12;1755
11;2025-11-24;13;1849
11;2025-11-24;14;1926
11;2025-11-24;15;2018
11;2025-11-24;16;2188
11;2025-11-24;17;2742
11;2025-11-24;18;2919
11;2025-11-24;19;2128
11;2025-11-24;20;1218
11;2025-11-24;21;763
11;2025-11-24;22;343
11;2025-11-24;23;205
11;2025-11-25;0;54
11;2025-11-25;1;1
11;2025-11-25;2;0
11;2025-11-25;3;0
11;2025-11-25;4;1
11;2025-11-25;5;243
11;2025-11-25;6;1337
11;2025-11-25;7;2434
11;2025-11-25;8;3277
11;2025-11-25;9;2480
11;2025-11-25;10;2011
11;2025-11-25;11;1809
11;2025-11-25;12;1877
11;2025-11-25;13;2039
11;2025-11-25;14;1925
11;2025-11-25;15;1974
11;2025-11-25;16;2161
11;2025-11-25;17;2842
11;2025-11-25;18;2994
11;2025-11-25;19;2285
11;2025-11-25;20;1494
11;2025-11-25;21;813
11;2025-11-25;22;368
11;2025-11-25;23;228
11;2025-11-26;0;64
11;2025-11-26;1;0
11;2025-11-26;2;0
11;2025-11-26;3;0
11;2025-11-26;4;1
11;2025-11-26;5;269
11;2025-11-26;6;1244
11;2025-11-26;7;2484
11;2025-11-26;8;3073
11;2025-11-26;9;2360
11;2025-11-26;10;1915
11;2025-11-26;11;1919
11;2025-11-26;12;1909
11;2025-11-26;13;2051
11;2025-11-26;14;2032
11;2025-11-26;15;1969
11;2025-11-26;16;2080
11;2025-11-26;17;2669
11;2025-11-26;18;3036
11;2025-11-26;19;2112
11;2025-11-26;20;1350
11;2025-11-26;21;787
11;2025-11-26;22;407
11;2025-11-26;23;233
11;2025-11-27;0;58
11;2025-11-27;1;0
11;2025-11-27;2;0
11;2025-11-27;3;0
11;2025-11-27;4;1
11;2025-11-27;5;257
11;2025-11-27;6;1286
11;2025-11-27;7;2382
11;2025-11-27;8;3110
11;2025-11-27;9;2442
11;2025-11-27;10;2047
11;2025-11-27;11;1837
11;2025-11-27;12;2018
11;2025-11-27;13;2088
11;2025-11-27;14;2062
11;2025-11-27;15;1853
11;2025-11-27;16;2269
11;2025-11-27;17;2703
11;2025-11-27;18;3202
11;2025-11-27;19;2217
11;2025-11-27;20;1459
11;2025-11-27;21;857
11;2025-11-27;22;414
11;2025-11-27;23;252
11;2025-11-28;0;71
11;2025-11-28;1;2
11;2025-11-28;2;0
11;2025-11-28;3;0
11;2025-11-28;4;1
11;2025-11-28;5;262
11;2025-11-28;6;1280
11;2025-11-28;7;2334
11;2025-11-28;8;3182
11;2025-11-28;9;2233
11;2025-11-28;10;1857
11;2025-11-28;11;1760
11;2025-11-28;12;1879
11;2025-11-28;13;1879
11;2025-11-28;14;2036
11;2025-11-28;15;2089
11;2025-11-28;16;2323
11;2025-11-28;17;2797
11;2025-11-28;18;2418
11;2025-11-28;19;1828
11;2025-11-28;20;1342
11;2025-11-28;21;845
11;2025-11-28;22;398
11;2025-11-28;23;321
11;2025-11-29;0;106
11;2025-11-29;1;2
11;2025-11-29;2;0
11;2025-11-29;3;0
11;2025-11-29;4;1
11;2025-11-29;5;180
11;2025-11-29;6;828
11;2025-11-29;7;755
11;2025-11-29;8;1038
11;2025-11-29;9;1170
11;2025-11-29;10;1375
11;2025-11-29;11;1741
11;2025-11-29;12;1944
11;2025-11-29;13;1828
11;2025-11-29;14;2011
11;2025-11-29;15;1889
11;2025-11-29;16;1797
11;2025-11-29;17;1894
11;2025-11-29;18;1541
11;2025-11-29;19;1468
11;2025-11-29;20;1024
11;2025-11-29;21;733
11;2025-11-29;22;423
11;2025-11-29;23;292
11;2025-11-30;0;113
11;2025-11-30;1;15
11;2025-11-30;2;0
11;2025-11-30;3;1
11;2025-11-30;4;1
11;2025-11-30;5;115
11;2025-11-30;6;493
11;2025-11-30;7;495
11;2025-11-30;8;679
11;2025-11-30;9;946
11;2025-11-30;10;1036
11;2025-11-30;11;1520
11;2025-11-30;12;1586
11;2025-11-30;13;1566
11;2025-11-30;14;1627
11;2025-11-30;15;1612
11;2025-11-30;16;1517
11;2025-11-30;17;1689
11;2025-11-30;18;1272
11;2025-11-30;19;1018
11;2025-11-30;20;817
11;2025-11-30;21;611
11;2025-11-30;22;354
11;2025-11-30;23;246
11;2025-12-01;0;72
11;2025-12-01;1;11
11;2025-12-01;2;0
11;2025-12-01;3;0
11;2025-12-01;4;1
11;2025-12-01;5;246
11;2025-12-01;6;1324
11;2025-12-01;7;2343
11;2025-12-01;8;3087
11;2025-12-01;9;2320
11;2025-12-01;10;1817
11;2025-12-01;11;1827
11;2025-12-01;12;1755
11;2025-12-01;13;1849
11;2025-12-01;14;1926
11;2025-12-01;15;2018
11;2025-12-01;16;2188
11;2025-12-01;17;2742
11;2025-12-01;18;2919
11;2025-12-01;19;2128
11;2025-12-01;20;1218
11;2025-12-01;21;763
11;2025-12-01;22;343
11;2025-12-01;23;205
11;2025-12-02;0;54
11;2025-12-02;1;1
11;2025-12-02;2;0
11;2025-12-02;3;0
11;2025-12-02;4;1
11;2025-12-02;5;243
11;2025-12-02;6;1337
11;2025-12-02;7;2434
11;2025-12-02;8;3277
11;2025-12-02;9;2480
11;2025-12-02;10;2011
11;2025-12-02;11;1809
11;2025-12-02;12;1877
11;2025-12-02;13;2039
11;2025-12-02;14;1925
11;2025-12-02;15;1974
11;2025-12-02;16;2161
11;2025-12-02;17;2842
11;2025-12-02;18;2994
11;2025-12-02;19;2285
11;2025-12-02;20;1494
11;2025-12-02;21;813
11;2025-12-02;22;368
11;2025-12-02;23;228
11;2025-12-03;0;64
11;2025-12-03;1;0
11;2025-12-03;2;0
11;2025-12-03;3;0
11;2025-12-03;4;1
11;2025-12-03;5;269
11;2025-12-03;6;1244
11;2025-12-03;7;2484
11;2025-12-03;8;3073
11;2025-12-03;9;2360
11;2025-12-03;10;1915
11;2025-12-03;11;1919
11;2025-12-03;12;1909
11;2025-12-03;13;2051
11;2025-12-03;14;2032
11;2025-12-03;15;1969
11;2025-12-03;16;2080
11;2025-12-03;17;2669
11;2025-12-03;18;3036
11;2025-12-03;19;2112
11;2025-12-03;20;1350
11;2025-12-03;21;787
11;2025-12-03;22;407
11;2025-12-03;23;233
11;2025-12-04;0;58
11;2025-12-04;1;0
11;2025-12-04;2;0
11;2025-12-04;3;0
11;2025-12-04;4;1
11;2025-12-04;5;257
11;2025-12-04;6;1286
11;2025-12-04;7;2382
11;2025-12-04;8;3110
11;2025-12-04;9;2442
11;2025-12-04;10;2047
11;2025-12-04;11;1837
11;2025-12-04;12;2018
11;2025-12-04;13;2088
11;2025-12-04;14;2062
11;2025-12-04;15;1853
11;2025-12-04;16;2269
11;2025-12-04;17;2703
11;2025-12-04;18;3202
11;2025-12-04;19;2217
11;2025-12-04;20;1459
11;2025-12-04;21;857
11;2025-12-04;22;414
11;2025-12-04;23;252
11;2025-12-05;0;71
11;2025-12-05;1;2
11;2025-12-05;2;0
11;2025-12-05;3;0
11;2025-12-05;4;1
11;2025-12-05;5;262
11;2025-12-05;6;1280
11;2025-12-05;7;2334
11;2025-12-05;8;3182
11;2025-12-05;9;2233
11;2025-12-05;10;1857
11;2025-12-05;11;1760
11;2025-12-05;12;1879
11;2025-12-05;13;1879
11;2025-12-05;14;2036
11;2025-12-05;15;2089
11;2025-12-05;16;2323
11;2025-12-05;17;2797
11;2025-12-05;18;2418
11;2025-12-05;19;1828
11;2025-12-05;20;1342
11;2025-12-05;21;845
11;2025-12-05;22;398
11;2025-12-05;23;321
11;2025-12-06;0;106
11;2025-12-06;1;2
11;2025-12-06;2;0
11;2025-12-06;3;0
11;2025-12-06;4;1
11;2025-12-06;5;180
11;2025-12-06;6;828
11;2025-12-06;7;755
11;2025-12-06;8;1038
11;2025-12-06;9;1170
11;2025-12-06;10;1375
11;2025-12-06;11;1741
11;2025-12-06;12;1944
11;2025-12-06;13;1828
11;2025-12-06;14;2011
11;2025-12-06;15;1889
11;2025-12-06;16;1797
11;2025-12-06;17;1894
11;2025-12-06;18;1541
11;2025-12-06;19;1468
11;2025-12-06;20;1024
11;2025-12-06;21;733
11;2025-12-06;22;423
11;2025-12-06;23;292
11;2025-12-07;0;113
11;2025-12-07;1;15
11;2025-12-07;2;0
11;2025-12-07;3;1
11;2025-12-07;4;1
11;2025-12-07;5;115
11;2025-12-07;6;493
11;2025-12-07;7;495
11;2025-12-07;8;679
11;2025-12-07;9;946
11;2025-12-07;10;1036
11;2025-12-07;11;1520
11;2025-12-07;12;1586
11;2025-12-07;13;1566
11;2025-12-07;14;1627
11;2025-12-07;15;1612
11;2025-12-07;16;1517
11;2025-12-07;17;1689
11;2025-12-07;18;1272
11;2025-12-07;19;1018
11;2025-12-07;20;817
11;2025-12-07;21;611
11;2025-12-07;22;354
11;2025-12-07;23;246
11;2025-12-08;0;72
11;2025-12-08;1;11
11;2025-12-08;2;0
11;2025-12-08;3;0
11;2025-12-08;4;1
11;2025-12-08;5;246
11;2025-12-08;6;1324
11;2025-12-08;7;2343
11;2025-12-08;8;3087
11;2025-12-08;9;2320
11;2025-12-08;10;1817
11;2025-12-08;11;1827
11;2025-12-08;12;1755
11;2025-12-08;13;1849
11;2025-12-08;14;1926
11;2025-12-08;15;2018
11;2025-12-08;16;2188
11;2025-12-08;17;2742
11;2025-12-08;18;2919
11;2025-12-08;19;2128
11;2025-12-08;20;1218
11;2025-12-08;21;763
11;2025-12-08;22;343
11;2025-12-08;23;205
11;2025-12-09;0;54
11;2025-12-09;1;1
11;2025-12-09;2;0
11;2025-12-09;3;0
11;2025-12-09;4;1
11;2025-12-09;5;243
11;2025-12-09;6;1337
11;2025-12-09;7;2434
11;2025-12-09;8;3277
11;2025-12-09;9;2480
11;2025-12-09;10;2011
11;2025-12-09;11;1809
11;2025-12-09;12;1877
11;2025-12-09;13;2039
11;2025-12-09;14;1925
11;2025-12-09;15;1974
11;2025-12-09;16;2161
11;2025-12-09;17;2842
11;2025-12-09;18;2994
11;2025-12-09;19;2285
11;2025-12-09;20;1494
11;2025-12-09;21;813
11;2025-12-09;22;368
11;2025-12-09;23;228
11;2025-12-10;0;64
11;2025-12-10;1;0
11;2025-12-10;2;0
11;2025-12-10;3;0
11;2025-12-10;4;1
11;2025-12-10;5;269
11;2025-12-10;6;1244
11;2025-12-10;7;2484
11;2025-12-10;8;3073
11;2025-12-10;9;2360
11;2025-12-10;10;1915
11;2025-12-10;11;1919
11;2025-12-10;12;1909
11;2025-12-10;13;2051
11;2025-12-10;14;2032
11;2025-12-10;15;1969
11;2025-12-10;16;2080
11;2025-12-10;17;2669
11;2025-12-10;18;3036
11;2025-12-10;19;2112
11;2025-12-10;20;1350
11;2025-12-10;21;787
11;2025-12-10;22;407
11;2025-12-10;23;233
11;2025-12-11;0;58
11;2025-12-11;1;0
11;2025-12-11;2;0
11;2025-12-11;3;0
11;2025-12-11;4;1
11;2025-12-11;5;257
11;2025-12-11;6;1286
11;2025-12-11;7;2382
11;2025-12-11;8;3110
11;2025-12-11;9;2442
11;2025-12-11;10;2047
11;2025-12-11;11;1837
11;2025-12-11;12;2018
11;2025-12-11;13;2088
11;2025-12-11;14;2062
11;2025-12-11;15;1853
11;2025-12-11;16;2269
11;2025-12-11;17;2703
11;2025-12-11;18;3202
11;2025-12-11;19;2217
11;2025-12-11;20;1459
11;2025-12-11;21;857
11;2025-12-11;22;414
11;2025-12-11;23;252
11;2025-12-12;0;71
11;2025-12-12;1;2
11;2025-12-12;2;0
11;2025-12-12;3;0
11;2025-12-12;4;1
11;2025-12-12;5;262
11;2025-12-12;6;1280
11;2025-12-12;7;2334
11;2025-12-12;8;3182
11;2025-12-12;9;2233
11;2025-12-12;10;1857
11;2025-12-12;11;1760
11;2025-12-12;12;1879
11;2025-12-12;13;1879
11;2025-12-12;14;2036
11;2025-12-12;15;2089
11;2025-12-12;16;2323
11;2025-12-12;17;2797
11;2025-12-12;18;2418
11;2025-12-12;19;1828
11;2025-12-12;20;1342
11;2025-12-12;21;845
11;2025-12-12;22;398
11;2025-12-12;23;321
11;2025-12-13;0;106
11;2025-12-13;1;2
11;2025-12-13;2;0
11;2025-12-13;3;0
11;2025-12-13;4;1
11;2025-12-13;5;180
11;2025-12-13;6;828
11;2025-12-13;7;755
11;2025-12-13;8;1038
11;2025-12-13;9;1170
11;2025-12-13;10;1375
11;2025-12-13;11;1741
11;2025-12-13;12;1944
11;2025-12-13;13;1828
11;2025-12-13;14;2011
11;2025-12-13;15;1889
11;2025-12-13;16;1797
11;2025-12-13;17;1894
11;2025-12-13;18;1541
11;2025-12-13;19;1468
11;2025-12-13;20;1024
11;2025-12-13;21;733
11;2025-12-13;22;423
11;2025-12-13;23;292
11;2025-12-14;0;113
11;2025-12-14;1;15
11;2025-12-14;2;0
11;2025-12-14;3;1
11;2025-12-14;4;1
11;2025-12-14;5;115
11;2025-12-14;6;493
11;2025-12-14;7;495
11;2025-12-14;8;679
11;2025-12-14;9;946
11;2025-12-14;10;1036
11;2025-12-14;11;1520
11;2025-12-14;12;1586
11;2025-12-14;13;1566
11;2025-12-14;14;1627
11;2025-12-14;15;1612
11;2025-12-14;16;1517
11;2025-12-14;17;1689
11;2025-12-14;18;1272
11;2025-12-14;19;1018
11;2025-12-14;20;817
11;2025-12-14;21;611
11;2025-12-14;22;354
11;2025-12-14;23;246
11;2025-12-15;0;72
11;2025-12-15;1;11
11;2025-12-15;2;0
11;2025-12-15;3;0
11;2025-12-15;4;1
11;2025-12-15;5;246
11;2025-12-15;6;1324
11;2025-12-15;7;2343
11;2025-12-15;8;3087
11;2025-12-15;9;2320
11;2025-12-15;10;1817
11;2025-12-15;11;1827
11;2025-12-15;12;1755
11;2025-12-15;13;1849
11;2025-12-15;14;1926
11;2025-12-15;15;2018
11;2025-12-15;16;2188
11;2025-12-15;17;2742
11;2025-12-15;18;2919
11;2025-12-15;19;2128
11;2025-12-15;20;1218
11;2025-12-15;21;763
11;2025-12-15;22;343
11;2025-12-15;23;205
11;2025-12-16;0;54
11;2025-12-16;1;1
11;2025-12-16;2;0
11;2025-12-16;3;0
11;2025-12-16;4;1
11;2025-12-16;5;243
11;2025-12-16;6;1337
11;2025-12-16;7;2434
11;2025-12-16;8;3277
11;2025-12-16;9;2480
11;2025-12-16;10;2011
11;2025-12-16;11;1809
11;2025-12-16;12;1877
11;2025-12-16;13;2039
11;2025-12-16;14;1925
11;2025-12-16;15;1974
11;2025-12-16;16;2161
11;2025-12-16;17;2842
11;2025-12-16;18;2994
11;2025-12-16;19;2285
11;2025-12-16;20;1494
11;2025-12-16;21;813
11;2025-12-16;22;368
11;2025-12-16;23;228
11;2025-12-17;0;64
11;2025-12-17;1;0
11;2025-12-17;2;0
11;2025-12-17;3;0
11;2025-12-17;4;1
11;2025-12-17;5;269
11;2025-12-17;6;1244
11;2025-12-17;7;2484
11;2025-12-17;8;3073
11;2025-12-17;9;2360
11;2025-12-17;10;1915
11;2025-12-17;11;1919
11;2025-12-17;12;1909
11;2025-12-17;13;2051
11;2025-12-17;14;2032
11;2025-12-17;15;1969
11;2025-12-17;16;2080
11;2025-12-17;17;2669
11;2025-12-17;18;3036
11;2025-12-17;19;2112
11;2025-12-17;20;1350
11;2025-12-17;21;787
11;2025-12-17;22;407
11;2025-12-17;23;233
11;2025-12-18;0;58
11;2025-12-18;1;0
11;2025-12-18;2;0
11;2025-12-18;3;0
11;2025-12-18;4;1
11;2025-12-18;5;257
11;2025-12-18;6;1286
11;2025-12-18;7;2382
11;2025-12-18;8;3110
11;2025-12-18;9;2442
11;2025-12-18;10;2047
11;2025-12-18;11;1837
11;2025-12-18;12;2018
11;2025-12-18;13;2088
11;2025-12-18;14;2062
11;2025-12-18;15;1853
11;2025-12-18;16;2269
11;2025-12-18;17;2703
11;2025-12-18;18;3202
11;2025-12-18;19;2217
11;2025-12-18;20;1459
11;2025-12-18;21;857
11;2025-12-18;22;414
11;2025-12-18;23;252
11;2025-12-19;0;71
11;2025-12-19;1;2
11;2025-12-19;2;0
11;2025-12-19;3;0
11;2025-12-19;4;1
11;2025-12-19;5;262
11;2025-12-19;6;1280
11;2025-12-19;7;2334
11;2025-12-19;8;3182
11;2025-12-19;9;2233
11;2025-12-19;10;1857
11;2025-12-19;11;1760
11;2025-12-19;12;1879
11;2025-12-19;13;1879
11;2025-12-19;14;2036
11;2025-12-19;15;2089
11;2025-12-19;16;2323
11;2025-12-19;17;2797
11;2025-12-19;18;2418
11;2025-12-19;19;1828
11;2025-12-19;20;1342
11;2025-12-19;21;845
11;2025-12-19;22;398
11;2025-12-19;23;321
11;2025-12-20;0;106
11;2025-12-20;1;2
11;2025-12-20;2;0
11;2025-12-20;3;0
11;2025-12-20;4;1
11;2025-12-20;5;180
11;2025-12-20;6;828
11;2025-12-20;7;755
11;2025-12-20;8;1038
11;2025-12-20;9;1170
11;2025-12-20;10;1375
11;2025-12-20;11;1741
11;2025-12-20;12;1944
11;2025-12-20;13;1828
11;2025-12-20;14;2011
11;2025-12-20;15;1889
11;2025-12-20;16;1797
11;2025-12-20;17;1894
11;2025-12-20;18;1541
11;2025-12-20;19;1468
11;2025-12-20;20;1024
11;2025-12-20;21;733
11;2025-12-20;22;423
11;2025-12-20;23;292
11;2025-12-21;0;113
11;2025-12-21;1;15
11;2025-12-21;2;0
11;2025-12-21;3;1
11;2025-12-21;4;1
11;2025-12-21;5;115
11;2025-12-21;6;493
11;2025-12-21;7;495
11;2025-12-21;8;679
11;2025-12-21;9;946
11;2025-12-21;10;1036
11;2025-12-21;11;1520
11;2025-12-21;12;1586
11;2025-12-21;13;1566
11;2025-12-21;14;1627
11;2025-12-21;15;1612
11;2025-12-21;16;1517
11;2025-12-21;17;1689
11;2025-12-21;18;1272
11;2025-12-21;19;1018
11;2025-12-21;20;817
11;2025-12-21;21;611
11;2025-12-21;22;354
11;2025-12-21;23;246
11;2025-12-22;0;72
11;2025-12-22;1;11
11;2025-12-22;2;0
11;2025-12-22;3;0
11;2025-12-22;4;1
11;2025-12-22;5;246
11;2025-12-22;6;1324
11;2025-12-22;7;2343
11;2025-12-22;8;3087
11;2025-12-22;9;2320
11;2025-12-22;10;1817
11;2025-12-22;11;1827
11;2025-12-22;12;1755
11;2025-12-22;13;1849
11;2025-12-22;14;1926
11;2025-12-22;15;2018
11;2025-12-22;16;2188
11;2025-12-22;17;2742
11;2025-12-22;18;2919
11;2025-12-22;19;2128
11;2025-12-22;20;1218
11;2025-12-22;21;763
11;2025-12-22;22;343
11;2025-12-22;23;205
11;2025-12-23;0;54
11;2025-12-23;1;1
11;2025-12-23;2;0
11;2025-12-23;3;0
11;2025-12-23;4;1
11;2025-12-23;5;243
11;2025-12-23;6;1337
11;2025-12-23;7;2434
11;2025-12-23;8;3277
11;2025-12-23;9;2480
11;2025-12-23;10;2011
11;2025-12-23;11;1809
11;2025-12-23;12;1877
11;2025-12-23;13;2039
11;2025-12-23;14;1925
11;2025-12-23;15;1974
11;2025-12-23;16;2161
11;2025-12-23;17;2842
11;2025-12-23;18;2994
11;2025-12-23;19;2285
11;2025-12-23;20;1494
11;2025-12-23;21;813
11;2025-12-23;22;368
11;2025-12-23;23;228
11;2025-12-24;0;64
11;2025-12-24;1;0
11;2025-12-24;2;0
11;2025-12-24;3;0
11;2025-12-24;4;1
11;2025-12-24;5;269
11;2025-12-24;6;1244
11;2025-12-24;7;2484
11;2025-12-24;8;3073
11;2025-12-24;9;2360
11;2025-12-24;10;1915
11;2025-12-24;11;1919
11;2025-12-24;12;1909
11;2025-12-24;13;2051
11;2025-12-24;14;2032
11;2025-12-24;15;1969
11;2025-12-24;16;2080
11;2025-12-24;17;2669
11;2025-12-24;18;3036
11;2025-12-24;19;2112
11;2025-12-24;20;1350
11;2025-12-24;21;787
11;2025-12-24;22;407
11;2025-12-24;23;233
11;2025-12-25;0;58
11;2025-12-25;1;0
11;2025-12-25;2;0
11;2025-12-25;3;0
11;2025-12-25;4;1
11;2025-12-25;5;257
11;2025-12-25;6;1286
11;2025-12-25;7;2382
11;2025-12-25;8;3110
11;2025-12-25;9;2442
11;2025-12-25;10;2047
11;2025-12-25;11;1837
11;2025-12-25;12;2018
11;2025-12-25;13;2088
11;2025-12-25;14;2062
11;2025-12-25;15;1853
11;2025-12-25;16;2269
11;2025-12-25;17;2703
11;2025-12-25;18;3202
11;2025-12-25;19;2217
11;2025-12-25;20;1459
11;2025-12-25;21;857
11;2025-12-25;22;414
11;2025-12-25;23;252
11;2025-12-26;0;71
11;2025-12-26;1;2
11;2025-12-26;2;0
11;2025-12-26;3;0
11;2025-12-26;4;1
11;2025-12-26;5;262
11;2025-12-26;6;1280
11;2025-12-26;7;2334
11;2025-12-26;8;3182
11;2025-12-26;9;2233
11;2025-12-26;10;1857
11;2025-12-26;11;1760
11;2025-12-26;12;1879
11;2025-12-26;13;1879
11;2025-12-26;14;2036
11;2025-12-26;15;2089
11;2025-12-26;16;2323
11;2025-12-26;17;2797
11;2025-12-26;18;2418
11;2025-12-26;19;1828
11;2025-12-26;20;1342
11;2025-12-26;21;845
11;2025-12-26;22;398
11;2025-12-26;23;321
11;2025-12-27;0;106
11;2025-12-27;1;2
11;2025-12-27;2;0
11;2025-12-27;3;0
11;2025-12-27;4;1
11;2025-12-27;5;180
11;2025-12-27;6;828
11;2025-12-27;7;755
11;2025-12-27;8;1038
11;2025-12-27;9;1170
11;2025-12-27;10;1375
11;2025-12-27;11;1741
11;2025-12-27;12;1944
11;2025-12-27;13;1828
11;2025-12-27;14;2011
11;2025-12-27;15;1889
11;2025-12-27;16;1797
11;2025-12-27;17;1894
11;2025-12-27;18;1541
11;2025-12-27;19;1468
11;2025-12-27;20;1024
11;2025-12-27;21;733
11;2025-12-27;22;423
11;2025-12-27;23;292
11;2025-12-28;0;113
11;2025-12-28;1;15
11;2025-12-28;2;0
11;2025-12-28;3;1
11;2025-12-28;4;1
11;2025-12-28;5;115
11;2025-12-28;6;493
11;2025-12-28;7;495
11;2025-12-28;8;679
11;2025-12-28;9;946
11;2025-12-28;10;1036
11;2025-12-28;11;1520
11;2025-12-28;12;1586
11;2025-12-28;13;1566
11;2025-12-28;14;1627
11;2025-12-28;15;1612
11;2025-12-28;16;1517
11;2025-12-28;17;1689
11;2025-12-28;18;1272
11;2025-12-28;19;1018
11;2025-12-28;20;817
11;2025-12-28;21;611
11;2025-12-28;22;354
11;2025-12-28;23;246
11;2025-12-29;0;69
11;2025-12-29;1;10
11;2025-12-29;2;0
11;2025-12-29;3;0
11;2025-12-29;4;1
11;2025-12-29;5;236
11;2025-12-29;6;1271
11;2025-12-29;7;2249
11;2025-12-29;8;2964
11;2025-12-29;9;2227
11;2025-12-29;10;1744
11;2025-12-29;11;1754
11;2025-12-29;12;1685
11;2025-12-29;13;1775
11;2025-12-29;14;1849
11;2025-12-29;15;1937
11;2025-12-29;16;2100
11;2025-12-29;17;2632
11;2025-12-29;18;2802
11;2025-12-29;19;2043
11;2025-12-29;20;1169
11;2025-12-29;21;732
11;2025-12-29;22;329
11;2025-12-29;23;196
11;2025-12-30;0;50
11;2025-12-30;1;1
11;2025-12-30;2;0
11;2025-12-30;3;0
11;2025-12-30;4;1
11;2025-12-30;5;223
11;2025-12-30;6;1230
11;2025-12-30;7;2239
11;2025-12-30;8;3015
11;2025-12-30;9;2282
11;2025-12-30;10;1850
11;2025-12-30;11;1665
11;2025-12-30;12;1727
11;2025-12-30;13;1876
11;2025-12-30;14;1771
11;2025-12-30;15;1816
11;2025-12-30;16;1988
11;2025-12-30;17;2615
11;2025-12-30;18;2754
11;2025-12-30;19;2102
11;2025-12-30;20;1375
11;2025-12-30;21;748
11;2025-12-30;22;339
11;2025-12-30;23;210
11;2025-12-31;0;97
11;2025-12-31;1;9
11;2025-12-31;2;0
11;2025-12-31;3;0
11;2025-12-31;4;1
11;2025-12-31;5;122
11;2025-12-31;6;537
11;2025-12-31;7;516
11;2025-12-31;8;709
11;2025-12-31;9;902
11;2025-12-31;10;1016
11;2025-12-31;11;1405
11;2025-12-31;12;1506
11;2025-12-31;13;1459
11;2025-12-31;14;1550
11;2025-12-31;15;1504
11;2025-12-31;16;1421
11;2025-12-31;17;1550
11;2025-12-31;18;1202
11;2025-12-31;19;1034
11;2025-12-31;20;783
11;2025-12-31;21;575
11;2025-12-31;22;333
11;2025-12-31;23;230
12;2025-11-01;0;30
12;2025-11-01;1;3
12;2025-11-01;2;0
12;2025-11-01;3;0
12;2025-11-01;4;4
12;2025-11-01;5;287
12;2025-11-01;6;1155
12;2025-11-01;7;1941
12;2025-11-01;8;2374
12;2025-11-01;9;1962
12;2025-11-01;10;1719
12;2025-11-01;11;1733
12;2025-11-01;12;1781
12;2025-11-01;13;1977
12;2025-11-01;14;1835
12;2025-11-01;15;1976
12;2025-11-01;16;2392
12;2025-11-01;17;2369
12;2025-11-01;18;2158
12;2025-11-01;19;1836
12;2025-11-01;20;1225
12;2025-11-01;21;903
12;2025-11-01;22;478
12;2025-11-01;23;315
12;2025-11-02;0;80
12;2025-11-02;1;4
12;2025-11-02;2;0
12;2025-11-02;3;0
12;2025-11-02;4;3
12;2025-11-02;5;133
12;2025-11-02;6;492
12;2025-11-02;7;657
12;2025-11-02;8;693
12;2025-11-02;9;883
12;2025-11-02;10;1091
12;2025-11-02;11;1190
12;2025-11-02;12;1296
12;2025-11-02;13;1508
12;2025-11-02;14;1377
12;2025-11-02;15;1393
12;2025-11-02;16;1390
12;2025-11-02;17;1468
12;2025-11-02;18;1230
12;2025-11-02;19;946
12;2025-11-02;20;734
12;2025-11-02;21;571
12;2025-11-02;22;362
12;2025-11-02;23;192
12;2025-11-03;0;78
12;2025-11-03;1;4
12;2025-11-03;2;0
12;2025-11-03;3;0
12;2025-11-03;4;2
12;2025-11-03;5;154
12;2025-11-03;6;558
12;2025-11-03;7;706
12;2025-11-03;8;764
12;2025-11-03;9;956
12;2025-11-03;10;1166
12;2025-11-03;11;1250
12;2025-11-03;12;1338
12;2025-11-03;13;1550
12;2025-11-03;14;1414
12;2025-11-03;15;1413
12;2025-11-03;16;1440
12;2025-11-03;17;1481
12;2025-11-03;18;1293
12;2025-11-03;19;1039
12;2025-11-03;20;776
12;2025-11-03;21;611
12;2025-11-03;22;369
12;2025-11-03;23;214
12;2025-11-04;0;71
12;2025-11-04;1;3
12;2025-11-04;2;0
12;2025-11-04;3;0
12;2025-11-04;4;2
12;2025-11-04;5;132
12;2025-11-04;6;481
12;2025-11-04;7;621
12;2025-11-04;8;666
12;2025-11-04;9;839
12;2025-11-04;10;1029
12;2025-11-04;11;1110
12;2025-11-04;12;1196
12;2025-11-04;13;1388
12;2025-11-04;14;1267
12;2025-11-04;15;1272
12;2025-11-04;16;1285
12;2025-11-04;17;1336
12;2025-11-04;18;1148
12;2025-11-04;19;907
12;2025-11-04;20;687
12;2025-11-04;21;538
12;2025-11-04;22;332
12;2025-11-04;23;186
12;2025-11-05;0;61
12;2025-11-05;1;1
12;2025-11-05;2;0
12;2025-11-05;3;0
12;2025-11-05;4;7
12;2025-11-05;5;330
12;2025-11-05;6;1430
12;2025-11-05;7;2644
12;2025-11-05;8;3597
12;2025-11-05;9;2605
12;2025-11-05;10;2146
12;2025-11-05;11;2056
12;2025-11-05;12;2063
12;2025-11-05;13;2070
12;2025-11-05;14;1948
12;2025-11-05;15;2214
12;2025-11-05;16;2747
12;2025-11-05;17;3011
12;2025-11-05;18;3095
12;2025-11-05;19;2370
12;2025-11-05;20;1565
12;2025-11-05;21;1004
12;2025-11-05;22;507
12;2025-11-05;23;260
12;2025-11-06;0;53
12;2025-11-06;1;2
12;2025-11-06;2;0
12;2025-11-06;3;0
12;2025-11-06;4;7
12;2025-11-06;5;305
12;2025-11-06;6;1391
12;2025-11-06;7;2696
12;2025-11-06;8;3604
12;2025-11-06;9;2567
12;2025-11-06;10;2109
12;2025-11-06;11;1963
12;2025-11-06;12;2050
12;2025-11-06;13;2074
12;2025-11-06;14;1981
12;2025-11-06;15;2233
12;2025-11-06;16;2678
12;2025-11-06;17;3011
12;2025-11-06;18;3175
12;2025-11-06;19;2442
12;2025-11-06;20;1575
12;2025-11-06;21;962
12;2025-11-06;22;505
12;2025-11-06;23;266
12;2025-11-07;0;58
12;2025-11-07;1;1
12;2025-11-07;2;0
12;2025-11-07;3;0
12;2025-11-07;4;4
12;2025-11-07;5;325
12;2025-11-07;6;1392
12;2025-11-07;7;2636
12;2025-11-07;8;3270
12;2025-11-07;9;2445
12;2025-11-07;10;1888
12;2025-11-07;11;1886
12;2025-11-07;12;1941
12;2025-11-07;13;2118
12;2025-11-07;14;1989
12;2025-11-07;15;2259
12;2025-11-07;16;2872
12;2025-11-07;17;2882
12;2025-11-07;18;2558
12;2025-11-07;19;2136
12;2025-11-07;20;1408
12;2025-11-07;21;992
12;2025-11-07;22;522
12;2025-11-07;23;329
12;2025-11-08;0;74
12;2025-11-08;1;3
12;2025-11-08;2;0
12;2025-11-08;3;0
12;2025-11-08;4;2
12;2025-11-08;5;230
12;2025-11-08;6;798
12;2025-11-08;7;899
12;2025-11-08;8;1028
12;2025-11-08;9;1238
12;2025-11-08;10;1464
12;2025-11-08;11;1504
12;2025-11-08;12;1542
12;2025-11-08;13;1765
12;2025-11-08;14;1604
12;2025-11-08;15;1552
12;2025-11-08;16;1672
12;2025-11-08;17;1601
12;2025-11-08;18;1560
12;2025-11-08;19;1386
12;2025-11-08;20;951
12;2025-11-08;21;769
12;2025-11-08;22;411
12;2025-11-08;23;294
12;2025-11-09;0;84
12;2025-11-09;1;4
12;2025-11-09;2;0
12;2025-11-09;3;0
12;2025-11-09;4;3
12;2025-11-09;5;140
12;2025-11-09;6;518
12;2025-11-09;7;691
12;2025-11-09;8;730
12;2025-11-09;9;929
12;2025-11-09;10;1149
12;2025-11-09;11;1253
12;2025-11-09;12;1364
12;2025-11-09;13;1587
12;2025-11-09;14;1450
12;2025-11-09;15;1466
12;2025-11-09;16;1463
12;2025-11-09;17;1546
12;2025-11-09;18;1295
12;2025-11-09;19;996
12;2025-11-09;20;773
12;2025-11-09;21;601
12;2025-11-09;22;381
12;2025-11-09;23;202
12;2025-11-10;0;55
12;2025-11-10;1;3
12;2025-11-10;2;0
12;2025-11-10;3;0
12;2025-11-10;4;6
12;2025-11-10;5;310
12;2025-11-10;6;1423
12;2025-11-10;7;2631
12;2025-11-10;8;3521
12;2025-11-10;9;2466
12;2025-11-10;10;1893
12;2025-11-10;11;1826
12;2025-11-10;12;2004
12;2025-11-10;13;1906
12;2025-11-10;14;1942
12;2025-11-10;15;2134
12;2025-11-10;16;2658
12;2025-11-10;17;2940
12;2025-11-10;18;3150
12;2025-11-10;19;2325
12;2025-11-10;20;1575
12;2025-11-10;21;935
12;2025-11-10;22;452
12;2025-11-10;23;231
12;2025-11-11;0;47
12;2025-11-11;1;1
12;2025-11-11;2;0
12;2025-11-11;3;0
12;2025-11-11;4;6
12;2025-11-11;5;335
12;2025-11-11;6;1426
12;2025-11-11;7;2792
12;2025-11-11;8;3667
12;2025-11-11;9;2541
12;2025-11-11;10;2069
12;2025-11-11;11;2034
12;2025-11-11;12;2061
12;2025-11-11;13;2098
12;2025-11-11;14;2014
12;2025-11-11;15;2198
12;2025-11-11;16;2642
12;2025-11-11;17;3019
12;2025-11-11;18;3208
12;2025-11-11;19;2378
12;2025-11-11;20;1514
12;2025-11-11;21;914
12;2025-11-11;22;485
12;2025-11-11;23;250
12;2025-11-12;0;61
12;2025-11-12;1;1
12;2025-11-12;2;0
12;2025-11-12;3;0
12;2025-11-12;4;7
12;2025-11-12;5;330
12;2025-11-12;6;1430
12;2025-11-12;7;2644
12;2025-11-12;8;3597
12;2025-11-12;9;2605
12;2025-11-12;10;2146
12;2025-11-12;11;2056
12;2025-11-12;12;2063
12;2025-11-12;13;2070
12;2025-11-12;14;1948
12;2025-11-12;15;2214
12;2025-11-12;16;2747
12;2025-11-12;17;3011
12;2025-11-12;18;3095
12;2025-11-12;19;2370
12;2025-11-12;20;1565
12;2025-11-12;21;1004
12;2025-11-12;22;507
12;2025-11-12;23;260
12;2025-11-13;0;53
12;2025-11-13;1;2
12;2025-11-13;2;0
12;2025-11-13;3;0
12;2025-11-13;4;7
12;2025-11-13;5;305
12;2025-11-13;6;1391
12;2025-11-13;7;2696
12;2025-11-13;8;3604
12;2025-11-13;9;2567
12;2025-11-13;10;2109
12;2025-11-13;11;1963
12;2025-11-13;12;2050
12;2025-11-13;13;2074
12;2025-11-13;14;1981
12;2025-11-13;15;2233
12;2025-11-13;16;2678
12;2025-11-13;17;3011
12;2025-11-13;18;3175
12;2025-11-13;19;2442
12;2025-11-13;20;1575
12;2025-11-13;21;962
12;2025-11-13;22;505
12;2025-11-13;23;266
12;2025-11-14;0;58
12;2025-11-14;1;1
12;2025-11-14;2;0
12;2025-11-14;3;0
12;2025-11-14;4;4
12;2025-11-14;5;325
12;2025-11-14;6;1392
12;2025-11-14;7;2636
12;2025-11-14;8;3270
12;2025-11-14;9;2445
12;2025-11-14;10;1888
12;2025-11-14;11;1886
12;2025-11-14;12;1941
12;2025-11-14;13;2118
12;2025-11-14;14;1989
12;2025-11-14;15;2259
12;2025-11-14;16;2872
12;2025-11-14;17;2882
12;2025-11-14;18;2558
12;2025-11-14;19;2136
12;2025-11-14;20;1408
12;2025-11-14;21;992
12;2025-11-14;22;522
12;2025-11-14;23;329
12;2025-11-15;0;74
12;2025-11-15;1;3
12;2025-11-15;2;0
12;2025-11-15;3;0
12;2025-11-15;4;2
12;2025-11-15;5;230
12;2025-11-15;6;798
12;2025-11-15;7;899
12;2025-11-15;8;1028
12;2025-11-15;9;1238
12;2025-11-15;10;1464
12;2025-11-15;11;1504
12;2025-11-15;12;1542
12;2025-11-15;13;1765
12;2025-11-15;14;1604
12;2025-11-15;15;1552
12;2025-11-15;16;1672
12;2025-11-15;17;1601
12;2025-11-15;18;1560
12;2025-11-15;19;1386
12;2025-11-15;20;951
12;2025-11-15;21;769
12;2025-11-15;22;411
12;2025-11-15;23;294
12;2025-11-16;0;84
12;2025-11-16;1;4
12;2025-11-16;2;0
12;2025-11-16;3;0
12;2025-11-16;4;3
12;2025-11-16;5;140
12;2025-11-16;6;518
12;2025-11-16;7;691
12;2025-11-16;8;730
12;2025-11-16;9;929
12;2025-11-16;10;1149
12;2025-11-16;11;1253
12;2025-11-16;12;1364
12;2025-11-16;13;1587
12;2025-11-16;14;1450
12;2025-11-16;15;1466
12;2025-11-16;16;1463
12;2025-11-16;17;1546
12;2025-11-16;18;1295
12;2025-11-16;19;996
12;2025-11-16;20;773
12;2025-11-16;21;601
12;2025-11-16;22;381
12;2025-11-16;23;202
12;2025-11-17;0;55
12;2025-11-17;1;3
12;2025-11-17;2;0
12;2025-11-17;3;0
12;2025-11-17;4;6
12;2025-11-17;5;310
12;2025-11-17;6;1423
12;2025-11-17;7;2631
12;2025-11-17;8;3521
12;2025-11-17;9;2466
12;2025-11-17;10;1893
12;2025-11-17;11;1826
12;2025-11-17;12;2004
12;2025-11-17;13;1906
12;2025-11-17;14;1942
12;2025-11-17;15;2134
12;2025-11-17;16;2658
12;2025-11-17;17;2940
12;2025-11-17;18;3150
12;2025-11-17;19;2325
12;2025-11-17;20;1575
12;2025-11-17;21;935
12;2025-11-17;22;452
12;2025-11-17;23;231
12;2025-11-18;0;47
12;2025-11-18;1;1
12;2025-11-18;2;0
12;2025-11-18;3;0
12;2025-11-18;4;6
12;2025-11-18;5;335
12;2025-11-18;6;1426
12;2025-11-18;7;2792
12;2025-11-18;8;3667
12;2025-11-18;9;2541
12;2025-11-18;10;2069
12;2025-11-18;11;2034
12;2025-11-18;12;2061
12;2025-11-18;13;2098
12;2025-11-18;14;2014
12;2025-11-18;15;2198
12;2025-11-18;16;2642
12;2025-11-18;17;3019
12;2025-11-18;18;3208
12;2025-11-18;19;2378
12;2025-11-18;20;1514
12;2025-11-18;21;914
12;2025-11-18;22;485
12;2025-11-18;23;250
12;2025-11-19;0;61
12;2025-11-19;1;1
12;2025-11-19;2;0
12;2025-11-19;3;0
12;2025-11-19;4;7
12;2025-11-19;5;330
12;2025-11-19;6;1430
12;2025-11-19;7;2644
12;2025-11-19;8;3597
12;2025-11-19;9;2605
12;2025-11-19;10;2146
12;2025-11-19;11;2056
12;2025-11-19;12;2063
12;2025-11-19;13;2070
12;2025-11-19;14;1948
12;2025-11-19;15;2214
12;2025-11-19;16;2747
12;2025-11-19;17;3011
12;2025-11-19;18;3095
12;2025-11-19;19;2370
12;2025-11-19;20;1565
12;2025-11-19;21;1004
12;2025-11-19;22;507
12;2025-11-19;23;260
12;2025-11-20;0;53
12;2025-11-20;1;2
12;2025-11-20;2;0
12;2025-11-20;3;0
12;2025-11-20;4;7
12;2025-11-20;5;305
12;2025-11-20;6;1391
12;2025-11-20;7;2696
12;2025-11-20;8;3604
12;2025-11-20;9;2567
12;2025-11-20;10;2109
12;2025-11-20;11;1963
12;2025-11-20;12;2050
12;2025-11-20;13;2074
12;2025-11-20;14;1981
12;2025-11-20;15;2233
12;2025-11-20;16;2678
12;2025-11-20;17;3011
12;2025-11-20;18;3175
12;2025-11-20;19;2442
12;2025-11-20;20;1575
12;2025-11-20;21;962
12;2025-11-20;22;505
12;2025-11-20;23;266
12;2025-11-21;0;58
12;2025-11-21;1;1
12;2025-11-21;2;0
12;2025-11-21;3;0
12;2025-11-21;4;4
12;2025-11-21;5;325
12;2025-11-21;6;1392
12;2025-11-21;7;2636
12;2025-11-21;8;3270
12;2025-11-21;9;2445
12;2025-11-21;10;1888
12;2025-11-21;11;1886
12;2025-11-21;12;1941
12;2025-11-21;13;2118
12;2025-11-21;14;1989
12;2025-11-21;15;2259
12;2025-11-21;16;2872
12;2025-11-21;17;2882
12;2025-11-21;18;2558
12;2025-11-21;19;2136
12;2025-11-21;20;1408
12;2025-11-21;21;992
12;2025-11-21;22;522
12;2025-11-21;23;329
12;2025-11-22;0;74
12;2025-11-22;1;3
12;2025-11-22;2;0
12;2025-11-22;3;0
12;2025-11-22;4;2
12;2025-11-22;5;230
12;2025-11-22;6;798
12;2025-11-22;7;899
12;2025-11-22;8;1028
12;2025-11-22;9;1238
12;2025-11-22;10;1464
12;2025-11-22;11;1504
12;2025-11-22;12;1542
12;2025-11-22;13;1765
12;2025-11-22;14;1604
12;2025-11-22;15;1552
12;2025-11-22;16;1672
12;2025-11-22;17;1601
12;2025-11-22;18;1560
12;2025-11-22;19;1386
12;2025-11-22;20;951
12;2025-11-22;21;769
12;2025-11-22;22;411
12;2025-11-22;23;294
12;2025-11-23;0;84
12;2025-11-23;1;4
12;2025-11-23;2;0
12;2025-11-23;3;0
12;2025-11-23;4;3
12;2025-11-23;5;140
12;2025-11-23;6;518
12;2025-11-23;7;691
12;2025-11-23;8;730
12;2025-11-23;9;929
12;2025-11-23;10;1149
12;2025-11-23;11;1253
12;2025-11-23;12;1364
12;2025-11-23;13;1587
12;2025-11-23;14;1450
12;2025-11-23;15;1466
12;2025-11-23;16;1463
12;2025-11-23;17;1546
12;2025-11-23;18;1295
12;2025-11-23;19;996
12;2025-11-23;20;773
12;2025-11-23;21;601
12;2025-11-23;22;381
12;2025-11-23;23;202
12;2025-11-24;0;55
12;2025-11-24;1;3
12;2025-11-24;2;0
12;2025-11-24;3;0
12;2025-11-24;4;6
12;2025-11-24;5;310
12;2025-11-24;6;1423
12;2025-11-24;7;2631
12;2025-11-24;8;3521
12;2025-11-24;9;2466
12;2025-11-24;10;1893
12;2025-11-24;11;1826
12;2025-11-24;12;2004
12;2025-11-24;13;1906
12;2025-11-24;14;1942
12;2025-11-24;15;2134
12;2025-11-24;16;2658
12;2025-11-24;17;2940
12;2025-11-24;18;3150
12;2025-11-24;19;2325
12;2025-11-24;20;1575
12;2025-11-24;21;935
12;2025-11-24;22;452
12;2025-11-24;23;231
12;2025-11-25;0;47
12;2025-11-25;1;1
12;2025-11-25;2;0
12;2025-11-25;3;0
12;2025-11-25;4;6
12;2025-11-25;5;335
12;2025-11-25;6;1426
12;2025-11-25;7;2792
12;2025-11-25;8;3667
12;2025-11-25;9;2541
12;2025-11-25;10;2069
12;2025-11-25;11;2034
12;2025-11-25;12;2061
12;2025-11-25;13;2098
12;2025-11-25;14;2014
12;2025-11-25;15;2198
12;2025-11-25;16;2642
12;2025-11-25;17;3019
12;2025-11-25;18;3208
12;2025-11-25;19;2378
12;2025-11-25;20;1514
12;2025-11-25;21;914
12;2025-11-25;22;485
12;2025-11-25;23;250
12;2025-11-26;0;61
12;2025-11-26;1;1
12;2025-11-26;2;0
12;2025-11-26;3;0
12;2025-11-26;4;7
12;2025-11-26;5;330
12;2025-11-26;6;1430
12;2025-11-26;7;2644
12;2025-11-26;8;3597
12;2025-11-26;9;2605
12;2025-11-26;10;2146
12;2025-11-26;11;2056
12;2025-11-26;12;2063
12;2025-11-26;13;2070
12;2025-11-26;14;1948
12;2025-11-26;15;2214
12;2025-11-26;16;2747
12;2025-11-26;17;3011
12;2025-11-26;18;3095
12;2025-11-26;19;2370
12;2025-11-26;20;1565
12;2025-11-26;21;1004
12;2025-11-26;22;507
12;2025-11-26;23;260
12;2025-11-27;0;53
12;2025-11-27;1;2
12;2025-11-27;2;0
12;2025-11-27;3;0
12;2025-11-27;4;7
12;2025-11-27;5;305
12;2025-11-27;6;1391
12;2025-11-27;7;2696
12;2025-11-27;8;3604
12;2025-11-27;9;2567
12;2025-11-27;10;2109
12;2025-11-27;11;1963
12;2025-11-27;12;2050
12;2025-11-27;13;2074
12;2025-11-27;14;1981
12;2025-11-27;15;2233
12;2025-11-27;16;2678
12;2025-11-27;17;3011
12;2025-11-27;18;3175
12;2025-11-27;19;2442
12;2025-11-27;20;1575
12;2025-11-27;21;962
12;2025-11-27;22;505
12;2025-11-27;23;266
12;2025-11-28;0;58
12;2025-11-28;1;1
12;2025-11-28;2;0
12;2025-11-28;3;0
12;2025-11-28;4;4
12;2025-11-28;5;325
12;2025-11-28;6;1392
12;2025-11-28;7;2636
12;2025-11-28;8;3270
12;2025-11-28;9;2445
12;2025-11-28;10;1888
12;2025-11-28;11;1886
12;2025-11-28;12;1941
12;2025-11-28;13;2118
12;2025-11-28;14;1989
12;2025-11-28;15;2259
12;2025-11-28;16;2872
12;2025-11-28;17;2882
12;2025-11-28;18;2558
12;2025-11-28;19;2136
12;2025-11-28;20;1408
12;2025-11-28;21;992
12;2025-11-28;22;522
12;2025-11-28;23;329
12;2025-11-29;0;74
12;2025-11-29;1;3
12;2025-11-29;2;0
12;2025-11-29;3;0
12;2025-11-29;4;2
12;2025-11-29;5;230
12;2025-11-29;6;798
12;2025-11-29;7;899
12;2025-11-29;8;1028
12;2025-11-29;9;1238
12;2025-11-29;10;1464
12;2025-11-29;11;1504
12;2025-11-29;12;1542
12;2025-11-29;13;1765
12;2025-11-29;14;1604
12;2025-11-29;15;1552
12;2025-11-29;16;1672
12;2025-11-29;17;1601
12;2025-11-29;18;1560
12;2025-11-29;19;1386
12;2025-11-29;20;951
12;2025-11-29;21;769
12;2025-11-29;22;411
12;2025-11-29;23;294
12;2025-11-30;0;84
12;2025-11-30;1;4
12;2025-11-30;2;0
12;2025-11-30;3;0
12;2025-11-30;4;3
12;2025-11-30;5;140
12;2025-11-30;6;518
12;2025-11-30;7;691
12;2025-11-30;8;730
12;2025-11-30;9;929
12;2025-11-30;10;1149
12;2025-11-30;11;1253
12;2025-11-30;12;1364
12;2025-11-30;13;1587
12;2025-11-30;14;1450
12;2025-11-30;15;1466
12;2025-11-30;16;1463
12;2025-11-30;17;1546
12;2025-11-30;18;1295
12;2025-11-30;19;996
12;2025-11-30;20;773
12;2025-11-30;21;601
12;2025-11-30;22;381
12;2025-11-30;23;202
12;2025-12-01;0;55
12;2025-12-01;1;3
12;2025-12-01;2;0
12;2025-12-01;3;0
12;2025-12-01;4;6
12;2025-12-01;5;310
12;2025-12-01;6;1423
12;2025-12-01;7;2631
12;2025-12-01;8;3521
12;2025-12-01;9;2466
12;2025-12-01;10;1893
12;2025-12-01;11;1826
12;2025-12-01;12;2004
12;2025-12-01;13;1906
12;2025-12-01;14;1942
12;2025-12-01;15;2134
12;2025-12-01;16;2658
12;2025-12-01;17;2940
12;2025-12-01;18;3150
12;2025-12-01;19;2325
12;2025-12-01;20;1575
12;2025-12-01;21;935
12;2025-12-01;22;452
12;2025-12-01;23;231
12;2025-12-02;0;47
12;2025-12-02;1;1
12;2025-12-02;2;0
12;2025-12-02;3;0
12;2025-12-02;4;6
12;2025-12-02;5;335
12;2025-12-02;6;1426
12;2025-12-02;7;2792
12;2025-12-02;8;3667
12;2025-12-02;9;2541
12;2025-12-02;10;2069
12;2025-12-02;11;2034
12;2025-12-02;12;2061
12;2025-12-02;13;2098
12;2025-12-02;14;2014
12;2025-12-02;15;2198
12;2025-12-02;16;2642
12;2025-12-02;17;3019
12;2025-12-02;18;3208
12;2025-12-02;19;2378
12;2025-12-02;20;1514
12;2025-12-02;21;914
12;2025-12-02;22;485
12;2025-12-02;23;250
12;2025-12-03;0;61
12;2025-12-03;1;1
12;2025-12-03;2;0
12;2025-12-03;3;0
12;2025-12-03;4;7
12;2025-12-03;5;330
12;2025-12-03;6;1430
12;2025-12-03;7;2644
12;2025-12-03;8;3597
12;2025-12-03;9;2605
12;2025-12-03;10;2146
12;2025-12-03;11;2056
12;2025-12-03;12;2063
12;2025-12-03;13;2070
12;2025-12-03;14;1948
12;2025-12-03;15;2214
12;2025-12-03;16;2747
12;2025-12-03;17;3011
12;2025-12-03;18;3095
12;2025-12-03;19;2370
12;2025-12-03;20;1565
12;2025-12-03;21;1004
12;2025-12-03;22;507
12;2025-12-03;23;260
12;2025-12-04;0;53
12;2025-12-04;1;2
12;2025-12-04;2;0
12;2025-12-04;3;0
12;2025-12-04;4;7
12;2025-12-04;5;305
12;2025-12-04;6;1391
12;2025-12-04;7;2696
12;2025-12-04;8;3604
12;2025-12-04;9;2567
12;2025-12-04;10;2109
12;2025-12-04;11;1963
12;2025-12-04;12;2050
12;2025-12-04;13;2074
12;2025-12-04;14;1981
12;2025-12-04;15;2233
12;2025-12-04;16;2678
12;2025-12-04;17;3011
12;2025-12-04;18;3175
12;2025-12-04;19;2442
12;2025-12-04;20;1575
12;2025-12-04;21;962
12;2025-12-04;22;505
12;2025-12-04;23;266
12;2025-12-05;0;58
12;2025-12-05;1;1
12;2025-12-05;2;0
12;2025-12-05;3;0
12;2025-12-05;4;4
12;2025-12-05;5;325
12;2025-12-05;6;1392
12;2025-12-05;7;2636
12;2025-12-05;8;3270
12;2025-12-05;9;2445
12;2025-12-05;10;1888
12;2025-12-05;11;1886
12;2025-12-05;12;1941
12;2025-12-05;13;2118
12;2025-12-05;14;1989
12;2025-12-05;15;2259
12;2025-12-05;16;2872
12;2025-12-05;17;2882
12;2025-12-05;18;2558
12;2025-12-05;19;2136
12;2025-12-05;20;1408
12;2025-12-05;21;992
12;2025-12-05;22;522
12;2025-12-05;23;329
12;2025-12-06;0;74
12;2025-12-06;1;3
12;2025-12-06;2;0
12;2025-12-06;3;0
12;2025-12-06;4;2
12;2025-12-06;5;230
12;2025-12-06;6;798
12;2025-12-06;7;899
12;2025-12-06;8;1028
12;2025-12-06;9;1238
12;2025-12-06;10;1464
12;2025-12-06;11;1504
12;2025-12-06;12;1542
12;2025-12-06;13;1765
12;2025-12-06;14;1604
12;2025-12-06;15;1552
12;2025-12-06;16;1672
12;2025-12-06;17;1601
12;2025-12-06;18;1560
12;2025-12-06;19;1386
12;2025-12-06;20;951
12;2025-12-06;21;769
12;2025-12-06;22;411
12;2025-12-06;23;294
12;2025-12-07;0;84
12;2025-12-07;1;4
12;2025-12-07;2;0
12;2025-12-07;3;0
12;2025-12-07;4;3
12;2025-12-07;5;140
12;2025-12-07;6;518
12;2025-12-07;7;691
12;2025-12-07;8;730
12;2025-12-07;9;929
12;2025-12-07;10;1149
12;2025-12-07;11;1253
12;2025-12-07;12;1364
12;2025-12-07;13;1587
12;2025-12-07;14;1450
12;2025-12-07;15;1466
12;2025-12-07;16;1463
12;2025-12-07;17;1546
12;2025-12-07;18;1295
12;2025-12-07;19;996
12;2025-12-07;20;773
12;2025-12-07;21;601
12;2025-12-07;22;381
12;2025-12-07;23;202
12;2025-12-08;0;55
12;2025-12-08;1;3
12;2025-12-08;2;0
12;2025-12-08;3;0
12;2025-12-08;4;6
12;2025-12-08;5;310
12;2025-12-08;6;1423
12;2025-12-08;7;2631
12;2025-12-08;8;3521
12;2025-12-08;9;2466
12;2025-12-08;10;1893
12;2025-12-08;11;1826
12;2025-12-08;12;2004
12;2025-12-08;13;1906
12;2025-12-08;14;1942
12;2025-12-08;15;2134
12;2025-12-08;16;2658
12;2025-12-08;17;2940
12;2025-12-08;18;3150
12;2025-12-08;19;2325
12;2025-12-08;20;1575
12;2025-12-08;21;935
12;2025-12-08;22;452
12;2025-12-08;23;231
12;2025-12-09;0;47
12;2025-12-09;1;1
12;2025-12-09;2;0
12;2025-12-09;3;0
12;2025-12-09;4;6
12;2025-12-09;5;335
12;2025-12-09;6;1426
12;2025-12-09;7;2792
12;2025-12-09;8;3667
12;2025-12-09;9;2541
12;2025-12-09;10;2069
12;2025-12-09;11;2034
12;2025-12-09;12;2061
12;2025-12-09;13;2098
12;2025-12-09;14;2014
12;2025-12-09;15;2198
12;2025-12-09;16;2642
12;2025-12-09;17;3019
12;2025-12-09;18;3208
12;2025-12-09;19;2378
12;2025-12-09;20;1514
12;2025-12-09;21;914
12;2025-12-09;22;485
12;2025-12-09;23;250
12;2025-12-10;0;61
12;2025-12-10;1;1
12;2025-12-10;2;0
12;2025-12-10;3;0
12;2025-12-10;4;7
12;2025-12-10;5;330
12;2025-12-10;6;1430
12;2025-12-10;7;2644
12;2025-12-10;8;3597
12;2025-12-10;9;2605
12;2025-12-10;10;2146
12;2025-12-10;11;2056
12;2025-12-10;12;2063
12;2025-12-10;13;2070
12;2025-12-10;14;1948
12;2025-12-10;15;2214
12;2025-12-10;16;2747
12;2025-12-10;17;3011
12;2025-12-10;18;3095
12;2025-12-10;19;2370
12;2025-12-10;20;1565
12;2025-12-10;21;1004
12;2025-12-10;22;507
12;2025-12-10;23;260
12;2025-12-11;0;53
12;2025-12-11;1;2
12;2025-12-11;2;0
12;2025-12-11;3;0
12;2025-12-11;4;7
12;2025-12-11;5;305
12;2025-12-11;6;1391
12;2025-12-11;7;2696
12;2025-12-11;8;3604
12;2025-12-11;9;2567
12;2025-12-11;10;2109
12;2025-12-11;11;1963
12;2025-12-11;12;2050
12;2025-12-11;13;2074
12;2025-12-11;14;1981
12;2025-12-11;15;2233
12;2025-12-11;16;2678
12;2025-12-11;17;3011
12;2025-12-11;18;3175
12;2025-12-11;19;2442
12;2025-12-11;20;1575
12;2025-12-11;21;962
12;2025-12-11;22;505
12;2025-12-11;23;266
12;2025-12-12;0;58
12;2025-12-12;1;1
12;2025-12-12;2;0
12;2025-12-12;3;0
12;2025-12-12;4;4
12;2025-12-12;5;325
12;2025-12-12;6;1392
12;2025-12-12;7;2636
12;2025-12-12;8;3270
12;2025-12-12;9;2445
12;2025-12-12;10;1888
12;2025-12-12;11;1886
12;2025-12-12;12;1941
12;2025-12-12;13;2118
12;2025-12-12;14;1989
12;2025-12-12;15;2259
12;2025-12-12;16;2872
12;2025-12-12;17;2882
12;2025-12-12;18;2558
12;2025-12-12;19;2136
12;2025-12-12;20;1408
12;2025-12-12;21;992
12;2025-12-12;22;522
12;2025-12-12;23;329
12;2025-12-13;0;74
12;2025-12-13;1;3
12;2025-12-13;2;0
12;2025-12-13;3;0
12;2025-12-13;4;2
12;2025-12-13;5;230
12;2025-12-13;6;798
12;2025-12-13;7;899
12;2025-12-13;8;1028
12;2025-12-13;9;1238
12;2025-12-13;10;1464
12;2025-12-13;11;1504
12;2025-12-13;12;1542
12;2025-12-13;13;1765
12;2025-12-13;14;1604
12;2025-12-13;15;1552
12;2025-12-13;16;1672
12;2025-12-13;17;1601
12;2025-12-13;18;1560
12;2025-12-13;19;1386
12;2025-12-13;20;951
12;2025-12-13;21;769
12;2025-12-13;22;411
12;2025-12-13;23;294
12;2025-12-14;0;84
12;2025-12-14;1;4
12;2025-12-14;2;0
12;2025-12-14;3;0
12;2025-12-14;4;3
12;2025-12-14;5;140
12;2025-12-14;6;518
12;2025-12-14;7;691
12;2025-12-14;8;730
12;2025-12-14;9;929
12;2025-12-14;10;1149
12;2025-12-14;11;1253
12;2025-12-14;12;1364
12;2025-12-14;13;1587
12;2025-12-14;14;1450
12;2025-12-14;15;1466
12;2025-12-14;16;1463
12;2025-12-14;17;1546
12;2025-12-14;18;1295
12;2025-12-14;19;996
12;2025-12-14;20;773
12;2025-12-14;21;601
12;2025-12-14;22;381
12;2025-12-14;23;202
12;2025-12-15;0;55
12;2025-12-15;1;3
12;2025-12-15;2;0
12;2025-12-15;3;0
12;2025-12-15;4;6
12;2025-12-15;5;310
12;2025-12-15;6;1423
12;2025-12-15;7;2631
12;2025-12-15;8;3521
12;2025-12-15;9;2466
12;2025-12-15;10;1893
12;2025-12-15;11;1826
12;2025-12-15;12;2004
12;2025-12-15;13;1906
12;2025-12-15;14;1942
12;2025-12-15;15;2134
12;2025-12-15;16;2658
12;2025-12-15;17;2940
12;2025-12-15;18;3150
12;2025-12-15;19;2325
12;2025-12-15;20;1575
12;2025-12-15;21;935
12;2025-12-15;22;452
12;2025-12-15;23;231
12;2025-12-16;0;47
12;2025-12-16;1;1
12;2025-12-16;2;0
12;2025-12-16;3;0
12;2025-12-16;4;6
12;2025-12-16;5;335
12;2025-12-16;6;1426
12;2025-12-16;7;2792
12;2025-12-16;8;3667
12;2025-12-16;9;2541
12;2025-12-16;10;2069
12;2025-12-16;11;2034
12;2025-12-16;12;2061
12;2025-12-16;13;2098
12;2025-12-16;14;2014
12;2025-12-16;15;2198
12;2025-12-16;16;2642
12;2025-12-16;17;3019
12;2025-12-16;18;3208
12;2025-12-16;19;2378
12;2025-12-16;20;1514
12;2025-12-16;21;914
12;2025-12-16;22;485
12;2025-12-16;23;250
12;2025-12-17;0;61
12;2025-12-17;1;1
12;2025-12-17;2;0
12;2025-12-17;3;0
12;2025-12-17;4;7
12;2025-12-17;5;330
12;2025-12-17;6;1430
12;2025-12-17;7;2644
12;2025-12-17;8;3597
12;2025-12-17;9;2605
12;2025-12-17;10;2146
12;2025-12-17;11;2056
12;2025-12-17;12;2063
12;2025-12-17;13;2070
12;2025-12-17;14;1948
12;2025-12-17;15;2214
12;2025-12-17;16;2747
12;2025-12-17;17;3011
12;2025-12-17;18;3095
12;2025-12-17;19;2370
12;2025-12-17;20;1565
12;2025-12-17;21;1004
12;2025-12-17;22;507
12;2025-12-17;23;260
12;2025-12-18;0;53
12;2025-12-18;1;2
12;2025-12-18;2;0
12;2025-12-18;3;0
12;2025-12-18;4;7
12;2025-12-18;5;305
12;2025-12-18;6;1391
12;2025-12-18;7;2696
12;2025-12-18;8;3604
12;2025-12-18;9;2567
12;2025-12-18;10;2109
12;2025-12-18;11;1963
12;2025-12-18;12;2050
12;2025-12-18;13;2074
12;2025-12-18;14;1981
12;2025-12-18;15;2233
12;2025-12-18;16;2678
12;2025-12-18;17;3011
12;2025-12-18;18;3175
12;2025-12-18;19;2442
12;2025-12-18;20;1575
12;2025-12-18;21;962
12;2025-12-18;22;505
12;2025-12-18;23;266
12;2025-12-19;0;58
12;2025-12-19;1;1
12;2025-12-19;2;0
12;2025-12-19;3;0
12;2025-12-19;4;4
12;2025-12-19;5;325
12;2025-12-19;6;1392
12;2025-12-19;7;2636
12;2025-12-19;8;3270
12;2025-12-19;9;2445
12;2025-12-19;10;1888
12;2025-12-19;11;1886
12;2025-12-19;12;1941
12;2025-12-19;13;2118
12;2025-12-19;14;1989
12;2025-12-19;15;2259
12;2025-12-19;16;2872
12;2025-12-19;17;2882
12;2025-12-19;18;2558
12;2025-12-19;19;2136
12;2025-12-19;20;1408
12;2025-12-19;21;992
12;2025-12-19;22;522
12;2025-12-19;23;329
12;2025-12-20;0;74
12;2025-12-20;1;3
12;2025-12-20;2;0
12;2025-12-20;3;0
12;2025-12-20;4;2
12;2025-12-20;5;230
12;2025-12-20;6;798
12;2025-12-20;7;899
12;2025-12-20;8;1028
12;2025-12-20;9;1238
12;2025-12-20;10;1464
12;2025-12-20;11;1504
12;2025-12-20;12;1542
12;2025-12-20;13;1765
12;2025-12-20;14;1604
12;2025-12-20;15;1552
12;2025-12-20;16;1672
12;2025-12-20;17;1601
12;2025-12-20;18;1560
12;2025-12-20;19;1386
12;2025-12-20;20;951
12;2025-12-20;21;769
12;2025-12-20;22;411
12;2025-12-20;23;294
12;2025-12-21;0;84
12;2025-12-21;1;4
12;2025-12-21;2;0
12;2025-12-21;3;0
12;2025-12-21;4;3
12;2025-12-21;5;140
12;2025-12-21;6;518
12;2025-12-21;7;691
12;2025-12-21;8;730
12;2025-12-21;9;929
12;2025-12-21;10;1149
12;2025-12-21;11;1253
12;2025-12-21;12;1364
12;2025-12-21;13;1587
12;2025-12-21;14;1450
12;2025-12-21;15;1466
12;2025-12-21;16;1463
12;2025-12-21;17;1546
12;2025-12-21;18;1295
12;2025-12-21;19;996
12;2025-12-21;20;773
12;2025-12-21;21;601
12;2025-12-21;22;381
12;2025-12-21;23;202
12;2025-12-22;0;55
12;2025-12-22;1;3
12;2025-12-22;2;0
12;2025-12-22;3;0
12;2025-12-22;4;6
12;2025-12-22;5;310
12;2025-12-22;6;1423
12;2025-12-22;7;2631
12;2025-12-22;8;3521
12;2025-12-22;9;2466
12;2025-12-22;10;1893
12;2025-12-22;11;1826
12;2025-12-22;12;2004
12;2025-12-22;13;1906
12;2025-12-22;14;1942
12;2025-12-22;15;2134
12;2025-12-22;16;2658
12;2025-12-22;17;2940
12;2025-12-22;18;3150
12;2025-12-22;19;2325
12;2025-12-22;20;1575
12;2025-12-22;21;935
12;2025-12-22;22;452
12;2025-12-22;23;231
12;2025-12-23;0;47
12;2025-12-23;1;1
12;2025-12-23;2;0
12;2025-12-23;3;0
12;2025-12-23;4;6
12;2025-12-23;5;335
12;2025-12-23;6;1426
12;2025-12-23;7;2792
12;2025-12-23;8;3667
12;2025-12-23;9;2541
12;2025-12-23;10;2069
12;2025-12-23;11;2034
12;2025-12-23;12;2061
12;2025-12-23;13;2098
12;2025-12-23;14;2014
12;2025-12-23;15;2198
12;2025-12-23;16;2642
12;2025-12-23;17;3019
12;2025-12-23;18;3208
12;2025-12-23;19;2378
12;2025-12-23;20;1514
12;2025-12-23;21;914
12;2025-12-23;22;485
12;2025-12-23;23;250
12;2025-12-24;0;61
12;2025-12-24;1;1
12;2025-12-24;2;0
12;2025-12-24;3;0
12;2025-12-24;4;7
12;2025-12-24;5;330
12;2025-12-24;6;1430
12;2025-12-24;7;2644
12;2025-12-24;8;3597
12;2025-12-24;9;2605
12;2025-12-24;10;2146
12;2025-12-24;11;2056
12;2025-12-24;12;2063
12;2025-12-24;13;2070
12;2025-12-24;14;1948
12;2025-12-24;15;2214
12;2025-12-24;16;2747
12;2025-12-24;17;3011
12;2025-12-24;18;3095
12;2025-12-24;19;2370
12;2025-12-24;20;1565
12;2025-12-24;21;1004
12;2025-12-24;22;507
12;2025-12-24;23;260
12;2025-12-25;0;53
12;2025-12-25;1;2
12;2025-12-25;2;0
12;2025-12-25;3;0
12;2025-12-25;4;7
12;2025-12-25;5;305
12;2025-12-25;6;1391
12;2025-12-25;7;2696
12;2025-12-25;8;3604
12;2025-12-25;9;2567
12;2025-12-25;10;2109
12;2025-12-25;11;1963
12;2025-12-25;12;2050
12;2025-12-25;13;2074
12;2025-12-25;14;1981
12;2025-12-25;15;2233
12;2025-12-25;16;2678
12;2025-12-25;17;3011
12;2025-12-25;18;3175
12;2025-12-25;19;2442
12;2025-12-25;20;1575
12;2025-12-25;21;962
12;2025-12-25;22;505
12;2025-12-25;23;266
12;2025-12-26;0;58
12;2025-12-26;1;1
12;2025-12-26;2;0
12;2025-12-26;3;0
12;2025-12-26;4;4
12;2025-12-26;5;325
12;2025-12-26;6;1392
12;2025-12-26;7;2636
12;2025-12-26;8;3270
12;2025-12-26;9;2445
12;2025-12-26;10;1888
12;2025-12-26;11;1886
12;2025-12-26;12;1941
12;2025-12-26;13;2118
12;2025-12-26;14;1989
12;2025-12-26;15;2259
12;2025-12-26;16;2872
12;2025-12-26;17;2882
12;2025-12-26;18;2558
12;2025-12-26;19;2136
12;2025-12-26;20;1408
12;2025-12-26;21;992
12;2025-12-26;22;522
12;2025-12-26;23;329
12;2025-12-27;0;74
12;2025-12-27;1;3
12;2025-12-27;2;0
12;2025-12-27;3;0
12;2025-12-27;4;2
12;2025-12-27;5;230
12;2025-12-27;6;798
12;2025-12-27;7;899
12;2025-12-27;8;1028
12;2025-12-27;9;1238
12;2025-12-27;10;1464
12;2025-12-27;11;1504
12;2025-12-27;12;1542
12;2025-12-27;13;1765
12;2025-12-27;14;1604
12;2025-12-27;15;1552
12;2025-12-27;16;1672
12;2025-12-27;17;1601
12;2025-12-27;18;1560
12;2025-12-27;19;1386
12;2025-12-27;20;951
12;2025-12-27;21;769
12;2025-12-27;22;411
12;2025-12-27;23;294
12;2025-12-28;0;84
12;2025-12-28;1;4
12;2025-12-28;2;0
12;2025-12-28;3;0
12;2025-12-28;4;3
12;2025-12-28;5;140
12;2025-12-28;6;518
12;2025-12-28;7;691
12;2025-12-28;8;730
12;2025-12-28;9;929
12;2025-12-28;10;1149
12;2025-12-28;11;1253
12;2025-12-28;12;1364
12;2025-12-28;13;1587
12;2025-12-28;14;1450
12;2025-12-28;15;1466
12;2025-12-28;16;1463
12;2025-12-28;17;1546
12;2025-12-28;18;1295
12;2025-12-28;19;996
12;2025-12-28;20;773
12;2025-12-28;21;601
12;2025-12-28;22;381
12;2025-12-28;23;202
12;2025-12-29;0;53
12;2025-12-29;1;3
12;2025-12-29;2;0
12;2025-12-29;3;0
12;2025-12-29;4;6
12;2025-12-29;5;298
12;2025-12-29;6;1366
12;2025-12-29;7;2526
12;2025-12-29;8;3380
12;2025-12-29;9;2368
12;2025-12-29;10;1817
12;2025-12-29;11;1753
12;2025-12-29;12;1924
12;2025-12-29;13;1829
12;2025-12-29;14;1864
12;2025-12-29;15;2048
12;2025-12-29;16;2552
12;2025-12-29;17;2823
12;2025-12-29;18;3024
12;2025-12-29;19;2232
12;2025-12-29;20;1512
12;2025-12-29;21;898
12;2025-12-29;22;434
12;2025-12-29;23;222
12;2025-12-30;0;43
12;2025-12-30;1;1
12;2025-12-30;2;0
12;2025-12-30;3;0
12;2025-12-30;4;5
12;2025-12-30;5;308
12;2025-12-30;6;1312
12;2025-12-30;7;2569
12;2025-12-30;8;3374
12;2025-12-30;9;2338
12;2025-12-30;10;1904
12;2025-12-30;11;1871
12;2025-12-30;12;1897
12;2025-12-30;13;1930
12;2025-12-30;14;1853
12;2025-12-30;15;2022
12;2025-12-30;16;2431
12;2025-12-30;17;2777
12;2025-12-30;18;2951
12;2025-12-30;19;2188
12;2025-12-30;20;1393
12;2025-12-30;21;841
12;2025-12-30;22;446
12;2025-12-30;23;230
12;2025-12-31;0;71
12;2025-12-31;1;3
12;2025-12-31;2;0
12;2025-12-31;3;0
12;2025-12-31;4;2
12;2025-12-31;5;151
12;2025-12-31;6;542
12;2025-12-31;7;672
12;2025-12-31;8;734
12;2025-12-31;9;913
12;2025-12-31;10;1108
12;2025-12-31;11;1180
12;2025-12-31;12;1255
12;2025-12-31;13;1451
12;2025-12-31;14;1323
12;2025-12-31;15;1317
12;2025-12-31;16;1352
12;2025-12-31;17;1377
12;2025-12-31;18;1221
12;2025-12-31;19;996
12;2025-12-31;20;735
12;2025-12-31;21;580
12;2025-12-31;22;344
12;2025-12-31;23;206
17;2025-11-01;0;151
17;2025-11-01;1;30
17;2025-11-01;2;0
17;2025-11-01;3;0
17;2025-11-01;4;17
17;2025-11-01;5;244
17;2025-11-01;6;1150
17;2025-11-01;7;2986
17;2025-11-01;8;3866
17;2025-11-01;9;3193
17;2025-11-01;10;2823
17;2025-11-01;11;3044
17;2025-11-01;12;3190
17;2025-11-01;13;3359
17;2025-11-01;14;3442
17;2025-11-01;15;3611
17;2025-11-01;16;4038
17;2025-11-01;17;4236
17;2025-11-01;18;3892
17;2025-11-01;19;2936
17;2025-11-01;20;2213
17;2025-11-01;21;1529
17;2025-11-01;22;833
17;2025-11-01;23;471
17;2025-11-02;0;180
17;2025-11-02;1;24
17;2025-11-02;2;0
17;2025-11-02;3;0
17;2025-11-02;4;3
17;2025-11-02;5;103
17;2025-11-02;6;417
17;2025-11-02;7;805
17;2025-11-02;8;1189
17;2025-11-02;9;1629
17;2025-11-02;10;1933
17;2025-11-02;11;2453
17;2025-11-02;12;2797
17;2025-11-02;13;3036
17;2025-11-02;14;3131
17;2025-11-02;15;3086
17;2025-11-02;16;3003
17;2025-11-02;17;2828
17;2025-11-02;18;2462
17;2025-11-02;19;1989
17;2025-11-02;20;1495
17;2025-11-02;21;1085
17;2025-11-02;22;675
17;2025-11-02;23;305
17;2025-11-03;0;186
17;2025-11-03;1;24
17;2025-11-03;2;0
17;2025-11-03;3;0
17;2025-11-03;4;3
17;2025-11-03;5;110
17;2025-11-03;6;450
17;2025-11-03;7;901
17;2025-11-03;8;1315
17;2025-11-03;9;1763
17;2025-11-03;10;2050
17;2025-11-03;11;2556
17;2025-11-03;12;2894
17;2025-11-03;13;3137
17;2025-11-03;14;3223
17;2025-11-03;15;3188
17;2025-11-03;16;3125
17;2025-11-03;17;2931
17;2025-11-03;18;2578
17;2025-11-03;19;2072
17;2025-11-03;20;1576
17;2025-11-03;21;1146
17;2025-11-03;22;710
17;2025-11-03;23;338
17;2025-11-04;0;166
17;2025-11-04;1;22
17;2025-11-04;2;0
17;2025-11-04;3;0
17;2025-11-04;4;3
17;2025-11-04;5;97
17;2025-11-04;6;396
17;2025-11-04;7;781
17;2025-11-04;8;1145
17;2025-11-04;9;1548
17;2025-11-04;10;1813
17;2025-11-04;11;2277
17;2025-11-04;12;2585
17;2025-11-04;13;2803
17;2025-11-04;14;2884
17;2025-11-04;15;2849
17;2025-11-04;16;2785
17;2025-11-04;17;2616
17;2025-11-04;18;2292
17;2025-11-04;19;1845
17;2025-11-04;20;1397
17;2025-11-04;21;1015
17;2025-11-04;22;630
17;2025-11-04;23;294
17;2025-11-05;0;124
17;2025-11-05;1;11
17;2025-11-05;2;0
17;2025-11-05;3;0
17;2025-11-05;4;26
17;2025-11-05;5;305
17;2025-11-05;6;1529
17;2025-11-05;7;4191
17;2025-11-05;8;5438
17;2025-11-05;9;3871
17;2025-11-05;10;3084
17;2025-11-05;11;3036
17;2025-11-05;12;3074
17;2025-11-05;13;3112
17;2025-11-05;14;3267
17;2025-11-05;15;3338
17;2025-11-05;16;3692
17;2025-11-05;17;4548
17;2025-11-05;18;4850
17;2025-11-05;19;3343
17;2025-11-05;20;2323
17;2025-11-05;21;1484
17;2025-11-05;22;751
17;2025-11-05;23;394
17;2025-11-06;0;137
17;2025-11-06;1;12
17;2025-11-06;2;0
17;2025-11-06;3;0
17;2025-11-06;4;26
17;2025-11-06;5;325
17;2025-11-06;6;1530
17;2025-11-06;7;4157
17;2025-11-06;8;5345
17;2025-11-06;9;3908
17;2025-11-06;10;3134
17;2025-11-06;11;3120
17;2025-11-06;12;3147
17;2025-11-06;13;3190
17;2025-11-06;14;3292
17;2025-11-06;15;3318
17;2025-11-06;16;3802
17;2025-11-06;17;4503
17;2025-11-06;18;4728
17;2025-11-06;19;3472
17;2025-11-06;20;2476
17;2025-11-06;21;1516
17;2025-11-06;22;765
17;2025-11-06;23;395
17;2025-11-07;0;149
17;2025-11-07;1;17
17;2025-11-07;2;0
17;2025-11-07;3;0
17;2025-11-07;4;24
17;2025-11-07;5;314
17;2025-11-07;6;1530
17;2025-11-07;7;4142
17;2025-11-07;8;5255
17;2025-11-07;9;3802
17;2025-11-07;10;3019
17;2025-11-07;11;3061
17;2025-11-07;12;3080
17;2025-11-07;13;3183
17;2025-11-07;14;3282
17;2025-11-07;15;3566
17;2025-11-07;16;4279
17;2025-11-07;17;4785
17;2025-11-07;18;4433
17;2025-11-07;19;3267
17;2025-11-07;20;2413
17;2025-11-07;21;1616
17;2025-11-07;22;819
17;2025-11-07;23;479
17;2025-11-08;0;215
17;2025-11-08;1;27
17;2025-11-08;2;0
17;2025-11-08;3;0
17;2025-11-08;4;5
17;2025-11-08;5;137
17;2025-11-08;6;579
17;2025-11-08;7;1252
17;2025-11-08;8;1783
17;2025-11-08;9;2280
17;2025-11-08;10;2529
17;2025-11-08;11;3018
17;2025-11-08;12;3354
17;2025-11-08;13;3623
17;2025-11-08;14;3681
17;2025-11-08;15;3677
17;2025-11-08;16;3676
17;2025-11-08;17;3413
17;2025-11-08;18;3080
17;2025-11-08;19;2441
17;2025-11-08;20;1912
17;2025-11-08;21;1398
17;2025-11-08;22;855
17;2025-11-08;23;460
17;2025-11-09;0;190
17;2025-11-09;1;25
17;2025-11-09;2;0
17;2025-11-09;3;0
17;2025-11-09;4;3
17;2025-11-09;5;109
17;2025-11-09;6;439
17;2025-11-09;7;848
17;2025-11-09;8;1252
17;2025-11-09;9;1715
17;2025-11-09;10;2034
17;2025-11-09;11;2582
17;2025-11-09;12;2944
17;2025-11-09;13;3196
17;2025-11-09;14;3296
17;2025-11-09;15;3249
17;2025-11-09;16;3161
17;2025-11-09;17;2976
17;2025-11-09;18;2592
17;2025-11-09;19;2094
17;2025-11-09;20;1574
17;2025-11-09;21;1142
17;2025-11-09;22;711
17;2025-11-09;23;321
17;2025-11-10;0;115
17;2025-11-10;1;13
17;2025-11-10;2;0
17;2025-11-10;3;0
17;2025-11-10;4;26
17;2025-11-10;5;299
17;2025-11-10;6;1522
17;2025-11-10;7;4051
17;2025-11-10;8;5350
17;2025-11-10;9;3782
17;2025-11-10;10;2891
17;2025-11-10;11;2832
17;2025-11-10;12;2857
17;2025-11-10;13;2949
17;2025-11-10;14;3005
17;2025-11-10;15;3121
17;2025-11-10;16;3590
17;2025-11-10;17;4296
17;2025-11-10;18;4652
17;2025-11-10;19;3033
17;2025-11-10;20;2132
17;2025-11-10;21;1354
17;2025-11-10;22;646
17;2025-11-10;23;318
17;2025-11-11;0;106
17;2025-11-11;1;10
17;2025-11-11;2;0
17;2025-11-11;3;0
17;2025-11-11;4;24
17;2025-11-11;5;327
17;2025-11-11;6;1564
17;2025-11-11;7;4250
17;2025-11-11;8;5422
17;2025-11-11;9;3888
17;2025-11-11;10;3008
17;2025-11-11;11;2989
17;2025-11-11;12;3000
17;2025-11-11;13;3023
17;2025-11-11;14;3144
17;2025-11-11;15;3189
17;2025-11-11;16;3590
17;2025-11-11;17;4597
17;2025-11-11;18;4916
17;2025-11-11;19;3409
17;2025-11-11;20;2347
17;2025-11-11;21;1456
17;2025-11-11;22;689
17;2025-11-11;23;360
17;2025-11-12;0;124
17;2025-11-12;1;11
17;2025-11-12;2;0
17;2025-11-12;3;0
17;2025-11-12;4;26
17;2025-11-12;5;305
17;2025-11-12;6;1529
17;2025-11-12;7;4191
17;2025-11-12;8;5438
17;2025-11-12;9;3871
17;2025-11-12;10;3084
17;2025-11-12;11;3036
17;2025-11-12;12;3074
17;2025-11-12;13;3112
17;2025-11-12;14;3267
17;2025-11-12;15;3338
17;2025-11-12;16;3692
17;2025-11-12;17;4548
17;2025-11-12;18;4850
17;2025-11-12;19;3343
17;2025-11-12;20;2323
17;2025-11-12;21;1484
17;2025-11-12;22;751
17;2025-11-12;23;394
17;2025-11-13;0;137
17;2025-11-13;1;12
17;2025-11-13;2;0
17;2025-11-13;3;0
17;2025-11-13;4;26
17;2025-11-13;5;325
17;2025-11-13;6;1530
17;2025-11-13;7;4157
17;2025-11-13;8;5345
17;2025-11-13;9;3908
17;2025-11-13;10;3134
17;2025-11-13;11;3120
17;2025-11-13;12;3147
17;2025-11-13;13;3190
17;2025-11-13;14;3292
17;2025-11-13;15;3318
17;2025-11-13;16;3802
17;2025-11-13;17;4503
17;2025-11-13;18;4728
17;2025-11-13;19;3472
17;2025-11-13;20;2476
17;2025-11-13;21;1516
17;2025-11-13;22;765
17;2025-11-13;23;395
17;2025-11-14;0;149
17;2025-11-14;1;17
17;2025-11-14;2;0
17;2025-11-14;3;0
17;2025-11-14;4;24
17;2025-11-14;5;314
17;2025-11-14;6;1530
17;2025-11-14;7;4142
17;2025-11-14;8;5255
17;2025-11-14;9;3802
17;2025-11-14;10;3019
17;2025-11-14;11;3061
17;2025-11-14;12;3080
17;2025-11-14;13;3183
17;2025-11-14;14;3282
17;2025-11-14;15;3566
17;2025-11-14;16;4279
17;2025-11-14;17;4785
17;2025-11-14;18;4433
17;2025-11-14;19;3267
17;2025-11-14;20;2413
17;2025-11-14;21;1616
17;2025-11-14;22;819
17;2025-11-14;23;479
17;2025-11-15;0;215
17;2025-11-15;1;27
17;2025-11-15;2;0
17;2025-11-15;3;0
17;2025-11-15;4;5
17;2025-11-15;5;137
17;2025-11-15;6;579
17;2025-11-15;7;1252
17;2025-11-15;8;1783
17;2025-11-15;9;2280
17;2025-11-15;10;2529
17;2025-11-15;11;3018
17;2025-11-15;12;3354
17;2025-11-15;13;3623
17;2025-11-15;14;3681
17;2025-11-15;15;3677
17;2025-11-15;16;3676
17;2025-11-15;17;3413
17;2025-11-15;18;3080
17;2025-11-15;19;2441
17;2025-11-15;20;1912
17;2025-11-15;21;1398
17;2025-11-15;22;855
17;2025-11-15;23;460
17;2025-11-16;0;190
17;2025-11-16;1;25
17;2025-11-16;2;0
17;2025-11-16;3;0
17;2025-11-16;4;3
17;2025-11-16;5;109
17;2025-11-16;6;439
17;2025-11-16;7;848
17;2025-11-16;8;1252
17;2025-11-16;9;1715
17;2025-11-16;10;2034
17;2025-11-16;11;2582
17;2025-11-16;12;2944
17;2025-11-16;13;3196
17;2025-11-16;14;3296
17;2025-11-16;15;3249
17;2025-11-16;16;3161
17;2025-11-16;17;2976
17;2025-11-16;18;2592
17;2025-11-16;19;2094
17;2025-11-16;20;1574
17;2025-11-16;21;1142
17;2025-11-16;22;711
17;2025-11-16;23;321
17;2025-11-17;0;115
17;2025-11-17;1;13
17;2025-11-17;2;0
17;2025-11-17;3;0
17;2025-11-17;4;26
17;2025-11-17;5;299
17;2025-11-17;6;1522
17;2025-11-17;7;4051
17;2025-11-17;8;5350
17;2025-11-17;9;3782
17;2025-11-17;10;2891
17;2025-11-17;11;2832
17;2025-11-17;12;2857
17;2025-11-17;13;2949
17;2025-11-17;14;3005
17;2025-11-17;15;3121
17;2025-11-17;16;3590
17;2025-11-17;17;4296
17;2025-11-17;18;4652
17;2025-11-17;19;3033
17;2025-11-17;20;2132
17;2025-11-17;21;1354
17;2025-11-17;22;646
17;2025-11-17;23;318
17;2025-11-18;0;106
17;2025-11-18;1;10
17;2025-11-18;2;0
17;2025-11-18;3;0
17;2025-11-18;4;24
17;2025-11-18;5;327
17;2025-11-18;6;1564
17;2025-11-18;7;4250
17;2025-11-18;8;5422
17;2025-11-18;9;3888
17;2025-11-18;10;3008
17;2025-11-18;11;2989
17;2025-11-18;12;3000
17;2025-11-18;13;3023
17;2025-11-18;14;3144
17;2025-11-18;15;3189
17;2025-11-18;16;3590
17;2025-11-18;17;4597
17;2025-11-18;18;4916
17;2025-11-18;19;3409
17;2025-11-18;20;2347
17;2025-11-18;21;1456
17;2025-11-18;22;689
17;2025-11-18;23;360
17;2025-11-19;0;124
17;2025-11-19;1;11
17;2025-11-19;2;0
17;2025-11-19;3;0
17;2025-11-19;4;26
17;2025-11-19;5;305
17;2025-11-19;6;1529
17;2025-11-19;7;4191
17;2025-11-19;8;5438
17;2025-11-19;9;3871
17;2025-11-19;10;3084
17;2025-11-19;11;3036
17;2025-11-19;12;3074
17;2025-11-19;13;3112
17;2025-11-19;14;3267
17;2025-11-19;15;3338
17;2025-11-19;16;3692
17;2025-11-19;17;4548
17;2025-11-19;18;4850
17;2025-11-19;19;3343
17;2025-11-19;20;2323
17;2025-11-19;21;1484
17;2025-11-19;22;751
17;2025-11-19;23;394
17;2025-11-20;0;137
17;2025-11-20;1;12
17;2025-11-20;2;0
17;2025-11-20;3;0
17;2025-11-20;4;26
17;2025-11-20;5;325
17;2025-11-20;6;1530
17;2025-11-20;7;4157
17;2025-11-20;8;5345
17;2025-11-20;9;3908
17;2025-11-20;10;3134
17;2025-11-20;11;3120
17;2025-11-20;12;3147
17;2025-11-20;13;3190
17;2025-11-20;14;3292
17;2025-11-20;15;3318
17;2025-11-20;16;3802
17;2025-11-20;17;4503
17;2025-11-20;18;4728
17;2025-11-20;19;3472
17;2025-11-20;20;2476
17;2025-11-20;21;1516
17;2025-11-20;22;765
17;2025-11-20;23;395
17;2025-11-21;0;149
17;2025-11-21;1;17
17;2025-11-21;2;0
17;2025-11-21;3;0
17;2025-11-21;4;24
17;2025-11-21;5;314
17;2025-11-21;6;1530
17;2025-11-21;7;4142
17;2025-11-21;8;5255
17;2025-11-21;9;3802
17;2025-11-21;10;3019
17;2025-11-21;11;3061
17;2025-11-21;12;3080
17;2025-11-21;13;3183
17;2025-11-21;14;3282
17;2025-11-21;15;3566
17;2025-11-21;16;4279
17;2025-11-21;17;4785
17;2025-11-21;18;4433
17;2025-11-21;19;3267
17;2025-11-21;20;2413
17;2025-11-21;21;1616
17;2025-11-21;22;819
17;2025-11-21;23;479
17;2025-11-22;0;215
17;2025-11-22;1;27
17;2025-11-22;2;0
17;2025-11-22;3;0
17;2025-11-22;4;5
17;2025-11-22;5;137
17;2025-11-22;6;579
17;2025-11-22;7;1252
17;2025-11-22;8;1783
17;2025-11-22;9;2280
17;2025-11-22;10;2529
17;2025-11-22;11;3018
17;2025-11-22;12;3354
17;2025-11-22;13;3623
17;2025-11-22;14;3681
17;2025-11-22;15;3677
17;2025-11-22;16;3676
17;2025-11-22;17;3413
17;2025-11-22;18;3080
17;2025-11-22;19;2441
17;2025-11-22;20;1912
17;2025-11-22;21;1398
17;2025-11-22;22;855
17;2025-11-22;23;460
17;2025-11-23;0;190
17;2025-11-23;1;25
17;2025-11-23;2;0
17;2025-11-23;3;0
17;2025-11-23;4;3
17;2025-11-23;5;109
17;2025-11-23;6;439
17;2025-11-23;7;848
17;2025-11-23;8;1252
17;2025-11-23;9;1715
17;2025-11-23;10;2034
17;2025-11-23;11;2582
17;2025-11-23;12;2944
17;2025-11-23;13;3196
17;2025-11-23;14;3296
17;2025-11-23;15;3249
17;2025-11-23;16;3161
17;2025-11-23;17;2976
17;2025-11-23;18;2592
17;2025-11-23;19;2094
17;2025-11-23;20;1574
17;2025-11-23;21;1142
17;2025-11-23;22;711
17;2025-11-23;23;321
17;2025-11-24;0;115
17;2025-11-24;1;13
17;2025-11-24;2;0
17;2025-11-24;3;0
17;2025-11-24;4;26
17;2025-11-24;5;299
17;2025-11-24;6;1522
17;2025-11-24;7;4051
17;2025-11-24;8;5350
17;2025-11-24;9;3782
17;2025-11-24;10;2891
17;2025-11-24;11;2832
17;2025-11-24;12;2857
17;2025-11-24;13;2949
17;2025-11-24;14;3005
17;2025-11-24;15;3121
17;2025-11-24;16;3590
17;2025-11-24;17;4296
17;2025-11-24;18;4652
17;2025-11-24;19;3033
17;2025-11-24;20;2132
17;2025-11-24;21;1354
17;2025-11-24;22;646
17;2025-11-24;23;318
17;2025-11-25;0;106
17;2025-11-25;1;10
17;2025-11-25;2;0
17;2025-11-25;3;0
17;2025-11-25;4;24
17;2025-11-25;5;327
17;2025-11-25;6;1564
17;2025-11-25;7;4250
17;2025-11-25;8;5422
17;2025-11-25;9;3888
17;2025-11-25;10;3008
17;2025-11-25;11;2989
17;2025-11-25;12;3000
17;2025-11-25;13;3023
17;2025-11-25;14;3144
17;2025-11-25;15;3189
17;2025-11-25;16;3590
17;2025-11-25;17;4597
17;2025-11-25;18;4916
17;2025-11-25;19;3409
17;2025-11-25;20;2347
17;2025-11-25;21;1456
17;2025-11-25;22;689
17;2025-11-25;23;360
17;2025-11-26;0;124
17;2025-11-26;1;11
17;2025-11-26;2;0
17;2025-11-26;3;0
17;2025-11-26;4;26
17;2025-11-26;5;305
17;2025-11-26;6;1529
17;2025-11-26;7;4191
17;2025-11-26;8;5438
17;2025-11-26;9;3871
17;2025-11-26;10;3084
17;2025-11-26;11;3036
17;2025-11-26;12;3074
17;2025-11-26;13;3112
17;2025-11-26;14;3267
17;2025-11-26;15;3338
17;2025-11-26;16;3692
17;2025-11-26;17;4548
17;2025-11-26;18;4850
17;2025-11-26;19;3343
17;2025-11-26;20;2323
17;2025-11-26;21;1484
17;2025-11-26;22;751
17;2025-11-26;23;394
17;2025-11-27;0;137
17;2025-11-27;1;12
17;2025-11-27;2;0
17;2025-11-27;3;0
17;2025-11-27;4;26
17;2025-11-27;5;325
17;2025-11-27;6;1530
17;2025-11-27;7;4157
17;2025-11-27;8;5345
17;2025-11-27;9;3908
17;2025-11-27;10;3134
17;2025-11-27;11;3120
17;2025-11-27;12;3147
17;2025-11-27;13;3190
17;2025-11-27;14;3292
17;2025-11-27;15;3318
17;2025-11-27;16;3802
17;2025-11-27;17;4503
17;2025-11-27;18;4728
17;2025-11-27;19;3472
17;2025-11-27;20;2476
17;2025-11-27;21;1516
17;2025-11-27;22;765
17;2025-11-27;23;395
17;2025-11-28;0;149
17;2025-11-28;1;17
17;2025-11-28;2;0
17;2025-11-28;3;0
17;2025-11-28;4;24
17;2025-11-28;5;314
17;2025-11-28;6;1530
17;2025-11-28;7;4142
17;2025-11-28;8;5255
17;2025-11-28;9;3802
17;2025-11-28;10;3019
17;2025-11-28;11;3061
17;2025-11-28;12;3080
17;2025-11-28;13;3183
17;2025-11-28;14;3282
17;2025-11-28;15;3566
17;2025-11-28;16;4279
17;2025-11-28;17;4785
17;2025-11-28;18;4433
17;2025-11-28;19;3267
17;2025-11-28;20;2413
17;2025-11-28;21;1616
17;2025-11-28;22;819
17;2025-11-28;23;479
17;2025-11-29;0;215
17;2025-11-29;1;27
17;2025-11-29;2;0
17;2025-11-29;3;0
17;2025-11-29;4;5
17;2025-11-29;5;137
17;2025-11-29;6;579
17;2025-11-29;7;1252
17;2025-11-29;8;1783
17;2025-11-29;9;2280
17;2025-11-29;10;2529
17;2025-11-29;11;3018
17;2025-11-29;12;3354
17;2025-11-29;13;3623
17;2025-11-29;14;3681
17;2025-11-29;15;3677
17;2025-11-29;16;3676
17;2025-11-29;17;3413
17;2025-11-29;18;3080
17;2025-11-29;19;2441
17;2025-11-29;20;1912
17;2025-11-29;21;1398
17;2025-11-29;22;855
17;2025-11-29;23;460
17;2025-11-30;0;190
17;2025-11-30;1;25
17;2025-11-30;2;0
17;2025-11-30;3;0
17;2025-11-30;4;3
17;2025-11-30;5;109
17;2025-11-30;6;439
17;2025-11-30;7;848
17;2025-11-30;8;1252
17;2025-11-30;9;1715
17;2025-11-30;10;2034
17;2025-11-30;11;2582
17;2025-11-30;12;2944
17;2025-11-30;13;3196
17;2025-11-30;14;3296
17;2025-11-30;15;3249
17;2025-11-30;16;3161
17;2025-11-30;17;2976
17;2025-11-30;18;2592
17;2025-11-30;19;2094
17;2025-11-30;20;1574
17;2025-11-30;21;1142
17;2025-11-30;22;711
17;2025-11-30;23;321
17;2025-12-01;0;115
17;2025-12-01;1;13
17;2025-12-01;2;0
17;2025-12-01;3;0
17;2025-12-01;4;26
17;2025-12-01;5;299
17;2025-12-01;6;1522
17;2025-12-01;7;4051
17;2025-12-01;8;5350
17;2025-12-01;9;3782
17;2025-12-01;10;2891
17;2025-12-01;11;2832
17;2025-12-01;12;2857
17;2025-12-01;13;2949
17;2025-12-01;14;3005
17;2025-12-01;15;3121
17;2025-12-01;16;3590
17;2025-12-01;17;4296
17;2025-12-01;18;4652
17;2025-12-01;19;3033
17;2025-12-01;20;2132
17;2025-12-01;21;1354
17;2025-12-01;22;646
17;2025-12-01;23;318
17;2025-12-02;0;106
17;2025-12-02;1;10
17;2025-12-02;2;0
17;2025-12-02;3;0
17;2025-12-02;4;24
17;2025-12-02;5;327
17;2025-12-02;6;1564
17;2025-12-02;7;4250
17;2025-12-02;8;5422
17;2025-12-02;9;3888
17;2025-12-02;10;3008
17;2025-12-02;11;2989
17;2025-12-02;12;3000
17;2025-12-02;13;3023
17;2025-12-02;14;3144
17;2025-12-02;15;3189
17;2025-12-02;16;3590
17;2025-12-02;17;4597
17;2025-12-02;18;4916
17;2025-12-02;19;3409
17;2025-12-02;20;2347
17;2025-12-02;21;1456
17;2025-12-02;22;689
17;2025-12-02;23;360
17;2025-12-03;0;124
17;2025-12-03;1;11
17;2025-12-03;2;0
17;2025-12-03;3;0
17;2025-12-03;4;26
17;2025-12-03;5;305
17;2025-12-03;6;1529
17;2025-12-03;7;4191
17;2025-12-03;8;5438
17;2025-12-03;9;3871
17;2025-12-03;10;3084
17;2025-12-03;11;3036
17;2025-12-03;12;3074
17;2025-12-03;13;3112
17;2025-12-03;14;3267
17;2025-12-03;15;3338
17;2025-12-03;16;3692
17;2025-12-03;17;4548
17;2025-12-03;18;4850
17;2025-12-03;19;3343
17;2025-12-03;20;2323
17;2025-12-03;21;1484
17;2025-12-03;22;751
17;2025-12-03;23;394
17;2025-12-04;0;137
17;2025-12-04;1;12
17;2025-12-04;2;0
17;2025-12-04;3;0
17;2025-12-04;4;26
17;2025-12-04;5;325
17;2025-12-04;6;1530
17;2025-12-04;7;4157
17;2025-12-04;8;5345
17;2025-12-04;9;3908
17;2025-12-04;10;3134
17;2025-12-04;11;3120
17;2025-12-04;12;3147
17;2025-12-04;13;3190
17;2025-12-04;14;3292
17;2025-12-04;15;3318
17;2025-12-04;16;3802
17;2025-12-04;17;4503
17;2025-12-04;18;4728
17;2025-12-04;19;3472
17;2025-12-04;20;2476
17;2025-12-04;21;1516
17;2025-12-04;22;765
17;2025-12-04;23;395
17;2025-12-05;0;149
17;2025-12-05;1;17
17;2025-12-05;2;0
17;2025-12-05;3;0
17;2025-12-05;4;24
17;2025-12-05;5;314
17;2025-12-05;6;1530
17;2025-12-05;7;4142
17;2025-12-05;8;5255
17;2025-12-05;9;3802
17;2025-12-05;10;3019
17;2025-12-05;11;3061
17;2025-12-05;12;3080
17;2025-12-05;13;3183
17;2025-12-05;14;3282
17;2025-12-05;15;3566
17;2025-12-05;16;4279
17;2025-12-05;17;4785
17;2025-12-05;18;4433
17;2025-12-05;19;3267
17;2025-12-05;20;2413
17;2025-12-05;21;1616
17;2025-12-05;22;819
17;2025-12-05;23;479
17;2025-12-06;0;215
17;2025-12-06;1;27
17;2025-12-06;2;0
17;2025-12-06;3;0
17;2025-12-06;4;5
17;2025-12-06;5;137
17;2025-12-06;6;579
17;2025-12-06;7;1252
17;2025-12-06;8;1783
17;2025-12-06;9;2280
17;2025-12-06;10;2529
17;2025-12-06;11;3018
17;2025-12-06;12;3354
17;2025-12-06;13;3623
17;2025-12-06;14;3681
17;2025-12-06;15;3677
17;2025-12-06;16;3676
17;2025-12-06;17;3413
17;2025-12-06;18;3080
17;2025-12-06;19;2441
17;2025-12-06;20;1912
17;2025-12-06;21;1398
17;2025-12-06;22;855
17;2025-12-06;23;460
17;2025-12-07;0;190
17;2025-12-07;1;25
17;2025-12-07;2;0
17;2025-12-07;3;0
17;2025-12-07;4;3
17;2025-12-07;5;109
17;2025-12-07;6;439
17;2025-12-07;7;848
17;2025-12-07;8;1252
17;2025-12-07;9;1715
17;2025-12-07;10;2034
17;2025-12-07;11;2582
17;2025-12-07;12;2944
17;2025-12-07;13;3196
17;2025-12-07;14;3296
17;2025-12-07;15;3249
17;2025-12-07;16;3161
17;2025-12-07;17;2976
17;2025-12-07;18;2592
17;2025-12-07;19;2094
17;2025-12-07;20;1574
17;2025-12-07;21;1142
17;2025-12-07;22;711
17;2025-12-07;23;321
17;2025-12-08;0;115
17;2025-12-08;1;13
17;2025-12-08;2;0
17;2025-12-08;3;0
17;2025-12-08;4;26
17;2025-12-08;5;299
17;2025-12-08;6;1522
17;2025-12-08;7;4051
17;2025-12-08;8;5350
17;2025-12-08;9;3782
17;2025-12-08;10;2891
17;2025-12-08;11;2832
17;2025-12-08;12;2857
17;2025-12-08;13;2949
17;2025-12-08;14;3005
17;2025-12-08;15;3121
17;2025-12-08;16;3590
17;2025-12-08;17;4296
17;2025-12-08;18;4652
17;2025-12-08;19;3033
17;2025-12-08;20;2132
17;2025-12-08;21;1354
17;2025-12-08;22;646
17;2025-12-08;23;318
17;2025-12-09;0;106
17;2025-12-09;1;10
17;2025-12-09;2;0
17;2025-12-09;3;0
17;2025-12-09;4;24
17;2025-12-09;5;327
17;2025-12-09;6;1564
17;2025-12-09;7;4250
17;2025-12-09;8;5422
17;2025-12-09;9;3888
17;2025-12-09;10;3008
17;2025-12-09;11;2989
17;2025-12-09;12;3000
17;2025-12-09;13;3023
17;2025-12-09;14;3144
17;2025-12-09;15;3189
17;2025-12-09;16;3590
17;2025-12-09;17;4597
17;2025-12-09;18;4916
17;2025-12-09;19;3409
17;2025-12-09;20;2347
17;2025-12-09;21;1456
17;2025-12-09;22;689
17;2025-12-09;23;360
17;2025-12-10;0;124
17;2025-12-10;1;11
17;2025-12-10;2;0
17;2025-12-10;3;0
17;2025-12-10;4;26
17;2025-12-10;5;305
17;2025-12-10;6;1529
17;2025-12-10;7;4191
17;2025-12-10;8;5438
17;2025-12-10;9;3871
17;2025-12-10;10;3084
17;2025-12-10;11;3036
17;2025-12-10;12;3074
17;2025-12-10;13;3112
17;2025-12-10;14;3267
17;2025-12-10;15;3338
17;2025-12-10;16;3692
17;2025-12-10;17;4548
17;2025-12-10;18;4850
17;2025-12-10;19;3343
17;2025-12-10;20;2323
17;2025-12-10;21;1484
17;2025-12-10;22;751
17;2025-12-10;23;394
17;2025-12-11;0;137
17;2025-12-11;1;12
17;2025-12-11;2;0
17;2025-12-11;3;0
17;2025-12-11;4;26
17;2025-12-11;5;325
17;2025-12-11;6;1530
17;2025-12-11;7;4157
17;2025-12-11;8;5345
17;2025-12-11;9;3908
17;2025-12-11;10;3134
17;2025-12-11;11;3120
17;2025-12-11;12;3147
17;2025-12-11;13;3190
17;2025-12-11;14;3292
17;2025-12-11;15;3318
17;2025-12-11;16;3802
17;2025-12-11;17;4503
17;2025-12-11;18;4728
17;2025-12-11;19;3472
17;2025-12-11;20;2476
17;2025-12-11;21;1516
17;2025-12-11;22;765
17;2025-12-11;23;395
17;2025-12-12;0;149
17;2025-12-12;1;17
17;2025-12-12;2;0
17;2025-12-12;3;0
17;2025-12-12;4;24
17;2025-12-12;5;314
17;2025-12-12;6;1530
17;2025-12-12;7;4142
17;2025-12-12;8;5255
17;2025-12-12;9;3802
17;2025-12-12;10;3019
17;2025-12-12;11;3061
17;2025-12-12;12;3080
17;2025-12-12;13;3183
17;2025-12-12;14;3282
17;2025-12-12;15;3566
17;2025-12-12;16;4279
17;2025-12-12;17;4785
17;2025-12-12;18;4433
17;2025-12-12;19;3267
17;2025-12-12;20;2413
17;2025-12-12;21;1616
17;2025-12-12;22;819
17;2025-12-12;23;479
17;2025-12-13;0;215
17;2025-12-13;1;27
17;2025-12-13;2;0
17;2025-12-13;3;0
17;2025-12-13;4;5
17;2025-12-13;5;137
17;2025-12-13;6;579
17;2025-12-13;7;1252
17;2025-12-13;8;1783
17;2025-12-13;9;2280
17;2025-12-13;10;2529
17;2025-12-13;11;3018
17;2025-12-13;12;3354
17;2025-12-13;13;3623
17;2025-12-13;14;3681
17;2025-12-13;15;3677
17;2025-12-13;16;3676
17;2025-12-13;17;3413
17;2025-12-13;18;3080
17;2025-12-13;19;2441
17;2025-12-13;20;1912
17;2025-12-13;21;1398
17;2025-12-13;22;855
17;2025-12-13;23;460
17;2025-12-14;0;190
17;2025-12-14;1;25
17;2025-12-14;2;0
17;2025-12-14;3;0
17;2025-12-14;4;3
17;2025-12-14;5;109
17;2025-12-14;6;439
17;2025-12-14;7;848
17;2025-12-14;8;1252
17;2025-12-14;9;1715
17;2025-12-14;10;2034
17;2025-12-14;11;2582
17;2025-12-14;12;2944
17;2025-12-14;13;3196
17;2025-12-14;14;3296
17;2025-12-14;15;3249
17;2025-12-14;16;3161
17;2025-12-14;17;2976
17;2025-12-14;18;2592
17;2025-12-14;19;2094
17;2025-12-14;20;1574
17;2025-12-14;21;1142
17;2025-12-14;22;711
17;2025-12-14;23;321
17;2025-12-15;0;115
17;2025-12-15;1;13
17;2025-12-15;2;0
17;2025-12-15;3;0
17;2025-12-15;4;26
17;2025-12-15;5;299
17;2025-12-15;6;1522
17;2025-12-15;7;4051
17;2025-12-15;8;5350
17;2025-12-15;9;3782
17;2025-12-15;10;2891
17;2025-12-15;11;2832
17;2025-12-15;12;2857
17;2025-12-15;13;2949
17;2025-12-15;14;3005
17;2025-12-15;15;3121
17;2025-12-15;16;3590
17;2025-12-15;17;4296
17;2025-12-15;18;4652
17;2025-12-15;19;3033
17;2025-12-15;20;2132
17;2025-12-15;21;1354
17;2025-12-15;22;646
17;2025-12-15;23;318
17;2025-12-16;0;106
17;2025-12-16;1;10
17;2025-12-16;2;0
17;2025-12-16;3;0
17;2025-12-16;4;24
17;2025-12-16;5;327
17;2025-12-16;6;1564
17;2025-12-16;7;4250
17;2025-12-16;8;5422
17;2025-12-16;9;3888
17;2025-12-16;10;3008
17;2025-12-16;11;2989
17;2025-12-16;12;3000
17;2025-12-16;13;3023
17;2025-12-16;14;3144
17;2025-12-16;15;3189
17;2025-12-16;16;3590
17;2025-12-16;17;4597
17;2025-12-16;18;4916
17;2025-12-16;19;3409
17;2025-12-16;20;2347
17;2025-12-16;21;1456
17;2025-12-16;22;689
17;2025-12-16;23;360
17;2025-12-17;0;124
17;2025-12-17;1;11
17;2025-12-17;2;0
17;2025-12-17;3;0
17;2025-12-17;4;26
17;2025-12-17;5;305
17;2025-12-17;6;1529
17;2025-12-17;7;4191
17;2025-12-17;8;5438
17;2025-12-17;9;3871
17;2025-12-17;10;3084
17;2025-12-17;11;3036
17;2025-12-17;12;3074
17;2025-12-17;13;3112
17;2025-12-17;14;3267
17;2025-12-17;15;3338
17;2025-12-17;16;3692
17;2025-12-17;17;4548
17;2025-12-17;18;4850
17;2025-12-17;19;3343
17;2025-12-17;20;2323
17;2025-12-17;21;1484
17;2025-12-17;22;751
17;2025-12-17;23;394
17;2025-12-18;0;137
17;2025-12-18;1;12
17;2025-12-18;2;0
17;2025-12-18;3;0
17;2025-12-18;4;26
17;2025-12-18;5;325
17;2025-12-18;6;1530
17;2025-12-18;7;4157
17;2025-12-18;8;5345
17;2025-12-18;9;3908
17;2025-12-18;10;3134
17;2025-12-18;11;3120
17;2025-12-18;12;3147
17;2025-12-18;13;3190
17;2025-12-18;14;3292
17;2025-12-18;15;3318
17;2025-12-18;16;3802
17;2025-12-18;17;4503
17;2025-12-18;18;4728
17;2025-12-18;19;3472
17;2025-12-18;20;2476
17;2025-12-18;21;1516
17;2025-12-18;22;765
17;2025-12-18;23;395
17;2025-12-19;0;149
17;2025-12-19;1;17
17;2025-12-19;2;0
17;2025-12-19;3;0
17;2025-12-19;4;24
17;2025-12-19;5;314
17;2025-12-19;6;1530
17;2025-12-19;7;4142
17;2025-12-19;8;5255
17;2025-12-19;9;3802
17;2025-12-19;10;3019
17;2025-12-19;11;3061
17;2025-12-19;12;3080
17;2025-12-19;13;3183
17;2025-12-19;14;3282
17;2025-12-19;15;3566
17;2025-12-19;16;4279
17;2025-12-19;17;4785
17;2025-12-19;18;4433
17;2025-12-19;19;3267
17;2025-12-19;20;2413
17;2025-12-19;21;1616
17;2025-12-19;22;819
17;2025-12-19;23;479
17;2025-12-20;0;215
17;2025-12-20;1;27
17;2025-12-20;2;0
17;2025-12-20;3;0
17;2025-12-20;4;5
17;2025-12-20;5;137
17;2025-12-20;6;579
17;2025-12-20;7;1252
17;2025-12-20;8;1783
17;2025-12-20;9;2280
17;2025-12-20;10;2529
17;2025-12-20;11;3018
17;2025-12-20;12;3354
17;2025-12-20;13;3623
17;2025-12-20;14;3681
17;2025-12-20;15;3677
17;2025-12-20;16;3676
17;2025-12-20;17;3413
17;2025-12-20;18;3080
17;2025-12-20;19;2441
17;2025-12-20;20;1912
17;2025-12-20;21;1398
17;2025-12-20;22;855
17;2025-12-20;23;460
17;2025-12-21;0;190
17;2025-12-21;1;25
17;2025-12-21;2;0
17;2025-12-21;3;0
17;2025-12-21;4;3
17;2025-12-21;5;109
17;2025-12-21;6;439
17;2025-12-21;7;848
17;2025-12-21;8;1252
17;2025-12-21;9;1715
17;2025-12-21;10;2034
17;2025-12-21;11;2582
17;2025-12-21;12;2944
17;2025-12-21;13;3196
17;2025-12-21;14;3296
17;2025-12-21;15;3249
17;2025-12-21;16;3161
17;2025-12-21;17;2976
17;2025-12-21;18;2592
17;2025-12-21;19;2094
17;2025-12-21;20;1574
17;2025-12-21;21;1142
17;2025-12-21;22;711
17;2025-12-21;23;321
17;2025-12-22;0;115
17;2025-12-22;1;13
17;2025-12-22;2;0
17;2025-12-22;3;0
17;2025-12-22;4;26
17;2025-12-22;5;299
17;2025-12-22;6;1522
17;2025-12-22;7;4051
17;2025-12-22;8;5350
17;2025-12-22;9;3782
17;2025-12-22;10;2891
17;2025-12-22;11;2832
17;2025-12-22;12;2857
17;2025-12-22;13;2949
17;2025-12-22;14;3005
17;2025-12-22;15;3121
17;2025-12-22;16;3590
17;2025-12-22;17;4296
17;2025-12-22;18;4652
17;2025-12-22;19;3033
17;2025-12-22;20;2132
17;2025-12-22;21;1354
17;2025-12-22;22;646
17;2025-12-22;23;318
17;2025-12-23;0;106
17;2025-12-23;1;10
17;2025-12-23;2;0
17;2025-12-23;3;0
17;2025-12-23;4;24
17;2025-12-23;5;327
17;2025-12-23;6;1564
17;2025-12-23;7;4250
17;2025-12-23;8;5422
17;2025-12-23;9;3888
17;2025-12-23;10;3008
17;2025-12-23;11;2989
17;2025-12-23;12;3000
17;2025-12-23;13;3023
17;2025-12-23;14;3144
17;2025-12-23;15;3189
17;2025-12-23;16;3590
17;2025-12-23;17;4597
17;2025-12-23;18;4916
17;2025-12-23;19;3409
17;2025-12-23;20;2347
17;2025-12-23;21;1456
17;2025-12-23;22;689
17;2025-12-23;23;360
17;2025-12-24;0;124
17;2025-12-24;1;11
17;2025-12-24;2;0
17;2025-12-24;3;0
17;2025-12-24;4;26
17;2025-12-24;5;305
17;2025-12-24;6;1529
17;2025-12-24;7;4191
17;2025-12-24;8;5438
17;2025-12-24;9;3871
17;2025-12-24;10;3084
17;2025-12-24;11;3036
17;2025-12-24;12;3074
17;2025-12-24;13;3112
17;2025-12-24;14;3267
17;2025-12-24;15;3338
17;2025-12-24;16;3692
17;2025-12-24;17;4548
17;2025-12-24;18;4850
17;2025-12-24;19;3343
17;2025-12-24;20;2323
17;2025-12-24;21;1484
17;2025-12-24;22;751
17;2025-12-24;23;394
17;2025-12-25;0;137
17;2025-12-25;1;12
17;2025-12-25;2;0
17;2025-12-25;3;0
17;2025-12-25;4;26
17;2025-12-25;5;325
17;2025-12-25;6;1530
17;2025-12-25;7;4157
17;2025-12-25;8;5345
17;2025-12-25;9;3908
17;2025-12-25;10;3134
17;2025-12-25;11;3120
17;2025-12-25;12;3147
17;2025-12-25;13;3190
17;2025-12-25;14;3292
17;2025-12-25;15;3318
17;2025-12-25;16;3802
17;2025-12-25;17;4503
17;2025-12-25;18;4728
17;2025-12-25;19;3472
17;2025-12-25;20;2476
17;2025-12-25;21;1516
17;2025-12-25;22;765
17;2025-12-25;23;395
17;2025-12-26;0;149
17;2025-12-26;1;17
17;2025-12-26;2;0
17;2025-12-26;3;0
17;2025-12-26;4;24
17;2025-12-26;5;314
17;2025-12-26;6;1530
17;2025-12-26;7;4142
17;2025-12-26;8;5255
17;2025-12-26;9;3802
17;2025-12-26;10;3019
17;2025-12-26;11;3061
17;2025-12-26;12;3080
17;2025-12-26;13;3183
17;2025-12-26;14;3282
17;2025-12-26;15;3566
17;2025-12-26;16;4279
17;2025-12-26;17;4785
17;2025-12-26;18;4433
17;2025-12-26;19;3267
17;2025-12-26;20;2413
17;2025-12-26;21;1616
17;2025-12-26;22;819
17;2025-12-26;23;479
17;2025-12-27;0;215
17;2025-12-27;1;27
17;2025-12-27;2;0
17;2025-12-27;3;0
17;2025-12-27;4;5
17;2025-12-27;5;137
17;2025-12-27;6;579
17;2025-12-27;7;1252
17;2025-12-27;8;1783
17;2025-12-27;9;2280
17;2025-12-27;10;2529
17;2025-12-27;11;3018
17;2025-12-27;12;3354
17;2025-12-27;13;3623
17;2025-12-27;14;3681
17;2025-12-27;15;3677
17;2025-12-27;16;3676
17;2025-12-27;17;3413
17;2025-12-27;18;3080
17;2025-12-27;19;2441
17;2025-12-27;20;1912
17;2025-12-27;21;1398
17;2025-12-27;22;855
17;2025-12-27;23;460
17;2025-12-28;0;190
17;2025-12-28;1;25
17;2025-12-28;2;0
17;2025-12-28;3;0
17;2025-12-28;4;3
17;2025-12-28;5;109
17;2025-12-28;6;439
17;2025-12-28;7;848
17;2025-12-28;8;1252
17;2025-12-28;9;1715
17;2025-12-28;10;2034
17;2025-12-28;11;2582
17;2025-12-28;12;2944
17;2025-12-28;13;3196
17;2025-12-28;14;3296
17;2025-12-28;15;3249
17;2025-12-28;16;3161
17;2025-12-28;17;2976
17;2025-12-28;18;2592
17;2025-12-28;19;2094
17;2025-12-28;20;1574
17;2025-12-28;21;1142
17;2025-12-28;22;711
17;2025-12-28;23;321
17;2025-12-29;0;111
17;2025-12-29;1;13
17;2025-12-29;2;0
17;2025-12-29;3;0
17;2025-12-29;4;25
17;2025-12-29;5;287
17;2025-12-29;6;1462
17;2025-12-29;7;3889
17;2025-12-29;8;5136
17;2025-12-29;9;3630
17;2025-12-29;10;2775
17;2025-12-29;11;2718
17;2025-12-29;12;2743
17;2025-12-29;13;2831
17;2025-12-29;14;2885
17;2025-12-29;15;2996
17;2025-12-29;16;3447
17;2025-12-29;17;4124
17;2025-12-29;18;4466
17;2025-12-29;19;2911
17;2025-12-29;20;2047
17;2025-12-29;21;1299
17;2025-12-29;22;620
17;2025-12-29;23;305
17;2025-12-30;0;98
17;2025-12-30;1;9
17;2025-12-30;2;0
17;2025-12-30;3;0
17;2025-12-30;4;23
17;2025-12-30;5;300
17;2025-12-30;6;1439
17;2025-12-30;7;3910
17;2025-12-30;8;4988
17;2025-12-30;9;3577
17;2025-12-30;10;2767
17;2025-12-30;11;2749
17;2025-12-30;12;2760
17;2025-12-30;13;2781
17;2025-12-30;14;2892
17;2025-12-30;15;2934
17;2025-12-30;16;3303
17;2025-12-30;17;4229
17;2025-12-30;18;4523
17;2025-12-30;19;3136
17;2025-12-30;20;2159
17;2025-12-30;21;1339
17;2025-12-30;22;634
17;2025-12-30;23;331
17;2025-12-31;0;175
17;2025-12-31;1;23
17;2025-12-31;2;0
17;2025-12-31;3;0
17;2025-12-31;4;3
17;2025-12-31;5;105
17;2025-12-31;6;429
17;2025-12-31;7;870
17;2025-12-31;8;1265
17;2025-12-31;9;1683
17;2025-12-31;10;1943
17;2025-12-31;11;2406
17;2025-12-31;12;2717
17;2025-12-31;13;2944
17;2025-12-31;14;3019
17;2025-12-31;15;2991
17;2025-12-31;16;2940
17;2025-12-31;17;2754
17;2025-12-31;18;2431
17;2025-12-31;19;1949
17;2025-12-31;20;1489
17;2025-12-31;21;1084
17;2025-12-31;22;670
17;2025-12-31;23;326
25;2025-11-01;0;0
25;2025-11-01;1;0
25;2025-11-01;2;0
25;2025-11-01;3;0
25;2025-11-01;4;0
25;2025-11-01;5;15
25;2025-11-01;6;203
25;2025-11-01;7;393
25;2025-11-01;8;651
25;2025-11-01;9;391
25;2025-11-01;10;368
25;2025-11-01;11;435
25;2025-11-01;12;432
25;2025-11-01;13;607
25;2025-11-01;14;572
25;2025-11-01;15;703
25;2025-11-01;16;776
25;2025-11-01;17;706
25;2025-11-01;18;631
25;2025-11-01;19;539
25;2025-11-01;20;307
25;2025-11-01;21;224
25;2025-11-01;22;124
25;2025-11-01;23;30
25;2025-11-02;0;16
25;2025-11-02;1;0
25;2025-11-02;2;0
25;2025-11-02;3;0
25;2025-11-02;4;0
25;2025-11-02;5;9
25;2025-11-02;6;95
25;2025-11-02;7;101
25;2025-11-02;8;193
25;2025-11-02;9;217
25;2025-11-02;10;220
25;2025-11-02;11;312
25;2025-11-02;12;368
25;2025-11-02;13;482
25;2025-11-02;14;550
25;2025-11-02;15;636
25;2025-11-02;16;533
25;2025-11-02;17;517
25;2025-11-02;18;417
25;2025-11-02;19;308
25;2025-11-02;20;236
25;2025-11-02;21;156
25;2025-11-02;22;98
25;2025-11-02;23;37
25;2025-11-03;0;13
25;2025-11-03;1;0
25;2025-11-03;2;0
25;2025-11-03;3;0
25;2025-11-03;4;0
25;2025-11-03;5;10
25;2025-11-03;6;101
25;2025-11-03;7;109
25;2025-11-03;8;221
25;2025-11-03;9;232
25;2025-11-03;10;236
25;2025-11-03;11;331
25;2025-11-03;12;375
25;2025-11-03;13;519
25;2025-11-03;14;574
25;2025-11-03;15;664
25;2025-11-03;16;570
25;2025-11-03;17;527
25;2025-11-03;18;439
25;2025-11-03;19;341
25;2025-11-03;20;241
25;2025-11-03;21;167
25;2025-11-03;22;103
25;2025-11-03;23;39
25;2025-11-04;0;13
25;2025-11-04;1;0
25;2025-11-04;2;0
25;2025-11-04;3;0
25;2025-11-04;4;0
25;2025-11-04;5;9
25;2025-11-04;6;89
25;2025-11-04;7;96
25;2025-11-04;8;190
25;2025-11-04;9;204
25;2025-11-04;10;208
25;2025-11-04;11;293
25;2025-11-04;12;337
25;2025-11-04;13;457
25;2025-11-04;14;511
25;2025-11-04;15;591
25;2025-11-04;16;502
25;2025-11-04;17;474
25;2025-11-04;18;389
25;2025-11-04;19;297
25;2025-11-04;20;216
25;2025-11-04;21;147
25;2025-11-04;22;92
25;2025-11-04;23;34
25;2025-11-05;0;1
25;2025-11-05;1;0
25;2025-11-05;2;0
25;2025-11-05;3;0
25;2025-11-05;4;0
25;2025-11-05;5;18
25;2025-11-05;6;263
25;2025-11-05;7;547
25;2025-11-05;8;918
25;2025-11-05;9;491
25;2025-11-05;10;397
25;2025-11-05;11;469
25;2025-11-05;12;468
25;2025-11-05;13;596
25;2025-11-05;14;428
25;2025-11-05;15;600
25;2025-11-05;16;680
25;2025-11-05;17;871
25;2025-11-05;18;880
25;2025-11-05;19;653
25;2025-11-05;20;358
25;2025-11-05;21;275
25;2025-11-05;22;113
25;2025-11-05;23;10
25;2025-11-06;0;2
25;2025-11-06;1;0
25;2025-11-06;2;0
25;2025-11-06;3;0
25;2025-11-06;4;0
25;2025-11-06;5;20
25;2025-11-06;6;250
25;2025-11-06;7;537
25;2025-11-06;8;886
25;2025-11-06;9;463
25;2025-11-06;10;416
25;2025-11-06;11;450
25;2025-11-06;12;421
25;2025-11-06;13;528
25;2025-11-06;14;538
25;2025-11-06;15;629
25;2025-11-06;16;719
25;2025-11-06;17;769
25;2025-11-06;18;784
25;2025-11-06;19;607
25;2025-11-06;20;319
25;2025-11-06;21;218
25;2025-11-06;22;103
25;2025-11-06;23;8
25;2025-11-07;0;1
25;2025-11-07;1;0
25;2025-11-07;2;0
25;2025-11-07;3;0
25;2025-11-07;4;0
25;2025-11-07;5;14
25;2025-11-07;6;253
25;2025-11-07;7;561
25;2025-11-07;8;870
25;2025-11-07;9;458
25;2025-11-07;10;413
25;2025-11-07;11;454
25;2025-11-07;12;442
25;2025-11-07;13;570
25;2025-11-07;14;500
25;2025-11-07;15;646
25;2025-11-07;16;815
25;2025-11-07;17;786
25;2025-11-07;18;698
25;2025-11-07;19;590
25;2025-11-07;20;334
25;2025-11-07;21;232
25;2025-11-07;22;125
25;2025-11-07;23;18
25;2025-11-08;0;3
25;2025-11-08;1;0
25;2025-11-08;2;0
25;2025-11-08;3;0
25;2025-11-08;4;0
25;2025-11-08;5;17
25;2025-11-08;6;127
25;2025-11-08;7;142
25;2025-11-08;8;322
25;2025-11-08;9;290
25;2025-11-08;10;300
25;2025-11-08;11;407
25;2025-11-08;12;418
25;2025-11-08;13;662
25;2025-11-08;14;680
25;2025-11-08;15;788
25;2025-11-08;16;717
25;2025-11-08;17;586
25;2025-11-08;18;530
25;2025-11-08;19;461
25;2025-11-08;20;267
25;2025-11-08;21;212
25;2025-11-08;22;124
25;2025-11-08;23;49
25;2025-11-09;0;17
25;2025-11-09;1;0
25;2025-11-09;2;0
25;2025-11-09;3;0
25;2025-11-09;4;0
25;2025-11-09;5;9
25;2025-11-09;6;100
25;2025-11-09;7;106
25;2025-11-09;8;203
25;2025-11-09;9;229
25;2025-11-09;10;231
25;2025-11-09;11;329
25;2025-11-09;12;387
25;2025-11-09;13;508
25;2025-11-09;14;579
25;2025-11-09;15;670
25;2025-11-09;16;561
25;2025-11-09;17;545
25;2025-11-09;18;439
25;2025-11-09;19;324
25;2025-11-09;20;249
25;2025-11-09;21;164
25;2025-11-09;22;104
25;2025-11-09;23;39
25;2025-11-10;0;9
25;2025-11-10;1;0
25;2025-11-10;2;0
25;2025-11-10;3;0
25;2025-11-10;4;0
25;2025-11-10;5;19
25;2025-11-10;6;243
25;2025-11-10;7;550
25;2025-11-10;8;964
25;2025-11-10;9;538
25;2025-11-10;10;353
25;2025-11-10;11;415
25;2025-11-10;12;410
25;2025-11-10;13;569
25;2025-11-10;14;472
25;2025-11-10;15;500
25;2025-11-10;16;695
25;2025-11-10;17;749
25;2025-11-10;18;750
25;2025-11-10;19;570
25;2025-11-10;20;316
25;2025-11-10;21;196
25;2025-11-10;22;89
25;2025-11-10;23;9
25;2025-11-11;0;2
25;2025-11-11;1;0
25;2025-11-11;2;0
25;2025-11-11;3;0
25;2025-11-11;4;0
25;2025-11-11;5;16
25;2025-11-11;6;248
25;2025-11-11;7;539
25;2025-11-11;8;943
25;2025-11-11;9;476
25;2025-11-11;10;377
25;2025-11-11;11;427
25;2025-11-11;12;421
25;2025-11-11;13;487
25;2025-11-11;14;456
25;2025-11-11;15;560
25;2025-11-11;16;663
25;2025-11-11;17;735
25;2025-11-11;18;755
25;2025-11-11;19;568
25;2025-11-11;20;332
25;2025-11-11;21;219
25;2025-11-11;22;94
25;2025-11-11;23;8
25;2025-11-12;0;1
25;2025-11-12;1;0
25;2025-11-12;2;0
25;2025-11-12;3;0
25;2025-11-12;4;0
25;2025-11-12;5;18
25;2025-11-12;6;263
25;2025-11-12;7;547
25;2025-11-12;8;918
25;2025-11-12;9;491
25;2025-11-12;10;397
25;2025-11-12;11;469
25;2025-11-12;12;468
25;2025-11-12;13;596
25;2025-11-12;14;428
25;2025-11-12;15;600
25;2025-11-12;16;680
25;2025-11-12;17;871
25;2025-11-12;18;880
25;2025-11-12;19;653
25;2025-11-12;20;358
25;2025-11-12;21;275
25;2025-11-12;22;113
25;2025-11-12;23;10
25;2025-11-13;0;2
25;2025-11-13;1;0
25;2025-11-13;2;0
25;2025-11-13;3;0
25;2025-11-13;4;0
25;2025-11-13;5;20
25;2025-11-13;6;250
25;2025-11-13;7;537
25;2025-11-13;8;886
25;2025-11-13;9;463
25;2025-11-13;10;416
25;2025-11-13;11;450
25;2025-11-13;12;421
25;2025-11-13;13;528
25;2025-11-13;14;538
25;2025-11-13;15;629
25;2025-11-13;16;719
25;2025-11-13;17;769
25;2025-11-13;18;784
25;2025-11-13;19;607
25;2025-11-13;20;319
25;2025-11-13;21;218
25;2025-11-13;22;103
25;2025-11-13;23;8
25;2025-11-14;0;1
25;2025-11-14;1;0
25;2025-11-14;2;0
25;2025-11-14;3;0
25;2025-11-14;4;0
25;2025-11-14;5;14
25;2025-11-14;6;253
25;2025-11-14;7;561
25;2025-11-14;8;870
25;2025-11-14;9;458
25;2025-11-14;10;413
25;2025-11-14;11;454
25;2025-11-14;12;442
25;2025-11-14;13;570
25;2025-11-14;14;500
25;2025-11-14;15;646
25;2025-11-14;16;815
25;2025-11-14;17;786
25;2025-11-14;18;698
25;2025-11-14;19;590
25;2025-11-14;20;334
25;2025-11-14;21;232
25;2025-11-14;22;125
25;2025-11-14;23;18
25;2025-11-15;0;3
25;2025-11-15;1;0
25;2025-11-15;2;0
25;2025-11-15;3;0
25;2025-11-15;4;0
25;2025-11-15;5;17
25;2025-11-15;6;127
25;2025-11-15;7;142
25;2025-11-15;8;322
25;2025-11-15;9;290
25;2025-11-15;10;300
25;2025-11-15;11;407
25;2025-11-15;12;418
25;2025-11-15;13;662
25;2025-11-15;14;680
25;2025-11-15;15;788
25;2025-11-15;16;717
25;2025-11-15;17;586
25;2025-11-15;18;530
25;2025-11-15;19;461
25;2025-11-15;20;267
25;2025-11-15;21;212
25;2025-11-15;22;124
25;2025-11-15;23;49
25;2025-11-16;0;17
25;2025-11-16;1;0
25;2025-11-16;2;0
25;2025-11-16;3;0
25;2025-11-16;4;0
25;2025-11-16;5;9
25;2025-11-16;6;100
25;2025-11-16;7;106
25;2025-11-16;8;203
25;2025-11-16;9;229
25;2025-11-16;10;231
25;2025-11-16;11;329
25;2025-11-16;12;387
25;2025-11-16;13;508
25;2025-11-16;14;579
25;2025-11-16;15;670
25;2025-11-16;16;561
25;2025-11-16;17;545
25;2025-11-16;18;439
25;2025-11-16;19;324
25;2025-11-16;20;249
25;2025-11-16;21;164
25;2025-11-16;22;104
25;2025-11-16;23;39
25;2025-11-17;0;9
25;2025-11-17;1;0
25;2025-11-17;2;0
25;2025-11-17;3;0
25;2025-11-17;4;0
25;2025-11-17;5;19
25;2025-11-17;6;243
25;2025-11-17;7;550
25;2025-11-17;8;964
25;2025-11-17;9;538
25;2025-11-17;10;353
25;2025-11-17;11;415
25;2025-11-17;12;410
25;2025-11-17;13;569
25;2025-11-17;14;472
25;2025-11-17;15;500
25;2025-11-17;16;695
25;2025-11-17;17;749
25;2025-11-17;18;750
25;2025-11-17;19;570
25;2025-11-17;20;316
25;2025-11-17;21;196
25;2025-11-17;22;89
25;2025-11-17;23;9
25;2025-11-18;0;2
25;2025-11-18;1;0
25;2025-11-18;2;0
25;2025-11-18;3;0
25;2025-11-18;4;0
25;2025-11-18;5;16
25;2025-11-18;6;248
25;2025-11-18;7;539
25;2025-11-18;8;943
25;2025-11-18;9;476
25;2025-11-18;10;377
25;2025-11-18;11;427
25;2025-11-18;12;421
25;2025-11-18;13;487
25;2025-11-18;14;456
25;2025-11-18;15;560
25;2025-11-18;16;663
25;2025-11-18;17;735
25;2025-11-18;18;755
25;2025-11-18;19;568
25;2025-11-18;20;332
25;2025-11-18;21;219
25;2025-11-18;22;94
25;2025-11-18;23;8
25;2025-11-19;0;1
25;2025-11-19;1;0
25;2025-11-19;2;0
25;2025-11-19;3;0
25;2025-11-19;4;0
25;2025-11-19;5;18
25;2025-11-19;6;263
25;2025-11-19;7;547
25;2025-11-19;8;918
25;2025-11-19;9;491
25;2025-11-19;10;397
25;2025-11-19;11;469
25;2025-11-19;12;468
25;2025-11-19;13;596
25;2025-11-19;14;428
25;2025-11-19;15;600
25;2025-11-19;16;680
25;2025-11-19;17;871
25;2025-11-19;18;880
25;2025-11-19;19;653
25;2025-11-19;20;358
25;2025-11-19;21;275
25;2025-11-19;22;113
25;2025-11-19;23;10
25;2025-11-20;0;2
25;2025-11-20;1;0
25;2025-11-20;2;0
25;2025-11-20;3;0
25;2025-11-20;4;0
25;2025-11-20;5;20
25;2025-11-20;6;250
25;2025-11-20;7;537
25;2025-11-20;8;886
25;2025-11-20;9;463
25;2025-11-20;10;416
25;2025-11-20;11;450
25;2025-11-20;12;421
25;2025-11-20;13;528
25;2025-11-20;14;538
25;2025-11-20;15;629
25;2025-11-20;16;719
25;2025-11-20;17;769
25;2025-11-20;18;784
25;2025-11-20;19;607
25;2025-11-20;20;319
25;2025-11-20;21;218
25;2025-11-20;22;103
25;2025-11-20;23;8
25;2025-11-21;0;1
25;2025-11-21;1;0
25;2025-11-21;2;0
25;2025-11-21;3;0
25;2025-11-21;4;0
25;2025-11-21;5;14
25;2025-11-21;6;253
25;2025-11-21;7;561
25;2025-11-21;8;870
25;2025-11-21;9;458
25;2025-11-21;10;413
25;2025-11-21;11;454
25;2025-11-21;12;442
25;2025-11-21;13;570
25;2025-11-21;14;500
25;2025-11-21;15;646
25;2025-11-21;16;815
25;2025-11-21;17;786
25;2025-11-21;18;698
25;2025-11-21;19;590
25;2025-11-21;20;334
25;2025-11-21;21;232
25;2025-11-21;22;125
25;2025-11-21;23;18
25;2025-11-22;0;3
25;2025-11-22;1;0
25;2025-11-22;2;0
25;2025-11-22;3;0
25;2025-11-22;4;0
25;2025-11-22;5;17
25;2025-11-22;6;127
25;2025-11-22;7;142
25;2025-11-22;8;322
25;2025-11-22;9;290
25;2025-11-22;10;300
25;2025-11-22;11;407
25;2025-11-22;12;418
25;2025-11-22;13;662
25;2025-11-22;14;680
25;2025-11-22;15;788
25;2025-11-22;16;717
25;2025-11-22;17;586
25;2025-11-22;18;530
25;2025-11-22;19;461
25;2025-11-22;20;267
25;2025-11-22;21;212
25;2025-11-22;22;124
25;2025-11-22;23;49
25;2025-11-23;0;17
25;2025-11-23;1;0
25;2025-11-23;2;0
25;2025-11-23;3;0
25;2025-11-23;4;0
25;2025-11-23;5;9
25;2025-11-23;6;100
25;2025-11-23;7;106
25;2025-11-23;8;203
25;2025-11-23;9;229
25;2025-11-23;10;231
25;2025-11-23;11;329
25;2025-11-23;12;387
25;2025-11-23;13;508
25;2025-11-23;14;579
25;2025-11-23;15;670
25;2025-11-23;16;561
25;2025-11-23;17;545
25;2025-11-23;18;439
25;2025-11-23;19;324
25;2025-11-23;20;249
25;2025-11-23;21;164
25;2025-11-23;22;104
25;2025-11-23;23;39
25;2025-11-24;0;9
25;2025-11-24;1;0
25;2025-11-24;2;0
25;2025-11-24;3;0
25;2025-11-24;4;0
25;2025-11-24;5;19
25;2025-11-24;6;243
25;2025-11-24;7;550
25;2025-11-24;8;964
25;2025-11-24;9;538
25;2025-11-24;10;353
25;2025-11-24;11;415
25;2025-11-24;12;410
25;2025-11-24;13;569
25;2025-11-24;14;472
25;2025-11-24;15;500
25;2025-11-24;16;695
25;2025-11-24;17;749
25;2025-11-24;18;750
25;2025-11-24;19;570
25;2025-11-24;20;316
25;2025-11-24;21;196
25;2025-11-24;22;89
25;2025-11-24;23;9
25;2025-11-25;0;2
25;2025-11-25;1;0
25;2025-11-25;2;0
25;2025-11-25;3;0
25;2025-11-25;4;0
25;2025-11-25;5;16
25;2025-11-25;6;248
25;2025-11-25;7;539
25;2025-11-25;8;943
25;2025-11-25;9;476
25;2025-11-25;10;377
25;2025-11-25;11;427
25;2025-11-25;12;421
25;2025-11-25;13;487
25;2025-11-25;14;456
25;2025-11-25;15;560
25;2025-11-25;16;663
25;2025-11-25;17;735
25;2025-11-25;18;755
25;2025-11-25;19;568
25;2025-11-25;20;332
25;2025-11-25;21;219
25;2025-11-25;22;94
25;2025-11-25;23;8
25;2025-11-26;0;1
25;2025-11-26;1;0
25;2025-11-26;2;0
25;2025-11-26;3;0
25;2025-11-26;4;0
25;2025-11-26;5;18
25;2025-11-26;6;263
25;2025-11-26;7;547
25;2025-11-26;8;918
25;2025-11-26;9;491
25;2025-11-26;10;397
25;2025-11-26;11;469
25;2025-11-26;12;468
25;2025-11-26;13;596
25;2025-11-26;14;428
25;2025-11-26;15;600
25;2025-11-26;16;680
25;2025-11-26;17;871
25;2025-11-26;18;880
25;2025-11-26;19;653
25;2025-11-26;20;358
25;2025-11-26;21;275
25;2025-11-26;22;113
25;2025-11-26;23;10
25;2025-11-27;0;2
25;2025-11-27;1;0
25;2025-11-27;2;0
25;2025-11-27;3;0
25;2025-11-27;4;0
25;2025-11-27;5;20
25;2025-11-27;6;250
25;2025-11-27;7;537
25;2025-11-27;8;886
25;2025-11-27;9;463
25;2025-11-27;10;416
25;2025-11-27;11;450
25;2025-11-27;12;421
25;2025-11-27;13;528
25;2025-11-27;14;538
25;2025-11-27;15;629
25;2025-11-27;16;719
25;2025-11-27;17;769
25;2025-11-27;18;784
25;2025-11-27;19;607
25;2025-11-27;20;319
25;2025-11-27;21;218
25;2025-11-27;22;103
25;2025-11-27;23;8
25;2025-11-28;0;1
25;2025-11-28;1;0
25;2025-11-28;2;0
25;2025-11-28;3;0
25;2025-11-28;4;0
25;2025-11-28;5;14
25;2025-11-28;6;253
25;2025-11-28;7;561
25;2025-11-28;8;870
25;2025-11-28;9;458
25;2025-11-28;10;413
25;2025-11-28;11;454
25;2025-11-28;12;442
25;2025-11-28;13;570
25;2025-11-28;14;500
25;2025-11-28;15;646
25;2025-11-28;16;815
25;2025-11-28;17;786
25;2025-11-28;18;698
25;2025-11-28;19;590
25;2025-11-28;20;334
25;2025-11-28;21;232
25;2025-11-28;22;125
25;2025-11-28;23;18
25;2025-11-29;0;3
25;2025-11-29;1;0
25;2025-11-29;2;0
25;2025-11-29;3;0
25;2025-11-29;4;0
25;2025-11-29;5;17
25;2025-11-29;6;127
25;2025-11-29;7;142
25;2025-11-29;8;322
25;2025-11-29;9;290
25;2025-11-29;10;300
25;2025-11-29;11;407
25;2025-11-29;12;418
25;2025-11-29;13;662
25;2025-11-29;14;680
25;2025-11-29;15;788
25;2025-11-29;16;717
25;2025-11-29;17;586
25;2025-11-29;18;530
25;2025-11-29;19;461
25;2025-11-29;20;267
25;2025-11-29;21;212
25;2025-11-29;22;124
25;2025-11-29;23;49
25;2025-11-30;0;17
25;2025-11-30;1;0
25;2025-11-30;2;0
25;2025-11-30;3;0
25;2025-11-30;4;0
25;2025-11-30;5;9
25;2025-11-30;6;100
25;2025-11-30;7;106
25;2025-11-30;8;203
25;2025-11-30;9;229
25;2025-11-30;10;231
25;2025-11-30;11;329
25;2025-11-30;12;387
25;2025-11-30;13;508
25;2025-11-30;14;579
25;2025-11-30;15;670
25;2025-11-30;16;561
25;2025-11-30;17;545
25;2025-11-30;18;439
25;2025-11-30;19;324
25;2025-11-30;20;249
25;2025-11-30;21;164
25;2025-11-30;22;104
25;2025-11-30;23;39
25;2025-12-01;0;9
25;2025-12-01;1;0
25;2025-12-01;2;0
25;2025-12-01;3;0
25;2025-12-01;4;0
25;2025-12-01;5;19
25;2025-12-01;6;243
25;2025-12-01;7;550
25;2025-12-01;8;964
25;2025-12-01;9;538
25;2025-12-01;10;353
25;2025-12-01;11;415
25;2025-12-01;12;410
25;2025-12-01;13;569
25;2025-12-01;14;472
25;2025-12-01;15;500
25;2025-12-01;16;695
25;2025-12-01;17;749
25;2025-12-01;18;750
25;2025-12-01;19;570
25;2025-12-01;20;316
25;2025-12-01;21;196
25;2025-12-01;22;89
25;2025-12-01;23;9
25;2025-12-02;0;2
25;2025-12-02;1;0
25;2025-12-02;2;0
25;2025-12-02;3;0
25;2025-12-02;4;0
25;2025-12-02;5;16
25;2025-12-02;6;248
25;2025-12-02;7;539
25;2025-12-02;8;943
25;2025-12-02;9;476
25;2025-12-02;10;377
25;2025-12-02;11;427
25;2025-12-02;12;421
25;2025-12-02;13;487
25;2025-12-02;14;456
25;2025-12-02;15;560
25;2025-12-02;16;663
25;2025-12-02;17;735
25;2025-12-02;18;755
25;2025-12-02;19;568
25;2025-12-02;20;332
25;2025-12-02;21;219
25;2025-12-02;22;94
25;2025-12-02;23;8
25;2025-12-03;0;1
25;2025-12-03;1;0
25;2025-12-03;2;0
25;2025-12-03;3;0
25;2025-12-03;4;0
25;2025-12-03;5;18
25;2025-12-03;6;263
25;2025-12-03;7;547
25;2025-12-03;8;918
25;2025-12-03;9;491
25;2025-12-03;10;397
25;2025-12-03;11;469
25;2025-12-03;12;468
25;2025-12-03;13;596
25;2025-12-03;14;428
25;2025-12-03;15;600
25;2025-12-03;16;680
25;2025-12-03;17;871
25;2025-12-03;18;880
25;2025-12-03;19;653
25;2025-12-03;20;358
25;2025-12-03;21;275
25;2025-12-03;22;113
25;2025-12-03;23;10
25;2025-12-04;0;2
25;2025-12-04;1;0
25;2025-12-04;2;0
25;2025-12-04;3;0
25;2025-12-04;4;0
25;2025-12-04;5;20
25;2025-12-04;6;250
25;2025-12-04;7;537
25;2025-12-04;8;886
25;2025-12-04;9;463
25;2025-12-04;10;416
25;2025-12-04;11;450
25;2025-12-04;12;421
25;2025-12-04;13;528
25;2025-12-04;14;538
25;2025-12-04;15;629
25;2025-12-04;16;719
25;2025-12-04;17;769
25;2025-12-04;18;784
25;2025-12-04;19;607
25;2025-12-04;20;319
25;2025-12-04;21;218
25;2025-12-04;22;103
25;2025-12-04;23;8
25;2025-12-05;0;1
25;2025-12-05;1;0
25;2025-12-05;2;0
25;2025-12-05;3;0
25;2025-12-05;4;0
25;2025-12-05;5;14
25;2025-12-05;6;253
25;2025-12-05;7;561
25;2025-12-05;8;870
25;2025-12-05;9;458
25;2025-12-05;10;413
25;2025-12-05;11;454
25;2025-12-05;12;442
25;2025-12-05;13;570
25;2025-12-05;14;500
25;2025-12-05;15;646
25;2025-12-05;16;815
25;2025-12-05;17;786
25;2025-12-05;18;698
25;2025-12-05;19;590
25;2025-12-05;20;334
25;2025-12-05;21;232
25;2025-12-05;22;125
25;2025-12-05;23;18
25;2025-12-06;0;3
25;2025-12-06;1;0
25;2025-12-06;2;0
25;2025-12-06;3;0
25;2025-12-06;4;0
25;2025-12-06;5;17
25;2025-12-06;6;127
25;2025-12-06;7;142
25;2025-12-06;8;322
25;2025-12-06;9;290
25;2025-12-06;10;300
25;2025-12-06;11;407
25;2025-12-06;12;418
25;2025-12-06;13;662
25;2025-12-06;14;680
25;2025-12-06;15;788
25;2025-12-06;16;717
25;2025-12-06;17;586
25;2025-12-06;18;530
25;2025-12-06;19;461
25;2025-12-06;20;267
25;2025-12-06;21;212
25;2025-12-06;22;124
25;2025-12-06;23;49
25;2025-12-07;0;17
25;2025-12-07;1;0
25;2025-12-07;2;0
25;2025-12-07;3;0
25;2025-12-07;4;0
25;2025-12-07;5;9
25;2025-12-07;6;100
25;2025-12-07;7;106
25;2025-12-07;8;203
25;2025-12-07;9;229
25;2025-12-07;10;231
25;2025-12-07;11;329
25;2025-12-07;12;387
25;2025-12-07;13;508
25;2025-12-07;14;579
25;2025-12-07;15;670
25;2025-12-07;16;561
25;2025-12-07;17;545
25;2025-12-07;18;439
25;2025-12-07;19;324
25;2025-12-07;20;249
25;2025-12-07;21;164
25;2025-12-07;22;104
25;2025-12-07;23;39
25;2025-12-08;0;9
25;2025-12-08;1;0
25;2025-12-08;2;0
25;2025-12-08;3;0
25;2025-12-08;4;0
25;2025-12-08;5;19
25;2025-12-08;6;243
25;2025-12-08;7;550
25;2025-12-08;8;964
25;2025-12-08;9;538
25;2025-12-08;10;353
25;2025-12-08;11;415
25;2025-12-08;12;410
25;2025-12-08;13;569
25;2025-12-08;14;472
25;2025-12-08;15;500
25;2025-12-08;16;695
25;2025-12-08;17;749
25;2025-12-08;18;750
25;2025-12-08;19;570
25;2025-12-08;20;316
25;2025-12-08;21;196
25;2025-12-08;22;89
25;2025-12-08;23;9
25;2025-12-09;0;2
25;2025-12-09;1;0
25;2025-12-09;2;0
25;2025-12-09;3;0
25;2025-12-09;4;0
25;2025-12-09;5;16
25;2025-12-09;6;248
25;2025-12-09;7;539
25;2025-12-09;8;943
25;2025-12-09;9;476
25;2025-12-09;10;377
25;2025-12-09;11;427
25;2025-12-09;12;421
25;2025-12-09;13;487
25;2025-12-09;14;456
25;2025-12-09;15;560
25;2025-12-09;16;663
25;2025-12-09;17;735
25;2025-12-09;18;755
25;2025-12-09;19;568
25;2025-12-09;20;332
25;2025-12-09;21;219
25;2025-12-09;22;94
25;2025-12-09;23;8
25;2025-12-10;0;1
25;2025-12-10;1;0
25;2025-12-10;2;0
25;2025-12-10;3;0
25;2025-12-10;4;0
25;2025-12-10;5;18
25;2025-12-10;6;263
25;2025-12-10;7;547
25;2025-12-10;8;918
25;2025-12-10;9;491
25;2025-12-10;10;397
25;2025-12-10;11;469
25;2025-12-10;12;468
25;2025-12-10;13;596
25;2025-12-10;14;428
25;2025-12-10;15;600
25;2025-12-10;16;680
25;2025-12-10;17;871
25;2025-12-10;18;880
25;2025-12-10;19;653
25;2025-12-10;20;358
25;2025-12-10;21;275
25;2025-12-10;22;113
25;2025-12-10;23;10
25;2025-12-11;0;2
25;2025-12-11;1;0
25;2025-12-11;2;0
25;2025-12-11;3;0
25;2025-12-11;4;0
25;2025-12-11;5;20
25;2025-12-11;6;250
25;2025-12-11;7;537
25;2025-12-11;8;886
25;2025-12-11;9;463
25;2025-12-11;10;416
25;2025-12-11;11;450
25;2025-12-11;12;421
25;2025-12-11;13;528
25;2025-12-11;14;538
25;2025-12-11;15;629
25;2025-12-11;16;719
25;2025-12-11;17;769
25;2025-12-11;18;784
25;2025-12-11;19;607
25;2025-12-11;20;319
25;2025-12-11;21;218
25;2025-12-11;22;103
25;2025-12-11;23;8
25;2025-12-12;0;1
25;2025-12-12;1;0
25;2025-12-12;2;0
25;2025-12-12;3;0
25;2025-12-12;4;0
25;2025-12-12;5;14
25;2025-12-12;6;253
25;2025-12-12;7;561
25;2025-12-12;8;870
25;2025-12-12;9;458
25;2025-12-12;10;413
25;2025-12-12;11;454
25;2025-12-12;12;442
25;2025-12-12;13;570
25;2025-12-12;14;500
25;2025-12-12;15;646
25;2025-12-12;16;815
25;2025-12-12;17;786
25;2025-12-12;18;698
25;2025-12-12;19;590
25;2025-12-12;20;334
25;2025-12-12;21;232
25;2025-12-12;22;125
25;2025-12-12;23;18
25;2025-12-13;0;3
25;2025-12-13;1;0
25;2025-12-13;2;0
25;2025-12-13;3;0
25;2025-12-13;4;0
25;2025-12-13;5;17
25;2025-12-13;6;127
25;2025-12-13;7;142
25;2025-12-13;8;322
25;2025-12-13;9;290
25;2025-12-13;10;300
25;2025-12-13;11;407
25;2025-12-13;12;418
25;2025-12-13;13;662
25;2025-12-13;14;680
25;2025-12-13;15;788
25;2025-12-13;16;717
25;2025-12-13;17;586
25;2025-12-13;18;530
25;2025-12-13;19;461
25;2025-12-13;20;267
25;2025-12-13;21;212
25;2025-12-13;22;124
25;2025-12-13;23;49
25;2025-12-14;0;17
25;2025-12-14;1;0
25;2025-12-14;2;0
25;2025-12-14;3;0
25;2025-12-14;4;0
25;2025-12-14;5;9
25;2025-12-14;6;100
25;2025-12-14;7;106
25;2025-12-14;8;203
25;2025-12-14;9;229
25;2025-12-14;10;231
25;2025-12-14;11;329
25;2025-12-14;12;387
25;2025-12-14;13;508
25;2025-12-14;14;579
25;2025-12-14;15;670
25;2025-12-14;16;561
25;2025-12-14;17;545
25;2025-12-14;18;439
25;2025-12-14;19;324
25;2025-12-14;20;249
25;2025-12-14;21;164
25;2025-12-14;22;104
25;2025-12-14;23;39
25;2025-12-15;0;9
25;2025-12-15;1;0
25;2025-12-15;2;0
25;2025-12-15;3;0
25;2025-12-15;4;0
25;2025-12-15;5;19
25;2025-12-15;6;243
25;2025-12-15;7;550
25;2025-12-15;8;964
25;2025-12-15;9;538
25;2025-12-15;10;353
25;2025-12-15;11;415
25;2025-12-15;12;410
25;2025-12-15;13;569
25;2025-12-15;14;472
25;2025-12-15;15;500
25;2025-12-15;16;695
25;2025-12-15;17;749
25;2025-12-15;18;750
25;2025-12-15;19;570
25;2025-12-15;20;316
25;2025-12-15;21;196
25;2025-12-15;22;89
25;2025-12-15;23;9
25;2025-12-16;0;2
25;2025-12-16;1;0
25;2025-12-16;2;0
25;2025-12-16;3;0
25;2025-12-16;4;0
25;2025-12-16;5;16
25;2025-12-16;6;248
25;2025-12-16;7;539
25;2025-12-16;8;943
25;2025-12-16;9;476
25;2025-12-16;10;377
25;2025-12-16;11;427
25;2025-12-16;12;421
25;2025-12-16;13;487
25;2025-12-16;14;456
25;2025-12-16;15;560
25;2025-12-16;16;663
25;2025-12-16;17;735
25;2025-12-16;18;755
25;2025-12-16;19;568
25;2025-12-16;20;332
25;2025-12-16;21;219
25;2025-12-16;22;94
25;2025-12-16;23;8
25;2025-12-17;0;1
25;2025-12-17;1;0
25;2025-12-17;2;0
25;2025-12-17;3;0
25;2025-12-17;4;0
25;2025-12-17;5;18
25;2025-12-17;6;263
25;2025-12-17;7;547
25;2025-12-17;8;918
25;2025-12-17;9;491
25;2025-12-17;10;397
25;2025-12-17;11;469
25;2025-12-17;12;468
25;2025-12-17;13;596
25;2025-12-17;14;428
25;2025-12-17;15;600
25;2025-12-17;16;680
25;2025-12-17;17;871
25;2025-12-17;18;880
25;2025-12-17;19;653
25;2025-12-17;20;358
25;2025-12-17;21;275
25;2025-12-17;22;113
25;2025-12-17;23;10
25;2025-12-18;0;2
25;2025-12-18;1;0
25;2025-12-18;2;0
25;2025-12-18;3;0
25;2025-12-18;4;0
25;2025-12-18;5;20
25;2025-12-18;6;250
25;2025-12-18;7;537
25;2025-12-18;8;886
25;2025-12-18;9;463
25;2025-12-18;10;416
25;2025-12-18;11;450
25;2025-12-18;12;421
25;2025-12-18;13;528
25;2025-12-18;14;538
25;2025-12-18;15;629
25;2025-12-18;16;719
25;2025-12-18;17;769
25;2025-12-18;18;784
25;2025-12-18;19;607
25;2025-12-18;20;319
25;2025-12-18;21;218
25;2025-12-18;22;103
25;2025-12-18;23;8
25;2025-12-19;0;1
25;2025-12-19;1;0
25;2025-12-19;2;0
25;2025-12-19;3;0
25;2025-12-19;4;0
25;2025-12-19;5;14
25;2025-12-19;6;253
25;2025-12-19;7;561
25;2025-12-19;8;870
25;2025-12-19;9;458
25;2025-12-19;10;413
25;2025-12-19;11;454
25;2025-12-19;12;442
25;2025-12-19;13;570
25;2025-12-19;14;500
25;2025-12-19;15;646
25;2025-12-19;16;815
25;2025-12-19;17;786
25;2025-12-19;18;698
25;2025-12-19;19;590
25;2025-12-19;20;334
25;2025-12-19;21;232
25;2025-12-19;22;125
25;2025-12-19;23;18
25;2025-12-20;0;3
25;2025-12-20;1;0
25;2025-12-20;2;0
25;2025-12-20;3;0
25;2025-12-20;4;0
25;2025-12-20;5;17
25;2025-12-20;6;127
25;2025-12-20;7;142
25;2025-12-20;8;322
25;2025-12-20;9;290
25;2025-12-20;10;300
25;2025-12-20;11;407
25;2025-12-20;12;418
25;2025-12-20;13;662
25;2025-12-20;14;680
25;2025-12-20;15;788
25;2025-12-20;16;717
25;2025-12-20;17;586
25;2025-12-20;18;530
25;2025-12-20;19;461
25;2025-12-20;20;267
25;2025-12-20;21;212
25;2025-12-20;22;124
25;2025-12-20;23;49
25;2025-12-21;0;17
25;2025-12-21;1;0
25;2025-12-21;2;0
25;2025-12-21;3;0
25;2025-12-21;4;0
25;2025-12-21;5;9
25;2025-12-21;6;100
25;2025-12-21;7;106
25;2025-12-21;8;203
25;2025-12-21;9;229
25;2025-12-21;10;231
25;2025-12-21;11;329
25;2025-12-21;12;387
25;2025-12-21;13;508
25;2025-12-21;14;579
25;2025-12-21;15;670
25;2025-12-21;16;561
25;2025-12-21;17;545
25;2025-12-21;18;439
25;2025-12-21;19;324
25;2025-12-21;20;249
25;2025-12-21;21;164
25;2025-12-21;22;104
25;2025-12-21;23;39
25;2025-12-22;0;9
25;2025-12-22;1;0
25;2025-12-22;2;0
25;2025-12-22;3;0
25;2025-12-22;4;0
25;2025-12-22;5;19
25;2025-12-22;6;243
25;2025-12-22;7;550
25;2025-12-22;8;964
25;2025-12-22;9;538
25;2025-12-22;10;353
25;2025-12-22;11;415
25;2025-12-22;12;410
25;2025-12-22;13;569
25;2025-12-22;14;472
25;2025-12-22;15;500
25;2025-12-22;16;695
25;2025-12-22;17;749
25;2025-12-22;18;750
25;2025-12-22;19;570
25;2025-12-22;20;316
25;2025-12-22;21;196
25;2025-12-22;22;89
25;2025-12-22;23;9
25;2025-12-23;0;2
25;2025-12-23;1;0
25;2025-12-23;2;0
25;2025-12-23;3;0
25;2025-12-23;4;0
25;2025-12-23;5;16
25;2025-12-23;6;248
25;2025-12-23;7;539
25;2025-12-23;8;943
25;2025-12-23;9;476
25;2025-12-23;10;377
25;2025-12-23;11;427
25;2025-12-23;12;421
25;2025-12-23;13;487
25;2025-12-23;14;456
25;2025-12-23;15;560
25;2025-12-23;16;663
25;2025-12-23;17;735
25;2025-12-23;18;755
25;2025-12-23;19;568
25;2025-12-23;20;332
25;2025-12-23;21;219
25;2025-12-23;22;94
25;2025-12-23;23;8
25;2025-12-24;0;1
25;2025-12-24;1;0
25;2025-12-24;2;0
25;2025-12-24;3;0
25;2025-12-24;4;0
25;2025-12-24;5;18
25;2025-12-24;6;263
25;2025-12-24;7;547
25;2025-12-24;8;918
25;2025-12-24;9;491
25;2025-12-24;10;397
25;2025-12-24;11;469
25;2025-12-24;12;468
25;2025-12-24;13;596
25;2025-12-24;14;428
25;2025-12-24;15;600
25;2025-12-24;16;680
25;2025-12-24;17;871
25;2025-12-24;18;880
25;2025-12-24;19;653
25;2025-12-24;20;358
25;2025-12-24;21;275
25;2025-12-24;22;113
25;2025-12-24;23;10
25;2025-12-25;0;2
25;2025-12-25;1;0
25;2025-12-25;2;0
25;2025-12-25;3;0
25;2025-12-25;4;0
25;2025-12-25;5;20
25;2025-12-25;6;250
25;2025-12-25;7;537
25;2025-12-25;8;886
25;2025-12-25;9;463
25;2025-12-25;10;416
25;2025-12-25;11;450
25;2025-12-25;12;421
25;2025-12-25;13;528
25;2025-12-25;14;538
25;2025-12-25;15;629
25;2025-12-25;16;719
25;2025-12-25;17;769
25;2025-12-25;18;784
25;2025-12-25;19;607
25;2025-12-25;20;319
25;2025-12-25;21;218
25;2025-12-25;22;103
25;2025-12-25;23;8
25;2025-12-26;0;1
25;2025-12-26;1;0
25;2025-12-26;2;0
25;2025-12-26;3;0
25;2025-12-26;4;0
25;2025-12-26;5;14
25;2025-12-26;6;253
25;2025-12-26;7;561
25;2025-12-26;8;870
25;2025-12-26;9;458
25;2025-12-26;10;413
25;2025-12-26;11;454
25;2025-12-26;12;442
25;2025-12-26;13;570
25;2025-12-26;14;500
25;2025-12-26;15;646
25;2025-12-26;16;815
25;2025-12-26;17;786
25;2025-12-26;18;698
25;2025-12-26;19;590
25;2025-12-26;20;334
25;2025-12-26;21;232
25;2025-12-26;22;125
25;2025-12-26;23;18
25;2025-12-27;0;3
25;2025-12-27;1;0
25;2025-12-27;2;0
25;2025-12-27;3;0
25;2025-12-27;4;0
25;2025-12-27;5;17
25;2025-12-27;6;127
25;2025-12-27;7;142
25;2025-12-27;8;322
25;2025-12-27;9;290
25;2025-12-27;10;300
25;2025-12-27;11;407
25;2025-12-27;12;418
25;2025-12-27;13;662
25;2025-12-27;14;680
25;2025-12-27;15;788
25;2025-12-27;16;717
25;2025-12-27;17;586
25;2025-12-27;18;530
25;2025-12-27;19;461
25;2025-12-27;20;267
25;2025-12-27;21;212
25;2025-12-27;22;124
25;2025-12-27;23;49
25;2025-12-28;0;17
25;2025-12-28;1;0
25;2025-12-28;2;0
25;2025-12-28;3;0
25;2025-12-28;4;0
25;2025-12-28;5;9
25;2025-12-28;6;100
25;2025-12-28;7;106
25;2025-12-28;8;203
25;2025-12-28;9;229
25;2025-12-28;10;231
25;2025-12-28;11;329
25;2025-12-28;12;387
25;2025-12-28;13;508
25;2025-12-28;14;579
25;2025-12-28;15;670
25;2025-12-28;16;561
25;2025-12-28;17;545
25;2025-12-28;18;439
25;2025-12-28;19;324
25;2025-12-28;20;249
25;2025-12-28;21;164
25;2025-12-28;22;104
25;2025-12-28;23;39
25;2025-12-29;0;9
25;2025-12-29;1;0
25;2025-12-29;2;0
25;2025-12-29;3;0
25;2025-12-29;4;0
25;2025-12-29;5;18
25;2025-12-29;6;233
25;2025-12-29;7;528
25;2025-12-29;8;925
25;2025-12-29;9;516
25;2025-12-29;10;339
25;2025-12-29;11;399
25;2025-12-29;12;393
25;2025-12-29;13;546
25;2025-12-29;14;453
25;2025-12-29;15;480
25;2025-12-29;16;667
25;2025-12-29;17;719
25;2025-12-29;18;720
25;2025-12-29;19;547
25;2025-12-29;20;303
25;2025-12-29;21;188
25;2025-12-29;22;86
25;2025-12-29;23;9
25;2025-12-30;0;2
25;2025-12-30;1;0
25;2025-12-30;2;0
25;2025-12-30;3;0
25;2025-12-30;4;0
25;2025-12-30;5;15
25;2025-12-30;6;228
25;2025-12-30;7;496
25;2025-12-30;8;868
25;2025-12-30;9;438
25;2025-12-30;10;347
25;2025-12-30;11;393
25;2025-12-30;12;388
25;2025-12-30;13;448
25;2025-12-30;14;420
25;2025-12-30;15;515
25;2025-12-30;16;610
25;2025-12-30;17;676
25;2025-12-30;18;695
25;2025-12-30;19;522
25;2025-12-30;20;306
25;2025-12-30;21;201
25;2025-12-30;22;86
25;2025-12-30;23;7
25;2025-12-31;0;11
25;2025-12-31;1;0
25;2025-12-31;2;0
25;2025-12-31;3;0
25;2025-12-31;4;0
25;2025-12-31;5;10
25;2025-12-31;6;96
25;2025-12-31;7;104
25;2025-12-31;8;215
25;2025-12-31;9;220
25;2025-12-31;10;225
25;2025-12-31;11;313
25;2025-12-31;12;350
25;2025-12-31;13;494
25;2025-12-31;14;541
25;2025-12-31;15;626
25;2025-12-31;16;542
25;2025-12-31;17;492
25;2025-12-31;18;414
25;2025-12-31;19;328
25;2025-12-31;20;225
25;2025-12-31;21;159
25;2025-12-31;22;97
25;2025-12-31;23;37
26;2025-11-01;0;40
26;2025-11-01;1;3
26;2025-11-01;2;0
26;2025-11-01;3;0
26;2025-11-01;4;2
26;2025-11-01;5;70
26;2025-11-01;6;394
26;2025-11-01;7;763
26;2025-11-01;8;1537
26;2025-11-01;9;1099
26;2025-11-01;10;1065
26;2025-11-01;11;1065
26;2025-11-01;12;1092
26;2025-11-01;13;1118
26;2025-11-01;14;1228
26;2025-11-01;15;1205
26;2025-11-01;16;1395
26;2025-11-01;17;1430
26;2025-11-01;18;1143
26;2025-11-01;19;935
26;2025-11-01;20;620
26;2025-11-01;21;422
26;2025-11-01;22;213
26;2025-11-01;23;156
26;2025-11-02;0;46
26;2025-11-02;1;4
26;2025-11-02;2;0
26;2025-11-02;3;0
26;2025-11-02;4;2
26;2025-11-02;5;23
26;2025-11-02;6;148
26;2025-11-02;7;241
26;2025-11-02;8;368
26;2025-11-02;9;494
26;2025-11-02;10;558
26;2025-11-02;11;779
26;2025-11-02;12;771
26;2025-11-02;13;819
26;2025-11-02;14;813
26;2025-11-02;15;740
26;2025-11-02;16;702
26;2025-11-02;17;720
26;2025-11-02;18;651
26;2025-11-02;19;490
26;2025-11-02;20;379
26;2025-11-02;21;263
26;2025-11-02;22;159
26;2025-11-02;23;97
26;2025-11-03;0;46
26;2025-11-03;1;3
26;2025-11-03;2;0
26;2025-11-03;3;0
26;2025-11-03;4;2
26;2025-11-03;5;29
26;2025-11-03;6;169
26;2025-11-03;7;267
26;2025-11-03;8;421
26;2025-11-03;9;531
26;2025-11-03;10;615
26;2025-11-03;11;819
26;2025-11-03;12;831
26;2025-11-03;13;861
26;2025-11-03;14;866
26;2025-11-03;15;787
26;2025-11-03;16;769
26;2025-11-03;17;763
26;2025-11-03;18;697
26;2025-11-03;19;550
26;2025-11-03;20;411
26;2025-11-03;21;281
26;2025-11-03;22;169
26;2025-11-03;23;109
26;2025-11-04;0;42
26;2025-11-04;1;3
26;2025-11-04;2;0
26;2025-11-04;3;0
26;2025-11-04;4;1
26;2025-11-04;5;24
26;2025-11-04;6;146
26;2025-11-04;7;232
26;2025-11-04;8;362
26;2025-11-04;9;467
26;2025-11-04;10;536
26;2025-11-04;11;727
26;2025-11-04;12;731
26;2025-11-04;13;764
26;2025-11-04;14;765
26;2025-11-04;15;695
26;2025-11-04;16;672
26;2025-11-04;17;675
26;2025-11-04;18;614
26;2025-11-04;19;476
26;2025-11-04;20;360
26;2025-11-04;21;248
26;2025-11-04;22;150
26;2025-11-04;23;94
26;2025-11-05;0;31
26;2025-11-05;1;2
26;2025-11-05;2;0
26;2025-11-05;3;0
26;2025-11-05;4;6
26;2025-11-05;5;103
26;2025-11-05;6;470
26;2025-11-05;7;1114
26;2025-11-05;8;2299
26;2025-11-05;9;1499
26;2025-11-05;10;1252
26;2025-11-05;11;1084
26;2025-11-05;12;1236
26;2025-11-05;13;1226
26;2025-11-05;14;1391
26;2025-11-05;15;1432
26;2025-11-05;16;1531
26;2025-11-05;17;1730
26;2025-11-05;18;1853
26;2025-11-05;19;1289
26;2025-11-05;20;806
26;2025-11-05;21;552
26;2025-11-05;22;234
26;2025-11-05;23;135
26;2025-11-06;0;43
26;2025-11-06;1;1
26;2025-11-06;2;0
26;2025-11-06;3;0
26;2025-11-06;4;2
26;2025-11-06;5;95
26;2025-11-06;6;480
26;2025-11-06;7;1071
26;2025-11-06;8;2200
26;2025-11-06;9;1503
26;2025-11-06;10;1202
26;2025-11-06;11;1142
26;2025-11-06;12;1183
26;2025-11-06;13;1178
26;2025-11-06;14;1352
26;2025-11-06;15;1372
26;2025-11-06;16;1504
26;2025-11-06;17;1695
26;2025-11-06;18;1866
26;2025-11-06;19;1213
26;2025-11-06;20;735
26;2025-11-06;21;489
26;2025-11-06;22;211
26;2025-11-06;23;130
26;2025-11-07;0;32
26;2025-11-07;1;1
26;2025-11-07;2;0
26;2025-11-07;3;0
26;2025-11-07;4;1
26;2025-11-07;5;83
26;2025-11-07;6;492
26;2025-11-07;7;1029
26;2025-11-07;8;2155
26;2025-11-07;9;1382
26;2025-11-07;10;1225
26;2025-11-07;11;1117
26;2025-11-07;12;1108
26;2025-11-07;13;1170
26;2025-11-07;14;1327
26;2025-11-07;15;1357
26;2025-11-07;16;1645
26;2025-11-07;17;1757
26;2025-11-07;18;1321
26;2025-11-07;19;1048
26;2025-11-07;20;677
26;2025-11-07;21;469
26;2025-11-07;22;215
26;2025-11-07;23;159
26;2025-11-08;0;48
26;2025-11-08;1;2
26;2025-11-08;2;0
26;2025-11-08;3;0
26;2025-11-08;4;2
26;2025-11-08;5;49
26;2025-11-08;6;246
26;2025-11-08;7;365
26;2025-11-08;8;609
26;2025-11-08;9;674
26;2025-11-08;10;825
26;2025-11-08;11;989
26;2025-11-08;12;1068
26;2025-11-08;13;1041
26;2025-11-08;14;1081
26;2025-11-08;15;976
26;2025-11-08;16;1021
26;2025-11-08;17;939
26;2025-11-08;18;877
26;2025-11-08;19;767
26;2025-11-08;20;534
26;2025-11-08;21;351
26;2025-11-08;22;209
26;2025-11-08;23;152
26;2025-11-09;0;48
26;2025-11-09;1;4
26;2025-11-09;2;0
26;2025-11-09;3;0
26;2025-11-09;4;2
26;2025-11-09;5;24
26;2025-11-09;6;156
26;2025-11-09;7;254
26;2025-11-09;8;388
26;2025-11-09;9;520
26;2025-11-09;10;588
26;2025-11-09;11;820
26;2025-11-09;12;811
26;2025-11-09;13;862
26;2025-11-09;14;856
26;2025-11-09;15;779
26;2025-11-09;16;739
26;2025-11-09;17;758
26;2025-11-09;18;686
26;2025-11-09;19;516
26;2025-11-09;20;399
26;2025-11-09;21;277
26;2025-11-09;22;168
26;2025-11-09;23;102
26;2025-11-10;0;25
26;2025-11-10;1;2
26;2025-11-10;2;0
26;2025-11-10;3;0
26;2025-11-10;4;2
26;2025-11-10;5;90
26;2025-11-10;6;474
26;2025-11-10;7;1111
26;2025-11-10;8;2195
26;2025-11-10;9;1422
26;2025-11-10;10;1214
26;2025-11-10;11;1039
26;2025-11-10;12;1076
26;2025-11-10;13;1141
26;2025-11-10;14;1240
26;2025-11-10;15;1296
26;2025-11-10;16;1436
26;2025-11-10;17;1684
26;2025-11-10;18;1858
26;2025-11-10;19;1213
26;2025-11-10;20;741
26;2025-11-10;21;461
26;2025-11-10;22;203
26;2025-11-10;23;106
26;2025-11-11;0;30
26;2025-11-11;1;1
26;2025-11-11;2;0
26;2025-11-11;3;1
26;2025-11-11;4;2
26;2025-11-11;5;91
26;2025-11-11;6;491
26;2025-11-11;7;1125
26;2025-11-11;8;2275
26;2025-11-11;9;1470
26;2025-11-11;10;1264
26;2025-11-11;11;1155
26;2025-11-11;12;1190
26;2025-11-11;13;1163
26;2025-11-11;14;1240
26;2025-11-11;15;1355
26;2025-11-11;16;1500
26;2025-11-11;17;1769
26;2025-11-11;18;1964
26;2025-11-11;19;1318
26;2025-11-11;20;752
26;2025-11-11;21;465
26;2025-11-11;22;210
26;2025-11-11;23;117
26;2025-11-12;0;31
26;2025-11-12;1;2
26;2025-11-12;2;0
26;2025-11-12;3;0
26;2025-11-12;4;6
26;2025-11-12;5;103
26;2025-11-12;6;470
26;2025-11-12;7;1114
26;2025-11-12;8;2299
26;2025-11-12;9;1499
26;2025-11-12;10;1252
26;2025-11-12;11;1084
26;2025-11-12;12;1236
26;2025-11-12;13;1226
26;2025-11-12;14;1391
26;2025-11-12;15;1432
26;2025-11-12;16;1531
26;2025-11-12;17;1730
26;2025-11-12;18;1853
26;2025-11-12;19;1289
26;2025-11-12;20;806
26;2025-11-12;21;552
26;2025-11-12;22;234
26;2025-11-12;23;135
26;2025-11-13;0;43
26;2025-11-13;1;1
26;2025-11-13;2;0
26;2025-11-13;3;0
26;2025-11-13;4;2
26;2025-11-13;5;95
26;2025-11-13;6;480
26;2025-11-13;7;1071
26;2025-11-13;8;2200
26;2025-11-13;9;1503
26;2025-11-13;10;1202
26;2025-11-13;11;1142
26;2025-11-13;12;1183
26;2025-11-13;13;1178
26;2025-11-13;14;1352
26;2025-11-13;15;1372
26;2025-11-13;16;1504
26;2025-11-13;17;1695
26;2025-11-13;18;1866
26;2025-11-13;19;1213
26;2025-11-13;20;735
26;2025-11-13;21;489
26;2025-11-13;22;211
26;2025-11-13;23;130
26;2025-11-14;0;32
26;2025-11-14;1;1
26;2025-11-14;2;0
26;2025-11-14;3;0
26;2025-11-14;4;1
26;2025-11-14;5;83
26;2025-11-14;6;492
26;2025-11-14;7;1029
26;2025-11-14;8;2155
26;2025-11-14;9;1382
26;2025-11-14;10;1225
26;2025-11-14;11;1117
26;2025-11-14;12;1108
26;2025-11-14;13;1170
26;2025-11-14;14;1327
26;2025-11-14;15;1357
26;2025-11-14;16;1645
26;2025-11-14;17;1757
26;2025-11-14;18;1321
26;2025-11-14;19;1048
26;2025-11-14;20;677
26;2025-11-14;21;469
26;2025-11-14;22;215
26;2025-11-14;23;159
26;2025-11-15;0;48
26;2025-11-15;1;2
26;2025-11-15;2;0
26;2025-11-15;3;0
26;2025-11-15;4;2
26;2025-11-15;5;49
26;2025-11-15;6;246
26;2025-11-15;7;365
26;2025-11-15;8;609
26;2025-11-15;9;674
26;2025-11-15;10;825
26;2025-11-15;11;989
26;2025-11-15;12;1068
26;2025-11-15;13;1041
26;2025-11-15;14;1081
26;2025-11-15;15;976
26;2025-11-15;16;1021
26;2025-11-15;17;939
26;2025-11-15;18;877
26;2025-11-15;19;767
26;2025-11-15;20;534
26;2025-11-15;21;351
26;2025-11-15;22;209
26;2025-11-15;23;152
26;2025-11-16;0;48
26;2025-11-16;1;4
26;2025-11-16;2;0
26;2025-11-16;3;0
26;2025-11-16;4;2
26;2025-11-16;5;24
26;2025-11-16;6;156
26;2025-11-16;7;254
26;2025-11-16;8;388
26;2025-11-16;9;520
26;2025-11-16;10;588
26;2025-11-16;11;820
26;2025-11-16;12;811
26;2025-11-16;13;862
26;2025-11-16;14;856
26;2025-11-16;15;779
26;2025-11-16;16;739
26;2025-11-16;17;758
26;2025-11-16;18;686
26;2025-11-16;19;516
26;2025-11-16;20;399
26;2025-11-16;21;277
26;2025-11-16;22;168
26;2025-11-16;23;102
26;2025-11-17;0;25
26;2025-11-17;1;2
26;2025-11-17;2;0
26;2025-11-17;3;0
26;2025-11-17;4;2
26;2025-11-17;5;90
26;2025-11-17;6;474
26;2025-11-17;7;1111
26;2025-11-17;8;2195
26;2025-11-17;9;1422
26;2025-11-17;10;1214
26;2025-11-17;11;1039
26;2025-11-17;12;1076
26;2025-11-17;13;1141
26;2025-11-17;14;1240
26;2025-11-17;15;1296
26;2025-11-17;16;1436
26;2025-11-17;17;1684
26;2025-11-17;18;1858
26;2025-11-17;19;1213
26;2025-11-17;20;741
26;2025-11-17;21;461
26;2025-11-17;22;203
26;2025-11-17;23;106
26;2025-11-18;0;30
26;2025-11-18;1;1
26;2025-11-18;2;0
26;2025-11-18;3;1
26;2025-11-18;4;2
26;2025-11-18;5;91
26;2025-11-18;6;491
26;2025-11-18;7;1125
26;2025-11-18;8;2275
26;2025-11-18;9;1470
26;2025-11-18;10;1264
26;2025-11-18;11;1155
26;2025-11-18;12;1190
26;2025-11-18;13;1163
26;2025-11-18;14;1240
26;2025-11-18;15;1355
26;2025-11-18;16;1500
26;2025-11-18;17;1769
26;2025-11-18;18;1964
26;2025-11-18;19;1318
26;2025-11-18;20;752
26;2025-11-18;21;465
26;2025-11-18;22;210
26;2025-11-18;23;117
26;2025-11-19;0;31
26;2025-11-19;1;2
26;2025-11-19;2;0
26;2025-11-19;3;0
26;2025-11-19;4;6
26;2025-11-19;5;103
26;2025-11-19;6;470
26;2025-11-19;7;1114
26;2025-11-19;8;2299
26;2025-11-19;9;1499
26;2025-11-19;10;1252
26;2025-11-19;11;1084
26;2025-11-19;12;1236
26;2025-11-19;13;1226
26;2025-11-19;14;1391
26;2025-11-19;15;1432
26;2025-11-19;16;1531
26;2025-11-19;17;1730
26;2025-11-19;18;1853
26;2025-11-19;19;1289
26;2025-11-19;20;806
26;2025-11-19;21;552
26;2025-11-19;22;234
26;2025-11-19;23;135
26;2025-11-20;0;43
26;2025-11-20;1;1
26;2025-11-20;2;0
26;2025-11-20;3;0
26;2025-11-20;4;2
26;2025-11-20;5;95
26;2025-11-20;6;480
26;2025-11-20;7;1071
26;2025-11-20;8;2200
26;2025-11-20;9;1503
26;2025-11-20;10;1202
26;2025-11-20;11;1142
26;2025-11-20;12;1183
26;2025-11-20;13;1178
26;2025-11-20;14;1352
26;2025-11-20;15;1372
26;2025-11-20;16;1504
26;2025-11-20;17;1695
26;2025-11-20;18;1866
26;2025-11-20;19;1213
26;2025-11-20;20;735
26;2025-11-20;21;489
26;2025-11-20;22;211
26;2025-11-20;23;130
26;2025-11-21;0;32
26;2025-11-21;1;1
26;2025-11-21;2;0
26;2025-11-21;3;0
26;2025-11-21;4;1
26;2025-11-21;5;83
26;2025-11-21;6;492
26;2025-11-21;7;1029
26;2025-11-21;8;2155
26;2025-11-21;9;1382
26;2025-11-21;10;1225
26;2025-11-21;11;1117
26;2025-11-21;12;1108
26;2025-11-21;13;1170
26;2025-11-21;14;1327
26;2025-11-21;15;1357
26;2025-11-21;16;1645
26;2025-11-21;17;1757
26;2025-11-21;18;1321
26;2025-11-21;19;1048
26;2025-11-21;20;677
26;2025-11-21;21;469
26;2025-11-21;22;215
26;2025-11-21;23;159
26;2025-11-22;0;48
26;2025-11-22;1;2
26;2025-11-22;2;0
26;2025-11-22;3;0
26;2025-11-22;4;2
26;2025-11-22;5;49
26;2025-11-22;6;246
26;2025-11-22;7;365
26;2025-11-22;8;609
26;2025-11-22;9;674
26;2025-11-22;10;825
26;2025-11-22;11;989
26;2025-11-22;12;1068
26;2025-11-22;13;1041
26;2025-11-22;14;1081
26;2025-11-22;15;976
26;2025-11-22;16;1021
26;2025-11-22;17;939
26;2025-11-22;18;877
26;2025-11-22;19;767
26;2025-11-22;20;534
26;2025-11-22;21;351
26;2025-11-22;22;209
26;2025-11-22;23;152
26;2025-11-23;0;48
26;2025-11-23;1;4
26;2025-11-23;2;0
26;2025-11-23;3;0
26;2025-11-23;4;2
26;2025-11-23;5;24
26;2025-11-23;6;156
26;2025-11-23;7;254
26;2025-11-23;8;388
26;2025-11-23;9;520
26;2025-11-23;10;588
26;2025-11-23;11;820
26;2025-11-23;12;811
26;2025-11-23;13;862
26;2025-11-23;14;856
26;2025-11-23;15;779
26;2025-11-23;16;739
26;2025-11-23;17;758
26;2025-11-23;18;686
26;2025-11-23;19;516
26;2025-11-23;20;399
26;2025-11-23;21;277
26;2025-11-23;22;168
26;2025-11-23;23;102
26;2025-11-24;0;25
26;2025-11-24;1;2
26;2025-11-24;2;0
26;2025-11-24;3;0
26;2025-11-24;4;2
26;2025-11-24;5;90
26;2025-11-24;6;474
26;2025-11-24;7;1111
26;2025-11-24;8;2195
26;2025-11-24;9;1422
26;2025-11-24;10;1214
26;2025-11-24;11;1039
26;2025-11-24;12;1076
26;2025-11-24;13;1141
26;2025-11-24;14;1240
26;2025-11-24;15;1296
26;2025-11-24;16;1436
26;2025-11-24;17;1684
26;2025-11-24;18;1858
26;2025-11-24;19;1213
26;2025-11-24;20;741
26;2025-11-24;21;461
26;2025-11-24;22;203
26;2025-11-24;23;106
26;2025-11-25;0;30
26;2025-11-25;1;1
26;2025-11-25;2;0
26;2025-11-25;3;1
26;2025-11-25;4;2
26;2025-11-25;5;91
26;2025-11-25;6;491
26;2025-11-25;7;1125
26;2025-11-25;8;2275
26;2025-11-25;9;1470
26;2025-11-25;10;1264
26;2025-11-25;11;1155
26;2025-11-25;12;1190
26;2025-11-25;13;1163
26;2025-11-25;14;1240
26;2025-11-25;15;1355
26;2025-11-25;16;1500
26;2025-11-25;17;1769
26;2025-11-25;18;1964
26;2025-11-25;19;1318
26;2025-11-25;20;752
26;2025-11-25;21;465
26;2025-11-25;22;210
26;2025-11-25;23;117
26;2025-11-26;0;31
26;2025-11-26;1;2
26;2025-11-26;2;0
26;2025-11-26;3;0
26;2025-11-26;4;6
26;2025-11-26;5;103
26;2025-11-26;6;470
26;2025-11-26;7;1114
26;2025-11-26;8;2299
26;2025-11-26;9;1499
26;2025-11-26;10;1252
26;2025-11-26;11;1084
26;2025-11-26;12;1236
26;2025-11-26;13;1226
26;2025-11-26;14;1391
26;2025-11-26;15;1432
26;2025-11-26;16;1531
26;2025-11-26;17;1730
26;2025-11-26;18;1853
26;2025-11-26;19;1289
26;2025-11-26;20;806
26;2025-11-26;21;552
26;2025-11-26;22;234
26;2025-11-26;23;135
26;2025-11-27;0;43
26;2025-11-27;1;1
26;2025-11-27;2;0
26;2025-11-27;3;0
26;2025-11-27;4;2
26;2025-11-27;5;95
26;2025-11-27;6;480
26;2025-11-27;7;1071
26;2025-11-27;8;2200
26;2025-11-27;9;1503
26;2025-11-27;10;1202
26;2025-11-27;11;1142
26;2025-11-27;12;1183
26;2025-11-27;13;1178
26;2025-11-27;14;1352
26;2025-11-27;15;1372
26;2025-11-27;16;1504
26;2025-11-27;17;1695
26;2025-11-27;18;1866
26;2025-11-27;19;1213
26;2025-11-27;20;735
26;2025-11-27;21;489
26;2025-11-27;22;211
26;2025-11-27;23;130
26;2025-11-28;0;32
26;2025-11-28;1;1
26;2025-11-28;2;0
26;2025-11-28;3;0
26;2025-11-28;4;1
26;2025-11-28;5;83
26;2025-11-28;6;492
26;2025-11-28;7;1029
26;2025-11-28;8;2155
26;2025-11-28;9;1382
26;2025-11-28;10;1225
26;2025-11-28;11;1117
26;2025-11-28;12;1108
26;2025-11-28;13;1170
26;2025-11-28;14;1327
26;2025-11-28;15;1357
26;2025-11-28;16;1645
26;2025-11-28;17;1757
26;2025-11-28;18;1321
26;2025-11-28;19;1048
26;2025-11-28;20;677
26;2025-11-28;21;469
26;2025-11-28;22;215
26;2025-11-28;23;159
26;2025-11-29;0;48
26;2025-11-29;1;2
26;2025-11-29;2;0
26;2025-11-29;3;0
26;2025-11-29;4;2
26;2025-11-29;5;49
26;2025-11-29;6;246
26;2025-11-29;7;365
26;2025-11-29;8;609
26;2025-11-29;9;674
26;2025-11-29;10;825
26;2025-11-29;11;989
26;2025-11-29;12;1068
26;2025-11-29;13;1041
26;2025-11-29;14;1081
26;2025-11-29;15;976
26;2025-11-29;16;1021
26;2025-11-29;17;939
26;2025-11-29;18;877
26;2025-11-29;19;767
26;2025-11-29;20;534
26;2025-11-29;21;351
26;2025-11-29;22;209
26;2025-11-29;23;152
26;2025-11-30;0;48
26;2025-11-30;1;4
26;2025-11-30;2;0
26;2025-11-30;3;0
26;2025-11-30;4;2
26;2025-11-30;5;24
26;2025-11-30;6;156
26;2025-11-30;7;254
26;2025-11-30;8;388
26;2025-11-30;9;520
26;2025-11-30;10;588
26;2025-11-30;11;820
26;2025-11-30;12;811
26;2025-11-30;13;862
26;2025-11-30;14;856
26;2025-11-30;15;779
26;2025-11-30;16;739
26;2025-11-30;17;758
26;2025-11-30;18;686
26;2025-11-30;19;516
26;2025-11-30;20;399
26;2025-11-30;21;277
26;2025-11-30;22;168
26;2025-11-30;23;102
26;2025-12-01;0;25
26;2025-12-01;1;2
26;2025-12-01;2;0
26;2025-12-01;3;0
26;2025-12-01;4;2
26;2025-12-01;5;90
26;2025-12-01;6;474
26;2025-12-01;7;1111
26;2025-12-01;8;2195
26;2025-12-01;9;1422
26;2025-12-01;10;1214
26;2025-12-01;11;1039
26;2025-12-01;12;1076
26;2025-12-01;13;1141
26;2025-12-01;14;1240
26;2025-12-01;15;1296
26;2025-12-01;16;1436
26;2025-12-01;17;1684
26;2025-12-01;18;1858
26;2025-12-01;19;1213
26;2025-12-01;20;741
26;2025-12-01;21;461
26;2025-12-01;22;203
26;2025-12-01;23;106
26;2025-12-02;0;30
26;2025-12-02;1;1
26;2025-12-02;2;0
26;2025-12-02;3;1
26;2025-12-02;4;2
26;2025-12-02;5;91
26;2025-12-02;6;491
26;2025-12-02;7;1125
26;2025-12-02;8;2275
26;2025-12-02;9;1470
26;2025-12-02;10;1264
26;2025-12-02;11;1155
26;2025-12-02;12;1190
26;2025-12-02;13;1163
26;2025-12-02;14;1240
26;2025-12-02;15;1355
26;2025-12-02;16;1500
26;2025-12-02;17;1769
26;2025-12-02;18;1964
26;2025-12-02;19;1318
26;2025-12-02;20;752
26;2025-12-02;21;465
26;2025-12-02;22;210
26;2025-12-02;23;117
26;2025-12-03;0;31
26;2025-12-03;1;2
26;2025-12-03;2;0
26;2025-12-03;3;0
26;2025-12-03;4;6
26;2025-12-03;5;103
26;2025-12-03;6;470
26;2025-12-03;7;1114
26;2025-12-03;8;2299
26;2025-12-03;9;1499
26;2025-12-03;10;1252
26;2025-12-03;11;1084
26;2025-12-03;12;1236
26;2025-12-03;13;1226
26;2025-12-03;14;1391
26;2025-12-03;15;1432
26;2025-12-03;16;1531
26;2025-12-03;17;1730
26;2025-12-03;18;1853
26;2025-12-03;19;1289
26;2025-12-03;20;806
26;2025-12-03;21;552
26;2025-12-03;22;234
26;2025-12-03;23;135
26;2025-12-04;0;43
26;2025-12-04;1;1
26;2025-12-04;2;0
26;2025-12-04;3;0
26;2025-12-04;4;2
26;2025-12-04;5;95
26;2025-12-04;6;480
26;2025-12-04;7;1071
26;2025-12-04;8;2200
26;2025-12-04;9;1503
26;2025-12-04;10;1202
26;2025-12-04;11;1142
26;2025-12-04;12;1183
26;2025-12-04;13;1178
26;2025-12-04;14;1352
26;2025-12-04;15;1372
26;2025-12-04;16;1504
26;2025-12-04;17;1695
26;2025-12-04;18;1866
26;2025-12-04;19;1213
26;2025-12-04;20;735
26;2025-12-04;21;489
26;2025-12-04;22;211
26;2025-12-04;23;130
26;2025-12-05;0;32
26;2025-12-05;1;1
26;2025-12-05;2;0
26;2025-12-05;3;0
26;2025-12-05;4;1
26;2025-12-05;5;83
26;2025-12-05;6;492
26;2025-12-05;7;1029
26;2025-12-05;8;2155
26;2025-12-05;9;1382
26;2025-12-05;10;1225
26;2025-12-05;11;1117
26;2025-12-05;12;1108
26;2025-12-05;13;1170
26;2025-12-05;14;1327
26;2025-12-05;15;1357
26;2025-12-05;16;1645
26;2025-12-05;17;1757
26;2025-12-05;18;1321
26;2025-12-05;19;1048
26;2025-12-05;20;677
26;2025-12-05;21;469
26;2025-12-05;22;215
26;2025-12-05;23;159
26;2025-12-06;0;48
26;2025-12-06;1;2
26;2025-12-06;2;0
26;2025-12-06;3;0
26;2025-12-06;4;2
26;2025-12-06;5;49
26;2025-12-06;6;246
26;2025-12-06;7;365
26;2025-12-06;8;609
26;2025-12-06;9;674
26;2025-12-06;10;825
26;2025-12-06;11;989
26;2025-12-06;12;1068
26;2025-12-06;13;1041
26;2025-12-06;14;1081
26;2025-12-06;15;976
26;2025-12-06;16;1021
26;2025-12-06;17;939
26;2025-12-06;18;877
26;2025-12-06;19;767
26;2025-12-06;20;534
26;2025-12-06;21;351
26;2025-12-06;22;209
26;2025-12-06;23;152
26;2025-12-07;0;48
26;2025-12-07;1;4
26;2025-12-07;2;0
26;2025-12-07;3;0
26;2025-12-07;4;2
26;2025-12-07;5;24
26;2025-12-07;6;156
26;2025-12-07;7;254
26;2025-12-07;8;388
26;2025-12-07;9;520
26;2025-12-07;10;588
26;2025-12-07;11;820
26;2025-12-07;12;811
26;2025-12-07;13;862
26;2025-12-07;14;856
26;2025-12-07;15;779
26;2025-12-07;16;739
26;2025-12-07;17;758
26;2025-12-07;18;686
26;2025-12-07;19;516
26;2025-12-07;20;399
26;2025-12-07;21;277
26;2025-12-07;22;168
26;2025-12-07;23;102
26;2025-12-08;0;25
26;2025-12-08;1;2
26;2025-12-08;2;0
26;2025-12-08;3;0
26;2025-12-08;4;2
26;2025-12-08;5;90
26;2025-12-08;6;474
26;2025-12-08;7;1111
26;2025-12-08;8;2195
26;2025-12-08;9;1422
26;2025-12-08;10;1214
26;2025-12-08;11;1039
26;2025-12-08;12;1076
26;2025-12-08;13;1141
26;2025-12-08;14;1240
26;2025-12-08;15;1296
26;2025-12-08;16;1436
26;2025-12-08;17;1684
26;2025-12-08;18;1858
26;2025-12-08;19;1213
26;2025-12-08;20;741
26;2025-12-08;21;461
26;2025-12-08;22;203
26;2025-12-08;23;106
26;2025-12-09;0;30
26;2025-12-09;1;1
26;2025-12-09;2;0
26;2025-12-09;3;1
26;2025-12-09;4;2
26;2025-12-09;5;91
26;2025-12-09;6;491
26;2025-12-09;7;1125
26;2025-12-09;8;2275
26;2025-12-09;9;1470
26;2025-12-09;10;1264
26;2025-12-09;11;1155
26;2025-12-09;12;1190
26;2025-12-09;13;1163
26;2025-12-09;14;1240
26;2025-12-09;15;1355
26;2025-12-09;16;1500
26;2025-12-09;17;1769
26;2025-12-09;18;1964
26;2025-12-09;19;1318
26;2025-12-09;20;752
26;2025-12-09;21;465
26;2025-12-09;22;210
26;2025-12-09;23;117
26;2025-12-10;0;31
26;2025-12-10;1;2
26;2025-12-10;2;0
26;2025-12-10;3;0
26;2025-12-10;4;6
26;2025-12-10;5;103
26;2025-12-10;6;470
26;2025-12-10;7;1114
26;2025-12-10;8;2299
26;2025-12-10;9;1499
26;2025-12-10;10;1252
26;2025-12-10;11;1084
26;2025-12-10;12;1236
26;2025-12-10;13;1226
26;2025-12-10;14;1391
26;2025-12-10;15;1432
26;2025-12-10;16;1531
26;2025-12-10;17;1730
26;2025-12-10;18;1853
26;2025-12-10;19;1289
26;2025-12-10;20;806
26;2025-12-10;21;552
26;2025-12-10;22;234
26;2025-12-10;23;135
26;2025-12-11;0;43
26;2025-12-11;1;1
26;2025-12-11;2;0
26;2025-12-11;3;0
26;2025-12-11;4;2
26;2025-12-11;5;95
26;2025-12-11;6;480
26;2025-12-11;7;1071
26;2025-12-11;8;2200
26;2025-12-11;9;1503
26;2025-12-11;10;1202
26;2025-12-11;11;1142
26;2025-12-11;12;1183
26;2025-12-11;13;1178
26;2025-12-11;14;1352
26;2025-12-11;15;1372
26;2025-12-11;16;1504
26;2025-12-11;17;1695
26;2025-12-11;18;1866
26;2025-12-11;19;1213
26;2025-12-11;20;735
26;2025-12-11;21;489
26;2025-12-11;22;211
26;2025-12-11;23;130
26;2025-12-12;0;32
26;2025-12-12;1;1
26;2025-12-12;2;0
26;2025-12-12;3;0
26;2025-12-12;4;1
26;2025-12-12;5;83
26;2025-12-12;6;492
26;2025-12-12;7;1029
26;2025-12-12;8;2155
26;2025-12-12;9;1382
26;2025-12-12;10;1225
26;2025-12-12;11;1117
26;2025-12-12;12;1108
26;2025-12-12;13;1170
26;2025-12-12;14;1327
26;2025-12-12;15;1357
26;2025-12-12;16;1645
26;2025-12-12;17;1757
26;2025-12-12;18;1321
26;2025-12-12;19;1048
26;2025-12-12;20;677
26;2025-12-12;21;469
26;2025-12-12;22;215
26;2025-12-12;23;159
26;2025-12-13;0;48
26;2025-12-13;1;2
26;2025-12-13;2;0
26;2025-12-13;3;0
26;2025-12-13;4;2
26;2025-12-13;5;49
26;2025-12-13;6;246
26;2025-12-13;7;365
26;2025-12-13;8;609
26;2025-12-13;9;674
26;2025-12-13;10;825
26;2025-12-13;11;989
26;2025-12-13;12;1068
26;2025-12-13;13;1041
26;2025-12-13;14;1081
26;2025-12-13;15;976
26;2025-12-13;16;1021
26;2025-12-13;17;939
26;2025-12-13;18;877
26;2025-12-13;19;767
26;2025-12-13;20;534
26;2025-12-13;21;351
26;2025-12-13;22;209
26;2025-12-13;23;152
26;2025-12-14;0;48
26;2025-12-14;1;4
26;2025-12-14;2;0
26;2025-12-14;3;0
26;2025-12-14;4;2
26;2025-12-14;5;24
26;2025-12-14;6;156
26;2025-12-14;7;254
26;2025-12-14;8;388
26;2025-12-14;9;520
26;2025-12-14;10;588
26;2025-12-14;11;820
26;2025-12-14;12;811
26;2025-12-14;13;862
26;2025-12-14;14;856
26;2025-12-14;15;779
26;2025-12-14;16;739
26;2025-12-14;17;758
26;2025-12-14;18;686
26;2025-12-14;19;516
26;2025-12-14;20;399
26;2025-12-14;21;277
26;2025-12-14;22;168
26;2025-12-14;23;102
26;2025-12-15;0;25
26;2025-12-15;1;2
26;2025-12-15;2;0
26;2025-12-15;3;0
26;2025-12-15;4;2
26;2025-12-15;5;90
26;2025-12-15;6;474
26;2025-12-15;7;1111
26;2025-12-15;8;2195
26;2025-12-15;9;1422
26;2025-12-15;10;1214
26;2025-12-15;11;1039
26;2025-12-15;12;1076
26;2025-12-15;13;1141
26;2025-12-15;14;1240
26;2025-12-15;15;1296
26;2025-12-15;16;1436
26;2025-12-15;17;1684
26;2025-12-15;18;1858
26;2025-12-15;19;1213
26;2025-12-15;20;741
26;2025-12-15;21;461
26;2025-12-15;22;203
26;2025-12-15;23;106
26;2025-12-16;0;30
26;2025-12-16;1;1
26;2025-12-16;2;0
26;2025-12-16;3;1
26;2025-12-16;4;2
26;2025-12-16;5;91
26;2025-12-16;6;491
26;2025-12-16;7;1125
26;2025-12-16;8;2275
26;2025-12-16;9;1470
26;2025-12-16;10;1264
26;2025-12-16;11;1155
26;2025-12-16;12;1190
26;2025-12-16;13;1163
26;2025-12-16;14;1240
26;2025-12-16;15;1355
26;2025-12-16;16;1500
26;2025-12-16;17;1769
26;2025-12-16;18;1964
26;2025-12-16;19;1318
26;2025-12-16;20;752
26;2025-12-16;21;465
26;2025-12-16;22;210
26;2025-12-16;23;117
26;2025-12-17;0;31
26;2025-12-17;1;2
26;2025-12-17;2;0
26;2025-12-17;3;0
26;2025-12-17;4;6
26;2025-12-17;5;103
26;2025-12-17;6;470
26;2025-12-17;7;1114
26;2025-12-17;8;2299
26;2025-12-17;9;1499
26;2025-12-17;10;1252
26;2025-12-17;11;1084
26;2025-12-17;12;1236
26;2025-12-17;13;1226
26;2025-12-17;14;1391
26;2025-12-17;15;1432
26;2025-12-17;16;1531
26;2025-12-17;17;1730
26;2025-12-17;18;1853
26;2025-12-17;19;1289
26;2025-12-17;20;806
26;2025-12-17;21;552
26;2025-12-17;22;234
26;2025-12-17;23;135
26;2025-12-18;0;43
26;2025-12-18;1;1
26;2025-12-18;2;0
26;2025-12-18;3;0
26;2025-12-18;4;2
26;2025-12-18;5;95
26;2025-12-18;6;480
26;2025-12-18;7;1071
26;2025-12-18;8;2200
26;2025-12-18;9;1503
26;2025-12-18;10;1202
26;2025-12-18;11;1142
26;2025-12-18;12;1183
26;2025-12-18;13;1178
26;2025-12-18;14;1352
26;2025-12-18;15;1372
26;2025-12-18;16;1504
26;2025-12-18;17;1695
26;2025-12-18;18;1866
26;2025-12-18;19;1213
26;2025-12-18;20;735
26;2025-12-18;21;489
26;2025-12-18;22;211
26;2025-12-18;23;130
26;2025-12-19;0;32
26;2025-12-19;1;1
26;2025-12-19;2;0
26;2025-12-19;3;0
26;2025-12-19;4;1
26;2025-12-19;5;83
26;2025-12-19;6;492
26;2025-12-19;7;1029
26;2025-12-19;8;2155
26;2025-12-19;9;1382
26;2025-12-19;10;1225
26;2025-12-19;11;1117
26;2025-12-19;12;1108
26;2025-12-19;13;1170
26;2025-12-19;14;1327
26;2025-12-19;15;1357
26;2025-12-19;16;1645
26;2025-12-19;17;1757
26;2025-12-19;18;1321
26;2025-12-19;19;1048
26;2025-12-19;20;677
26;2025-12-19;21;469
26;2025-12-19;22;215
26;2025-12-19;23;159
26;2025-12-20;0;48
26;2025-12-20;1;2
26;2025-12-20;2;0
26;2025-12-20;3;0
26;2025-12-20;4;2
26;2025-12-20;5;49
26;2025-12-20;6;246
26;2025-12-20;7;365
26;2025-12-20;8;609
26;2025-12-20;9;674
26;2025-12-20;10;825
26;2025-12-20;11;989
26;2025-12-20;12;1068
26;2025-12-20;13;1041
26;2025-12-20;14;1081
26;2025-12-20;15;976
26;2025-12-20;16;1021
26;2025-12-20;17;939
26;2025-12-20;18;877
26;2025-12-20;19;767
26;2025-12-20;20;534
26;2025-12-20;21;351
26;2025-12-20;22;209
26;2025-12-20;23;152
26;2025-12-21;0;48
26;2025-12-21;1;4
26;2025-12-21;2;0
26;2025-12-21;3;0
26;2025-12-21;4;2
26;2025-12-21;5;24
26;2025-12-21;6;156
26;2025-12-21;7;254
26;2025-12-21;8;388
26;2025-12-21;9;520
26;2025-12-21;10;588
26;2025-12-21;11;820
26;2025-12-21;12;811
26;2025-12-21;13;862
26;2025-12-21;14;856
26;2025-12-21;15;779
26;2025-12-21;16;739
26;2025-12-21;17;758
26;2025-12-21;18;686
26;2025-12-21;19;516
26;2025-12-21;20;399
26;2025-12-21;21;277
26;2025-12-21;22;168
26;2025-12-21;23;102
26;2025-12-22;0;25
26;2025-12-22;1;2
26;2025-12-22;2;0
26;2025-12-22;3;0
26;2025-12-22;4;2
26;2025-12-22;5;90
26;2025-12-22;6;474
26;2025-12-22;7;1111
26;2025-12-22;8;2195
26;2025-12-22;9;1422
26;2025-12-22;10;1214
26;2025-12-22;11;1039
26;2025-12-22;12;1076
26;2025-12-22;13;1141
26;2025-12-22;14;1240
26;2025-12-22;15;1296
26;2025-12-22;16;1436
26;2025-12-22;17;1684
26;2025-12-22;18;1858
26;2025-12-22;19;1213
26;2025-12-22;20;741
26;2025-12-22;21;461
26;2025-12-22;22;203
26;2025-12-22;23;106
26;2025-12-23;0;30
26;2025-12-23;1;1
26;2025-12-23;2;0
26;2025-12-23;3;1
26;2025-12-23;4;2
26;2025-12-23;5;91
26;2025-12-23;6;491
26;2025-12-23;7;1125
26;2025-12-23;8;2275
26;2025-12-23;9;1470
26;2025-12-23;10;1264
26;2025-12-23;11;1155
26;2025-12-23;12;1190
26;2025-12-23;13;1163
26;2025-12-23;14;1240
26;2025-12-23;15;1355
26;2025-12-23;16;1500
26;2025-12-23;17;1769
26;2025-12-23;18;1964
26;2025-12-23;19;1318
26;2025-12-23;20;752
26;2025-12-23;21;465
26;2025-12-23;22;210
26;2025-12-23;23;117
26;2025-12-24;0;31
26;2025-12-24;1;2
26;2025-12-24;2;0
26;2025-12-24;3;0
26;2025-12-24;4;6
26;2025-12-24;5;103
26;2025-12-24;6;470
26;2025-12-24;7;1114
26;2025-12-24;8;2299
26;2025-12-24;9;1499
26;2025-12-24;10;1252
26;2025-12-24;11;1084
26;2025-12-24;12;1236
26;2025-12-24;13;1226
26;2025-12-24;14;1391
26;2025-12-24;15;1432
26;2025-12-24;16;1531
26;2025-12-24;17;1730
26;2025-12-24;18;1853
26;2025-12-24;19;1289
26;2025-12-24;20;806
26;2025-12-24;21;552
26;2025-12-24;22;234
26;2025-12-24;23;135
26;2025-12-25;0;43
26;2025-12-25;1;1
26;2025-12-25;2;0
26;2025-12-25;3;0
26;2025-12-25;4;2
26;2025-12-25;5;95
26;2025-12-25;6;480
26;2025-12-25;7;1071
26;2025-12-25;8;2200
26;2025-12-25;9;1503
26;2025-12-25;10;1202
26;2025-12-25;11;1142
26;2025-12-25;12;1183
26;2025-12-25;13;1178
26;2025-12-25;14;1352
26;2025-12-25;15;1372
26;2025-12-25;16;1504
26;2025-12-25;17;1695
26;2025-12-25;18;1866
26;2025-12-25;19;1213
26;2025-12-25;20;735
26;2025-12-25;21;489
26;2025-12-25;22;211
26;2025-12-25;23;130
26;2025-12-26;0;32
26;2025-12-26;1;1
26;2025-12-26;2;0
26;2025-12-26;3;0
26;2025-12-26;4;1
26;2025-12-26;5;83
26;2025-12-26;6;492
26;2025-12-26;7;1029
26;2025-12-26;8;2155
26;2025-12-26;9;1382
26;2025-12-26;10;1225
26;2025-12-26;11;1117
26;2025-12-26;12;1108
26;2025-12-26;13;1170
26;2025-12-26;14;1327
26;2025-12-26;15;1357
26;2025-12-26;16;1645
26;2025-12-26;17;1757
26;2025-12-26;18;1321
26;2025-12-26;19;1048
26;2025-12-26;20;677
26;2025-12-26;21;469
26;2025-12-26;22;215
26;2025-12-26;23;159
26;2025-12-27;0;48
26;2025-12-27;1;2
26;2025-12-27;2;0
26;2025-12-27;3;0
26;2025-12-27;4;2
26;2025-12-27;5;49
26;2025-12-27;6;246
26;2025-12-27;7;365
26;2025-12-27;8;609
26;2025-12-27;9;674
26;2025-12-27;10;825
26;2025-12-27;11;989
26;2025-12-27;12;1068
26;2025-12-27;13;1041
26;2025-12-27;14;1081
26;2025-12-27;15;976
26;2025-12-27;16;1021
26;2025-12-27;17;939
26;2025-12-27;18;877
26;2025-12-27;19;767
26;2025-12-27;20;534
26;2025-12-27;21;351
26;2025-12-27;22;209
26;2025-12-27;23;152
26;2025-12-28;0;48
26;2025-12-28;1;4
26;2025-12-28;2;0
26;2025-12-28;3;0
26;2025-12-28;4;2
26;2025-12-28;5;24
26;2025-12-28;6;156
26;2025-12-28;7;254
26;2025-12-28;8;388
26;2025-12-28;9;520
26;2025-12-28;10;588
26;2025-12-28;11;820
26;2025-12-28;12;811
26;2025-12-28;13;862
26;2025-12-28;14;856
26;2025-12-28;15;779
26;2025-12-28;16;739
26;2025-12-28;17;758
26;2025-12-28;18;686
26;2025-12-28;19;516
26;2025-12-28;20;399
26;2025-12-28;21;277
26;2025-12-28;22;168
26;2025-12-28;23;102
26;2025-12-29;0;24
26;2025-12-29;1;2
26;2025-12-29;2;0
26;2025-12-29;3;0
26;2025-12-29;4;2
26;2025-12-29;5;86
26;2025-12-29;6;455
26;2025-12-29;7;1066
26;2025-12-29;8;2107
26;2025-12-29;9;1366
26;2025-12-29;10;1166
26;2025-12-29;11;997
26;2025-12-29;12;1033
26;2025-12-29;13;1095
26;2025-12-29;14;1191
26;2025-12-29;15;1244
26;2025-12-29;16;1379
26;2025-12-29;17;1616
26;2025-12-29;18;1783
26;2025-12-29;19;1165
26;2025-12-29;20;711
26;2025-12-29;21;442
26;2025-12-29;22;195
26;2025-12-29;23;102
26;2025-12-30;0;27
26;2025-12-30;1;1
26;2025-12-30;2;0
26;2025-12-30;3;1
26;2025-12-30;4;2
26;2025-12-30;5;84
26;2025-12-30;6;451
26;2025-12-30;7;1035
26;2025-12-30;8;2093
26;2025-12-30;9;1352
26;2025-12-30;10;1163
26;2025-12-30;11;1063
26;2025-12-30;12;1095
26;2025-12-30;13;1070
26;2025-12-30;14;1141
26;2025-12-30;15;1247
26;2025-12-30;16;1380
26;2025-12-30;17;1627
26;2025-12-30;18;1807
26;2025-12-30;19;1213
26;2025-12-30;20;691
26;2025-12-30;21;427
26;2025-12-30;22;193
26;2025-12-30;23;108
26;2025-12-31;0;43
26;2025-12-31;1;3
26;2025-12-31;2;0
26;2025-12-31;3;0
26;2025-12-31;4;1
26;2025-12-31;5;29
26;2025-12-31;6;165
26;2025-12-31;7;257
26;2025-12-31;8;410
26;2025-12-31;9;505
26;2025-12-31;10;590
26;2025-12-31;11;774
26;2025-12-31;12;793
26;2025-12-31;13;814
26;2025-12-31;14;822
26;2025-12-31;15;746
26;2025-12-31;16;737
26;2025-12-31;17;723
26;2025-12-31;18;662
26;2025-12-31;19;531
26;2025-12-31;20;393
26;2025-12-31;21;267
26;2025-12-31;22;160
26;2025-12-31;23;105
28;2025-11-01;0;0
28;2025-11-01;1;0
28;2025-11-01;2;0
28;2025-11-01;3;0
28;2025-11-01;4;1
28;2025-11-01;5;61
28;2025-11-01;6;208
28;2025-11-01;7;590
28;2025-11-01;8;922
28;2025-11-01;9;687
28;2025-11-01;10;581
28;2025-11-01;11;567
28;2025-11-01;12;709
28;2025-11-01;13;676
28;2025-11-01;14;657
28;2025-11-01;15;679
28;2025-11-01;16;815
28;2025-11-01;17;830
28;2025-11-01;18;731
28;2025-11-01;19;537
28;2025-11-01;20;386
28;2025-11-01;21;310
28;2025-11-01;22;123
28;2025-11-01;23;19
28;2025-11-02;0;3
28;2025-11-02;1;1
28;2025-11-02;2;0
28;2025-11-02;3;1
28;2025-11-02;4;0
28;2025-11-02;5;28
28;2025-11-02;6;74
28;2025-11-02;7;152
28;2025-11-02;8;241
28;2025-11-02;9;327
28;2025-11-02;10;368
28;2025-11-02;11;408
28;2025-11-02;12;427
28;2025-11-02;13;508
28;2025-11-02;14;484
28;2025-11-02;15;484
28;2025-11-02;16;439
28;2025-11-02;17;452
28;2025-11-02;18;402
28;2025-11-02;19;352
28;2025-11-02;20;277
28;2025-11-02;21;223
28;2025-11-02;22;103
28;2025-11-02;23;12
28;2025-11-03;0;2
28;2025-11-03;1;1
28;2025-11-03;2;0
28;2025-11-03;3;0
28;2025-11-03;4;0
28;2025-11-03;5;30
28;2025-11-03;6;80
28;2025-11-03;7;168
28;2025-11-03;8;275
28;2025-11-03;9;354
28;2025-11-03;10;394
28;2025-11-03;11;425
28;2025-11-03;12;462
28;2025-11-03;13;525
28;2025-11-03;14;496
28;2025-11-03;15;505
28;2025-11-03;16;470
28;2025-11-03;17;476
28;2025-11-03;18;422
28;2025-11-03;19;357
28;2025-11-03;20;275
28;2025-11-03;21;228
28;2025-11-03;22;104
28;2025-11-03;23;12
28;2025-11-04;0;2
28;2025-11-04;1;1
28;2025-11-04;2;0
28;2025-11-04;3;0
28;2025-11-04;4;0
28;2025-11-04;5;27
28;2025-11-04;6;70
28;2025-11-04;7;147
28;2025-11-04;8;237
28;2025-11-04;9;311
28;2025-11-04;10;347
28;2025-11-04;11;379
28;2025-11-04;12;405
28;2025-11-04;13;469
28;2025-11-04;14;445
28;2025-11-04;15;450
28;2025-11-04;16;414
28;2025-11-04;17;422
28;2025-11-04;18;374
28;2025-11-04;19;321
28;2025-11-04;20;250
28;2025-11-04;21;205
28;2025-11-04;22;94
28;2025-11-04;23;11
28;2025-11-05;0;0
28;2025-11-05;1;0
28;2025-11-05;2;0
28;2025-11-05;3;0
28;2025-11-05;4;2
28;2025-11-05;5;79
28;2025-11-05;6;257
28;2025-11-05;7;780
28;2025-11-05;8;1263
28;2025-11-05;9;882
28;2025-11-05;10;624
28;2025-11-05;11;598
28;2025-11-05;12;747
28;2025-11-05;13;738
28;2025-11-05;14;690
28;2025-11-05;15;699
28;2025-11-05;16;965
28;2025-11-05;17;1054
28;2025-11-05;18;1047
28;2025-11-05;19;808
28;2025-11-05;20;556
28;2025-11-05;21;348
28;2025-11-05;22;124
28;2025-11-05;23;17
28;2025-11-06;0;4
28;2025-11-06;1;1
28;2025-11-06;2;0
28;2025-11-06;3;0
28;2025-11-06;4;1
28;2025-11-06;5;84
28;2025-11-06;6;259
28;2025-11-06;7;816
28;2025-11-06;8;1262
28;2025-11-06;9;847
28;2025-11-06;10;598
28;2025-11-06;11;566
28;2025-11-06;12;706
28;2025-11-06;13;721
28;2025-11-06;14;672
28;2025-11-06;15;751
28;2025-11-06;16;893
28;2025-11-06;17;1100
28;2025-11-06;18;1079
28;2025-11-06;19;778
28;2025-11-06;20;571
28;2025-11-06;21;337
28;2025-11-06;22;132
28;2025-11-06;23;15
28;2025-11-07;0;1
28;2025-11-07;1;0
28;2025-11-07;2;0
28;2025-11-07;3;0
28;2025-11-07;4;2
28;2025-11-07;5;77
28;2025-11-07;6;276
28;2025-11-07;7;831
28;2025-11-07;8;1272
28;2025-11-07;9;840
28;2025-11-07;10;638
28;2025-11-07;11;611
28;2025-11-07;12;786
28;2025-11-07;13;723
28;2025-11-07;14;722
28;2025-11-07;15;735
28;2025-11-07;16;965
28;2025-11-07;17;999
28;2025-11-07;18;881
28;2025-11-07;19;636
28;2025-11-07;20;453
28;2025-11-07;21;345
28;2025-11-07;22;129
28;2025-11-07;23;21
28;2025-11-08;0;1
28;2025-11-08;1;0
28;2025-11-08;2;0
28;2025-11-08;3;0
28;2025-11-08;4;1
28;2025-11-08;5;38
28;2025-11-08;6;106
28;2025-11-08;7;228
28;2025-11-08;8;397
28;2025-11-08;9;459
28;2025-11-08;10;495
28;2025-11-08;11;502
28;2025-11-08;12;594
28;2025-11-08;13;606
28;2025-11-08;14;559
28;2025-11-08;15;596
28;2025-11-08;16;592
28;2025-11-08;17;575
28;2025-11-08;18;507
28;2025-11-08;19;389
28;2025-11-08;20;285
28;2025-11-08;21;258
28;2025-11-08;22;113
28;2025-11-08;23;15
28;2025-11-09;0;3
28;2025-11-09;1;1
28;2025-11-09;2;0
28;2025-11-09;3;1
28;2025-11-09;4;0
28;2025-11-09;5;30
28;2025-11-09;6;77
28;2025-11-09;7;160
28;2025-11-09;8;254
28;2025-11-09;9;344
28;2025-11-09;10;388
28;2025-11-09;11;429
28;2025-11-09;12;450
28;2025-11-09;13;535
28;2025-11-09;14;510
28;2025-11-09;15;510
28;2025-11-09;16;463
28;2025-11-09;17;476
28;2025-11-09;18;423
28;2025-11-09;19;371
28;2025-11-09;20;291
28;2025-11-09;21;235
28;2025-11-09;22;109
28;2025-11-09;23;12
28;2025-11-10;0;0
28;2025-11-10;1;0
28;2025-11-10;2;0
28;2025-11-10;3;0
28;2025-11-10;4;2
28;2025-11-10;5;74
28;2025-11-10;6;261
28;2025-11-10;7;732
28;2025-11-10;8;1229
28;2025-11-10;9;826
28;2025-11-10;10;610
28;2025-11-10;11;530
28;2025-11-10;12;671
28;2025-11-10;13;677
28;2025-11-10;14;608
28;2025-11-10;15;607
28;2025-11-10;16;872
28;2025-11-10;17;965
28;2025-11-10;18;939
28;2025-11-10;19;705
28;2025-11-10;20;460
28;2025-11-10;21;293
28;2025-11-10;22;106
28;2025-11-10;23;5
28;2025-11-11;0;0
28;2025-11-11;1;0
28;2025-11-11;2;0
28;2025-11-11;3;0
28;2025-11-11;4;1
28;2025-11-11;5;73
28;2025-11-11;6;255
28;2025-11-11;7;780
28;2025-11-11;8;1322
28;2025-11-11;9;814
28;2025-11-11;10;669
28;2025-11-11;11;569
28;2025-11-11;12;687
28;2025-11-11;13;690
28;2025-11-11;14;659
28;2025-11-11;15;679
28;2025-11-11;16;774
28;2025-11-11;17;990
28;2025-11-11;18;940
28;2025-11-11;19;690
28;2025-11-11;20;486
28;2025-11-11;21;318
28;2025-11-11;22;119
28;2025-11-11;23;12
28;2025-11-12;0;0
28;2025-11-12;1;0
28;2025-11-12;2;0
28;2025-11-12;3;0
28;2025-11-12;4;2
28;2025-11-12;5;79
28;2025-11-12;6;257
28;2025-11-12;7;780
28;2025-11-12;8;1263
28;2025-11-12;9;882
28;2025-11-12;10;624
28;2025-11-12;11;598
28;2025-11-12;12;747
28;2025-11-12;13;738
28;2025-11-12;14;690
28;2025-11-12;15;699
28;2025-11-12;16;965
28;2025-11-12;17;1054
28;2025-11-12;18;1047
28;2025-11-12;19;808
28;2025-11-12;20;556
28;2025-11-12;21;348
28;2025-11-12;22;124
28;2025-11-12;23;17
28;2025-11-13;0;4
28;2025-11-13;1;1
28;2025-11-13;2;0
28;2025-11-13;3;0
28;2025-11-13;4;1
28;2025-11-13;5;84
28;2025-11-13;6;259
28;2025-11-13;7;816
28;2025-11-13;8;1262
28;2025-11-13;9;847
28;2025-11-13;10;598
28;2025-11-13;11;566
28;2025-11-13;12;706
28;2025-11-13;13;721
28;2025-11-13;14;672
28;2025-11-13;15;751
28;2025-11-13;16;893
28;2025-11-13;17;1100
28;2025-11-13;18;1079
28;2025-11-13;19;778
28;2025-11-13;20;571
28;2025-11-13;21;337
28;2025-11-13;22;132
28;2025-11-13;23;15
28;2025-11-14;0;1
28;2025-11-14;1;0
28;2025-11-14;2;0
28;2025-11-14;3;0
28;2025-11-14;4;2
28;2025-11-14;5;77
28;2025-11-14;6;276
28;2025-11-14;7;831
28;2025-11-14;8;1272
28;2025-11-14;9;840
28;2025-11-14;10;638
28;2025-11-14;11;611
28;2025-11-14;12;786
28;2025-11-14;13;723
28;2025-11-14;14;722
28;2025-11-14;15;735
28;2025-11-14;16;965
28;2025-11-14;17;999
28;2025-11-14;18;881
28;2025-11-14;19;636
28;2025-11-14;20;453
28;2025-11-14;21;345
28;2025-11-14;22;129
28;2025-11-14;23;21
28;2025-11-15;0;1
28;2025-11-15;1;0
28;2025-11-15;2;0
28;2025-11-15;3;0
28;2025-11-15;4;1
28;2025-11-15;5;38
28;2025-11-15;6;106
28;2025-11-15;7;228
28;2025-11-15;8;397
28;2025-11-15;9;459
28;2025-11-15;10;495
28;2025-11-15;11;502
28;2025-11-15;12;594
28;2025-11-15;13;606
28;2025-11-15;14;559
28;2025-11-15;15;596
28;2025-11-15;16;592
28;2025-11-15;17;575
28;2025-11-15;18;507
28;2025-11-15;19;389
28;2025-11-15;20;285
28;2025-11-15;21;258
28;2025-11-15;22;113
28;2025-11-15;23;15
28;2025-11-16;0;3
28;2025-11-16;1;1
28;2025-11-16;2;0
28;2025-11-16;3;1
28;2025-11-16;4;0
28;2025-11-16;5;30
28;2025-11-16;6;77
28;2025-11-16;7;160
28;2025-11-16;8;254
28;2025-11-16;9;344
28;2025-11-16;10;388
28;2025-11-16;11;429
28;2025-11-16;12;450
28;2025-11-16;13;535
28;2025-11-16;14;510
28;2025-11-16;15;510
28;2025-11-16;16;463
28;2025-11-16;17;476
28;2025-11-16;18;423
28;2025-11-16;19;371
28;2025-11-16;20;291
28;2025-11-16;21;235
28;2025-11-16;22;109
28;2025-11-16;23;12
28;2025-11-17;0;0
28;2025-11-17;1;0
28;2025-11-17;2;0
28;2025-11-17;3;0
28;2025-11-17;4;2
28;2025-11-17;5;74
28;2025-11-17;6;261
28;2025-11-17;7;732
28;2025-11-17;8;1229
28;2025-11-17;9;826
28;2025-11-17;10;610
28;2025-11-17;11;530
28;2025-11-17;12;671
28;2025-11-17;13;677
28;2025-11-17;14;608
28;2025-11-17;15;607
28;2025-11-17;16;872
28;2025-11-17;17;965
28;2025-11-17;18;939
28;2025-11-17;19;705
28;2025-11-17;20;460
28;2025-11-17;21;293
28;2025-11-17;22;106
28;2025-11-17;23;5
28;2025-11-18;0;0
28;2025-11-18;1;0
28;2025-11-18;2;0
28;2025-11-18;3;0
28;2025-11-18;4;1
28;2025-11-18;5;73
28;2025-11-18;6;255
28;2025-11-18;7;780
28;2025-11-18;8;1322
28;2025-11-18;9;814
28;2025-11-18;10;669
28;2025-11-18;11;569
28;2025-11-18;12;687
28;2025-11-18;13;690
28;2025-11-18;14;659
28;2025-11-18;15;679
28;2025-11-18;16;774
28;2025-11-18;17;990
28;2025-11-18;18;940
28;2025-11-18;19;690
28;2025-11-18;20;486
28;2025-11-18;21;318
28;2025-11-18;22;119
28;2025-11-18;23;12
28;2025-11-19;0;0
28;2025-11-19;1;0
28;2025-11-19;2;0
28;2025-11-19;3;0
28;2025-11-19;4;2
28;2025-11-19;5;79
28;2025-11-19;6;257
28;2025-11-19;7;780
28;2025-11-19;8;1263
28;2025-11-19;9;882
28;2025-11-19;10;624
28;2025-11-19;11;598
28;2025-11-19;12;747
28;2025-11-19;13;738
28;2025-11-19;14;690
28;2025-11-19;15;699
28;2025-11-19;16;965
28;2025-11-19;17;1054
28;2025-11-19;18;1047
28;2025-11-19;19;808
28;2025-11-19;20;556
28;2025-11-19;21;348
28;2025-11-19;22;124
28;2025-11-19;23;17
28;2025-11-20;0;4
28;2025-11-20;1;1
28;2025-11-20;2;0
28;2025-11-20;3;0
28;2025-11-20;4;1
28;2025-11-20;5;84
28;2025-11-20;6;259
28;2025-11-20;7;816
28;2025-11-20;8;1262
28;2025-11-20;9;847
28;2025-11-20;10;598
28;2025-11-20;11;566
28;2025-11-20;12;706
28;2025-11-20;13;721
28;2025-11-20;14;672
28;2025-11-20;15;751
28;2025-11-20;16;893
28;2025-11-20;17;1100
28;2025-11-20;18;1079
28;2025-11-20;19;778
28;2025-11-20;20;571
28;2025-11-20;21;337
28;2025-11-20;22;132
28;2025-11-20;23;15
28;2025-11-21;0;1
28;2025-11-21;1;0
28;2025-11-21;2;0
28;2025-11-21;3;0
28;2025-11-21;4;2
28;2025-11-21;5;77
28;2025-11-21;6;276
28;2025-11-21;7;831
28;2025-11-21;8;1272
28;2025-11-21;9;840
28;2025-11-21;10;638
28;2025-11-21;11;611
28;2025-11-21;12;786
28;2025-11-21;13;723
28;2025-11-21;14;722
28;2025-11-21;15;735
28;2025-11-21;16;965
28;2025-11-21;17;999
28;2025-11-21;18;881
28;2025-11-21;19;636
28;2025-11-21;20;453
28;2025-11-21;21;345
28;2025-11-21;22;129
28;2025-11-21;23;21
28;2025-11-22;0;1
28;2025-11-22;1;0
28;2025-11-22;2;0
28;2025-11-22;3;0
28;2025-11-22;4;1
28;2025-11-22;5;38
28;2025-11-22;6;106
28;2025-11-22;7;228
28;2025-11-22;8;397
28;2025-11-22;9;459
28;2025-11-22;10;495
28;2025-11-22;11;502
28;2025-11-22;12;594
28;2025-11-22;13;606
28;2025-11-22;14;559
28;2025-11-22;15;596
28;2025-11-22;16;592
28;2025-11-22;17;575
28;2025-11-22;18;507
28;2025-11-22;19;389
28;2025-11-22;20;285
28;2025-11-22;21;258
28;2025-11-22;22;113
28;2025-11-22;23;15
28;2025-11-23;0;3
28;2025-11-23;1;1
28;2025-11-23;2;0
28;2025-11-23;3;1
28;2025-11-23;4;0
28;2025-11-23;5;30
28;2025-11-23;6;77
28;2025-11-23;7;160
28;2025-11-23;8;254
28;2025-11-23;9;344
28;2025-11-23;10;388
28;2025-11-23;11;429
28;2025-11-23;12;450
28;2025-11-23;13;535
28;2025-11-23;14;510
28;2025-11-23;15;510
28;2025-11-23;16;463
28;2025-11-23;17;476
28;2025-11-23;18;423
28;2025-11-23;19;371
28;2025-11-23;20;291
28;2025-11-23;21;235
28;2025-11-23;22;109
28;2025-11-23;23;12
28;2025-11-24;0;0
28;2025-11-24;1;0
28;2025-11-24;2;0
28;2025-11-24;3;0
28;2025-11-24;4;2
28;2025-11-24;5;74
28;2025-11-24;6;261
28;2025-11-24;7;732
28;2025-11-24;8;1229
28;2025-11-24;9;826
28;2025-11-24;10;610
28;2025-11-24;11;530
28;2025-11-24;12;671
28;2025-11-24;13;677
28;2025-11-24;14;608
28;2025-11-24;15;607
28;2025-11-24;16;872
28;2025-11-24;17;965
28;2025-11-24;18;939
28;2025-11-24;19;705
28;2025-11-24;20;460
28;2025-11-24;21;293
28;2025-11-24;22;106
28;2025-11-24;23;5
28;2025-11-25;0;0
28;2025-11-25;1;0
28;2025-11-25;2;0
28;2025-11-25;3;0
28;2025-11-25;4;1
28;2025-11-25;5;73
28;2025-11-25;6;255
28;2025-11-25;7;780
28;2025-11-25;8;1322
28;2025-11-25;9;814
28;2025-11-25;10;669
28;2025-11-25;11;569
28;2025-11-25;12;687
28;2025-11-25;13;690
28;2025-11-25;14;659
28;2025-11-25;15;679
28;2025-11-25;16;774
28;2025-11-25;17;990
28;2025-11-25;18;940
28;2025-11-25;19;690
28;2025-11-25;20;486
28;2025-11-25;21;318
28;2025-11-25;22;119
28;2025-11-25;23;12
28;2025-11-26;0;0
28;2025-11-26;1;0
28;2025-11-26;2;0
28;2025-11-26;3;0
28;2025-11-26;4;2
28;2025-11-26;5;79
28;2025-11-26;6;257
28;2025-11-26;7;780
28;2025-11-26;8;1263
28;2025-11-26;9;882
28;2025-11-26;10;624
28;2025-11-26;11;598
28;2025-11-26;12;747
28;2025-11-26;13;738
28;2025-11-26;14;690
28;2025-11-26;15;699
28;2025-11-26;16;965
28;2025-11-26;17;1054
28;2025-11-26;18;1047
28;2025-11-26;19;808
28;2025-11-26;20;556
28;2025-11-26;21;348
28;2025-11-26;22;124
28;2025-11-26;23;17
28;2025-11-27;0;4
28;2025-11-27;1;1
28;2025-11-27;2;0
28;2025-11-27;3;0
28;2025-11-27;4;1
28;2025-11-27;5;84
28;2025-11-27;6;259
28;2025-11-27;7;816
28;2025-11-27;8;1262
28;2025-11-27;9;847
28;2025-11-27;10;598
28;2025-11-27;11;566
28;2025-11-27;12;706
28;2025-11-27;13;721
28;2025-11-27;14;672
28;2025-11-27;15;751
28;2025-11-27;16;893
28;2025-11-27;17;1100
28;2025-11-27;18;1079
28;2025-11-27;19;778
28;2025-11-27;20;571
28;2025-11-27;21;337
28;2025-11-27;22;132
28;2025-11-27;23;15
28;2025-11-28;0;1
28;2025-11-28;1;0
28;2025-11-28;2;0
28;2025-11-28;3;0
28;2025-11-28;4;2
28;2025-11-28;5;77
28;2025-11-28;6;276
28;2025-11-28;7;831
28;2025-11-28;8;1272
28;2025-11-28;9;840
28;2025-11-28;10;638
28;2025-11-28;11;611
28;2025-11-28;12;786
28;2025-11-28;13;723
28;2025-11-28;14;722
28;2025-11-28;15;735
28;2025-11-28;16;965
28;2025-11-28;17;999
28;2025-11-28;18;881
28;2025-11-28;19;636
28;2025-11-28;20;453
28;2025-11-28;21;345
28;2025-11-28;22;129
28;2025-11-28;23;21
28;2025-11-29;0;1
28;2025-11-29;1;0
28;2025-11-29;2;0
28;2025-11-29;3;0
28;2025-11-29;4;1
28;2025-11-29;5;38
28;2025-11-29;6;106
28;2025-11-29;7;228
28;2025-11-29;8;397
28;2025-11-29;9;459
28;2025-11-29;10;495
28;2025-11-29;11;502
28;2025-11-29;12;594
28;2025-11-29;13;606
28;2025-11-29;14;559
28;2025-11-29;15;596
28;2025-11-29;16;592
28;2025-11-29;17;575
28;2025-11-29;18;507
28;2025-11-29;19;389
28;2025-11-29;20;285
28;2025-11-29;21;258
28;2025-11-29;22;113
28;2025-11-29;23;15
28;2025-11-30;0;3
28;2025-11-30;1;1
28;2025-11-30;2;0
28;2025-11-30;3;1
28;2025-11-30;4;0
28;2025-11-30;5;30
28;2025-11-30;6;77
28;2025-11-30;7;160
28;2025-11-30;8;254
28;2025-11-30;9;344
28;2025-11-30;10;388
28;2025-11-30;11;429
28;2025-11-30;12;450
28;2025-11-30;13;535
28;2025-11-30;14;510
28;2025-11-30;15;510
28;2025-11-30;16;463
28;2025-11-30;17;476
28;2025-11-30;18;423
28;2025-11-30;19;371
28;2025-11-30;20;291
28;2025-11-30;21;235
28;2025-11-30;22;109
28;2025-11-30;23;12
28;2025-12-01;0;0
28;2025-12-01;1;0
28;2025-12-01;2;0
28;2025-12-01;3;0
28;2025-12-01;4;2
28;2025-12-01;5;74
28;2025-12-01;6;261
28;2025-12-01;7;732
28;2025-12-01;8;1229
28;2025-12-01;9;826
28;2025-12-01;10;610
28;2025-12-01;11;530
28;2025-12-01;12;671
28;2025-12-01;13;677
28;2025-12-01;14;608
28;2025-12-01;15;607
28;2025-12-01;16;872
28;2025-12-01;17;965
28;2025-12-01;18;939
28;2025-12-01;19;705
28;2025-12-01;20;460
28;2025-12-01;21;293
28;2025-12-01;22;106
28;2025-12-01;23;5
28;2025-12-02;0;0
28;2025-12-02;1;0
28;2025-12-02;2;0
28;2025-12-02;3;0
28;2025-12-02;4;1
28;2025-12-02;5;73
28;2025-12-02;6;255
28;2025-12-02;7;780
28;2025-12-02;8;1322
28;2025-12-02;9;814
28;2025-12-02;10;669
28;2025-12-02;11;569
28;2025-12-02;12;687
28;2025-12-02;13;690
28;2025-12-02;14;659
28;2025-12-02;15;679
28;2025-12-02;16;774
28;2025-12-02;17;990
28;2025-12-02;18;940
28;2025-12-02;19;690
28;2025-12-02;20;486
28;2025-12-02;21;318
28;2025-12-02;22;119
28;2025-12-02;23;12
28;2025-12-03;0;0
28;2025-12-03;1;0
28;2025-12-03;2;0
28;2025-12-03;3;0
28;2025-12-03;4;2
28;2025-12-03;5;79
28;2025-12-03;6;257
28;2025-12-03;7;780
28;2025-12-03;8;1263
28;2025-12-03;9;882
28;2025-12-03;10;624
28;2025-12-03;11;598
28;2025-12-03;12;747
28;2025-12-03;13;738
28;2025-12-03;14;690
28;2025-12-03;15;699
28;2025-12-03;16;965
28;2025-12-03;17;1054
28;2025-12-03;18;1047
28;2025-12-03;19;808
28;2025-12-03;20;556
28;2025-12-03;21;348
28;2025-12-03;22;124
28;2025-12-03;23;17
28;2025-12-04;0;4
28;2025-12-04;1;1
28;2025-12-04;2;0
28;2025-12-04;3;0
28;2025-12-04;4;1
28;2025-12-04;5;84
28;2025-12-04;6;259
28;2025-12-04;7;816
28;2025-12-04;8;1262
28;2025-12-04;9;847
28;2025-12-04;10;598
28;2025-12-04;11;566
28;2025-12-04;12;706
28;2025-12-04;13;721
28;2025-12-04;14;672
28;2025-12-04;15;751
28;2025-12-04;16;893
28;2025-12-04;17;1100
28;2025-12-04;18;1079
28;2025-12-04;19;778
28;2025-12-04;20;571
28;2025-12-04;21;337
28;2025-12-04;22;132
28;2025-12-04;23;15
28;2025-12-05;0;1
28;2025-12-05;1;0
28;2025-12-05;2;0
28;2025-12-05;3;0
28;2025-12-05;4;2
28;2025-12-05;5;77
28;2025-12-05;6;276
28;2025-12-05;7;831
28;2025-12-05;8;1272
28;2025-12-05;9;840
28;2025-12-05;10;638
28;2025-12-05;11;611
28;2025-12-05;12;786
28;2025-12-05;13;723
28;2025-12-05;14;722
28;2025-12-05;15;735
28;2025-12-05;16;965
28;2025-12-05;17;999
28;2025-12-05;18;881
28;2025-12-05;19;636
28;2025-12-05;20;453
28;2025-12-05;21;345
28;2025-12-05;22;129
28;2025-12-05;23;21
28;2025-12-06;0;1
28;2025-12-06;1;0
28;2025-12-06;2;0
28;2025-12-06;3;0
28;2025-12-06;4;1
28;2025-12-06;5;38
28;2025-12-06;6;106
28;2025-12-06;7;228
28;2025-12-06;8;397
28;2025-12-06;9;459
28;2025-12-06;10;495
28;2025-12-06;11;502
28;2025-12-06;12;594
28;2025-12-06;13;606
28;2025-12-06;14;559
28;2025-12-06;15;596
28;2025-12-06;16;592
28;2025-12-06;17;575
28;2025-12-06;18;507
28;2025-12-06;19;389
28;2025-12-06;20;285
28;2025-12-06;21;258
28;2025-12-06;22;113
28;2025-12-06;23;15
28;2025-12-07;0;3
28;2025-12-07;1;1
28;2025-12-07;2;0
28;2025-12-07;3;1
28;2025-12-07;4;0
28;2025-12-07;5;30
28;2025-12-07;6;77
28;2025-12-07;7;160
28;2025-12-07;8;254
28;2025-12-07;9;344
28;2025-12-07;10;388
28;2025-12-07;11;429
28;2025-12-07;12;450
28;2025-12-07;13;535
28;2025-12-07;14;510
28;2025-12-07;15;510
28;2025-12-07;16;463
28;2025-12-07;17;476
28;2025-12-07;18;423
28;2025-12-07;19;371
28;2025-12-07;20;291
28;2025-12-07;21;235
28;2025-12-07;22;109
28;2025-12-07;23;12
28;2025-12-08;0;0
28;2025-12-08;1;0
28;2025-12-08;2;0
28;2025-12-08;3;0
28;2025-12-08;4;2
28;2025-12-08;5;74
28;2025-12-08;6;261
28;2025-12-08;7;732
28;2025-12-08;8;1229
28;2025-12-08;9;826
28;2025-12-08;10;610
28;2025-12-08;11;530
28;2025-12-08;12;671
28;2025-12-08;13;677
28;2025-12-08;14;608
28;2025-12-08;15;607
28;2025-12-08;16;872
28;2025-12-08;17;965
28;2025-12-08;18;939
28;2025-12-08;19;705
28;2025-12-08;20;460
28;2025-12-08;21;293
28;2025-12-08;22;106
28;2025-12-08;23;5
28;2025-12-09;0;0
28;2025-12-09;1;0
28;2025-12-09;2;0
28;2025-12-09;3;0
28;2025-12-09;4;1
28;2025-12-09;5;73
28;2025-12-09;6;255
28;2025-12-09;7;780
28;2025-12-09;8;1322
28;2025-12-09;9;814
28;2025-12-09;10;669
28;2025-12-09;11;569
28;2025-12-09;12;687
28;2025-12-09;13;690
28;2025-12-09;14;659
28;2025-12-09;15;679
28;2025-12-09;16;774
28;2025-12-09;17;990
28;2025-12-09;18;940
28;2025-12-09;19;690
28;2025-12-09;20;486
28;2025-12-09;21;318
28;2025-12-09;22;119
28;2025-12-09;23;12
28;2025-12-10;0;0
28;2025-12-10;1;0
28;2025-12-10;2;0
28;2025-12-10;3;0
28;2025-12-10;4;2
28;2025-12-10;5;79
28;2025-12-10;6;257
28;2025-12-10;7;780
28;2025-12-10;8;1263
28;2025-12-10;9;882
28;2025-12-10;10;624
28;2025-12-10;11;598
28;2025-12-10;12;747
28;2025-12-10;13;738
28;2025-12-10;14;690
28;2025-12-10;15;699
28;2025-12-10;16;965
28;2025-12-10;17;1054
28;2025-12-10;18;1047
28;2025-12-10;19;808
28;2025-12-10;20;556
28;2025-12-10;21;348
28;2025-12-10;22;124
28;2025-12-10;23;17
28;2025-12-11;0;4
28;2025-12-11;1;1
28;2025-12-11;2;0
28;2025-12-11;3;0
28;2025-12-11;4;1
28;2025-12-11;5;84
28;2025-12-11;6;259
28;2025-12-11;7;816
28;2025-12-11;8;1262
28;2025-12-11;9;847
28;2025-12-11;10;598
28;2025-12-11;11;566
28;2025-12-11;12;706
28;2025-12-11;13;721
28;2025-12-11;14;672
28;2025-12-11;15;751
28;2025-12-11;16;893
28;2025-12-11;17;1100
28;2025-12-11;18;1079
28;2025-12-11;19;778
28;2025-12-11;20;571
28;2025-12-11;21;337
28;2025-12-11;22;132
28;2025-12-11;23;15
28;2025-12-12;0;1
28;2025-12-12;1;0
28;2025-12-12;2;0
28;2025-12-12;3;0
28;2025-12-12;4;2
28;2025-12-12;5;77
28;2025-12-12;6;276
28;2025-12-12;7;831
28;2025-12-12;8;1272
28;2025-12-12;9;840
28;2025-12-12;10;638
28;2025-12-12;11;611
28;2025-12-12;12;786
28;2025-12-12;13;723
28;2025-12-12;14;722
28;2025-12-12;15;735
28;2025-12-12;16;965
28;2025-12-12;17;999
28;2025-12-12;18;881
28;2025-12-12;19;636
28;2025-12-12;20;453
28;2025-12-12;21;345
28;2025-12-12;22;129
28;2025-12-12;23;21
28;2025-12-13;0;1
28;2025-12-13;1;0
28;2025-12-13;2;0
28;2025-12-13;3;0
28;2025-12-13;4;1
28;2025-12-13;5;38
28;2025-12-13;6;106
28;2025-12-13;7;228
28;2025-12-13;8;397
28;2025-12-13;9;459
28;2025-12-13;10;495
28;2025-12-13;11;502
28;2025-12-13;12;594
28;2025-12-13;13;606
28;2025-12-13;14;559
28;2025-12-13;15;596
28;2025-12-13;16;592
28;2025-12-13;17;575
28;2025-12-13;18;507
28;2025-12-13;19;389
28;2025-12-13;20;285
28;2025-12-13;21;258
28;2025-12-13;22;113
28;2025-12-13;23;15
28;2025-12-14;0;3
28;2025-12-14;1;1
28;2025-12-14;2;0
28;2025-12-14;3;1
28;2025-12-14;4;0
28;2025-12-14;5;30
28;2025-12-14;6;77
28;2025-12-14;7;160
28;2025-12-14;8;254
28;2025-12-14;9;344
28;2025-12-14;10;388
28;2025-12-14;11;429
28;2025-12-14;12;450
28;2025-12-14;13;535
28;2025-12-14;14;510
28;2025-12-14;15;510
28;2025-12-14;16;463
28;2025-12-14;17;476
28;2025-12-14;18;423
28;2025-12-14;19;371
28;2025-12-14;20;291
28;2025-12-14;21;235
28;2025-12-14;22;109
28;2025-12-14;23;12
28;2025-12-15;0;0
28;2025-12-15;1;0
28;2025-12-15;2;0
28;2025-12-15;3;0
28;2025-12-15;4;2
28;2025-12-15;5;74
28;2025-12-15;6;261
28;2025-12-15;7;732
28;2025-12-15;8;1229
28;2025-12-15;9;826
28;2025-12-15;10;610
28;2025-12-15;11;530
28;2025-12-15;12;671
28;2025-12-15;13;677
28;2025-12-15;14;608
28;2025-12-15;15;607
28;2025-12-15;16;872
28;2025-12-15;17;965
28;2025-12-15;18;939
28;2025-12-15;19;705
28;2025-12-15;20;460
28;2025-12-15;21;293
28;2025-12-15;22;106
28;2025-12-15;23;5
28;2025-12-16;0;0
28;2025-12-16;1;0
28;2025-12-16;2;0
28;2025-12-16;3;0
28;2025-12-16;4;1
28;2025-12-16;5;73
28;2025-12-16;6;255
28;2025-12-16;7;780
28;2025-12-16;8;1322
28;2025-12-16;9;814
28;2025-12-16;10;669
28;2025-12-16;11;569
28;2025-12-16;12;687
28;2025-12-16;13;690
28;2025-12-16;14;659
28;2025-12-16;15;679
28;2025-12-16;16;774
28;2025-12-16;17;990
28;2025-12-16;18;940
28;2025-12-16;19;690
28;2025-12-16;20;486
28;2025-12-16;21;318
28;2025-12-16;22;119
28;2025-12-16;23;12
28;2025-12-17;0;0
28;2025-12-17;1;0
28;2025-12-17;2;0
28;2025-12-17;3;0
28;2025-12-17;4;2
28;2025-12-17;5;79
28;2025-12-17;6;257
28;2025-12-17;7;780
28;2025-12-17;8;1263
28;2025-12-17;9;882
28;2025-12-17;10;624
28;2025-12-17;11;598
28;2025-12-17;12;747
28;2025-12-17;13;738
28;2025-12-17;14;690
28;2025-12-17;15;699
28;2025-12-17;16;965
28;2025-12-17;17;1054
28;2025-12-17;18;1047
28;2025-12-17;19;808
28;2025-12-17;20;556
28;2025-12-17;21;348
28;2025-12-17;22;124
28;2025-12-17;23;17
28;2025-12-18;0;4
28;2025-12-18;1;1
28;2025-12-18;2;0
28;2025-12-18;3;0
28;2025-12-18;4;1
28;2025-12-18;5;84
28;2025-12-18;6;259
28;2025-12-18;7;816
28;2025-12-18;8;1262
28;2025-12-18;9;847
28;2025-12-18;10;598
28;2025-12-18;11;566
28;2025-12-18;12;706
28;2025-12-18;13;721
28;2025-12-18;14;672
28;2025-12-18;15;751
28;2025-12-18;16;893
28;2025-12-18;17;1100
28;2025-12-18;18;1079
28;2025-12-18;19;778
28;2025-12-18;20;571
28;2025-12-18;21;337
28;2025-12-18;22;132
28;2025-12-18;23;15
28;2025-12-19;0;1
28;2025-12-19;1;0
28;2025-12-19;2;0
28;2025-12-19;3;0
28;2025-12-19;4;2
28;2025-12-19;5;77
28;2025-12-19;6;276
28;2025-12-19;7;831
28;2025-12-19;8;1272
28;2025-12-19;9;840
28;2025-12-19;10;638
28;2025-12-19;11;611
28;2025-12-19;12;786
28;2025-12-19;13;723
28;2025-12-19;14;722
28;2025-12-19;15;735
28;2025-12-19;16;965
28;2025-12-19;17;999
28;2025-12-19;18;881
28;2025-12-19;19;636
28;2025-12-19;20;453
28;2025-12-19;21;345
28;2025-12-19;22;129
28;2025-12-19;23;21
28;2025-12-20;0;1
28;2025-12-20;1;0
28;2025-12-20;2;0
28;2025-12-20;3;0
28;2025-12-20;4;1
28;2025-12-20;5;38
28;2025-12-20;6;106
28;2025-12-20;7;228
28;2025-12-20;8;397
28;2025-12-20;9;459
28;2025-12-20;10;495
28;2025-12-20;11;502
28;2025-12-20;12;594
28;2025-12-20;13;606
28;2025-12-20;14;559
28;2025-12-20;15;596
28;2025-12-20;16;592
28;2025-12-20;17;575
28;2025-12-20;18;507
28;2025-12-20;19;389
28;2025-12-20;20;285
28;2025-12-20;21;258
28;2025-12-20;22;113
28;2025-12-20;23;15
28;2025-12-21;0;3
28;2025-12-21;1;1
28;2025-12-21;2;0
28;2025-12-21;3;1
28;2025-12-21;4;0
28;2025-12-21;5;30
28;2025-12-21;6;77
28;2025-12-21;7;160
28;2025-12-21;8;254
28;2025-12-21;9;344
28;2025-12-21;10;388
28;2025-12-21;11;429
28;2025-12-21;12;450
28;2025-12-21;13;535
28;2025-12-21;14;510
28;2025-12-21;15;510
28;2025-12-21;16;463
28;2025-12-21;17;476
28;2025-12-21;18;423
28;2025-12-21;19;371
28;2025-12-21;20;291
28;2025-12-21;21;235
28;2025-12-21;22;109
28;2025-12-21;23;12
28;2025-12-22;0;0
28;2025-12-22;1;0
28;2025-12-22;2;0
28;2025-12-22;3;0
28;2025-12-22;4;2
28;2025-12-22;5;74
28;2025-12-22;6;261
28;2025-12-22;7;732
28;2025-12-22;8;1229
28;2025-12-22;9;826
28;2025-12-22;10;610
28;2025-12-22;11;530
28;2025-12-22;12;671
28;2025-12-22;13;677
28;2025-12-22;14;608
28;2025-12-22;15;607
28;2025-12-22;16;872
28;2025-12-22;17;965
28;2025-12-22;18;939
28;2025-12-22;19;705
28;2025-12-22;20;460
28;2025-12-22;21;293
28;2025-12-22;22;106
28;2025-12-22;23;5
28;2025-12-23;0;0
28;2025-12-23;1;0
28;2025-12-23;2;0
28;2025-12-23;3;0
28;2025-12-23;4;1
28;2025-12-23;5;73
28;2025-12-23;6;255
28;2025-12-23;7;780
28;2025-12-23;8;1322
28;2025-12-23;9;814
28;2025-12-23;10;669
28;2025-12-23;11;569
28;2025-12-23;12;687
28;2025-12-23;13;690
28;2025-12-23;14;659
28;2025-12-23;15;679
28;2025-12-23;16;774
28;2025-12-23;17;990
28;2025-12-23;18;940
28;2025-12-23;19;690
28;2025-12-23;20;486
28;2025-12-23;21;318
28;2025-12-23;22;119
28;2025-12-23;23;12
28;2025-12-24;0;0
28;2025-12-24;1;0
28;2025-12-24;2;0
28;2025-12-24;3;0
28;2025-12-24;4;2
28;2025-12-24;5;79
28;2025-12-24;6;257
28;2025-12-24;7;780
28;2025-12-24;8;1263
28;2025-12-24;9;882
28;2025-12-24;10;624
28;2025-12-24;11;598
28;2025-12-24;12;747
28;2025-12-24;13;738
28;2025-12-24;14;690
28;2025-12-24;15;699
28;2025-12-24;16;965
28;2025-12-24;17;1054
28;2025-12-24;18;1047
28;2025-12-24;19;808
28;2025-12-24;20;556
28;2025-12-24;21;348
28;2025-12-24;22;124
28;2025-12-24;23;17
28;2025-12-25;0;4
28;2025-12-25;1;1
28;2025-12-25;2;0
28;2025-12-25;3;0
28;2025-12-25;4;1
28;2025-12-25;5;84
28;2025-12-25;6;259
28;2025-12-25;7;816
28;2025-12-25;8;1262
28;2025-12-25;9;847
28;2025-12-25;10;598
28;2025-12-25;11;566
28;2025-12-25;12;706
28;2025-12-25;13;721
28;2025-12-25;14;672
28;2025-12-25;15;751
28;2025-12-25;16;893
28;2025-12-25;17;1100
28;2025-12-25;18;1079
28;2025-12-25;19;778
28;2025-12-25;20;571
28;2025-12-25;21;337
28;2025-12-25;22;132
28;2025-12-25;23;15
28;2025-12-26;0;1
28;2025-12-26;1;0
28;2025-12-26;2;0
28;2025-12-26;3;0
28;2025-12-26;4;2
28;2025-12-26;5;77
28;2025-12-26;6;276
28;2025-12-26;7;831
28;2025-12-26;8;1272
28;2025-12-26;9;840
28;2025-12-26;10;638
28;2025-12-26;11;611
28;2025-12-26;12;786
28;2025-12-26;13;723
28;2025-12-26;14;722
28;2025-12-26;15;735
28;2025-12-26;16;965
28;2025-12-26;17;999
28;2025-12-26;18;881
28;2025-12-26;19;636
28;2025-12-26;20;453
28;2025-12-26;21;345
28;2025-12-26;22;129
28;2025-12-26;23;21
28;2025-12-27;0;1
28;2025-12-27;1;0
28;2025-12-27;2;0
28;2025-12-27;3;0
28;2025-12-27;4;1
28;2025-12-27;5;38
28;2025-12-27;6;106
28;2025-12-27;7;228
28;2025-12-27;8;397
28;2025-12-27;9;459
28;2025-12-27;10;495
28;2025-12-27;11;502
28;2025-12-27;12;594
28;2025-12-27;13;606
28;2025-12-27;14;559
28;2025-12-27;15;596
28;2025-12-27;16;592
28;2025-12-27;17;575
28;2025-12-27;18;507
28;2025-12-27;19;389
28;2025-12-27;20;285
28;2025-12-27;21;258
28;2025-12-27;22;113
28;2025-12-27;23;15
28;2025-12-28;0;3
28;2025-12-28;1;1
28;2025-12-28;2;0
28;2025-12-28;3;1
28;2025-12-28;4;0
28;2025-12-28;5;30
28;2025-12-28;6;77
28;2025-12-28;7;160
28;2025-12-28;8;254
28;2025-12-28;9;344
28;2025-12-28;10;388
28;2025-12-28;11;429
28;2025-12-28;12;450
28;2025-12-28;13;535
28;2025-12-28;14;510
28;2025-12-28;15;510
28;2025-12-28;16;463
28;2025-12-28;17;476
28;2025-12-28;18;423
28;2025-12-28;19;371
28;2025-12-28;20;291
28;2025-12-28;21;235
28;2025-12-28;22;109
28;2025-12-28;23;12
28;2025-12-29;0;0
28;2025-12-29;1;0
28;2025-12-29;2;0
28;2025-12-29;3;0
28;2025-12-29;4;2
28;2025-12-29;5;71
28;2025-12-29;6;250
28;2025-12-29;7;703
28;2025-12-29;8;1179
28;2025-12-29;9;793
28;2025-12-29;10;586
28;2025-12-29;11;509
28;2025-12-29;12;644
28;2025-12-29;13;650
28;2025-12-29;14;583
28;2025-12-29;15;583
28;2025-12-29;16;837
28;2025-12-29;17;927
28;2025-12-29;18;901
28;2025-12-29;19;677
28;2025-12-29;20;442
28;2025-12-29;21;281
28;2025-12-29;22;101
28;2025-12-29;23;5
28;2025-12-30;0;0
28;2025-12-30;1;0
28;2025-12-30;2;0
28;2025-12-30;3;0
28;2025-12-30;4;1
28;2025-12-30;5;67
28;2025-12-30;6;234
28;2025-12-30;7;718
28;2025-12-30;8;1216
28;2025-12-30;9;749
28;2025-12-30;10;616
28;2025-12-30;11;524
28;2025-12-30;12;632
28;2025-12-30;13;635
28;2025-12-30;14;606
28;2025-12-30;15;625
28;2025-12-30;16;712
28;2025-12-30;17;911
28;2025-12-30;18;865
28;2025-12-30;19;635
28;2025-12-30;20;447
28;2025-12-30;21;292
28;2025-12-30;22;109
28;2025-12-30;23;11
28;2025-12-31;0;2
28;2025-12-31;1;1
28;2025-12-31;2;0
28;2025-12-31;3;0
28;2025-12-31;4;1
28;2025-12-31;5;29
28;2025-12-31;6;77
28;2025-12-31;7;162
28;2025-12-31;8;268
28;2025-12-31;9;338
28;2025-12-31;10;374
28;2025-12-31;11;400
28;2025-12-31;12;440
28;2025-12-31;13;493
28;2025-12-31;14;464
28;2025-12-31;15;475
28;2025-12-31;16;447
28;2025-12-31;17;449
28;2025-12-31;18;398
28;2025-12-31;19;332
28;2025-12-31;20;254
28;2025-12-31;21;214
28;2025-12-31;22;97
28;2025-12-31;23;12
50;2025-11-01;0;55
50;2025-11-01;1;6
50;2025-11-01;2;0
50;2025-11-01;3;0
50;2025-11-01;4;2
50;2025-11-01;5;49
50;2025-11-01;6;368
50;2025-11-01;7;1241
50;2025-11-01;8;1924
50;2025-11-01;9;1510
50;2025-11-01;10;1080
50;2025-11-01;11;1096
50;2025-11-01;12;1032
50;2025-11-01;13;1084
50;2025-11-01;14;1032
50;2025-11-01;15;1257
50;2025-11-01;16;1559
50;2025-11-01;17;1517
50;2025-11-01;18;1156
50;2025-11-01;19;846
50;2025-11-01;20;611
50;2025-11-01;21;395
50;2025-11-01;22;199
50;2025-11-01;23;121
50;2025-11-02;0;2
50;2025-11-02;1;0
50;2025-11-02;2;0
50;2025-11-02;3;0
50;2025-11-02;4;0
50;2025-11-02;5;1
50;2025-11-02;6;4
50;2025-11-02;7;7
50;2025-11-02;8;11
50;2025-11-02;9;12
50;2025-11-02;10;23
50;2025-11-02;11;46
50;2025-11-02;12;38
50;2025-11-02;13;47
50;2025-11-02;14;82
50;2025-11-02;15;70
50;2025-11-02;16;94
50;2025-11-02;17;79
50;2025-11-02;18;50
50;2025-11-02;19;46
50;2025-11-02;20;38
50;2025-11-02;21;26
50;2025-11-02;22;29
50;2025-11-02;23;8
50;2025-11-03;0;11
50;2025-11-03;1;1
50;2025-11-03;2;0
50;2025-11-03;3;0
50;2025-11-03;4;0
50;2025-11-03;5;1
50;2025-11-03;6;4
50;2025-11-03;7;8
50;2025-11-03;8;13
50;2025-11-03;9;17
50;2025-11-03;10;22
50;2025-11-03;11;42
50;2025-11-03;12;43
50;2025-11-03;13;47
50;2025-11-03;14;73
50;2025-11-03;15;69
50;2025-11-03;16;82
50;2025-11-03;17;70
50;2025-11-03;18;41
50;2025-11-03;19;38
50;2025-11-03;20;31
50;2025-11-03;21;21
50;2025-11-03;22;23
50;2025-11-03;23;6
50;2025-11-04;0;7
50;2025-11-04;1;1
50;2025-11-04;2;0
50;2025-11-04;3;0
50;2025-11-04;4;0
50;2025-11-04;5;1
50;2025-11-04;6;4
50;2025-11-04;7;7
50;2025-11-04;8;11
50;2025-11-04;9;14
50;2025-11-04;10;20
50;2025-11-04;11;39
50;2025-11-04;12;37
50;2025-11-04;13;42
50;2025-11-04;14;69
50;2025-11-04;15;63
50;2025-11-04;16;78
50;2025-11-04;17;67
50;2025-11-04;18;40
50;2025-11-04;19;37
50;2025-11-04;20;31
50;2025-11-04;21;21
50;2025-11-04;22;23
50;2025-11-04;23;6
50;2025-11-05;0;27
50;2025-11-05;1;4
50;2025-11-05;2;0
50;2025-11-05;3;0
50;2025-11-05;4;3
50;2025-11-05;5;78
50;2025-11-05;6;521
50;2025-11-05;7;1694
50;2025-11-05;8;2803
50;2025-11-05;9;2121
50;2025-11-05;10;1653
50;2025-11-05;11;1581
50;2025-11-05;12;1497
50;2025-11-05;13;1505
50;2025-11-05;14;1434
50;2025-11-05;15;1638
50;2025-11-05;16;1674
50;2025-11-05;17;2363
50;2025-11-05;18;2385
50;2025-11-05;19;1427
50;2025-11-05;20;885
50;2025-11-05;21;639
50;2025-11-05;22;267
50;2025-11-05;23;147
50;2025-11-06;0;44
50;2025-11-06;1;2
50;2025-11-06;2;0
50;2025-11-06;3;0
50;2025-11-06;4;3
50;2025-11-06;5;70
50;2025-11-06;6;477
50;2025-11-06;7;1598
50;2025-11-06;8;2585
50;2025-11-06;9;2093
50;2025-11-06;10;1679
50;2025-11-06;11;1490
50;2025-11-06;12;1476
50;2025-11-06;13;1467
50;2025-11-06;14;1412
50;2025-11-06;15;1610
50;2025-11-06;16;1608
50;2025-11-06;17;2315
50;2025-11-06;18;2417
50;2025-11-06;19;1456
50;2025-11-06;20;960
50;2025-11-06;21;680
50;2025-11-06;22;263
50;2025-11-06;23;154
50;2025-11-07;0;37
50;2025-11-07;1;1
50;2025-11-07;2;0
50;2025-11-07;3;0
50;2025-11-07;4;3
50;2025-11-07;5;69
50;2025-11-07;6;519
50;2025-11-07;7;1756
50;2025-11-07;8;2722
50;2025-11-07;9;2128
50;2025-11-07;10;1525
50;2025-11-07;11;1541
50;2025-11-07;12;1438
50;2025-11-07;13;1519
50;2025-11-07;14;1443
50;2025-11-07;15;1754
50;2025-11-07;16;2192
50;2025-11-07;17;2134
50;2025-11-07;18;1635
50;2025-11-07;19;1195
50;2025-11-07;20;863
50;2025-11-07;21;556
50;2025-11-07;22;281
50;2025-11-07;23;171
50;2025-11-08;0;41
50;2025-11-08;1;5
50;2025-11-08;2;0
50;2025-11-08;3;1
50;2025-11-08;4;0
50;2025-11-08;5;4
50;2025-11-08;6;7
50;2025-11-08;7;13
50;2025-11-08;8;21
50;2025-11-08;9;37
50;2025-11-08;10;20
50;2025-11-08;11;32
50;2025-11-08;12;62
50;2025-11-08;13;47
50;2025-11-08;14;49
50;2025-11-08;15;70
50;2025-11-08;16;49
50;2025-11-08;17;44
50;2025-11-08;18;15
50;2025-11-08;19;13
50;2025-11-08;20;10
50;2025-11-08;21;9
50;2025-11-08;22;7
50;2025-11-08;23;3
50;2025-11-09;0;2
50;2025-11-09;1;0
50;2025-11-09;2;0
50;2025-11-09;3;0
50;2025-11-09;4;0
50;2025-11-09;5;1
50;2025-11-09;6;4
50;2025-11-09;7;7
50;2025-11-09;8;12
50;2025-11-09;9;12
50;2025-11-09;10;24
50;2025-11-09;11;48
50;2025-11-09;12;40
50;2025-11-09;13;50
50;2025-11-09;14;86
50;2025-11-09;15;73
50;2025-11-09;16;99
50;2025-11-09;17;83
50;2025-11-09;18;52
50;2025-11-09;19;49
50;2025-11-09;20;40
50;2025-11-09;21;27
50;2025-11-09;22;30
50;2025-11-09;23;8
50;2025-11-10;0;14
50;2025-11-10;1;3
50;2025-11-10;2;1
50;2025-11-10;3;0
50;2025-11-10;4;3
50;2025-11-10;5;67
50;2025-11-10;6;509
50;2025-11-10;7;1702
50;2025-11-10;8;2751
50;2025-11-10;9;2223
50;2025-11-10;10;1636
50;2025-11-10;11;1437
50;2025-11-10;12;1297
50;2025-11-10;13;1448
50;2025-11-10;14;1372
50;2025-11-10;15;1619
50;2025-11-10;16;1609
50;2025-11-10;17;2305
50;2025-11-10;18;2485
50;2025-11-10;19;1314
50;2025-11-10;20;876
50;2025-11-10;21;625
50;2025-11-10;22;228
50;2025-11-10;23;117
50;2025-11-11;0;28
50;2025-11-11;1;2
50;2025-11-11;2;0
50;2025-11-11;3;0
50;2025-11-11;4;2
50;2025-11-11;5;77
50;2025-11-11;6;579
50;2025-11-11;7;1808
50;2025-11-11;8;2848
50;2025-11-11;9;2238
50;2025-11-11;10;1768
50;2025-11-11;11;1541
50;2025-11-11;12;1387
50;2025-11-11;13;1531
50;2025-11-11;14;1418
50;2025-11-11;15;1682
50;2025-11-11;16;1753
50;2025-11-11;17;2531
50;2025-11-11;18;2539
50;2025-11-11;19;1506
50;2025-11-11;20;992
50;2025-11-11;21;609
50;2025-11-11;22;247
50;2025-11-11;23;147
50;2025-11-12;0;27
50;2025-11-12;1;4
50;2025-11-12;2;0
50;2025-11-12;3;0
50;2025-11-12;4;3
50;2025-11-12;5;78
50;2025-11-12;6;521
50;2025-11-12;7;1694
50;2025-11-12;8;2803
50;2025-11-12;9;2121
50;2025-11-12;10;1653
50;2025-11-12;11;1581
50;2025-11-12;12;1497
50;2025-11-12;13;1505
50;2025-11-12;14;1434
50;2025-11-12;15;1638
50;2025-11-12;16;1674
50;2025-11-12;17;2363
50;2025-11-12;18;2385
50;2025-11-12;19;1427
50;2025-11-12;20;885
50;2025-11-12;21;639
50;2025-11-12;22;267
50;2025-11-12;23;147
50;2025-11-13;0;44
50;2025-11-13;1;2
50;2025-11-13;2;0
50;2025-11-13;3;0
50;2025-11-13;4;3
50;2025-11-13;5;70
50;2025-11-13;6;477
50;2025-11-13;7;1598
50;2025-11-13;8;2585
50;2025-11-13;9;2093
50;2025-11-13;10;1679
50;2025-11-13;11;1490
50;2025-11-13;12;1476
50;2025-11-13;13;1467
50;2025-11-13;14;1412
50;2025-11-13;15;1610
50;2025-11-13;16;1608
50;2025-11-13;17;2315
50;2025-11-13;18;2417
50;2025-11-13;19;1456
50;2025-11-13;20;960
50;2025-11-13;21;680
50;2025-11-13;22;263
50;2025-11-13;23;154
50;2025-11-14;0;37
50;2025-11-14;1;1
50;2025-11-14;2;0
50;2025-11-14;3;0
50;2025-11-14;4;3
50;2025-11-14;5;69
50;2025-11-14;6;519
50;2025-11-14;7;1756
50;2025-11-14;8;2722
50;2025-11-14;9;2128
50;2025-11-14;10;1525
50;2025-11-14;11;1541
50;2025-11-14;12;1438
50;2025-11-14;13;1519
50;2025-11-14;14;1443
50;2025-11-14;15;1754
50;2025-11-14;16;2192
50;2025-11-14;17;2134
50;2025-11-14;18;1635
50;2025-11-14;19;1195
50;2025-11-14;20;863
50;2025-11-14;21;556
50;2025-11-14;22;281
50;2025-11-14;23;171
50;2025-11-15;0;67
50;2025-11-15;1;5
50;2025-11-15;2;0
50;2025-11-15;3;0
50;2025-11-15;4;1
50;2025-11-15;5;32
50;2025-11-15;6;189
50;2025-11-15;7;405
50;2025-11-15;8;609
50;2025-11-15;9;674
50;2025-11-15;10;645
50;2025-11-15;11;832
50;2025-11-15;12;843
50;2025-11-15;13;900
50;2025-11-15;14;888
50;2025-11-15;15;869
50;2025-11-15;16;835
50;2025-11-15;17;830
50;2025-11-15;18;740
50;2025-11-15;19;676
50;2025-11-15;20;516
50;2025-11-15;21;417
50;2025-11-15;22;239
50;2025-11-15;23;152
50;2025-11-16;0;56
50;2025-11-16;1;9
50;2025-11-16;2;2
50;2025-11-16;3;2
50;2025-11-16;4;2
50;2025-11-16;5;27
50;2025-11-16;6;134
50;2025-11-16;7;252
50;2025-11-16;8;380
50;2025-11-16;9;471
50;2025-11-16;10;523
50;2025-11-16;11;651
50;2025-11-16;12;726
50;2025-11-16;13;781
50;2025-11-16;14;835
50;2025-11-16;15;740
50;2025-11-16;16;737
50;2025-11-16;17;740
50;2025-11-16;18;671
50;2025-11-16;19;584
50;2025-11-16;20;484
50;2025-11-16;21;378
50;2025-11-16;22;229
50;2025-11-16;23;123
50;2025-11-17;0;14
50;2025-11-17;1;3
50;2025-11-17;2;1
50;2025-11-17;3;0
50;2025-11-17;4;3
50;2025-11-17;5;67
50;2025-11-17;6;509
50;2025-11-17;7;1702
50;2025-11-17;8;2751
50;2025-11-17;9;2223
50;2025-11-17;10;1636
50;2025-11-17;11;1437
50;2025-11-17;12;1297
50;2025-11-17;13;1448
50;2025-11-17;14;1372
50;2025-11-17;15;1619
50;2025-11-17;16;1609
50;2025-11-17;17;2305
50;2025-11-17;18;2485
50;2025-11-17;19;1314
50;2025-11-17;20;876
50;2025-11-17;21;625
50;2025-11-17;22;228
50;2025-11-17;23;117
50;2025-11-18;0;28
50;2025-11-18;1;2
50;2025-11-18;2;0
50;2025-11-18;3;0
50;2025-11-18;4;2
50;2025-11-18;5;77
50;2025-11-18;6;579
50;2025-11-18;7;1808
50;2025-11-18;8;2848
50;2025-11-18;9;2238
50;2025-11-18;10;1768
50;2025-11-18;11;1541
50;2025-11-18;12;1387
50;2025-11-18;13;1531
50;2025-11-18;14;1418
50;2025-11-18;15;1682
50;2025-11-18;16;1753
50;2025-11-18;17;2531
50;2025-11-18;18;2539
50;2025-11-18;19;1506
50;2025-11-18;20;992
50;2025-11-18;21;609
50;2025-11-18;22;247
50;2025-11-18;23;147
50;2025-11-19;0;27
50;2025-11-19;1;4
50;2025-11-19;2;0
50;2025-11-19;3;0
50;2025-11-19;4;3
50;2025-11-19;5;78
50;2025-11-19;6;521
50;2025-11-19;7;1694
50;2025-11-19;8;2803
50;2025-11-19;9;2121
50;2025-11-19;10;1653
50;2025-11-19;11;1581
50;2025-11-19;12;1497
50;2025-11-19;13;1505
50;2025-11-19;14;1434
50;2025-11-19;15;1638
50;2025-11-19;16;1674
50;2025-11-19;17;2363
50;2025-11-19;18;2385
50;2025-11-19;19;1427
50;2025-11-19;20;885
50;2025-11-19;21;639
50;2025-11-19;22;267
50;2025-11-19;23;147
50;2025-11-20;0;44
50;2025-11-20;1;2
50;2025-11-20;2;0
50;2025-11-20;3;0
50;2025-11-20;4;3
50;2025-11-20;5;70
50;2025-11-20;6;477
50;2025-11-20;7;1598
50;2025-11-20;8;2585
50;2025-11-20;9;2093
50;2025-11-20;10;1679
50;2025-11-20;11;1490
50;2025-11-20;12;1476
50;2025-11-20;13;1467
50;2025-11-20;14;1412
50;2025-11-20;15;1610
50;2025-11-20;16;1608
50;2025-11-20;17;2315
50;2025-11-20;18;2417
50;2025-11-20;19;1456
50;2025-11-20;20;960
50;2025-11-20;21;680
50;2025-11-20;22;263
50;2025-11-20;23;154
50;2025-11-21;0;37
50;2025-11-21;1;1
50;2025-11-21;2;0
50;2025-11-21;3;0
50;2025-11-21;4;3
50;2025-11-21;5;69
50;2025-11-21;6;519
50;2025-11-21;7;1756
50;2025-11-21;8;2722
50;2025-11-21;9;2128
50;2025-11-21;10;1525
50;2025-11-21;11;1541
50;2025-11-21;12;1438
50;2025-11-21;13;1519
50;2025-11-21;14;1443
50;2025-11-21;15;1754
50;2025-11-21;16;2192
50;2025-11-21;17;2134
50;2025-11-21;18;1635
50;2025-11-21;19;1195
50;2025-11-21;20;863
50;2025-11-21;21;556
50;2025-11-21;22;281
50;2025-11-21;23;171
50;2025-11-22;0;67
50;2025-11-22;1;5
50;2025-11-22;2;0
50;2025-11-22;3;0
50;2025-11-22;4;1
50;2025-11-22;5;32
50;2025-11-22;6;189
50;2025-11-22;7;405
50;2025-11-22;8;609
50;2025-11-22;9;674
50;2025-11-22;10;645
50;2025-11-22;11;832
50;2025-11-22;12;843
50;2025-11-22;13;900
50;2025-11-22;14;888
50;2025-11-22;15;869
50;2025-11-22;16;835
50;2025-11-22;17;830
50;2025-11-22;18;740
50;2025-11-22;19;676
50;2025-11-22;20;516
50;2025-11-22;21;417
50;2025-11-22;22;239
50;2025-11-22;23;152
50;2025-11-23;0;56
50;2025-11-23;1;9
50;2025-11-23;2;2
50;2025-11-23;3;2
50;2025-11-23;4;2
50;2025-11-23;5;27
50;2025-11-23;6;134
50;2025-11-23;7;252
50;2025-11-23;8;380
50;2025-11-23;9;471
50;2025-11-23;10;523
50;2025-11-23;11;651
50;2025-11-23;12;726
50;2025-11-23;13;781
50;2025-11-23;14;835
50;2025-11-23;15;740
50;2025-11-23;16;737
50;2025-11-23;17;740
50;2025-11-23;18;671
50;2025-11-23;19;584
50;2025-11-23;20;484
50;2025-11-23;21;378
50;2025-11-23;22;229
50;2025-11-23;23;123
50;2025-11-24;0;14
50;2025-11-24;1;3
50;2025-11-24;2;1
50;2025-11-24;3;0
50;2025-11-24;4;3
50;2025-11-24;5;67
50;2025-11-24;6;509
50;2025-11-24;7;1702
50;2025-11-24;8;2751
50;2025-11-24;9;2223
50;2025-11-24;10;1636
50;2025-11-24;11;1437
50;2025-11-24;12;1297
50;2025-11-24;13;1448
50;2025-11-24;14;1372
50;2025-11-24;15;1619
50;2025-11-24;16;1609
50;2025-11-24;17;2305
50;2025-11-24;18;2485
50;2025-11-24;19;1314
50;2025-11-24;20;876
50;2025-11-24;21;625
50;2025-11-24;22;228
50;2025-11-24;23;117
50;2025-11-25;0;28
50;2025-11-25;1;2
50;2025-11-25;2;0
50;2025-11-25;3;0
50;2025-11-25;4;2
50;2025-11-25;5;77
50;2025-11-25;6;579
50;2025-11-25;7;1808
50;2025-11-25;8;2848
50;2025-11-25;9;2238
50;2025-11-25;10;1768
50;2025-11-25;11;1541
50;2025-11-25;12;1387
50;2025-11-25;13;1531
50;2025-11-25;14;1418
50;2025-11-25;15;1682
50;2025-11-25;16;1753
50;2025-11-25;17;2531
50;2025-11-25;18;2539
50;2025-11-25;19;1506
50;2025-11-25;20;992
50;2025-11-25;21;609
50;2025-11-25;22;247
50;2025-11-25;23;147
50;2025-11-26;0;27
50;2025-11-26;1;4
50;2025-11-26;2;0
50;2025-11-26;3;0
50;2025-11-26;4;3
50;2025-11-26;5;78
50;2025-11-26;6;521
50;2025-11-26;7;1694
50;2025-11-26;8;2803
50;2025-11-26;9;2121
50;2025-11-26;10;1653
50;2025-11-26;11;1581
50;2025-11-26;12;1497
50;2025-11-26;13;1505
50;2025-11-26;14;1434
50;2025-11-26;15;1638
50;2025-11-26;16;1674
50;2025-11-26;17;2363
50;2025-11-26;18;2385
50;2025-11-26;19;1427
50;2025-11-26;20;885
50;2025-11-26;21;639
50;2025-11-26;22;267
50;2025-11-26;23;147
50;2025-11-27;0;44
50;2025-11-27;1;2
50;2025-11-27;2;0
50;2025-11-27;3;0
50;2025-11-27;4;3
50;2025-11-27;5;70
50;2025-11-27;6;477
50;2025-11-27;7;1598
50;2025-11-27;8;2585
50;2025-11-27;9;2093
50;2025-11-27;10;1679
50;2025-11-27;11;1490
50;2025-11-27;12;1476
50;2025-11-27;13;1467
50;2025-11-27;14;1412
50;2025-11-27;15;1610
50;2025-11-27;16;1608
50;2025-11-27;17;2315
50;2025-11-27;18;2417
50;2025-11-27;19;1456
50;2025-11-27;20;960
50;2025-11-27;21;680
50;2025-11-27;22;263
50;2025-11-27;23;154
50;2025-11-28;0;37
50;2025-11-28;1;1
50;2025-11-28;2;0
50;2025-11-28;3;0
50;2025-11-28;4;3
50;2025-11-28;5;69
50;2025-11-28;6;519
50;2025-11-28;7;1756
50;2025-11-28;8;2722
50;2025-11-28;9;2128
50;2025-11-28;10;1525
50;2025-11-28;11;1541
50;2025-11-28;12;1438
50;2025-11-28;13;1519
50;2025-11-28;14;1443
50;2025-11-28;15;1754
50;2025-11-28;16;2192
50;2025-11-28;17;2134
50;2025-11-28;18;1635
50;2025-11-28;19;1195
50;2025-11-28;20;863
50;2025-11-28;21;556
50;2025-11-28;22;281
50;2025-11-28;23;171
50;2025-11-29;0;67
50;2025-11-29;1;5
50;2025-11-29;2;0
50;2025-11-29;3;0
50;2025-11-29;4;1
50;2025-11-29;5;32
50;2025-11-29;6;189
50;2025-11-29;7;405
50;2025-11-29;8;609
50;2025-11-29;9;674
50;2025-11-29;10;645
50;2025-11-29;11;832
50;2025-11-29;12;843
50;2025-11-29;13;900
50;2025-11-29;14;888
50;2025-11-29;15;869
50;2025-11-29;16;835
50;2025-11-29;17;830
50;2025-11-29;18;740
50;2025-11-29;19;676
50;2025-11-29;20;516
50;2025-11-29;21;417
50;2025-11-29;22;239
50;2025-11-29;23;152
50;2025-11-30;0;56
50;2025-11-30;1;9
50;2025-11-30;2;2
50;2025-11-30;3;2
50;2025-11-30;4;2
50;2025-11-30;5;27
50;2025-11-30;6;134
50;2025-11-30;7;252
50;2025-11-30;8;380
50;2025-11-30;9;471
50;2025-11-30;10;523
50;2025-11-30;11;651
50;2025-11-30;12;726
50;2025-11-30;13;781
50;2025-11-30;14;835
50;2025-11-30;15;740
50;2025-11-30;16;737
50;2025-11-30;17;740
50;2025-11-30;18;671
50;2025-11-30;19;584
50;2025-11-30;20;484
50;2025-11-30;21;378
50;2025-11-30;22;229
50;2025-11-30;23;123
50;2025-12-01;0;14
50;2025-12-01;1;3
50;2025-12-01;2;1
50;2025-12-01;3;0
50;2025-12-01;4;3
50;2025-12-01;5;67
50;2025-12-01;6;509
50;2025-12-01;7;1702
50;2025-12-01;8;2751
50;2025-12-01;9;2223
50;2025-12-01;10;1636
50;2025-12-01;11;1437
50;2025-12-01;12;1297
50;2025-12-01;13;1448
50;2025-12-01;14;1372
50;2025-12-01;15;1619
50;2025-12-01;16;1609
50;2025-12-01;17;2305
50;2025-12-01;18;2485
50;2025-12-01;19;1314
50;2025-12-01;20;876
50;2025-12-01;21;625
50;2025-12-01;22;228
50;2025-12-01;23;117
50;2025-12-02;0;28
50;2025-12-02;1;2
50;2025-12-02;2;0
50;2025-12-02;3;0
50;2025-12-02;4;2
50;2025-12-02;5;77
50;2025-12-02;6;579
50;2025-12-02;7;1808
50;2025-12-02;8;2848
50;2025-12-02;9;2238
50;2025-12-02;10;1768
50;2025-12-02;11;1541
50;2025-12-02;12;1387
50;2025-12-02;13;1531
50;2025-12-02;14;1418
50;2025-12-02;15;1682
50;2025-12-02;16;1753
50;2025-12-02;17;2531
50;2025-12-02;18;2539
50;2025-12-02;19;1506
50;2025-12-02;20;992
50;2025-12-02;21;609
50;2025-12-02;22;247
50;2025-12-02;23;147
50;2025-12-03;0;27
50;2025-12-03;1;4
50;2025-12-03;2;0
50;2025-12-03;3;0
50;2025-12-03;4;3
50;2025-12-03;5;78
50;2025-12-03;6;521
50;2025-12-03;7;1694
50;2025-12-03;8;2803
50;2025-12-03;9;2121
50;2025-12-03;10;1653
50;2025-12-03;11;1581
50;2025-12-03;12;1497
50;2025-12-03;13;1505
50;2025-12-03;14;1434
50;2025-12-03;15;1638
50;2025-12-03;16;1674
50;2025-12-03;17;2363
50;2025-12-03;18;2385
50;2025-12-03;19;1427
50;2025-12-03;20;885
50;2025-12-03;21;639
50;2025-12-03;22;267
50;2025-12-03;23;147
50;2025-12-04;0;44
50;2025-12-04;1;2
50;2025-12-04;2;0
50;2025-12-04;3;0
50;2025-12-04;4;3
50;2025-12-04;5;70
50;2025-12-04;6;477
50;2025-12-04;7;1598
50;2025-12-04;8;2585
50;2025-12-04;9;2093
50;2025-12-04;10;1679
50;2025-12-04;11;1490
50;2025-12-04;12;1476
50;2025-12-04;13;1467
50;2025-12-04;14;1412
50;2025-12-04;15;1610
50;2025-12-04;16;1608
50;2025-12-04;17;2315
50;2025-12-04;18;2417
50;2025-12-04;19;1456
50;2025-12-04;20;960
50;2025-12-04;21;680
50;2025-12-04;22;263
50;2025-12-04;23;154
50;2025-12-05;0;37
50;2025-12-05;1;1
50;2025-12-05;2;0
50;2025-12-05;3;0
50;2025-12-05;4;3
50;2025-12-05;5;69
50;2025-12-05;6;519
50;2025-12-05;7;1756
50;2025-12-05;8;2722
50;2025-12-05;9;2128
50;2025-12-05;10;1525
50;2025-12-05;11;1541
50;2025-12-05;12;1438
50;2025-12-05;13;1519
50;2025-12-05;14;1443
50;2025-12-05;15;1754
50;2025-12-05;16;2192
50;2025-12-05;17;2134
50;2025-12-05;18;1635
50;2025-12-05;19;1195
50;2025-12-05;20;863
50;2025-12-05;21;556
50;2025-12-05;22;281
50;2025-12-05;23;171
50;2025-12-06;0;67
50;2025-12-06;1;5
50;2025-12-06;2;0
50;2025-12-06;3;0
50;2025-12-06;4;1
50;2025-12-06;5;32
50;2025-12-06;6;189
50;2025-12-06;7;405
50;2025-12-06;8;609
50;2025-12-06;9;674
50;2025-12-06;10;645
50;2025-12-06;11;832
50;2025-12-06;12;843
50;2025-12-06;13;900
50;2025-12-06;14;888
50;2025-12-06;15;869
50;2025-12-06;16;835
50;2025-12-06;17;830
50;2025-12-06;18;740
50;2025-12-06;19;676
50;2025-12-06;20;516
50;2025-12-06;21;417
50;2025-12-06;22;239
50;2025-12-06;23;152
50;2025-12-07;0;56
50;2025-12-07;1;9
50;2025-12-07;2;2
50;2025-12-07;3;2
50;2025-12-07;4;2
50;2025-12-07;5;27
50;2025-12-07;6;134
50;2025-12-07;7;252
50;2025-12-07;8;380
50;2025-12-07;9;471
50;2025-12-07;10;523
50;2025-12-07;11;651
50;2025-12-07;12;726
50;2025-12-07;13;781
50;2025-12-07;14;835
50;2025-12-07;15;740
50;2025-12-07;16;737
50;2025-12-07;17;740
50;2025-12-07;18;671
50;2025-12-07;19;584
50;2025-12-07;20;484
50;2025-12-07;21;378
50;2025-12-07;22;229
50;2025-12-07;23;123
50;2025-12-08;0;14
50;2025-12-08;1;3
50;2025-12-08;2;1
50;2025-12-08;3;0
50;2025-12-08;4;3
50;2025-12-08;5;67
50;2025-12-08;6;509
50;2025-12-08;7;1702
50;2025-12-08;8;2751
50;2025-12-08;9;2223
50;2025-12-08;10;1636
50;2025-12-08;11;1437
50;2025-12-08;12;1297
50;2025-12-08;13;1448
50;2025-12-08;14;1372
50;2025-12-08;15;1619
50;2025-12-08;16;1609
50;2025-12-08;17;2305
50;2025-12-08;18;2485
50;2025-12-08;19;1314
50;2025-12-08;20;876
50;2025-12-08;21;625
50;2025-12-08;22;228
50;2025-12-08;23;117
50;2025-12-09;0;28
50;2025-12-09;1;2
50;2025-12-09;2;0
50;2025-12-09;3;0
50;2025-12-09;4;2
50;2025-12-09;5;77
50;2025-12-09;6;579
50;2025-12-09;7;1808
50;2025-12-09;8;2848
50;2025-12-09;9;2238
50;2025-12-09;10;1768
50;2025-12-09;11;1541
50;2025-12-09;12;1387
50;2025-12-09;13;1531
50;2025-12-09;14;1418
50;2025-12-09;15;1682
50;2025-12-09;16;1753
50;2025-12-09;17;2531
50;2025-12-09;18;2539
50;2025-12-09;19;1506
50;2025-12-09;20;992
50;2025-12-09;21;609
50;2025-12-09;22;247
50;2025-12-09;23;147
50;2025-12-10;0;27
50;2025-12-10;1;4
50;2025-12-10;2;0
50;2025-12-10;3;0
50;2025-12-10;4;3
50;2025-12-10;5;78
50;2025-12-10;6;521
50;2025-12-10;7;1694
50;2025-12-10;8;2803
50;2025-12-10;9;2121
50;2025-12-10;10;1653
50;2025-12-10;11;1581
50;2025-12-10;12;1497
50;2025-12-10;13;1505
50;2025-12-10;14;1434
50;2025-12-10;15;1638
50;2025-12-10;16;1674
50;2025-12-10;17;2363
50;2025-12-10;18;2385
50;2025-12-10;19;1427
50;2025-12-10;20;885
50;2025-12-10;21;639
50;2025-12-10;22;267
50;2025-12-10;23;147
50;2025-12-11;0;44
50;2025-12-11;1;2
50;2025-12-11;2;0
50;2025-12-11;3;0
50;2025-12-11;4;3
50;2025-12-11;5;70
50;2025-12-11;6;477
50;2025-12-11;7;1598
50;2025-12-11;8;2585
50;2025-12-11;9;2093
50;2025-12-11;10;1679
50;2025-12-11;11;1490
50;2025-12-11;12;1476
50;2025-12-11;13;1467
50;2025-12-11;14;1412
50;2025-12-11;15;1610
50;2025-12-11;16;1608
50;2025-12-11;17;2315
50;2025-12-11;18;2417
50;2025-12-11;19;1456
50;2025-12-11;20;960
50;2025-12-11;21;680
50;2025-12-11;22;263
50;2025-12-11;23;154
50;2025-12-12;0;37
50;2025-12-12;1;1
50;2025-12-12;2;0
50;2025-12-12;3;0
50;2025-12-12;4;3
50;2025-12-12;5;69
50;2025-12-12;6;519
50;2025-12-12;7;1756
50;2025-12-12;8;2722
50;2025-12-12;9;2128
50;2025-12-12;10;1525
50;2025-12-12;11;1541
50;2025-12-12;12;1438
50;2025-12-12;13;1519
50;2025-12-12;14;1443
50;2025-12-12;15;1754
50;2025-12-12;16;2192
50;2025-12-12;17;2134
50;2025-12-12;18;1635
50;2025-12-12;19;1195
50;2025-12-12;20;863
50;2025-12-12;21;556
50;2025-12-12;22;281
50;2025-12-12;23;171
50;2025-12-13;0;67
50;2025-12-13;1;5
50;2025-12-13;2;0
50;2025-12-13;3;0
50;2025-12-13;4;1
50;2025-12-13;5;32
50;2025-12-13;6;189
50;2025-12-13;7;405
50;2025-12-13;8;609
50;2025-12-13;9;674
50;2025-12-13;10;645
50;2025-12-13;11;832
50;2025-12-13;12;843
50;2025-12-13;13;900
50;2025-12-13;14;888
50;2025-12-13;15;869
50;2025-12-13;16;835
50;2025-12-13;17;830
50;2025-12-13;18;740
50;2025-12-13;19;676
50;2025-12-13;20;516
50;2025-12-13;21;417
50;2025-12-13;22;239
50;2025-12-13;23;152
50;2025-12-14;0;56
50;2025-12-14;1;9
50;2025-12-14;2;2
50;2025-12-14;3;2
50;2025-12-14;4;2
50;2025-12-14;5;27
50;2025-12-14;6;134
50;2025-12-14;7;252
50;2025-12-14;8;380
50;2025-12-14;9;471
50;2025-12-14;10;523
50;2025-12-14;11;651
50;2025-12-14;12;726
50;2025-12-14;13;781
50;2025-12-14;14;835
50;2025-12-14;15;740
50;2025-12-14;16;737
50;2025-12-14;17;740
50;2025-12-14;18;671
50;2025-12-14;19;584
50;2025-12-14;20;484
50;2025-12-14;21;378
50;2025-12-14;22;229
50;2025-12-14;23;123
50;2025-12-15;0;14
50;2025-12-15;1;3
50;2025-12-15;2;1
50;2025-12-15;3;0
50;2025-12-15;4;3
50;2025-12-15;5;67
50;2025-12-15;6;509
50;2025-12-15;7;1702
50;2025-12-15;8;2751
50;2025-12-15;9;2223
50;2025-12-15;10;1636
50;2025-12-15;11;1437
50;2025-12-15;12;1297
50;2025-12-15;13;1448
50;2025-12-15;14;1372
50;2025-12-15;15;1619
50;2025-12-15;16;1609
50;2025-12-15;17;2305
50;2025-12-15;18;2485
50;2025-12-15;19;1314
50;2025-12-15;20;876
50;2025-12-15;21;625
50;2025-12-15;22;228
50;2025-12-15;23;117
50;2025-12-16;0;28
50;2025-12-16;1;2
50;2025-12-16;2;0
50;2025-12-16;3;0
50;2025-12-16;4;2
50;2025-12-16;5;77
50;2025-12-16;6;579
50;2025-12-16;7;1808
50;2025-12-16;8;2848
50;2025-12-16;9;2238
50;2025-12-16;10;1768
50;2025-12-16;11;1541
50;2025-12-16;12;1387
50;2025-12-16;13;1531
50;2025-12-16;14;1418
50;2025-12-16;15;1682
50;2025-12-16;16;1753
50;2025-12-16;17;2531
50;2025-12-16;18;2539
50;2025-12-16;19;1506
50;2025-12-16;20;992
50;2025-12-16;21;609
50;2025-12-16;22;247
50;2025-12-16;23;147
50;2025-12-17;0;27
50;2025-12-17;1;4
50;2025-12-17;2;0
50;2025-12-17;3;0
50;2025-12-17;4;3
50;2025-12-17;5;78
50;2025-12-17;6;521
50;2025-12-17;7;1694
50;2025-12-17;8;2803
50;2025-12-17;9;2121
50;2025-12-17;10;1653
50;2025-12-17;11;1581
50;2025-12-17;12;1497
50;2025-12-17;13;1505
50;2025-12-17;14;1434
50;2025-12-17;15;1638
50;2025-12-17;16;1674
50;2025-12-17;17;2363
50;2025-12-17;18;2385
50;2025-12-17;19;1427
50;2025-12-17;20;885
50;2025-12-17;21;639
50;2025-12-17;22;267
50;2025-12-17;23;147
50;2025-12-18;0;44
50;2025-12-18;1;2
50;2025-12-18;2;0
50;2025-12-18;3;0
50;2025-12-18;4;3
50;2025-12-18;5;70
50;2025-12-18;6;477
50;2025-12-18;7;1598
50;2025-12-18;8;2585
50;2025-12-18;9;2093
50;2025-12-18;10;1679
50;2025-12-18;11;1490
50;2025-12-18;12;1476
50;2025-12-18;13;1467
50;2025-12-18;14;1412
50;2025-12-18;15;1610
50;2025-12-18;16;1608
50;2025-12-18;17;2315
50;2025-12-18;18;2417
50;2025-12-18;19;1456
50;2025-12-18;20;960
50;2025-12-18;21;680
50;2025-12-18;22;263
50;2025-12-18;23;154
50;2025-12-19;0;37
50;2025-12-19;1;1
50;2025-12-19;2;0
50;2025-12-19;3;0
50;2025-12-19;4;3
50;2025-12-19;5;69
50;2025-12-19;6;519
50;2025-12-19;7;1756
50;2025-12-19;8;2722
50;2025-12-19;9;2128
50;2025-12-19;10;1525
50;2025-12-19;11;1541
50;2025-12-19;12;1438
50;2025-12-19;13;1519
50;2025-12-19;14;1443
50;2025-12-19;15;1754
50;2025-12-19;16;2192
50;2025-12-19;17;2134
50;2025-12-19;18;1635
50;2025-12-19;19;1195
50;2025-12-19;20;863
50;2025-12-19;21;556
50;2025-12-19;22;281
50;2025-12-19;23;171
50;2025-12-20;0;67
50;2025-12-20;1;5
50;2025-12-20;2;0
50;2025-12-20;3;0
50;2025-12-20;4;1
50;2025-12-20;5;32
50;2025-12-20;6;189
50;2025-12-20;7;405
50;2025-12-20;8;609
50;2025-12-20;9;674
50;2025-12-20;10;645
50;2025-12-20;11;832
50;2025-12-20;12;843
50;2025-12-20;13;900
50;2025-12-20;14;888
50;2025-12-20;15;869
50;2025-12-20;16;835
50;2025-12-20;17;830
50;2025-12-20;18;740
50;2025-12-20;19;676
50;2025-12-20;20;516
50;2025-12-20;21;417
50;2025-12-20;22;239
50;2025-12-20;23;152
50;2025-12-21;0;56
50;2025-12-21;1;9
50;2025-12-21;2;2
50;2025-12-21;3;2
50;2025-12-21;4;2
50;2025-12-21;5;27
50;2025-12-21;6;134
50;2025-12-21;7;252
50;2025-12-21;8;380
50;2025-12-21;9;471
50;2025-12-21;10;523
50;2025-12-21;11;651
50;2025-12-21;12;726
50;2025-12-21;13;781
50;2025-12-21;14;835
50;2025-12-21;15;740
50;2025-12-21;16;737
50;2025-12-21;17;740
50;2025-12-21;18;671
50;2025-12-21;19;584
50;2025-12-21;20;484
50;2025-12-21;21;378
50;2025-12-21;22;229
50;2025-12-21;23;123
50;2025-12-22;0;14
50;2025-12-22;1;3
50;2025-12-22;2;1
50;2025-12-22;3;0
50;2025-12-22;4;3
50;2025-12-22;5;67
50;2025-12-22;6;509
50;2025-12-22;7;1702
50;2025-12-22;8;2751
50;2025-12-22;9;2223
50;2025-12-22;10;1636
50;2025-12-22;11;1437
50;2025-12-22;12;1297
50;2025-12-22;13;1448
50;2025-12-22;14;1372
50;2025-12-22;15;1619
50;2025-12-22;16;1609
50;2025-12-22;17;2305
50;2025-12-22;18;2485
50;2025-12-22;19;1314
50;2025-12-22;20;876
50;2025-12-22;21;625
50;2025-12-22;22;228
50;2025-12-22;23;117
50;2025-12-23;0;28
50;2025-12-23;1;2
50;2025-12-23;2;0
50;2025-12-23;3;0
50;2025-12-23;4;2
50;2025-12-23;5;77
50;2025-12-23;6;579
50;2025-12-23;7;1808
50;2025-12-23;8;2848
50;2025-12-23;9;2238
50;2025-12-23;10;1768
50;2025-12-23;11;1541
50;2025-12-23;12;1387
50;2025-12-23;13;1531
50;2025-12-23;14;1418
50;2025-12-23;15;1682
50;2025-12-23;16;1753
50;2025-12-23;17;2531
50;2025-12-23;18;2539
50;2025-12-23;19;1506
50;2025-12-23;20;992
50;2025-12-23;21;609
50;2025-12-23;22;247
50;2025-12-23;23;147
50;2025-12-24;0;27
50;2025-12-24;1;4
50;2025-12-24;2;0
50;2025-12-24;3;0
50;2025-12-24;4;3
50;2025-12-24;5;78
50;2025-12-24;6;521
50;2025-12-24;7;1694
50;2025-12-24;8;2803
50;2025-12-24;9;2121
50;2025-12-24;10;1653
50;2025-12-24;11;1581
50;2025-12-24;12;1497
50;2025-12-24;13;1505
50;2025-12-24;14;1434
50;2025-12-24;15;1638
50;2025-12-24;16;1674
50;2025-12-24;17;2363
50;2025-12-24;18;2385
50;2025-12-24;19;1427
50;2025-12-24;20;885
50;2025-12-24;21;639
50;2025-12-24;22;267
50;2025-12-24;23;147
50;2025-12-25;0;44
50;2025-12-25;1;2
50;2025-12-25;2;0
50;2025-12-25;3;0
50;2025-12-25;4;3
50;2025-12-25;5;70
50;2025-12-25;6;477
50;2025-12-25;7;1598
50;2025-12-25;8;2585
50;2025-12-25;9;2093
50;2025-12-25;10;1679
50;2025-12-25;11;1490
50;2025-12-25;12;1476
50;2025-12-25;13;1467
50;2025-12-25;14;1412
50;2025-12-25;15;1610
50;2025-12-25;16;1608
50;2025-12-25;17;2315
50;2025-12-25;18;2417
50;2025-12-25;19;1456
50;2025-12-25;20;960
50;2025-12-25;21;680
50;2025-12-25;22;263
50;2025-12-25;23;154
50;2025-12-26;0;37
50;2025-12-26;1;1
50;2025-12-26;2;0
50;2025-12-26;3;0
50;2025-12-26;4;3
50;2025-12-26;5;69
50;2025-12-26;6;519
50;2025-12-26;7;1756
50;2025-12-26;8;2722
50;2025-12-26;9;2128
50;2025-12-26;10;1525
50;2025-12-26;11;1541
50;2025-12-26;12;1438
50;2025-12-26;13;1519
50;2025-12-26;14;1443
50;2025-12-26;15;1754
50;2025-12-26;16;2192
50;2025-12-26;17;2134
50;2025-12-26;18;1635
50;2025-12-26;19;1195
50;2025-12-26;20;863
50;2025-12-26;21;556
50;2025-12-26;22;281
50;2025-12-26;23;171
50;2025-12-27;0;67
50;2025-12-27;1;5
50;2025-12-27;2;0
50;2025-12-27;3;0
50;2025-12-27;4;1
50;2025-12-27;5;32
50;2025-12-27;6;189
50;2025-12-27;7;405
50;2025-12-27;8;609
50;2025-12-27;9;674
50;2025-12-27;10;645
50;2025-12-27;11;832
50;2025-12-27;12;843
50;2025-12-27;13;900
50;2025-12-27;14;888
50;2025-12-27;15;869
50;2025-12-27;16;835
50;2025-12-27;17;830
50;2025-12-27;18;740
50;2025-12-27;19;676
50;2025-12-27;20;516
50;2025-12-27;21;417
50;2025-12-27;22;239
50;2025-12-27;23;152
50;2025-12-28;0;56
50;2025-12-28;1;9
50;2025-12-28;2;2
50;2025-12-28;3;2
50;2025-12-28;4;2
50;2025-12-28;5;27
50;2025-12-28;6;134
50;2025-12-28;7;252
50;2025-12-28;8;380
50;2025-12-28;9;471
50;2025-12-28;10;523
50;2025-12-28;11;651
50;2025-12-28;12;726
50;2025-12-28;13;781
50;2025-12-28;14;835
50;2025-12-28;15;740
50;2025-12-28;16;737
50;2025-12-28;17;740
50;2025-12-28;18;671
50;2025-12-28;19;584
50;2025-12-28;20;484
50;2025-12-28;21;378
50;2025-12-28;22;229
50;2025-12-28;23;123
50;2025-12-29;0;13
50;2025-12-29;1;3
50;2025-12-29;2;1
50;2025-12-29;3;0
50;2025-12-29;4;3
50;2025-12-29;5;64
50;2025-12-29;6;489
50;2025-12-29;7;1634
50;2025-12-29;8;2641
50;2025-12-29;9;2134
50;2025-12-29;10;1570
50;2025-12-29;11;1380
50;2025-12-29;12;1245
50;2025-12-29;13;1390
50;2025-12-29;14;1318
50;2025-12-29;15;1555
50;2025-12-29;16;1544
50;2025-12-29;17;2213
50;2025-12-29;18;2386
50;2025-12-29;19;1261
50;2025-12-29;20;841
50;2025-12-29;21;600
50;2025-12-29;22;219
50;2025-12-29;23;113
50;2025-12-30;0;26
50;2025-12-30;1;2
50;2025-12-30;2;0
50;2025-12-30;3;0
50;2025-12-30;4;2
50;2025-12-30;5;70
50;2025-12-30;6;533
50;2025-12-30;7;1663
50;2025-12-30;8;2620
50;2025-12-30;9;2059
50;2025-12-30;10;1627
50;2025-12-30;11;1418
50;2025-12-30;12;1276
50;2025-12-30;13;1409
50;2025-12-30;14;1304
50;2025-12-30;15;1547
50;2025-12-30;16;1613
50;2025-12-30;17;2329
50;2025-12-30;18;2336
50;2025-12-30;19;1386
50;2025-12-30;20;913
50;2025-12-30;21;560
50;2025-12-30;22;227
50;2025-12-30;23;135
50;2025-12-31;0;52
50;2025-12-31;1;6
50;2025-12-31;2;1
50;2025-12-31;3;1
50;2025-12-31;4;1
50;2025-12-31;5;26
50;2025-12-31;6;135
50;2025-12-31;7;269
50;2025-12-31;8;405
50;2025-12-31;9;477
50;2025-12-31;10;498
50;2025-12-31;11;628
50;2025-12-31;12;675
50;2025-12-31;13;724
50;2025-12-31;14;751
50;2025-12-31;15;691
50;2025-12-31;16;678
50;2025-12-31;17;679
50;2025-12-31;18;611
50;2025-12-31;19;542
50;2025-12-31;20;436
50;2025-12-31;21;345
50;2025-12-31;22;204
50;2025-12-31;23;117
