route;date;hour;prediction
1;2025-11-01;0;5
1;2025-11-01;1;0
1;2025-11-01;2;0
1;2025-11-01;3;0
1;2025-11-01;4;4
1;2025-11-01;5;95
1;2025-11-01;6;367
1;2025-11-01;7;1065
1;2025-11-01;8;1297
1;2025-11-01;9;1181
1;2025-11-01;10;1152
1;2025-11-01;11;1196
1;2025-11-01;12;1259
1;2025-11-01;13;1309
1;2025-11-01;14;1244
1;2025-11-01;15;1292
1;2025-11-01;16;1301
1;2025-11-01;17;1393
1;2025-11-01;18;1167
1;2025-11-01;19;978
1;2025-11-01;20;663
1;2025-11-01;21;422
1;2025-11-01;22;173
1;2025-11-01;23;40
1;2025-11-02;0;1
1;2025-11-02;1;0
1;2025-11-02;2;0
1;2025-11-02;3;0
1;2025-11-02;4;0
1;2025-11-02;5;22
1;2025-11-02;6;115
1;2025-11-02;7;253
1;2025-11-02;8;347
1;2025-11-02;9;585
1;2025-11-02;10;670
1;2025-11-02;11;698
1;2025-11-02;12;808
1;2025-11-02;13;831
1;2025-11-02;14;782
1;2025-11-02;15;694
1;2025-11-02;16;636
1;2025-11-02;17;565
1;2025-11-02;18;501
1;2025-11-02;19;438
1;2025-11-02;20;326
1;2025-11-02;21;261
1;2025-11-02;22;98
1;2025-11-02;23;27
1;2025-11-03;0;2
1;2025-11-03;1;0
1;2025-11-03;2;0
1;2025-11-03;3;0
1;2025-11-03;4;0
1;2025-11-03;5;24
1;2025-11-03;6;124
1;2025-11-03;7;274
1;2025-11-03;8;378
1;2025-11-03;9;617
1;2025-11-03;10;719
1;2025-11-03;11;734
1;2025-11-03;12;859
1;2025-11-03;13;889
1;2025-11-03;14;831
1;2025-11-03;15;734
1;2025-11-03;16;662
1;2025-11-03;17;597
1;2025-11-03;18;528
1;2025-11-03;19;461
1;2025-11-03;20;347
1;2025-11-03;21;268
1;2025-11-03;22;104
1;2025-11-03;23;27
1;2025-11-04;0;2
1;2025-11-04;1;0
1;2025-11-04;2;0
1;2025-11-04;3;0
1;2025-11-04;4;0
1;2025-11-04;5;21
1;2025-11-04;6;109
1;2025-11-04;7;240
1;2025-11-04;8;330
1;2025-11-04;9;545
1;2025-11-04;10;631
1;2025-11-04;11;650
1;2025-11-04;12;757
1;2025-11-04;13;782
1;2025-11-04;14;733
1;2025-11-04;15;648
1;2025-11-04;16;589
1;2025-11-04;17;527
1;2025-11-04;18;467
1;2025-11-04;19;408
1;2025-11-04;20;306
1;2025-11-04;21;240
1;2025-11-04;22;92
1;2025-11-04;23;25
1;2025-11-05;0;3
1;2025-11-05;1;0
1;2025-11-05;2;0
1;2025-11-05;3;0
1;2025-11-05;4;8
1;2025-11-05;5;143
1;2025-11-05;6;545
1;2025-11-05;7;1444
1;2025-11-05;8;1923
1;2025-11-05;9;1489
1;2025-11-05;10;1387
1;2025-11-05;11;1358
1;2025-11-05;12;1422
1;2025-11-05;13;1449
1;2025-11-05;14;1376
1;2025-11-05;15;1457
1;2025-11-05;16;1536
1;2025-11-05;17;1808
1;2025-11-05;18;1783
1;2025-11-05;19;1357
1;2025-11-05;20;865
1;2025-11-05;21;500
1;2025-11-05;22;217
1;2025-11-05;23;32
1;2025-11-06;0;5
1;2025-11-06;1;0
1;2025-11-06;2;0
1;2025-11-06;3;0
1;2025-11-06;4;10
1;2025-11-06;5;126
1;2025-11-06;6;501
1;2025-11-06;7;1464
1;2025-11-06;8;1917
1;2025-11-06;9;1495
1;2025-11-06;10;1396
1;2025-11-06;11;1373
1;2025-11-06;12;1432
1;2025-11-06;13;1445
1;2025-11-06;14;1389
1;2025-11-06;15;1475
1;2025-11-06;16;1551
1;2025-11-06;17;1824
1;2025-11-06;18;1833
1;2025-11-06;19;1346
1;2025-11-06;20;872
1;2025-11-06;21;480
1;2025-11-06;22;191
1;2025-11-06;23;37
1;2025-11-07;0;4
1;2025-11-07;1;0
1;2025-11-07;2;0
1;2025-11-07;3;0
1;2025-11-07;4;7
1;2025-11-07;5;136
1;2025-11-07;6;499
1;2025-11-07;7;1468
1;2025-11-07;8;1830
1;2025-11-07;9;1462
1;2025-11-07;10;1347
1;2025-11-07;11;1363
1;2025-11-07;12;1397
1;2025-11-07;13;1408
1;2025-11-07;14;1339
1;2025-11-07;15;1451
1;2025-11-07;16;1581
1;2025-11-07;17;1821
1;2025-11-07;18;1553
1;2025-11-07;19;1240
1;2025-11-07;20;825
1;2025-11-07;21;495
1;2025-11-07;22;205
1;2025-11-07;23;37
1;2025-11-08;0;3
1;2025-11-08;1;0
1;2025-11-08;2;0
1;2025-11-08;3;0
1;2025-11-08;4;0
1;2025-11-08;5;38
1;2025-11-08;6;162
1;2025-11-08;7;369
1;2025-11-08;8;527
1;2025-11-08;9;772
1;2025-11-08;10;906
1;2025-11-08;11;938
1;2025-11-08;12;1057
1;2025-11-08;13;1063
1;2025-11-08;14;1050
1;2025-11-08;15;932
1;2025-11-08;16;867
1;2025-11-08;17;784
1;2025-11-08;18;686
1;2025-11-08;19;607
1;2025-11-08;20;449
1;2025-11-08;21;308
1;2025-11-08;22;140
1;2025-11-08;23;29
1;2025-11-09;0;0
1;2025-11-09;1;0
1;2025-11-09;2;0
1;2025-11-09;3;0
1;2025-11-09;4;0
1;2025-11-09;5;22
1;2025-11-09;6;111
1;2025-11-09;7;258
1;2025-11-09;8;351
1;2025-11-09;9;587
1;2025-11-09;10;660
1;2025-11-09;11;734
1;2025-11-09;12;808
1;2025-11-09;13;834
1;2025-11-09;14;813
1;2025-11-09;15;736
1;2025-11-09;16;696
1;2025-11-09;17;641
1;2025-11-09;18;535
1;2025-11-09;19;453
1;2025-11-09;20;338
1;2025-11-09;21;258
1;2025-11-09;22;117
1;2025-11-09;23;26
1;2025-11-10;0;0
1;2025-11-10;1;0
1;2025-11-10;2;0
1;2025-11-10;3;0
1;2025-11-10;4;9
1;2025-11-10;5;142
1;2025-11-10;6;512
1;2025-11-10;7;1451
1;2025-11-10;8;1902
1;2025-11-10;9;1476
1;2025-11-10;10;1345
1;2025-11-10;11;1331
1;2025-11-10;12;1412
1;2025-11-10;13;1424
1;2025-11-10;14;1398
1;2025-11-10;15;1460
1;2025-11-10;16;1575
1;2025-11-10;17;1859
1;2025-11-10;18;1878
1;2025-11-10;19;1390
1;2025-11-10;20;880
1;2025-11-10;21;465
1;2025-11-10;22;180
1;2025-11-10;23;36
1;2025-11-11;0;3
1;2025-11-11;1;0
1;2025-11-11;2;0
1;2025-11-11;3;1
1;2025-11-11;4;11
1;2025-11-11;5;123
1;2025-11-11;6;520
1;2025-11-11;7;1482
1;2025-11-11;8;1895
1;2025-11-11;9;1495
1;2025-11-11;10;1369
1;2025-11-11;11;1339
1;2025-11-11;12;1403
1;2025-11-11;13;1409
1;2025-11-11;14;1308
1;2025-11-11;15;1413
1;2025-11-11;16;1515
1;2025-11-11;17;1807
1;2025-11-11;18;1802
1;2025-11-11;19;1368
1;2025-11-11;20;856
1;2025-11-11;21;491
1;2025-11-11;22;195
1;2025-11-11;23;36
1;2025-11-12;0;3
1;2025-11-12;1;0
1;2025-11-12;2;0
1;2025-11-12;3;0
1;2025-11-12;4;8
1;2025-11-12;5;143
1;2025-11-12;6;545
1;2025-11-12;7;1444
1;2025-11-12;8;1923
1;2025-11-12;9;1489
1;2025-11-12;10;1387
1;2025-11-12;11;1358
1;2025-11-12;12;1422
1;2025-11-12;13;1449
1;2025-11-12;14;1376
1;2025-11-12;15;1457
1;2025-11-12;16;1536
1;2025-11-12;17;1808
1;2025-11-12;18;1783
1;2025-11-12;19;1357
1;2025-11-12;20;865
1;2025-11-12;21;500
1;2025-11-12;22;217
1;2025-11-12;23;32
1;2025-11-13;0;5
1;2025-11-13;1;0
1;2025-11-13;2;0
1;2025-11-13;3;0
1;2025-11-13;4;10
1;2025-11-13;5;126
1;2025-11-13;6;501
1;2025-11-13;7;1464
1;2025-11-13;8;1917
1;2025-11-13;9;1496
1;2025-11-13;10;1396
1;2025-11-13;11;1373
1;2025-11-13;12;1432
1;2025-11-13;13;1445
1;2025-11-13;14;1390
1;2025-11-13;15;1475
1;2025-11-13;16;1551
1;2025-11-13;17;1824
1;2025-11-13;18;1834
1;2025-11-13;19;1345
1;2025-11-13;20;871
1;2025-11-13;21;479
1;2025-11-13;22;191
1;2025-11-13;23;37
1;2025-11-14;0;4
1;2025-11-14;1;0
1;2025-11-14;2;0
1;2025-11-14;3;0
1;2025-11-14;4;7
1;2025-11-14;5;136
1;2025-11-14;6;499
1;2025-11-14;7;1468
1;2025-11-14;8;1830
1;2025-11-14;9;1462
1;2025-11-14;10;1347
1;2025-11-14;11;1364
1;2025-11-14;12;1398
1;2025-11-14;13;1408
1;2025-11-14;14;1339
1;2025-11-14;15;1451
1;2025-11-14;16;1581
1;2025-11-14;17;1822
1;2025-11-14;18;1553
1;2025-11-14;19;1239
1;2025-11-14;20;824
1;2025-11-14;21;493
1;2025-11-14;22;205
1;2025-11-14;23;37
1;2025-11-15;0;3
1;2025-11-15;1;0
1;2025-11-15;2;0
1;2025-11-15;3;0
1;2025-11-15;4;0
1;2025-11-15;5;38
1;2025-11-15;6;162
1;2025-11-15;7;369
1;2025-11-15;8;527
1;2025-11-15;9;772
1;2025-11-15;10;906
1;2025-11-15;11;938
1;2025-11-15;12;1057
1;2025-11-15;13;1063
1;2025-11-15;14;1050
1;2025-11-15;15;932
1;2025-11-15;16;867
1;2025-11-15;17;784
1;2025-11-15;18;686
1;2025-11-15;19;607
1;2025-11-15;20;449
1;2025-11-15;21;308
1;2025-11-15;22;140
1;2025-11-15;23;29
1;2025-11-16;0;0
1;2025-11-16;1;0
1;2025-11-16;2;0
1;2025-11-16;3;0
1;2025-11-16;4;0
1;2025-11-16;5;22
1;2025-11-16;6;111
1;2025-11-16;7;259
1;2025-11-16;8;352
1;2025-11-16;9;588
1;2025-11-16;10;661
1;2025-11-16;11;735
1;2025-11-16;12;810
1;2025-11-16;13;836
1;2025-11-16;14;815
1;2025-11-16;15;737
1;2025-11-16;16;697
1;2025-11-16;17;642
1;2025-11-16;18;536
1;2025-11-16;19;454
1;2025-11-16;20;339
1;2025-11-16;21;259
1;2025-11-16;22;117
1;2025-11-16;23;26
1;2025-11-17;0;0
1;2025-11-17;1;0
1;2025-11-17;2;0
1;2025-11-17;3;0
1;2025-11-17;4;9
1;2025-11-17;5;143
1;2025-11-17;6;514
1;2025-11-17;7;1457
1;2025-11-17;8;1909
1;2025-11-17;9;1482
1;2025-11-17;10;1350
1;2025-11-17;11;1336
1;2025-11-17;12;1418
1;2025-11-17;13;1430
1;2025-11-17;14;1403
1;2025-11-17;15;1466
1;2025-11-17;16;1581
1;2025-11-17;17;1866
1;2025-11-17;18;1885
1;2025-11-17;19;1395
1;2025-11-17;20;883
1;2025-11-17;21;467
1;2025-11-17;22;181
1;2025-11-17;23;36
1;2025-11-18;0;3
1;2025-11-18;1;0
1;2025-11-18;2;0
1;2025-11-18;3;1
1;2025-11-18;4;11
1;2025-11-18;5;124
1;2025-11-18;6;523
1;2025-11-18;7;1491
1;2025-11-18;8;1906
1;2025-11-18;9;1504
1;2025-11-18;10;1377
1;2025-11-18;11;1347
1;2025-11-18;12;1411
1;2025-11-18;13;1417
1;2025-11-18;14;1316
1;2025-11-18;15;1421
1;2025-11-18;16;1524
1;2025-11-18;17;1818
1;2025-11-18;18;1813
1;2025-11-18;19;1376
1;2025-11-18;20;861
1;2025-11-18;21;495
1;2025-11-18;22;196
1;2025-11-18;23;35
1;2025-11-19;0;3
1;2025-11-19;1;0
1;2025-11-19;2;0
1;2025-11-19;3;0
1;2025-11-19;4;8
1;2025-11-19;5;144
1;2025-11-19;6;549
1;2025-11-19;7;1455
1;2025-11-19;8;1938
1;2025-11-19;9;1501
1;2025-11-19;10;1398
1;2025-11-19;11;1369
1;2025-11-19;12;1433
1;2025-11-19;13;1460
1;2025-11-19;14;1387
1;2025-11-19;15;1468
1;2025-11-19;16;1548
1;2025-11-19;17;1823
1;2025-11-19;18;1797
1;2025-11-19;19;1368
1;2025-11-19;20;872
1;2025-11-19;21;504
1;2025-11-19;22;219
1;2025-11-19;23;31
1;2025-11-20;0;5
1;2025-11-20;1;0
1;2025-11-20;2;0
1;2025-11-20;3;0
1;2025-11-20;4;10
1;2025-11-20;5;127
1;2025-11-20;6;506
1;2025-11-20;7;1478
1;2025-11-20;8;1936
1;2025-11-20;9;1511
1;2025-11-20;10;1410
1;2025-11-20;11;1386
1;2025-11-20;12;1446
1;2025-11-20;13;1459
1;2025-11-20;14;1404
1;2025-11-20;15;1489
1;2025-11-20;16;1566
1;2025-11-20;17;1842
1;2025-11-20;18;1852
1;2025-11-20;19;1358
1;2025-11-20;20;880
1;2025-11-20;21;484
1;2025-11-20;22;193
1;2025-11-20;23;36
1;2025-11-21;0;4
1;2025-11-21;1;0
1;2025-11-21;2;0
1;2025-11-21;3;0
1;2025-11-21;4;7
1;2025-11-21;5;138
1;2025-11-21;6;505
1;2025-11-21;7;1485
1;2025-11-21;8;1852
1;2025-11-21;9;1479
1;2025-11-21;10;1363
1;2025-11-21;11;1380
1;2025-11-21;12;1414
1;2025-11-21;13;1426
1;2025-11-21;14;1355
1;2025-11-21;15;1468
1;2025-11-21;16;1600
1;2025-11-21;17;1843
1;2025-11-21;18;1571
1;2025-11-21;19;1254
1;2025-11-21;20;834
1;2025-11-21;21;499
1;2025-11-21;22;208
1;2025-11-21;23;37
1;2025-11-22;0;3
1;2025-11-22;1;0
1;2025-11-22;2;0
1;2025-11-22;3;0
1;2025-11-22;4;0
1;2025-11-22;5;39
1;2025-11-22;6;164
1;2025-11-22;7;374
1;2025-11-22;8;534
1;2025-11-22;9;783
1;2025-11-22;10;918
1;2025-11-22;11;951
1;2025-11-22;12;1072
1;2025-11-22;13;1078
1;2025-11-22;14;1064
1;2025-11-22;15;945
1;2025-11-22;16;879
1;2025-11-22;17;795
1;2025-11-22;18;695
1;2025-11-22;19;615
1;2025-11-22;20;455
1;2025-11-22;21;312
1;2025-11-22;22;142
1;2025-11-22;23;29
1;2025-11-23;0;0
1;2025-11-23;1;0
1;2025-11-23;2;0
1;2025-11-23;3;0
1;2025-11-23;4;0
1;2025-11-23;5;22
1;2025-11-23;6;113
1;2025-11-23;7;262
1;2025-11-23;8;357
1;2025-11-23;9;596
1;2025-11-23;10;670
1;2025-11-23;11;746
1;2025-11-23;12;821
1;2025-11-23;13;847
1;2025-11-23;14;826
1;2025-11-23;15;748
1;2025-11-23;16;707
1;2025-11-23;17;651
1;2025-11-23;18;543
1;2025-11-23;19;460
1;2025-11-23;20;343
1;2025-11-23;21;262
1;2025-11-23;22;119
1;2025-11-23;23;26
1;2025-11-24;0;0
1;2025-11-24;1;0
1;2025-11-24;2;0
1;2025-11-24;3;0
1;2025-11-24;4;9
1;2025-11-24;5;145
1;2025-11-24;6;521
1;2025-11-24;7;1477
1;2025-11-24;8;1936
1;2025-11-24;9;1502
1;2025-11-24;10;1369
1;2025-11-24;11;1354
1;2025-11-24;12;1437
1;2025-11-24;13;1449
1;2025-11-24;14;1423
1;2025-11-24;15;1486
1;2025-11-24;16;1603
1;2025-11-24;17;1892
1;2025-11-24;18;1911
1;2025-11-24;19;1415
1;2025-11-24;20;896
1;2025-11-24;21;473
1;2025-11-24;22;183
1;2025-11-24;23;37
1;2025-11-25;0;3
1;2025-11-25;1;0
1;2025-11-25;2;0
1;2025-11-25;3;1
1;2025-11-25;4;11
1;2025-11-25;5;125
1;2025-11-25;6;530
1;2025-11-25;7;1511
1;2025-11-25;8;1932
1;2025-11-25;9;1524
1;2025-11-25;10;1396
1;2025-11-25;11;1365
1;2025-11-25;12;1430
1;2025-11-25;13;1437
1;2025-11-25;14;1334
1;2025-11-25;15;1441
1;2025-11-25;16;1545
1;2025-11-25;17;1842
1;2025-11-25;18;1837
1;2025-11-25;19;1395
1;2025-11-25;20;873
1;2025-11-25;21;502
1;2025-11-25;22;199
1;2025-11-25;23;36
1;2025-11-26;0;3
1;2025-11-26;1;0
1;2025-11-26;2;0
1;2025-11-26;3;0
1;2025-11-26;4;8
1;2025-11-26;5;146
1;2025-11-26;6;557
1;2025-11-26;7;1475
1;2025-11-26;8;1964
1;2025-11-26;9;1521
1;2025-11-26;10;1417
1;2025-11-26;11;1387
1;2025-11-26;12;1453
1;2025-11-26;13;1480
1;2025-11-26;14;1406
1;2025-11-26;15;1488
1;2025-11-26;16;1569
1;2025-11-26;17;1848
1;2025-11-26;18;1821
1;2025-11-26;19;1386
1;2025-11-26;20;884
1;2025-11-26;21;511
1;2025-11-26;22;222
1;2025-11-26;23;32
1;2025-11-27;0;5
1;2025-11-27;1;0
1;2025-11-27;2;0
1;2025-11-27;3;0
1;2025-11-27;4;10
1;2025-11-27;5;129
1;2025-11-27;6;513
1;2025-11-27;7;1498
1;2025-11-27;8;1962
1;2025-11-27;9;1531
1;2025-11-27;10;1429
1;2025-11-27;11;1405
1;2025-11-27;12;1466
1;2025-11-27;13;1479
1;2025-11-27;14;1423
1;2025-11-27;15;1510
1;2025-11-27;16;1587
1;2025-11-27;17;1867
1;2025-11-27;18;1877
1;2025-11-27;19;1377
1;2025-11-27;20;891
1;2025-11-27;21;490
1;2025-11-27;22;195
1;2025-11-27;23;37
1;2025-11-28;0;4
1;2025-11-28;1;0
1;2025-11-28;2;0
1;2025-11-28;3;0
1;2025-11-28;4;7
1;2025-11-28;5;139
1;2025-11-28;6;512
1;2025-11-28;7;1505
1;2025-11-28;8;1877
1;2025-11-28;9;1499
1;2025-11-28;10;1381
1;2025-11-28;11;1399
1;2025-11-28;12;1434
1;2025-11-28;13;1445
1;2025-11-28;14;1373
1;2025-11-28;15;1488
1;2025-11-28;16;1621
1;2025-11-28;17;1868
1;2025-11-28;18;1593
1;2025-11-28;19;1271
1;2025-11-28;20;845
1;2025-11-28;21;506
1;2025-11-28;22;211
1;2025-11-28;23;38
1;2025-11-29;0;3
1;2025-11-29;1;0
1;2025-11-29;2;0
1;2025-11-29;3;0
1;2025-11-29;4;0
1;2025-11-29;5;39
1;2025-11-29;6;166
1;2025-11-29;7;379
1;2025-11-29;8;541
1;2025-11-29;9;793
1;2025-11-29;10;931
1;2025-11-29;11;964
1;2025-11-29;12;1086
1;2025-11-29;13;1092
1;2025-11-29;14;1079
1;2025-11-29;15;958
1;2025-11-29;16;891
1;2025-11-29;17;806
1;2025-11-29;18;705
1;2025-11-29;19;624
1;2025-11-29;20;461
1;2025-11-29;21;316
1;2025-11-29;22;144
1;2025-11-29;23;30
1;2025-11-30;0;0
1;2025-11-30;1;0
1;2025-11-30;2;0
1;2025-11-30;3;0
1;2025-11-30;4;0
1;2025-11-30;5;23
1;2025-11-30;6;114
1;2025-11-30;7;266
1;2025-11-30;8;361
1;2025-11-30;9;604
1;2025-11-30;10;679
1;2025-11-30;11;756
1;2025-11-30;12;832
1;2025-11-30;13;859
1;2025-11-30;14;837
1;2025-11-30;15;758
1;2025-11-30;16;716
1;2025-11-30;17;660
1;2025-11-30;18;551
1;2025-11-30;19;466
1;2025-11-30;20;348
1;2025-11-30;21;266
1;2025-11-30;22;120
1;2025-11-30;23;27
1;2025-12-01;0;0
1;2025-12-01;1;0
1;2025-12-01;2;0
1;2025-12-01;3;0
1;2025-12-01;4;9
1;2025-12-01;5;146
1;2025-12-01;6;528
1;2025-12-01;7;1497
1;2025-12-01;8;1962
1;2025-12-01;9;1522
1;2025-12-01;10;1387
1;2025-12-01;11;1373
1;2025-12-01;12;1456
1;2025-12-01;13;1469
1;2025-12-01;14;1442
1;2025-12-01;15;1506
1;2025-12-01;16;1624
1;2025-12-01;17;1917
1;2025-12-01;18;1937
1;2025-12-01;19;1434
1;2025-12-01;20;908
1;2025-12-01;21;480
1;2025-12-01;22;186
1;2025-12-01;23;37
1;2025-12-02;0;3
1;2025-12-02;1;0
1;2025-12-02;2;0
1;2025-12-02;3;1
1;2025-12-02;4;11
1;2025-12-02;5;127
1;2025-12-02;6;537
1;2025-12-02;7;1531
1;2025-12-02;8;1958
1;2025-12-02;9;1545
1;2025-12-02;10;1415
1;2025-12-02;11;1384
1;2025-12-02;12;1450
1;2025-12-02;13;1456
1;2025-12-02;14;1352
1;2025-12-02;15;1460
1;2025-12-02;16;1565
1;2025-12-02;17;1867
1;2025-12-02;18;1862
1;2025-12-02;19;1414
1;2025-12-02;20;885
1;2025-12-02;21;508
1;2025-12-02;22;201
1;2025-12-02;23;36
1;2025-12-03;0;3
1;2025-12-03;1;0
1;2025-12-03;2;0
1;2025-12-03;3;0
1;2025-12-03;4;8
1;2025-12-03;5;148
1;2025-12-03;6;564
1;2025-12-03;7;1495
1;2025-12-03;8;1990
1;2025-12-03;9;1540
1;2025-12-03;10;1435
1;2025-12-03;11;1406
1;2025-12-03;12;1471
1;2025-12-03;13;1499
1;2025-12-03;14;1424
1;2025-12-03;15;1507
1;2025-12-03;16;1589
1;2025-12-03;17;1872
1;2025-12-03;18;1846
1;2025-12-03;19;1406
1;2025-12-03;20;897
1;2025-12-03;21;519
1;2025-12-03;22;226
1;2025-12-03;23;34
1;2025-12-04;0;5
1;2025-12-04;1;0
1;2025-12-04;2;0
1;2025-12-04;3;0
1;2025-12-04;4;10
1;2025-12-04;5;130
1;2025-12-04;6;517
1;2025-12-04;7;1511
1;2025-12-04;8;1979
1;2025-12-04;9;1544
1;2025-12-04;10;1441
1;2025-12-04;11;1416
1;2025-12-04;12;1478
1;2025-12-04;13;1494
1;2025-12-04;14;1437
1;2025-12-04;15;1529
1;2025-12-04;16;1609
1;2025-12-04;17;1891
1;2025-12-04;18;1904
1;2025-12-04;19;1400
1;2025-12-04;20;912
1;2025-12-04;21;511
1;2025-12-04;22;216
1;2025-12-04;23;54
1;2025-12-05;0;4
1;2025-12-05;1;0
1;2025-12-05;2;0
1;2025-12-05;3;0
1;2025-12-05;4;7
1;2025-12-05;5;140
1;2025-12-05;6;516
1;2025-12-05;7;1517
1;2025-12-05;8;1891
1;2025-12-05;9;1511
1;2025-12-05;10;1393
1;2025-12-05;11;1409
1;2025-12-05;12;1444
1;2025-12-05;13;1458
1;2025-12-05;14;1385
1;2025-12-05;15;1506
1;2025-12-05;16;1640
1;2025-12-05;17;1889
1;2025-12-05;18;1619
1;2025-12-05;19;1294
1;2025-12-05;20;866
1;2025-12-05;21;529
1;2025-12-05;22;233
1;2025-12-05;23;58
1;2025-12-06;0;3
1;2025-12-06;1;0
1;2025-12-06;2;0
1;2025-12-06;3;0
1;2025-12-06;4;0
1;2025-12-06;5;35
1;2025-12-06;6;165
1;2025-12-06;7;379
1;2025-12-06;8;543
1;2025-12-06;9;799
1;2025-12-06;10;937
1;2025-12-06;11;970
1;2025-12-06;12;1094
1;2025-12-06;13;1102
1;2025-12-06;14;1088
1;2025-12-06;15;971
1;2025-12-06;16;905
1;2025-12-06;17;818
1;2025-12-06;18;718
1;2025-12-06;19;638
1;2025-12-06;20;474
1;2025-12-06;21;330
1;2025-12-06;22;156
1;2025-12-06;23;40
1;2025-12-07;0;0
1;2025-12-07;1;0
1;2025-12-07;2;0
1;2025-12-07;3;0
1;2025-12-07;4;0
1;2025-12-07;5;20
1;2025-12-07;6;113
1;2025-12-07;7;266
1;2025-12-07;8;362
1;2025-12-07;9;607
1;2025-12-07;10;683
1;2025-12-07;11;759
1;2025-12-07;12;837
1;2025-12-07;13;865
1;2025-12-07;14;843
1;2025-12-07;15;769
1;2025-12-07;16;727
1;2025-12-07;17;670
1;2025-12-07;18;563
1;2025-12-07;19;478
1;2025-12-07;20;359
1;2025-12-07;21;279
1;2025-12-07;22;131
1;2025-12-07;23;37
1;2025-12-08;0;0
1;2025-12-08;1;0
1;2025-12-08;2;0
1;2025-12-08;3;0
1;2025-12-08;4;9
1;2025-12-08;5;142
1;2025-12-08;6;527
1;2025-12-08;7;1506
1;2025-12-08;8;1975
1;2025-12-08;9;1532
1;2025-12-08;10;1395
1;2025-12-08;11;1380
1;2025-12-08;12;1465
1;2025-12-08;13;1480
1;2025-12-08;14;1452
1;2025-12-08;15;1529
1;2025-12-08;16;1650
1;2025-12-08;17;1946
1;2025-12-08;18;1971
1;2025-12-08;19;1463
1;2025-12-08;20;931
1;2025-12-08;21;505
1;2025-12-08;22;207
1;2025-12-08;23;57
1;2025-12-09;0;3
1;2025-12-09;1;0
1;2025-12-09;2;0
1;2025-12-09;3;1
1;2025-12-09;4;12
1;2025-12-09;5;121
1;2025-12-09;6;537
1;2025-12-09;7;1542
1;2025-12-09;8;1975
1;2025-12-09;9;1555
1;2025-12-09;10;1423
1;2025-12-09;11;1393
1;2025-12-09;12;1459
1;2025-12-09;13;1467
1;2025-12-09;14;1362
1;2025-12-09;15;1483
1;2025-12-09;16;1590
1;2025-12-09;17;1896
1;2025-12-09;18;1895
1;2025-12-09;19;1442
1;2025-12-09;20;906
1;2025-12-09;21;531
1;2025-12-09;22;222
1;2025-12-09;23;54
1;2025-12-10;0;3
1;2025-12-10;1;0
1;2025-12-10;2;0
1;2025-12-10;3;0
1;2025-12-10;4;8
1;2025-12-10;5;143
1;2025-12-10;6;563
1;2025-12-10;7;1504
1;2025-12-10;8;2005
1;2025-12-10;9;1550
1;2025-12-10;10;1443
1;2025-12-10;11;1413
1;2025-12-10;12;1480
1;2025-12-10;13;1511
1;2025-12-10;14;1434
1;2025-12-10;15;1532
1;2025-12-10;16;1615
1;2025-12-10;17;1901
1;2025-12-10;18;1880
1;2025-12-10;19;1434
1;2025-12-10;20;919
1;2025-12-10;21;544
1;2025-12-10;22;248
1;2025-12-10;23;55
1;2025-12-11;0;5
1;2025-12-11;1;0
1;2025-12-11;2;0
1;2025-12-11;3;0
1;2025-12-11;4;11
1;2025-12-11;5;125
1;2025-12-11;6;519
1;2025-12-11;7;1529
1;2025-12-11;8;2004
1;2025-12-11;9;1562
1;2025-12-11;10;1458
1;2025-12-11;11;1432
1;2025-12-11;12;1494
1;2025-12-11;13;1510
1;2025-12-11;14;1452
1;2025-12-11;15;1553
1;2025-12-11;16;1634
1;2025-12-11;17;1921
1;2025-12-11;18;1936
1;2025-12-11;19;1423
1;2025-12-11;20;926
1;2025-12-11;21;520
1;2025-12-11;22;219
1;2025-12-11;23;56
1;2025-12-12;0;4
1;2025-12-12;1;0
1;2025-12-12;2;0
1;2025-12-12;3;0
1;2025-12-12;4;7
1;2025-12-12;5;137
1;2025-12-12;6;518
1;2025-12-12;7;1535
1;2025-12-12;8;1915
1;2025-12-12;9;1529
1;2025-12-12;10;1408
1;2025-12-12;11;1426
1;2025-12-12;12;1461
1;2025-12-12;13;1474
1;2025-12-12;14;1401
1;2025-12-12;15;1530
1;2025-12-12;16;1667
1;2025-12-12;17;1919
1;2025-12-12;18;1646
1;2025-12-12;19;1315
1;2025-12-12;20;880
1;2025-12-12;21;538
1;2025-12-12;22;237
1;2025-12-12;23;59
1;2025-12-13;0;3
1;2025-12-13;1;0
1;2025-12-13;2;0
1;2025-12-13;3;0
1;2025-12-13;4;0
1;2025-12-13;5;36
1;2025-12-13;6;167
1;2025-12-13;7;384
1;2025-12-13;8;551
1;2025-12-13;9;809
1;2025-12-13;10;949
1;2025-12-13;11;983
1;2025-12-13;12;1109
1;2025-12-13;13;1116
1;2025-12-13;14;1102
1;2025-12-13;15;984
1;2025-12-13;16;917
1;2025-12-13;17;829
1;2025-12-13;18;728
1;2025-12-13;19;647
1;2025-12-13;20;480
1;2025-12-13;21;334
1;2025-12-13;22;158
1;2025-12-13;23;40
1;2025-12-14;0;0
1;2025-12-14;1;0
1;2025-12-14;2;0
1;2025-12-14;3;0
1;2025-12-14;4;0
1;2025-12-14;5;20
1;2025-12-14;6;114
1;2025-12-14;7;269
1;2025-12-14;8;367
1;2025-12-14;9;615
1;2025-12-14;10;692
1;2025-12-14;11;769
1;2025-12-14;12;848
1;2025-12-14;13;876
1;2025-12-14;14;854
1;2025-12-14;15;779
1;2025-12-14;16;737
1;2025-12-14;17;678
1;2025-12-14;18;571
1;2025-12-14;19;484
1;2025-12-14;20;364
1;2025-12-14;21;282
1;2025-12-14;22;133
1;2025-12-14;23;37
1;2025-12-15;0;0
1;2025-12-15;1;0
1;2025-12-15;2;0
1;2025-12-15;3;0
1;2025-12-15;4;10
1;2025-12-15;5;144
1;2025-12-15;6;534
1;2025-12-15;7;1526
1;2025-12-15;8;2001
1;2025-12-15;9;1552
1;2025-12-15;10;1413
1;2025-12-15;11;1398
1;2025-12-15;12;1484
1;2025-12-15;13;1499
1;2025-12-15;14;1471
1;2025-12-15;15;1549
1;2025-12-15;16;1672
1;2025-12-15;17;1971
1;2025-12-15;18;1997
1;2025-12-15;19;1482
1;2025-12-15;20;943
1;2025-12-15;21;511
1;2025-12-15;22;210
1;2025-12-15;23;58
1;2025-12-16;0;3
1;2025-12-16;1;0
1;2025-12-16;2;0
1;2025-12-16;3;1
1;2025-12-16;4;12
1;2025-12-16;5;123
1;2025-12-16;6;544
1;2025-12-16;7;1562
1;2025-12-16;8;2001
1;2025-12-16;9;1575
1;2025-12-16;10;1442
1;2025-12-16;11;1411
1;2025-12-16;12;1478
1;2025-12-16;13;1486
1;2025-12-16;14;1380
1;2025-12-16;15;1502
1;2025-12-16;16;1611
1;2025-12-16;17;1921
1;2025-12-16;18;1920
1;2025-12-16;19;1461
1;2025-12-16;20;918
1;2025-12-16;21;538
1;2025-12-16;22;225
1;2025-12-16;23;55
1;2025-12-17;0;3
1;2025-12-17;1;0
1;2025-12-17;2;0
1;2025-12-17;3;0
1;2025-12-17;4;9
1;2025-12-17;5;145
1;2025-12-17;6;571
1;2025-12-17;7;1524
1;2025-12-17;8;2031
1;2025-12-17;9;1571
1;2025-12-17;10;1462
1;2025-12-17;11;1431
1;2025-12-17;12;1499
1;2025-12-17;13;1530
1;2025-12-17;14;1453
1;2025-12-17;15;1552
1;2025-12-17;16;1637
1;2025-12-17;17;1926
1;2025-12-17;18;1904
1;2025-12-17;19;1453
1;2025-12-17;20;931
1;2025-12-17;21;552
1;2025-12-17;22;251
1;2025-12-17;23;55
1;2025-12-18;0;5
1;2025-12-18;1;0
1;2025-12-18;2;0
1;2025-12-18;3;0
1;2025-12-18;4;11
1;2025-12-18;5;127
1;2025-12-18;6;526
1;2025-12-18;7;1549
1;2025-12-18;8;2030
1;2025-12-18;9;1582
1;2025-12-18;10;1477
1;2025-12-18;11;1451
1;2025-12-18;12;1514
1;2025-12-18;13;1530
1;2025-12-18;14;1471
1;2025-12-18;15;1574
1;2025-12-18;16;1656
1;2025-12-18;17;1946
1;2025-12-18;18;1961
1;2025-12-18;19;1442
1;2025-12-18;20;938
1;2025-12-18;21;527
1;2025-12-18;22;221
1;2025-12-18;23;56
1;2025-12-19;0;4
1;2025-12-19;1;0
1;2025-12-19;2;0
1;2025-12-19;3;0
1;2025-12-19;4;7
1;2025-12-19;5;139
1;2025-12-19;6;525
1;2025-12-19;7;1555
1;2025-12-19;8;1940
1;2025-12-19;9;1549
1;2025-12-19;10;1426
1;2025-12-19;11;1444
1;2025-12-19;12;1480
1;2025-12-19;13;1493
1;2025-12-19;14;1420
1;2025-12-19;15;1550
1;2025-12-19;16;1688
1;2025-12-19;17;1944
1;2025-12-19;18;1667
1;2025-12-19;19;1332
1;2025-12-19;20;892
1;2025-12-19;21;545
1;2025-12-19;22;240
1;2025-12-19;23;60
1;2025-12-20;0;3
1;2025-12-20;1;0
1;2025-12-20;2;0
1;2025-12-20;3;0
1;2025-12-20;4;0
1;2025-12-20;5;36
1;2025-12-20;6;169
1;2025-12-20;7;389
1;2025-12-20;8;558
1;2025-12-20;9;820
1;2025-12-20;10;962
1;2025-12-20;11;996
1;2025-12-20;12;1123
1;2025-12-20;13;1131
1;2025-12-20;14;1117
1;2025-12-20;15;997
1;2025-12-20;16;929
1;2025-12-20;17;840
1;2025-12-20;18;737
1;2025-12-20;19;655
1;2025-12-20;20;486
1;2025-12-20;21;339
1;2025-12-20;22;160
1;2025-12-20;23;41
1;2025-12-21;0;0
1;2025-12-21;1;0
1;2025-12-21;2;0
1;2025-12-21;3;0
1;2025-12-21;4;0
1;2025-12-21;5;20
1;2025-12-21;6;116
1;2025-12-21;7;273
1;2025-12-21;8;371
1;2025-12-21;9;623
1;2025-12-21;10;701
1;2025-12-21;11;779
1;2025-12-21;12;859
1;2025-12-21;13;887
1;2025-12-21;14;865
1;2025-12-21;15;789
1;2025-12-21;16;746
1;2025-12-21;17;687
1;2025-12-21;18;578
1;2025-12-21;19;490
1;2025-12-21;20;368
1;2025-12-21;21;286
1;2025-12-21;22;135
1;2025-12-21;23;37
1;2025-12-22;0;0
1;2025-12-22;1;0
1;2025-12-22;2;0
1;2025-12-22;3;0
1;2025-12-22;4;10
1;2025-12-22;5;146
1;2025-12-22;6;541
1;2025-12-22;7;1545
1;2025-12-22;8;2027
1;2025-12-22;9;1572
1;2025-12-22;10;1432
1;2025-12-22;11;1416
1;2025-12-22;12;1504
1;2025-12-22;13;1519
1;2025-12-22;14;1490
1;2025-12-22;15;1569
1;2025-12-22;16;1694
1;2025-12-22;17;1997
1;2025-12-22;18;2023
1;2025-12-22;19;1502
1;2025-12-22;20;956
1;2025-12-22;21;518
1;2025-12-22;22;212
1;2025-12-22;23;59
1;2025-12-23;0;3
1;2025-12-23;1;0
1;2025-12-23;2;0
1;2025-12-23;3;1
1;2025-12-23;4;12
1;2025-12-23;5;125
1;2025-12-23;6;551
1;2025-12-23;7;1583
1;2025-12-23;8;2026
1;2025-12-23;9;1596
1;2025-12-23;10;1460
1;2025-12-23;11;1429
1;2025-12-23;12;1497
1;2025-12-23;13;1505
1;2025-12-23;14;1398
1;2025-12-23;15;1521
1;2025-12-23;16;1632
1;2025-12-23;17;1946
1;2025-12-23;18;1945
1;2025-12-23;19;1480
1;2025-12-23;20;929
1;2025-12-23;21;545
1;2025-12-23;22;228
1;2025-12-23;23;56
1;2025-12-24;0;3
1;2025-12-24;1;0
1;2025-12-24;2;0
1;2025-12-24;3;0
1;2025-12-24;4;9
1;2025-12-24;5;146
1;2025-12-24;6;578
1;2025-12-24;7;1544
1;2025-12-24;8;2057
1;2025-12-24;9;1591
1;2025-12-24;10;1481
1;2025-12-24;11;1450
1;2025-12-24;12;1519
1;2025-12-24;13;1550
1;2025-12-24;14;1471
1;2025-12-24;15;1572
1;2025-12-24;16;1658
1;2025-12-24;17;1951
1;2025-12-24;18;1929
1;2025-12-24;19;1471
1;2025-12-24;20;943
1;2025-12-24;21;559
1;2025-12-24;22;254
1;2025-12-24;23;56
1;2025-12-25;0;5
1;2025-12-25;1;0
1;2025-12-25;2;0
1;2025-12-25;3;0
1;2025-12-25;4;11
1;2025-12-25;5;128
1;2025-12-25;6;533
1;2025-12-25;7;1569
1;2025-12-25;8;2057
1;2025-12-25;9;1602
1;2025-12-25;10;1496
1;2025-12-25;11;1470
1;2025-12-25;12;1533
1;2025-12-25;13;1550
1;2025-12-25;14;1490
1;2025-12-25;15;1594
1;2025-12-25;16;1677
1;2025-12-25;17;1971
1;2025-12-25;18;1986
1;2025-12-25;19;1460
1;2025-12-25;20;950
1;2025-12-25;21;534
1;2025-12-25;22;224
1;2025-12-25;23;57
1;2025-12-26;0;4
1;2025-12-26;1;0
1;2025-12-26;2;0
1;2025-12-26;3;0
1;2025-12-26;4;8
1;2025-12-26;5;140
1;2025-12-26;6;532
1;2025-12-26;7;1575
1;2025-12-26;8;1965
1;2025-12-26;9;1569
1;2025-12-26;10;1444
1;2025-12-26;11;1463
1;2025-12-26;12;1500
1;2025-12-26;13;1513
1;2025-12-26;14;1438
1;2025-12-26;15;1570
1;2025-12-26;16;1710
1;2025-12-26;17;1969
1;2025-12-26;18;1689
1;2025-12-26;19;1349
1;2025-12-26;20;903
1;2025-12-26;21;552
1;2025-12-26;22;243
1;2025-12-26;23;61
1;2025-12-27;0;3
1;2025-12-27;1;0
1;2025-12-27;2;0
1;2025-12-27;3;0
1;2025-12-27;4;0
1;2025-12-27;5;37
1;2025-12-27;6;171
1;2025-12-27;7;393
1;2025-12-27;8;564
1;2025-12-27;9;829
1;2025-12-27;10;972
1;2025-12-27;11;1007
1;2025-12-27;12;1135
1;2025-12-27;13;1143
1;2025-12-27;14;1129
1;2025-12-27;15;1008
1;2025-12-27;16;939
1;2025-12-27;17;849
1;2025-12-27;18;745
1;2025-12-27;19;662
1;2025-12-27;20;492
1;2025-12-27;21;342
1;2025-12-27;22;162
1;2025-12-27;23;41
1;2025-12-28;0;0
1;2025-12-28;1;0
1;2025-12-28;2;0
1;2025-12-28;3;0
1;2025-12-28;4;0
1;2025-12-28;5;21
1;2025-12-28;6;117
1;2025-12-28;7;275
1;2025-12-28;8;375
1;2025-12-28;9;629
1;2025-12-28;10;708
1;2025-12-28;11;787
1;2025-12-28;12;866
1;2025-12-28;13;896
1;2025-12-28;14;873
1;2025-12-28;15;796
1;2025-12-28;16;753
1;2025-12-28;17;694
1;2025-12-28;18;583
1;2025-12-28;19;495
1;2025-12-28;20;372
1;2025-12-28;21;288
1;2025-12-28;22;136
1;2025-12-28;23;38
1;2025-12-29;0;0
1;2025-12-29;1;0
1;2025-12-29;2;0
1;2025-12-29;3;0
1;2025-12-29;4;9
1;2025-12-29;5;131
1;2025-12-29;6;489
1;2025-12-29;7;1421
1;2025-12-29;8;1876
1;2025-12-29;9;1409
1;2025-12-29;10;1219
1;2025-12-29;11;1218
1;2025-12-29;12;1316
1;2025-12-29;13;1369
1;2025-12-29;14;1379
1;2025-12-29;15;1500
1;2025-12-29;16;1547
1;2025-12-29;17;1796
1;2025-12-29;18;1905
1;2025-12-29;19;1387
1;2025-12-29;20;872
1;2025-12-29;21;439
1;2025-12-29;22;174
1;2025-12-29;23;45
1;2025-12-30;0;5
1;2025-12-30;1;0
1;2025-12-30;2;0
1;2025-12-30;3;1
1;2025-12-30;4;10
1;2025-12-30;5;101
1;2025-12-30;6;471
1;2025-12-30;7;1425
1;2025-12-30;8;1775
1;2025-12-30;9;1386
1;2025-12-30;10;1253
1;2025-12-30;11;1230
1;2025-12-30;12;1243
1;2025-12-30;13;1291
1;2025-12-30;14;1167
1;2025-12-30;15;1287
1;2025-12-30;16;1336
1;2025-12-30;17;1616
1;2025-12-30;18;1641
1;2025-12-30;19;1299
1;2025-12-30;20;806
1;2025-12-30;21;443
1;2025-12-30;22;176
1;2025-12-30;23;38
1;2025-12-31;0;3
1;2025-12-31;1;0
1;2025-12-31;2;0
1;2025-12-31;3;0
1;2025-12-31;4;0
1;2025-12-31;5;23
1;2025-12-31;6;118
1;2025-12-31;7;260
1;2025-12-31;8;359
1;2025-12-31;9;579
1;2025-12-31;10;679
1;2025-12-31;11;688
1;2025-12-31;12;809
1;2025-12-31;13;839
1;2025-12-31;14;783
1;2025-12-31;15;690
1;2025-12-31;16;619
1;2025-12-31;17;561
1;2025-12-31;18;496
1;2025-12-31;19;432
1;2025-12-31;20;327
1;2025-12-31;21;249
1;2025-12-31;22;98
1;2025-12-31;23;25
5;2025-11-01;0;0
5;2025-11-01;1;0
5;2025-11-01;2;0
5;2025-11-01;3;0
5;2025-11-01;4;0
5;2025-11-01;5;0
5;2025-11-01;6;0
5;2025-11-01;7;0
5;2025-11-01;8;0
5;2025-11-01;9;0
5;2025-11-01;10;0
5;2025-11-01;11;0
5;2025-11-01;12;0
5;2025-11-01;13;0
5;2025-11-01;14;0
5;2025-11-01;15;0
5;2025-11-01;16;0
5;2025-11-01;17;0
5;2025-11-01;18;0
5;2025-11-01;19;0
5;2025-11-01;20;0
5;2025-11-01;21;0
5;2025-11-01;22;0
5;2025-11-01;23;0
5;2025-11-02;0;0
5;2025-11-02;1;0
5;2025-11-02;2;0
5;2025-11-02;3;0
5;2025-11-02;4;0
5;2025-11-02;5;0
5;2025-11-02;6;0
5;2025-11-02;7;0
5;2025-11-02;8;0
5;2025-11-02;9;0
5;2025-11-02;10;0
5;2025-11-02;11;0
5;2025-11-02;12;0
5;2025-11-02;13;0
5;2025-11-02;14;0
5;2025-11-02;15;0
5;2025-11-02;16;0
5;2025-11-02;17;0
5;2025-11-02;18;0
5;2025-11-02;19;0
5;2025-11-02;20;0
5;2025-11-02;21;0
5;2025-11-02;22;0
5;2025-11-02;23;0
5;2025-11-03;0;0
5;2025-11-03;1;0
5;2025-11-03;2;0
5;2025-11-03;3;0
5;2025-11-03;4;0
5;2025-11-03;5;0
5;2025-11-03;6;0
5;2025-11-03;7;0
5;2025-11-03;8;0
5;2025-11-03;9;0
5;2025-11-03;10;0
5;2025-11-03;11;0
5;2025-11-03;12;0
5;2025-11-03;13;0
5;2025-11-03;14;0
5;2025-11-03;15;0
5;2025-11-03;16;0
5;2025-11-03;17;0
5;2025-11-03;18;0
5;2025-11-03;19;0
5;2025-11-03;20;0
5;2025-11-03;21;0
5;2025-11-03;22;0
5;2025-11-03;23;0
5;2025-11-04;0;0
5;2025-11-04;1;0
5;2025-11-04;2;0
5;2025-11-04;3;0
5;2025-11-04;4;0
5;2025-11-04;5;0
5;2025-11-04;6;0
5;2025-11-04;7;0
5;2025-11-04;8;0
5;2025-11-04;9;0
5;2025-11-04;10;0
5;2025-11-04;11;0
5;2025-11-04;12;0
5;2025-11-04;13;0
5;2025-11-04;14;0
5;2025-11-04;15;0
5;2025-11-04;16;0
5;2025-11-04;17;0
5;2025-11-04;18;0
5;2025-11-04;19;0
5;2025-11-04;20;0
5;2025-11-04;21;0
5;2025-11-04;22;0
5;2025-11-04;23;0
5;2025-11-05;0;0
5;2025-11-05;1;0
5;2025-11-05;2;0
5;2025-11-05;3;0
5;2025-11-05;4;0
5;2025-11-05;5;0
5;2025-11-05;6;0
5;2025-11-05;7;0
5;2025-11-05;8;0
5;2025-11-05;9;0
5;2025-11-05;10;0
5;2025-11-05;11;0
5;2025-11-05;12;0
5;2025-11-05;13;0
5;2025-11-05;14;0
5;2025-11-05;15;0
5;2025-11-05;16;0
5;2025-11-05;17;0
5;2025-11-05;18;0
5;2025-11-05;19;0
5;2025-11-05;20;0
5;2025-11-05;21;0
5;2025-11-05;22;0
5;2025-11-05;23;0
5;2025-11-06;0;0
5;2025-11-06;1;0
5;2025-11-06;2;0
5;2025-11-06;3;0
5;2025-11-06;4;0
5;2025-11-06;5;0
5;2025-11-06;6;0
5;2025-11-06;7;0
5;2025-11-06;8;0
5;2025-11-06;9;0
5;2025-11-06;10;0
5;2025-11-06;11;0
5;2025-11-06;12;0
5;2025-11-06;13;0
5;2025-11-06;14;0
5;2025-11-06;15;0
5;2025-11-06;16;0
5;2025-11-06;17;0
5;2025-11-06;18;0
5;2025-11-06;19;0
5;2025-11-06;20;0
5;2025-11-06;21;0
5;2025-11-06;22;0
5;2025-11-06;23;0
5;2025-11-07;0;0
5;2025-11-07;1;0
5;2025-11-07;2;0
5;2025-11-07;3;0
5;2025-11-07;4;0
5;2025-11-07;5;0
5;2025-11-07;6;0
5;2025-11-07;7;0
5;2025-11-07;8;0
5;2025-11-07;9;0
5;2025-11-07;10;0
5;2025-11-07;11;0
5;2025-11-07;12;0
5;2025-11-07;13;0
5;2025-11-07;14;0
5;2025-11-07;15;0
5;2025-11-07;16;0
5;2025-11-07;17;0
5;2025-11-07;18;0
5;2025-11-07;19;0
5;2025-11-07;20;0
5;2025-11-07;21;0
5;2025-11-07;22;0
5;2025-11-07;23;0
5;2025-11-08;0;0
5;2025-11-08;1;0
5;2025-11-08;2;0
5;2025-11-08;3;0
5;2025-11-08;4;0
5;2025-11-08;5;0
5;2025-11-08;6;0
5;2025-11-08;7;0
5;2025-11-08;8;0
5;2025-11-08;9;0
5;2025-11-08;10;0
5;2025-11-08;11;0
5;2025-11-08;12;0
5;2025-11-08;13;0
5;2025-11-08;14;0
5;2025-11-08;15;0
5;2025-11-08;16;0
5;2025-11-08;17;0
5;2025-11-08;18;0
5;2025-11-08;19;0
5;2025-11-08;20;0
5;2025-11-08;21;0
5;2025-11-08;22;0
5;2025-11-08;23;0
5;2025-11-09;0;0
5;2025-11-09;1;0
5;2025-11-09;2;0
5;2025-11-09;3;0
5;2025-11-09;4;0
5;2025-11-09;5;0
5;2025-11-09;6;0
5;2025-11-09;7;0
5;2025-11-09;8;0
5;2025-11-09;9;0
5;2025-11-09;10;0
5;2025-11-09;11;0
5;2025-11-09;12;0
5;2025-11-09;13;0
5;2025-11-09;14;0
5;2025-11-09;15;0
5;2025-11-09;16;0
5;2025-11-09;17;0
5;2025-11-09;18;0
5;2025-11-09;19;0
5;2025-11-09;20;0
5;2025-11-09;21;0
5;2025-11-09;22;0
5;2025-11-09;23;0
5;2025-11-10;0;0
5;2025-11-10;1;0
5;2025-11-10;2;0
5;2025-11-10;3;0
5;2025-11-10;4;0
5;2025-11-10;5;0
5;2025-11-10;6;0
5;2025-11-10;7;0
5;2025-11-10;8;0
5;2025-11-10;9;0
5;2025-11-10;10;0
5;2025-11-10;11;0
5;2025-11-10;12;0
5;2025-11-10;13;0
5;2025-11-10;14;0
5;2025-11-10;15;0
5;2025-11-10;16;0
5;2025-11-10;17;0
5;2025-11-10;18;0
5;2025-11-10;19;0
5;2025-11-10;20;0
5;2025-11-10;21;0
5;2025-11-10;22;0
5;2025-11-10;23;0
5;2025-11-11;0;0
5;2025-11-11;1;0
5;2025-11-11;2;0
5;2025-11-11;3;0
5;2025-11-11;4;0
5;2025-11-11;5;0
5;2025-11-11;6;0
5;2025-11-11;7;0
5;2025-11-11;8;0
5;2025-11-11;9;0
5;2025-11-11;10;0
5;2025-11-11;11;0
5;2025-11-11;12;0
5;2025-11-11;13;0
5;2025-11-11;14;0
5;2025-11-11;15;0
5;2025-11-11;16;0
5;2025-11-11;17;0
5;2025-11-11;18;0
5;2025-11-11;19;0
5;2025-11-11;20;0
5;2025-11-11;21;0
5;2025-11-11;22;0
5;2025-11-11;23;0
5;2025-11-12;0;0
5;2025-11-12;1;0
5;2025-11-12;2;0
5;2025-11-12;3;0
5;2025-11-12;4;0
5;2025-11-12;5;0
5;2025-11-12;6;0
5;2025-11-12;7;0
5;2025-11-12;8;0
5;2025-11-12;9;0
5;2025-11-12;10;0
5;2025-11-12;11;0
5;2025-11-12;12;0
5;2025-11-12;13;0
5;2025-11-12;14;0
5;2025-11-12;15;0
5;2025-11-12;16;0
5;2025-11-12;17;0
5;2025-11-12;18;0
5;2025-11-12;19;0
5;2025-11-12;20;0
5;2025-11-12;21;0
5;2025-11-12;22;0
5;2025-11-12;23;0
5;2025-11-13;0;0
5;2025-11-13;1;0
5;2025-11-13;2;0
5;2025-11-13;3;0
5;2025-11-13;4;0
5;2025-11-13;5;0
5;2025-11-13;6;0
5;2025-11-13;7;0
5;2025-11-13;8;0
5;2025-11-13;9;0
5;2025-11-13;10;0
5;2025-11-13;11;0
5;2025-11-13;12;0
5;2025-11-13;13;0
5;2025-11-13;14;0
5;2025-11-13;15;0
5;2025-11-13;16;0
5;2025-11-13;17;0
5;2025-11-13;18;0
5;2025-11-13;19;0
5;2025-11-13;20;0
5;2025-11-13;21;0
5;2025-11-13;22;0
5;2025-11-13;23;0
5;2025-11-14;0;0
5;2025-11-14;1;0
5;2025-11-14;2;0
5;2025-11-14;3;0
5;2025-11-14;4;0
5;2025-11-14;5;0
5;2025-11-14;6;0
5;2025-11-14;7;0
5;2025-11-14;8;0
5;2025-11-14;9;0
5;2025-11-14;10;0
5;2025-11-14;11;0
5;2025-11-14;12;0
5;2025-11-14;13;0
5;2025-11-14;14;0
5;2025-11-14;15;0
5;2025-11-14;16;0
5;2025-11-14;17;0
5;2025-11-14;18;0
5;2025-11-14;19;0
5;2025-11-14;20;0
5;2025-11-14;21;0
5;2025-11-14;22;0
5;2025-11-14;23;0
5;2025-11-15;0;0
5;2025-11-15;1;0
5;2025-11-15;2;0
5;2025-11-15;3;0
5;2025-11-15;4;0
5;2025-11-15;5;0
5;2025-11-15;6;0
5;2025-11-15;7;0
5;2025-11-15;8;0
5;2025-11-15;9;0
5;2025-11-15;10;0
5;2025-11-15;11;0
5;2025-11-15;12;0
5;2025-11-15;13;0
5;2025-11-15;14;0
5;2025-11-15;15;0
5;2025-11-15;16;0
5;2025-11-15;17;0
5;2025-11-15;18;0
5;2025-11-15;19;0
5;2025-11-15;20;0
5;2025-11-15;21;0
5;2025-11-15;22;0
5;2025-11-15;23;0
5;2025-11-16;0;0
5;2025-11-16;1;0
5;2025-11-16;2;0
5;2025-11-16;3;0
5;2025-11-16;4;0
5;2025-11-16;5;0
5;2025-11-16;6;0
5;2025-11-16;7;0
5;2025-11-16;8;0
5;2025-11-16;9;0
5;2025-11-16;10;0
5;2025-11-16;11;0
5;2025-11-16;12;0
5;2025-11-16;13;0
5;2025-11-16;14;0
5;2025-11-16;15;0
5;2025-11-16;16;0
5;2025-11-16;17;0
5;2025-11-16;18;0
5;2025-11-16;19;0
5;2025-11-16;20;0
5;2025-11-16;21;0
5;2025-11-16;22;0
5;2025-11-16;23;0
5;2025-11-17;0;0
5;2025-11-17;1;0
5;2025-11-17;2;0
5;2025-11-17;3;0
5;2025-11-17;4;0
5;2025-11-17;5;0
5;2025-11-17;6;0
5;2025-11-17;7;0
5;2025-11-17;8;0
5;2025-11-17;9;0
5;2025-11-17;10;0
5;2025-11-17;11;0
5;2025-11-17;12;0
5;2025-11-17;13;0
5;2025-11-17;14;0
5;2025-11-17;15;0
5;2025-11-17;16;0
5;2025-11-17;17;0
5;2025-11-17;18;0
5;2025-11-17;19;0
5;2025-11-17;20;0
5;2025-11-17;21;0
5;2025-11-17;22;0
5;2025-11-17;23;0
5;2025-11-18;0;0
5;2025-11-18;1;0
5;2025-11-18;2;0
5;2025-11-18;3;0
5;2025-11-18;4;0
5;2025-11-18;5;0
5;2025-11-18;6;0
5;2025-11-18;7;0
5;2025-11-18;8;0
5;2025-11-18;9;0
5;2025-11-18;10;0
5;2025-11-18;11;0
5;2025-11-18;12;0
5;2025-11-18;13;0
5;2025-11-18;14;0
5;2025-11-18;15;0
5;2025-11-18;16;0
5;2025-11-18;17;0
5;2025-11-18;18;0
5;2025-11-18;19;0
5;2025-11-18;20;0
5;2025-11-18;21;0
5;2025-11-18;22;0
5;2025-11-18;23;0
5;2025-11-19;0;0
5;2025-11-19;1;0
5;2025-11-19;2;0
5;2025-11-19;3;0
5;2025-11-19;4;0
5;2025-11-19;5;0
5;2025-11-19;6;0
5;2025-11-19;7;0
5;2025-11-19;8;0
5;2025-11-19;9;0
5;2025-11-19;10;0
5;2025-11-19;11;0
5;2025-11-19;12;0
5;2025-11-19;13;0
5;2025-11-19;14;0
5;2025-11-19;15;0
5;2025-11-19;16;0
5;2025-11-19;17;0
5;2025-11-19;18;0
5;2025-11-19;19;0
5;2025-11-19;20;0
5;2025-11-19;21;0
5;2025-11-19;22;0
5;2025-11-19;23;0
5;2025-11-20;0;0
5;2025-11-20;1;0
5;2025-11-20;2;0
5;2025-11-20;3;0
5;2025-11-20;4;0
5;2025-11-20;5;0
5;2025-11-20;6;0
5;2025-11-20;7;0
5;2025-11-20;8;0
5;2025-11-20;9;0
5;2025-11-20;10;0
5;2025-11-20;11;0
5;2025-11-20;12;0
5;2025-11-20;13;0
5;2025-11-20;14;0
5;2025-11-20;15;0
5;2025-11-20;16;0
5;2025-11-20;17;0
5;2025-11-20;18;0
5;2025-11-20;19;0
5;2025-11-20;20;0
5;2025-11-20;21;0
5;2025-11-20;22;0
5;2025-11-20;23;0
5;2025-11-21;0;0
5;2025-11-21;1;0
5;2025-11-21;2;0
5;2025-11-21;3;0
5;2025-11-21;4;0
5;2025-11-21;5;0
5;2025-11-21;6;0
5;2025-11-21;7;0
5;2025-11-21;8;0
5;2025-11-21;9;0
5;2025-11-21;10;0
5;2025-11-21;11;0
5;2025-11-21;12;0
5;2025-11-21;13;0
5;2025-11-21;14;0
5;2025-11-21;15;0
5;2025-11-21;16;0
5;2025-11-21;17;0
5;2025-11-21;18;0
5;2025-11-21;19;0
5;2025-11-21;20;0
5;2025-11-21;21;0
5;2025-11-21;22;0
5;2025-11-21;23;0
5;2025-11-22;0;0
5;2025-11-22;1;0
5;2025-11-22;2;0
5;2025-11-22;3;0
5;2025-11-22;4;0
5;2025-11-22;5;0
5;2025-11-22;6;0
5;2025-11-22;7;0
5;2025-11-22;8;0
5;2025-11-22;9;0
5;2025-11-22;10;0
5;2025-11-22;11;0
5;2025-11-22;12;0
5;2025-11-22;13;0
5;2025-11-22;14;0
5;2025-11-22;15;0
5;2025-11-22;16;0
5;2025-11-22;17;0
5;2025-11-22;18;0
5;2025-11-22;19;0
5;2025-11-22;20;0
5;2025-11-22;21;0
5;2025-11-22;22;0
5;2025-11-22;23;0
5;2025-11-23;0;0
5;2025-11-23;1;0
5;2025-11-23;2;0
5;2025-11-23;3;0
5;2025-11-23;4;0
5;2025-11-23;5;0
5;2025-11-23;6;0
5;2025-11-23;7;0
5;2025-11-23;8;0
5;2025-11-23;9;0
5;2025-11-23;10;0
5;2025-11-23;11;0
5;2025-11-23;12;0
5;2025-11-23;13;0
5;2025-11-23;14;0
5;2025-11-23;15;0
5;2025-11-23;16;0
5;2025-11-23;17;0
5;2025-11-23;18;0
5;2025-11-23;19;0
5;2025-11-23;20;0
5;2025-11-23;21;0
5;2025-11-23;22;0
5;2025-11-23;23;0
5;2025-11-24;0;0
5;2025-11-24;1;0
5;2025-11-24;2;0
5;2025-11-24;3;0
5;2025-11-24;4;0
5;2025-11-24;5;0
5;2025-11-24;6;0
5;2025-11-24;7;0
5;2025-11-24;8;0
5;2025-11-24;9;0
5;2025-11-24;10;0
5;2025-11-24;11;0
5;2025-11-24;12;0
5;2025-11-24;13;0
5;2025-11-24;14;0
5;2025-11-24;15;0
5;2025-11-24;16;0
5;2025-11-24;17;0
5;2025-11-24;18;0
5;2025-11-24;19;0
5;2025-11-24;20;0
5;2025-11-24;21;0
5;2025-11-24;22;0
5;2025-11-24;23;0
5;2025-11-25;0;0
5;2025-11-25;1;0
5;2025-11-25;2;0
5;2025-11-25;3;0
5;2025-11-25;4;0
5;2025-11-25;5;0
5;2025-11-25;6;0
5;2025-11-25;7;0
5;2025-11-25;8;0
5;2025-11-25;9;0
5;2025-11-25;10;0
5;2025-11-25;11;0
5;2025-11-25;12;0
5;2025-11-25;13;0
5;2025-11-25;14;0
5;2025-11-25;15;0
5;2025-11-25;16;0
5;2025-11-25;17;0
5;2025-11-25;18;0
5;2025-11-25;19;0
5;2025-11-25;20;0
5;2025-11-25;21;0
5;2025-11-25;22;0
5;2025-11-25;23;0
5;2025-11-26;0;0
5;2025-11-26;1;0
5;2025-11-26;2;0
5;2025-11-26;3;0
5;2025-11-26;4;0
5;2025-11-26;5;0
5;2025-11-26;6;0
5;2025-11-26;7;0
5;2025-11-26;8;0
5;2025-11-26;9;0
5;2025-11-26;10;0
5;2025-11-26;11;0
5;2025-11-26;12;0
5;2025-11-26;13;0
5;2025-11-26;14;0
5;2025-11-26;15;0
5;2025-11-26;16;0
5;2025-11-26;17;0
5;2025-11-26;18;0
5;2025-11-26;19;0
5;2025-11-26;20;0
5;2025-11-26;21;0
5;2025-11-26;22;0
5;2025-11-26;23;0
5;2025-11-27;0;0
5;2025-11-27;1;0
5;2025-11-27;2;0
5;2025-11-27;3;0
5;2025-11-27;4;0
5;2025-11-27;5;0
5;2025-11-27;6;0
5;2025-11-27;7;0
5;2025-11-27;8;0
5;2025-11-27;9;0
5;2025-11-27;10;0
5;2025-11-27;11;0
5;2025-11-27;12;0
5;2025-11-27;13;0
5;2025-11-27;14;0
5;2025-11-27;15;0
5;2025-11-27;16;0
5;2025-11-27;17;0
5;2025-11-27;18;0
5;2025-11-27;19;0
5;2025-11-27;20;0
5;2025-11-27;21;0
5;2025-11-27;22;0
5;2025-11-27;23;0
5;2025-11-28;0;0
5;2025-11-28;1;0
5;2025-11-28;2;0
5;2025-11-28;3;0
5;2025-11-28;4;0
5;2025-11-28;5;0
5;2025-11-28;6;0
5;2025-11-28;7;0
5;2025-11-28;8;0
5;2025-11-28;9;0
5;2025-11-28;10;0
5;2025-11-28;11;0
5;2025-11-28;12;0
5;2025-11-28;13;0
5;2025-11-28;14;0
5;2025-11-28;15;0
5;2025-11-28;16;0
5;2025-11-28;17;0
5;2025-11-28;18;0
5;2025-11-28;19;0
5;2025-11-28;20;0
5;2025-11-28;21;0
5;2025-11-28;22;0
5;2025-11-28;23;0
5;2025-11-29;0;0
5;2025-11-29;1;0
5;2025-11-29;2;0
5;2025-11-29;3;0
5;2025-11-29;4;0
5;2025-11-29;5;0
5;2025-11-29;6;0
5;2025-11-29;7;0
5;2025-11-29;8;0
5;2025-11-29;9;0
5;2025-11-29;10;0
5;2025-11-29;11;0
5;2025-11-29;12;0
5;2025-11-29;13;0
5;2025-11-29;14;0
5;2025-11-29;15;0
5;2025-11-29;16;0
5;2025-11-29;17;0
5;2025-11-29;18;0
5;2025-11-29;19;0
5;2025-11-29;20;0
5;2025-11-29;21;0
5;2025-11-29;22;0
5;2025-11-29;23;0
5;2025-11-30;0;0
5;2025-11-30;1;0
5;2025-11-30;2;0
5;2025-11-30;3;0
5;2025-11-30;4;0
5;2025-11-30;5;0
5;2025-11-30;6;0
5;2025-11-30;7;0
5;2025-11-30;8;0
5;2025-11-30;9;0
5;2025-11-30;10;0
5;2025-11-30;11;0
5;2025-11-30;12;0
5;2025-11-30;13;0
5;2025-11-30;14;0
5;2025-11-30;15;0
5;2025-11-30;16;0
5;2025-11-30;17;0
5;2025-11-30;18;0
5;2025-11-30;19;0
5;2025-11-30;20;0
5;2025-11-30;21;0
5;2025-11-30;22;0
5;2025-11-30;23;0
5;2025-12-01;0;0
5;2025-12-01;1;0
5;2025-12-01;2;0
5;2025-12-01;3;0
5;2025-12-01;4;0
5;2025-12-01;5;0
5;2025-12-01;6;0
5;2025-12-01;7;0
5;2025-12-01;8;0
5;2025-12-01;9;0
5;2025-12-01;10;0
5;2025-12-01;11;0
5;2025-12-01;12;0
5;2025-12-01;13;0
5;2025-12-01;14;0
5;2025-12-01;15;0
5;2025-12-01;16;0
5;2025-12-01;17;0
5;2025-12-01;18;0
5;2025-12-01;19;0
5;2025-12-01;20;0
5;2025-12-01;21;0
5;2025-12-01;22;0
5;2025-12-01;23;0
5;2025-12-02;0;0
5;2025-12-02;1;0
5;2025-12-02;2;0
5;2025-12-02;3;0
5;2025-12-02;4;0
5;2025-12-02;5;0
5;2025-12-02;6;0
5;2025-12-02;7;0
5;2025-12-02;8;0
5;2025-12-02;9;0
5;2025-12-02;10;0
5;2025-12-02;11;0
5;2025-12-02;12;0
5;2025-12-02;13;0
5;2025-12-02;14;0
5;2025-12-02;15;0
5;2025-12-02;16;0
5;2025-12-02;17;0
5;2025-12-02;18;0
5;2025-12-02;19;0
5;2025-12-02;20;0
5;2025-12-02;21;0
5;2025-12-02;22;0
5;2025-12-02;23;0
5;2025-12-03;0;0
5;2025-12-03;1;0
5;2025-12-03;2;0
5;2025-12-03;3;0
5;2025-12-03;4;0
5;2025-12-03;5;0
5;2025-12-03;6;0
5;2025-12-03;7;0
5;2025-12-03;8;0
5;2025-12-03;9;0
5;2025-12-03;10;0
5;2025-12-03;11;0
5;2025-12-03;12;0
5;2025-12-03;13;0
5;2025-12-03;14;0
5;2025-12-03;15;0
5;2025-12-03;16;0
5;2025-12-03;17;0
5;2025-12-03;18;0
5;2025-12-03;19;0
5;2025-12-03;20;0
5;2025-12-03;21;0
5;2025-12-03;22;0
5;2025-12-03;23;0
5;2025-12-04;0;0
5;2025-12-04;1;0
5;2025-12-04;2;0
5;2025-12-04;3;0
5;2025-12-04;4;0
5;2025-12-04;5;0
5;2025-12-04;6;0
5;2025-12-04;7;0
5;2025-12-04;8;0
5;2025-12-04;9;0
5;2025-12-04;10;0
5;2025-12-04;11;0
5;2025-12-04;12;0
5;2025-12-04;13;0
5;2025-12-04;14;0
5;2025-12-04;15;0
5;2025-12-04;16;0
5;2025-12-04;17;0
5;2025-12-04;18;0
5;2025-12-04;19;0
5;2025-12-04;20;0
5;2025-12-04;21;0
5;2025-12-04;22;0
5;2025-12-04;23;0
5;2025-12-05;0;0
5;2025-12-05;1;0
5;2025-12-05;2;0
5;2025-12-05;3;0
5;2025-12-05;4;0
5;2025-12-05;5;0
5;2025-12-05;6;0
5;2025-12-05;7;0
5;2025-12-05;8;0
5;2025-12-05;9;0
5;2025-12-05;10;0
5;2025-12-05;11;0
5;2025-12-05;12;0
5;2025-12-05;13;0
5;2025-12-05;14;0
5;2025-12-05;15;0
5;2025-12-05;16;0
5;2025-12-05;17;0
5;2025-12-05;18;0
5;2025-12-05;19;0
5;2025-12-05;20;0
5;2025-12-05;21;0
5;2025-12-05;22;0
5;2025-12-05;23;0
5;2025-12-06;0;0
5;2025-12-06;1;0
5;2025-12-06;2;0
5;2025-12-06;3;0
5;2025-12-06;4;0
5;2025-12-06;5;0
5;2025-12-06;6;0
5;2025-12-06;7;0
5;2025-12-06;8;0
5;2025-12-06;9;0
5;2025-12-06;10;0
5;2025-12-06;11;0
5;2025-12-06;12;0
5;2025-12-06;13;0
5;2025-12-06;14;0
5;2025-12-06;15;0
5;2025-12-06;16;0
5;2025-12-06;17;0
5;2025-12-06;18;0
5;2025-12-06;19;0
5;2025-12-06;20;0
5;2025-12-06;21;0
5;2025-12-06;22;0
5;2025-12-06;23;0
5;2025-12-07;0;0
5;2025-12-07;1;0
5;2025-12-07;2;0
5;2025-12-07;3;0
5;2025-12-07;4;0
5;2025-12-07;5;0
5;2025-12-07;6;0
5;2025-12-07;7;0
5;2025-12-07;8;0
5;2025-12-07;9;0
5;2025-12-07;10;0
5;2025-12-07;11;0
5;2025-12-07;12;0
5;2025-12-07;13;0
5;2025-12-07;14;0
5;2025-12-07;15;0
5;2025-12-07;16;0
5;2025-12-07;17;0
5;2025-12-07;18;0
5;2025-12-07;19;0
5;2025-12-07;20;0
5;2025-12-07;21;0
5;2025-12-07;22;0
5;2025-12-07;23;0
5;2025-12-08;0;0
5;2025-12-08;1;0
5;2025-12-08;2;0
5;2025-12-08;3;0
5;2025-12-08;4;0
5;2025-12-08;5;0
5;2025-12-08;6;0
5;2025-12-08;7;0
5;2025-12-08;8;0
5;2025-12-08;9;0
5;2025-12-08;10;0
5;2025-12-08;11;0
5;2025-12-08;12;0
5;2025-12-08;13;0
5;2025-12-08;14;0
5;2025-12-08;15;0
5;2025-12-08;16;0
5;2025-12-08;17;0
5;2025-12-08;18;0
5;2025-12-08;19;0
5;2025-12-08;20;0
5;2025-12-08;21;0
5;2025-12-08;22;0
5;2025-12-08;23;0
5;2025-12-09;0;0
5;2025-12-09;1;0
5;2025-12-09;2;0
5;2025-12-09;3;0
5;2025-12-09;4;0
5;2025-12-09;5;0
5;2025-12-09;6;0
5;2025-12-09;7;0
5;2025-12-09;8;0
5;2025-12-09;9;0
5;2025-12-09;10;0
5;2025-12-09;11;0
5;2025-12-09;12;0
5;2025-12-09;13;0
5;2025-12-09;14;0
5;2025-12-09;15;0
5;2025-12-09;16;0
5;2025-12-09;17;0
5;2025-12-09;18;0
5;2025-12-09;19;0
5;2025-12-09;20;0
5;2025-12-09;21;0
5;2025-12-09;22;0
5;2025-12-09;23;0
5;2025-12-10;0;0
5;2025-12-10;1;0
5;2025-12-10;2;0
5;2025-12-10;3;0
5;2025-12-10;4;0
5;2025-12-10;5;0
5;2025-12-10;6;0
5;2025-12-10;7;0
5;2025-12-10;8;0
5;2025-12-10;9;0
5;2025-12-10;10;0
5;2025-12-10;11;0
5;2025-12-10;12;0
5;2025-12-10;13;0
5;2025-12-10;14;0
5;2025-12-10;15;0
5;2025-12-10;16;0
5;2025-12-10;17;0
5;2025-12-10;18;0
5;2025-12-10;19;0
5;2025-12-10;20;0
5;2025-12-10;21;0
5;2025-12-10;22;0
5;2025-12-10;23;0
5;2025-12-11;0;0
5;2025-12-11;1;0
5;2025-12-11;2;0
5;2025-12-11;3;0
5;2025-12-11;4;0
5;2025-12-11;5;0
5;2025-12-11;6;0
5;2025-12-11;7;0
5;2025-12-11;8;0
5;2025-12-11;9;0
5;2025-12-11;10;0
5;2025-12-11;11;0
5;2025-12-11;12;0
5;2025-12-11;13;0
5;2025-12-11;14;0
5;2025-12-11;15;0
5;2025-12-11;16;0
5;2025-12-11;17;0
5;2025-12-11;18;0
5;2025-12-11;19;0
5;2025-12-11;20;0
5;2025-12-11;21;0
5;2025-12-11;22;0
5;2025-12-11;23;0
5;2025-12-12;0;0
5;2025-12-12;1;0
5;2025-12-12;2;0
5;2025-12-12;3;0
5;2025-12-12;4;0
5;2025-12-12;5;0
5;2025-12-12;6;0
5;2025-12-12;7;0
5;2025-12-12;8;0
5;2025-12-12;9;0
5;2025-12-12;10;0
5;2025-12-12;11;0
5;2025-12-12;12;0
5;2025-12-12;13;0
5;2025-12-12;14;0
5;2025-12-12;15;0
5;2025-12-12;16;0
5;2025-12-12;17;0
5;2025-12-12;18;0
5;2025-12-12;19;0
5;2025-12-12;20;0
5;2025-12-12;21;0
5;2025-12-12;22;0
5;2025-12-12;23;0
5;2025-12-13;0;0
5;2025-12-13;1;0
5;2025-12-13;2;0
5;2025-12-13;3;0
5;2025-12-13;4;0
5;2025-12-13;5;0
5;2025-12-13;6;0
5;2025-12-13;7;0
5;2025-12-13;8;0
5;2025-12-13;9;0
5;2025-12-13;10;0
5;2025-12-13;11;0
5;2025-12-13;12;0
5;2025-12-13;13;0
5;2025-12-13;14;0
5;2025-12-13;15;0
5;2025-12-13;16;0
5;2025-12-13;17;0
5;2025-12-13;18;0
5;2025-12-13;19;0
5;2025-12-13;20;0
5;2025-12-13;21;0
5;2025-12-13;22;0
5;2025-12-13;23;0
5;2025-12-14;0;0
5;2025-12-14;1;0
5;2025-12-14;2;0
5;2025-12-14;3;0
5;2025-12-14;4;0
5;2025-12-14;5;0
5;2025-12-14;6;0
5;2025-12-14;7;0
5;2025-12-14;8;0
5;2025-12-14;9;0
5;2025-12-14;10;0
5;2025-12-14;11;0
5;2025-12-14;12;0
5;2025-12-14;13;0
5;2025-12-14;14;0
5;2025-12-14;15;0
5;2025-12-14;16;0
5;2025-12-14;17;0
5;2025-12-14;18;0
5;2025-12-14;19;0
5;2025-12-14;20;0
5;2025-12-14;21;0
5;2025-12-14;22;0
5;2025-12-14;23;0
5;2025-12-15;0;0
5;2025-12-15;1;0
5;2025-12-15;2;0
5;2025-12-15;3;0
5;2025-12-15;4;0
5;2025-12-15;5;0
5;2025-12-15;6;0
5;2025-12-15;7;0
5;2025-12-15;8;0
5;2025-12-15;9;0
5;2025-12-15;10;0
5;2025-12-15;11;0
5;2025-12-15;12;0
5;2025-12-15;13;0
5;2025-12-15;14;0
5;2025-12-15;15;0
5;2025-12-15;16;0
5;2025-12-15;17;0
5;2025-12-15;18;0
5;2025-12-15;19;0
5;2025-12-15;20;0
5;2025-12-15;21;0
5;2025-12-15;22;0
5;2025-12-15;23;0
5;2025-12-16;0;5
5;2025-12-16;1;0
5;2025-12-16;2;0
5;2025-12-16;3;0
5;2025-12-16;4;0
5;2025-12-16;5;12
5;2025-12-16;6;94
5;2025-12-16;7;308
5;2025-12-16;8;475
5;2025-12-16;9;373
5;2025-12-16;10;283
5;2025-12-16;11;256
5;2025-12-16;12;251
5;2025-12-16;13;252
5;2025-12-16;14;247
5;2025-12-16;15;282
5;2025-12-16;16;297
5;2025-12-16;17;404
5;2025-12-16;18;419
5;2025-12-16;19;251
5;2025-12-16;20;162
5;2025-12-16;21;107
5;2025-12-16;22;44
5;2025-12-16;23;26
5;2025-12-17;0;5
5;2025-12-17;1;0
5;2025-12-17;2;0
5;2025-12-17;3;0
5;2025-12-17;4;0
5;2025-12-17;5;18
5;2025-12-17;6;127
5;2025-12-17;7;422
5;2025-12-17;8;698
5;2025-12-17;9;526
5;2025-12-17;10;402
5;2025-12-17;11;367
5;2025-12-17;12;365
5;2025-12-17;13;360
5;2025-12-17;14;354
5;2025-12-17;15;398
5;2025-12-17;16;421
5;2025-12-17;17;570
5;2025-12-17;18;608
5;2025-12-17;19;362
5;2025-12-17;20;228
5;2025-12-17;21;158
5;2025-12-17;22;68
5;2025-12-17;23;41
5;2025-12-18;0;9
5;2025-12-18;1;0
5;2025-12-18;2;0
5;2025-12-18;3;0
5;2025-12-18;4;0
5;2025-12-18;5;16
5;2025-12-18;6;125
5;2025-12-18;7;418
5;2025-12-18;8;671
5;2025-12-18;9;530
5;2025-12-18;10;405
5;2025-12-18;11;365
5;2025-12-18;12;370
5;2025-12-18;13;359
5;2025-12-18;14;356
5;2025-12-18;15;402
5;2025-12-18;16;423
5;2025-12-18;17;564
5;2025-12-18;18;605
5;2025-12-18;19;367
5;2025-12-18;20;241
5;2025-12-18;21;164
5;2025-12-18;22;67
5;2025-12-18;23;42
5;2025-12-19;0;10
5;2025-12-19;1;0
5;2025-12-19;2;0
5;2025-12-19;3;0
5;2025-12-19;4;0
5;2025-12-19;5;17
5;2025-12-19;6;132
5;2025-12-19;7;440
5;2025-12-19;8;696
5;2025-12-19;9;542
5;2025-12-19;10;397
5;2025-12-19;11;372
5;2025-12-19;12;373
5;2025-12-19;13;376
5;2025-12-19;14;375
5;2025-12-19;15;431
5;2025-12-19;16;508
5;2025-12-19;17;547
5;2025-12-19;18;453
5;2025-12-19;19;334
5;2025-12-19;20;230
5;2025-12-19;21;151
5;2025-12-19;22;69
5;2025-12-19;23;46
5;2025-12-20;0;18
5;2025-12-20;1;0
5;2025-12-20;2;0
5;2025-12-20;3;0
5;2025-12-20;4;0
5;2025-12-20;5;9
5;2025-12-20;6;55
5;2025-12-20;7;129
5;2025-12-20;8;201
5;2025-12-20;9;193
5;2025-12-20;10;212
5;2025-12-20;11;247
5;2025-12-20;12;254
5;2025-12-20;13;265
5;2025-12-20;14;283
5;2025-12-20;15;253
5;2025-12-20;16;262
5;2025-12-20;17;286
5;2025-12-20;18;263
5;2025-12-20;19;219
5;2025-12-20;20;176
5;2025-12-20;21;128
5;2025-12-20;22;75
5;2025-12-20;23;47
5;2025-12-21;0;13
5;2025-12-21;1;0
5;2025-12-21;2;0
5;2025-12-21;3;0
5;2025-12-21;4;0
5;2025-12-21;5;7
5;2025-12-21;6;42
5;2025-12-21;7;83
5;2025-12-21;8;132
5;2025-12-21;9;152
5;2025-12-21;10;158
5;2025-12-21;11;204
5;2025-12-21;12;215
5;2025-12-21;13;225
5;2025-12-21;14;239
5;2025-12-21;15;228
5;2025-12-21;16;225
5;2025-12-21;17;244
5;2025-12-21;18;215
5;2025-12-21;19;179
5;2025-12-21;20;147
5;2025-12-21;21;116
5;2025-12-21;22;63
5;2025-12-21;23;37
5;2025-12-22;0;4
5;2025-12-22;1;0
5;2025-12-22;2;0
5;2025-12-22;3;0
5;2025-12-22;4;0
5;2025-12-22;5;16
5;2025-12-22;6;132
5;2025-12-22;7;430
5;2025-12-22;8;693
5;2025-12-22;9;544
5;2025-12-22;10;399
5;2025-12-22;11;363
5;2025-12-22;12;356
5;2025-12-22;13;358
5;2025-12-22;14;355
5;2025-12-22;15;407
5;2025-12-22;16;423
5;2025-12-22;17;564
5;2025-12-22;18;619
5;2025-12-22;19;358
5;2025-12-22;20;223
5;2025-12-22;21;155
5;2025-12-22;22;64
5;2025-12-22;23;37
5;2025-12-23;0;6
5;2025-12-23;1;0
5;2025-12-23;2;0
5;2025-12-23;3;0
5;2025-12-23;4;0
5;2025-12-23;5;17
5;2025-12-23;6;134
5;2025-12-23;7;440
5;2025-12-23;8;679
5;2025-12-23;9;533
5;2025-12-23;10;405
5;2025-12-23;11;365
5;2025-12-23;12;359
5;2025-12-23;13;360
5;2025-12-23;14;353
5;2025-12-23;15;403
5;2025-12-23;16;425
5;2025-12-23;17;577
5;2025-12-23;18;598
5;2025-12-23;19;358
5;2025-12-23;20;232
5;2025-12-23;21;153
5;2025-12-23;22;63
5;2025-12-23;23;38
5;2025-12-24;0;5
5;2025-12-24;1;0
5;2025-12-24;2;0
5;2025-12-24;3;0
5;2025-12-24;4;0
5;2025-12-24;5;18
5;2025-12-24;6;127
5;2025-12-24;7;422
5;2025-12-24;8;698
5;2025-12-24;9;526
5;2025-12-24;10;402
5;2025-12-24;11;367
5;2025-12-24;12;365
5;2025-12-24;13;360
5;2025-12-24;14;354
5;2025-12-24;15;398
5;2025-12-24;16;421
5;2025-12-24;17;570
5;2025-12-24;18;608
5;2025-12-24;19;362
5;2025-12-24;20;228
5;2025-12-24;21;158
5;2025-12-24;22;68
5;2025-12-24;23;41
5;2025-12-25;0;9
5;2025-12-25;1;0
5;2025-12-25;2;0
5;2025-12-25;3;0
5;2025-12-25;4;0
5;2025-12-25;5;16
5;2025-12-25;6;125
5;2025-12-25;7;418
5;2025-12-25;8;671
5;2025-12-25;9;530
5;2025-12-25;10;405
5;2025-12-25;11;365
5;2025-12-25;12;370
5;2025-12-25;13;359
5;2025-12-25;14;356
5;2025-12-25;15;402
5;2025-12-25;16;423
5;2025-12-25;17;564
5;2025-12-25;18;605
5;2025-12-25;19;367
5;2025-12-25;20;241
5;2025-12-25;21;164
5;2025-12-25;22;67
5;2025-12-25;23;42
5;2025-12-26;0;10
5;2025-12-26;1;0
5;2025-12-26;2;0
5;2025-12-26;3;0
5;2025-12-26;4;0
5;2025-12-26;5;17
5;2025-12-26;6;132
5;2025-12-26;7;440
5;2025-12-26;8;696
5;2025-12-26;9;542
5;2025-12-26;10;397
5;2025-12-26;11;372
5;2025-12-26;12;373
5;2025-12-26;13;376
5;2025-12-26;14;375
5;2025-12-26;15;431
5;2025-12-26;16;508
5;2025-12-26;17;547
5;2025-12-26;18;453
5;2025-12-26;19;334
5;2025-12-26;20;230
5;2025-12-26;21;151
5;2025-12-26;22;69
5;2025-12-26;23;46
5;2025-12-27;0;18
5;2025-12-27;1;0
5;2025-12-27;2;0
5;2025-12-27;3;0
5;2025-12-27;4;0
5;2025-12-27;5;9
5;2025-12-27;6;55
5;2025-12-27;7;129
5;2025-12-27;8;201
5;2025-12-27;9;193
5;2025-12-27;10;212
5;2025-12-27;11;247
5;2025-12-27;12;254
5;2025-12-27;13;265
5;2025-12-27;14;283
5;2025-12-27;15;253
5;2025-12-27;16;262
5;2025-12-27;17;286
5;2025-12-27;18;263
5;2025-12-27;19;219
5;2025-12-27;20;176
5;2025-12-27;21;128
5;2025-12-27;22;75
5;2025-12-27;23;47
5;2025-12-28;0;13
5;2025-12-28;1;0
5;2025-12-28;2;0
5;2025-12-28;3;0
5;2025-12-28;4;0
5;2025-12-28;5;7
5;2025-12-28;6;42
5;2025-12-28;7;83
5;2025-12-28;8;132
5;2025-12-28;9;152
5;2025-12-28;10;158
5;2025-12-28;11;204
5;2025-12-28;12;215
5;2025-12-28;13;225
5;2025-12-28;14;239
5;2025-12-28;15;228
5;2025-12-28;16;225
5;2025-12-28;17;244
5;2025-12-28;18;215
5;2025-12-28;19;179
5;2025-12-28;20;147
5;2025-12-28;21;116
5;2025-12-28;22;63
5;2025-12-28;23;37
5;2025-12-29;0;4
5;2025-12-29;1;0
5;2025-12-29;2;0
5;2025-12-29;3;0
5;2025-12-29;4;0
5;2025-12-29;5;16
5;2025-12-29;6;132
5;2025-12-29;7;430
5;2025-12-29;8;693
5;2025-12-29;9;544
5;2025-12-29;10;399
5;2025-12-29;11;363
5;2025-12-29;12;356
5;2025-12-29;13;358
5;2025-12-29;14;355
5;2025-12-29;15;407
5;2025-12-29;16;423
5;2025-12-29;17;564
5;2025-12-29;18;619
5;2025-12-29;19;358
5;2025-12-29;20;223
5;2025-12-29;21;155
5;2025-12-29;22;64
5;2025-12-29;23;37
5;2025-12-30;0;6
5;2025-12-30;1;0
5;2025-12-30;2;0
5;2025-12-30;3;0
5;2025-12-30;4;0
5;2025-12-30;5;17
5;2025-12-30;6;134
5;2025-12-30;7;441
5;2025-12-30;8;681
5;2025-12-30;9;536
5;2025-12-30;10;407
5;2025-12-30;11;369
5;2025-12-30;12;363
5;2025-12-30;13;365
5;2025-12-30;14;360
5;2025-12-30;15;411
5;2025-12-30;16;433
5;2025-12-30;17;565
5;2025-12-30;18;582
5;2025-12-30;19;346
5;2025-12-30;20;230
5;2025-12-30;21;152
5;2025-12-30;22;63
5;2025-12-30;23;37
5;2025-12-31;0;14
5;2025-12-31;1;0
5;2025-12-31;2;0
5;2025-12-31;3;0
5;2025-12-31;4;0
5;2025-12-31;5;8
5;2025-12-31;6;44
5;2025-12-31;7;84
5;2025-12-31;8;134
5;2025-12-31;9;164
5;2025-12-31;10;157
5;2025-12-31;11;194
5;2025-12-31;12;210
5;2025-12-31;13;218
5;2025-12-31;14;234
5;2025-12-31;15;224
5;2025-12-31;16;225
5;2025-12-31;17;235
5;2025-12-31;18;217
5;2025-12-31;19;183
5;2025-12-31;20;155
5;2025-12-31;21;123
5;2025-12-31;22;65
5;2025-12-31;23;37
7;2025-11-01;0;85
7;2025-11-01;1;18
7;2025-11-01;2;0
7;2025-11-01;3;0
7;2025-11-01;4;1
7;2025-11-01;5;135
7;2025-11-01;6;504
7;2025-11-01;7;1119
7;2025-11-01;8;1766
7;2025-11-01;9;1368
7;2025-11-01;10;1363
7;2025-11-01;11;1291
7;2025-11-01;12;1424
7;2025-11-01;13;1430
7;2025-11-01;14;1470
7;2025-11-01;15;1565
7;2025-11-01;16;1715
7;2025-11-01;17;1848
7;2025-11-01;18;1611
7;2025-11-01;19;1177
7;2025-11-01;20;855
7;2025-11-01;21;538
7;2025-11-01;22;297
7;2025-11-01;23;216
7;2025-11-02;0;88
7;2025-11-02;1;21
7;2025-11-02;2;0
7;2025-11-02;3;0
7;2025-11-02;4;1
7;2025-11-02;5;28
7;2025-11-02;6;125
7;2025-11-02;7;167
7;2025-11-02;8;358
7;2025-11-02;9;471
7;2025-11-02;10;388
7;2025-11-02;11;560
7;2025-11-02;12;614
7;2025-11-02;13;609
7;2025-11-02;14;652
7;2025-11-02;15;671
7;2025-11-02;16;591
7;2025-11-02;17;609
7;2025-11-02;18;609
7;2025-11-02;19;459
7;2025-11-02;20;384
7;2025-11-02;21;288
7;2025-11-02;22;151
7;2025-11-02;23;112
7;2025-11-03;0;92
7;2025-11-03;1;22
7;2025-11-03;2;0
7;2025-11-03;3;0
7;2025-11-03;4;1
7;2025-11-03;5;32
7;2025-11-03;6;155
7;2025-11-03;7;197
7;2025-11-03;8;426
7;2025-11-03;9;489
7;2025-11-03;10;440
7;2025-11-03;11;581
7;2025-11-03;12;677
7;2025-11-03;13;661
7;2025-11-03;14;690
7;2025-11-03;15;699
7;2025-11-03;16;640
7;2025-11-03;17;651
7;2025-11-03;18;635
7;2025-11-03;19;494
7;2025-11-03;20;412
7;2025-11-03;21;306
7;2025-11-03;22;163
7;2025-11-03;23;124
7;2025-11-04;0;82
7;2025-11-04;1;20
7;2025-11-04;2;0
7;2025-11-04;3;0
7;2025-11-04;4;1
7;2025-11-04;5;27
7;2025-11-04;6;129
7;2025-11-04;7;167
7;2025-11-04;8;360
7;2025-11-04;9;435
7;2025-11-04;10;379
7;2025-11-04;11;517
7;2025-11-04;12;589
7;2025-11-04;13;578
7;2025-11-04;14;609
7;2025-11-04;15;621
7;2025-11-04;16;560
7;2025-11-04;17;573
7;2025-11-04;18;564
7;2025-11-04;19;433
7;2025-11-04;20;362
7;2025-11-04;21;270
7;2025-11-04;22;143
7;2025-11-04;23;108
7;2025-11-05;0;58
7;2025-11-05;1;10
7;2025-11-05;2;0
7;2025-11-05;3;0
7;2025-11-05;4;2
7;2025-11-05;5;196
7;2025-11-05;6;657
7;2025-11-05;7;1562
7;2025-11-05;8;2429
7;2025-11-05;9;1875
7;2025-11-05;10;1667
7;2025-11-05;11;1569
7;2025-11-05;12;1662
7;2025-11-05;13;1587
7;2025-11-05;14;1611
7;2025-11-05;15;1740
7;2025-11-05;16;1865
7;2025-11-05;17;2403
7;2025-11-05;18;2488
7;2025-11-05;19;1642
7;2025-11-05;20;1046
7;2025-11-05;21;617
7;2025-11-05;22;275
7;2025-11-05;23;171
7;2025-11-06;0;63
7;2025-11-06;1;17
7;2025-11-06;2;0
7;2025-11-06;3;0
7;2025-11-06;4;1
7;2025-11-06;5;188
7;2025-11-06;6;637
7;2025-11-06;7;1558
7;2025-11-06;8;2450
7;2025-11-06;9;1822
7;2025-11-06;10;1610
7;2025-11-06;11;1543
7;2025-11-06;12;1635
7;2025-11-06;13;1572
7;2025-11-06;14;1627
7;2025-11-06;15;1737
7;2025-11-06;16;1845
7;2025-11-06;17;2341
7;2025-11-06;18;2553
7;2025-11-06;19;1672
7;2025-11-06;20;1068
7;2025-11-06;21;622
7;2025-11-06;22;291
7;2025-11-06;23;200
7;2025-11-07;0;74
7;2025-11-07;1;15
7;2025-11-07;2;0
7;2025-11-07;3;0
7;2025-11-07;4;2
7;2025-11-07;5;182
7;2025-11-07;6;631
7;2025-11-07;7;1516
7;2025-11-07;8;2333
7;2025-11-07;9;1780
7;2025-11-07;10;1625
7;2025-11-07;11;1548
7;2025-11-07;12;1597
7;2025-11-07;13;1624
7;2025-11-07;14;1620
7;2025-11-07;15;1772
7;2025-11-07;16;1954
7;2025-11-07;17;2292
7;2025-11-07;18;1998
7;2025-11-07;19;1437
7;2025-11-07;20;989
7;2025-11-07;21;599
7;2025-11-07;22;288
7;2025-11-07;23;227
7;2025-11-08;0;77
7;2025-11-08;1;25
7;2025-11-08;2;0
7;2025-11-08;3;0
7;2025-11-08;4;1
7;2025-11-08;5;44
7;2025-11-08;6;181
7;2025-11-08;7;306
7;2025-11-08;8;482
7;2025-11-08;9;521
7;2025-11-08;10;527
7;2025-11-08;11;618
7;2025-11-08;12;695
7;2025-11-08;13;749
7;2025-11-08;14;767
7;2025-11-08;15;730
7;2025-11-08;16;712
7;2025-11-08;17;653
7;2025-11-08;18;700
7;2025-11-08;19;615
7;2025-11-08;20;438
7;2025-11-08;21;343
7;2025-11-08;22;171
7;2025-11-08;23;133
7;2025-11-09;0;74
7;2025-11-09;1;22
7;2025-11-09;2;0
7;2025-11-09;3;1
7;2025-11-09;4;1
7;2025-11-09;5;25
7;2025-11-09;6;118
7;2025-11-09;7;200
7;2025-11-09;8;343
7;2025-11-09;9;398
7;2025-11-09;10;419
7;2025-11-09;11;597
7;2025-11-09;12;601
7;2025-11-09;13;641
7;2025-11-09;14;695
7;2025-11-09;15;697
7;2025-11-09;16;626
7;2025-11-09;17;630
7;2025-11-09;18;597
7;2025-11-09;19;520
7;2025-11-09;20;385
7;2025-11-09;21;285
7;2025-11-09;22;146
7;2025-11-09;23;104
7;2025-11-10;0;60
7;2025-11-10;1;11
7;2025-11-10;2;0
7;2025-11-10;3;0
7;2025-11-10;4;1
7;2025-11-10;5;193
7;2025-11-10;6;641
7;2025-11-10;7;1601
7;2025-11-10;8;2467
7;2025-11-10;9;1819
7;2025-11-10;10;1611
7;2025-11-10;11;1525
7;2025-11-10;12;1559
7;2025-11-10;13;1573
7;2025-11-10;14;1573
7;2025-11-10;15;1721
7;2025-11-10;16;1830
7;2025-11-10;17;2404
7;2025-11-10;18;2544
7;2025-11-10;19;1701
7;2025-11-10;20;1063
7;2025-11-10;21;610
7;2025-11-10;22;278
7;2025-11-10;23;150
7;2025-11-11;0;58
7;2025-11-11;1;13
7;2025-11-11;2;0
7;2025-11-11;3;0
7;2025-11-11;4;2
7;2025-11-11;5;194
7;2025-11-11;6;660
7;2025-11-11;7;1652
7;2025-11-11;8;2471
7;2025-11-11;9;1897
7;2025-11-11;10;1675
7;2025-11-11;11;1606
7;2025-11-11;12;1645
7;2025-11-11;13;1624
7;2025-11-11;14;1572
7;2025-11-11;15;1753
7;2025-11-11;16;1867
7;2025-11-11;17;2414
7;2025-11-11;18;2583
7;2025-11-11;19;1730
7;2025-11-11;20;1121
7;2025-11-11;21;664
7;2025-11-11;22;305
7;2025-11-11;23;190
7;2025-11-12;0;58
7;2025-11-12;1;10
7;2025-11-12;2;0
7;2025-11-12;3;0
7;2025-11-12;4;2
7;2025-11-12;5;196
7;2025-11-12;6;659
7;2025-11-12;7;1565
7;2025-11-12;8;2432
7;2025-11-12;9;1877
7;2025-11-12;10;1665
7;2025-11-12;11;1568
7;2025-11-12;12;1660
7;2025-11-12;13;1585
7;2025-11-12;14;1609
7;2025-11-12;15;1740
7;2025-11-12;16;1864
7;2025-11-12;17;2404
7;2025-11-12;18;2487
7;2025-11-12;19;1642
7;2025-11-12;20;1046
7;2025-11-12;21;617
7;2025-11-12;22;274
7;2025-11-12;23;171
7;2025-11-13;0;62
7;2025-11-13;1;17
7;2025-11-13;2;0
7;2025-11-13;3;0
7;2025-11-13;4;1
7;2025-11-13;5;189
7;2025-11-13;6;640
7;2025-11-13;7;1561
7;2025-11-13;8;2453
7;2025-11-13;9;1825
7;2025-11-13;10;1609
7;2025-11-13;11;1543
7;2025-11-13;12;1634
7;2025-11-13;13;1571
7;2025-11-13;14;1626
7;2025-11-13;15;1736
7;2025-11-13;16;1844
7;2025-11-13;17;2340
7;2025-11-13;18;2552
7;2025-11-13;19;1670
7;2025-11-13;20;1067
7;2025-11-13;21;621
7;2025-11-13;22;291
7;2025-11-13;23;199
7;2025-11-14;0;74
7;2025-11-14;1;15
7;2025-11-14;2;0
7;2025-11-14;3;0
7;2025-11-14;4;2
7;2025-11-14;5;183
7;2025-11-14;6;634
7;2025-11-14;7;1518
7;2025-11-14;8;2336
7;2025-11-14;9;1782
7;2025-11-14;10;1623
7;2025-11-14;11;1546
7;2025-11-14;12;1597
7;2025-11-14;13;1623
7;2025-11-14;14;1620
7;2025-11-14;15;1771
7;2025-11-14;16;1953
7;2025-11-14;17;2291
7;2025-11-14;18;1997
7;2025-11-14;19;1436
7;2025-11-14;20;989
7;2025-11-14;21;598
7;2025-11-14;22;288
7;2025-11-14;23;227
7;2025-11-15;0;99
7;2025-11-15;1;26
7;2025-11-15;2;0
7;2025-11-15;3;0
7;2025-11-15;4;1
7;2025-11-15;5;67
7;2025-11-15;6;255
7;2025-11-15;7;493
7;2025-11-15;8;716
7;2025-11-15;9;781
7;2025-11-15;10;790
7;2025-11-15;11;925
7;2025-11-15;12;1014
7;2025-11-15;13;1085
7;2025-11-15;14;1117
7;2025-11-15;15;1070
7;2025-11-15;16;1045
7;2025-11-15;17;967
7;2025-11-15;18;1021
7;2025-11-15;19;913
7;2025-11-15;20;666
7;2025-11-15;21;517
7;2025-11-15;22;277
7;2025-11-15;23;196
7;2025-11-16;0;97
7;2025-11-16;1;22
7;2025-11-16;2;2
7;2025-11-16;3;4
7;2025-11-16;4;1
7;2025-11-16;5;43
7;2025-11-16;6;180
7;2025-11-16;7;363
7;2025-11-16;8;538
7;2025-11-16;9;641
7;2025-11-16;10;669
7;2025-11-16;11;916
7;2025-11-16;12;923
7;2025-11-16;13;975
7;2025-11-16;14;1053
7;2025-11-16;15;1053
7;2025-11-16;16;962
7;2025-11-16;17;964
7;2025-11-16;18;917
7;2025-11-16;19;809
7;2025-11-16;20;619
7;2025-11-16;21;460
7;2025-11-16;22;257
7;2025-11-16;23;171
7;2025-11-17;0;60
7;2025-11-17;1;11
7;2025-11-17;2;0
7;2025-11-17;3;0
7;2025-11-17;4;1
7;2025-11-17;5;194
7;2025-11-17;6;644
7;2025-11-17;7;1607
7;2025-11-17;8;2477
7;2025-11-17;9;1826
7;2025-11-17;10;1617
7;2025-11-17;11;1531
7;2025-11-17;12;1565
7;2025-11-17;13;1579
7;2025-11-17;14;1579
7;2025-11-17;15;1728
7;2025-11-17;16;1837
7;2025-11-17;17;2413
7;2025-11-17;18;2554
7;2025-11-17;19;1708
7;2025-11-17;20;1067
7;2025-11-17;21;612
7;2025-11-17;22;279
7;2025-11-17;23;151
7;2025-11-18;0;58
7;2025-11-18;1;13
7;2025-11-18;2;0
7;2025-11-18;3;0
7;2025-11-18;4;2
7;2025-11-18;5;195
7;2025-11-18;6;664
7;2025-11-18;7;1662
7;2025-11-18;8;2486
7;2025-11-18;9;1908
7;2025-11-18;10;1686
7;2025-11-18;11;1616
7;2025-11-18;12;1656
7;2025-11-18;13;1634
7;2025-11-18;14;1581
7;2025-11-18;15;1764
7;2025-11-18;16;1878
7;2025-11-18;17;2428
7;2025-11-18;18;2598
7;2025-11-18;19;1740
7;2025-11-18;20;1127
7;2025-11-18;21;667
7;2025-11-18;22;305
7;2025-11-18;23;189
7;2025-11-19;0;58
7;2025-11-19;1;10
7;2025-11-19;2;0
7;2025-11-19;3;0
7;2025-11-19;4;2
7;2025-11-19;5;198
7;2025-11-19;6;664
7;2025-11-19;7;1577
7;2025-11-19;8;2450
7;2025-11-19;9;1892
7;2025-11-19;10;1679
7;2025-11-19;11;1581
7;2025-11-19;12;1674
7;2025-11-19;13;1597
7;2025-11-19;14;1622
7;2025-11-19;15;1754
7;2025-11-19;16;1879
7;2025-11-19;17;2422
7;2025-11-19;18;2506
7;2025-11-19;19;1655
7;2025-11-19;20;1054
7;2025-11-19;21;621
7;2025-11-19;22;276
7;2025-11-19;23;172
7;2025-11-20;0;63
7;2025-11-20;1;17
7;2025-11-20;2;0
7;2025-11-20;3;0
7;2025-11-20;4;1
7;2025-11-20;5;191
7;2025-11-20;6;646
7;2025-11-20;7;1576
7;2025-11-20;8;2477
7;2025-11-20;9;1843
7;2025-11-20;10;1626
7;2025-11-20;11;1559
7;2025-11-20;12;1651
7;2025-11-20;13;1587
7;2025-11-20;14;1643
7;2025-11-20;15;1754
7;2025-11-20;16;1862
7;2025-11-20;17;2363
7;2025-11-20;18;2576
7;2025-11-20;19;1686
7;2025-11-20;20;1076
7;2025-11-20;21;626
7;2025-11-20;22;293
7;2025-11-20;23;200
7;2025-11-21;0;74
7;2025-11-21;1;15
7;2025-11-21;2;0
7;2025-11-21;3;0
7;2025-11-21;4;2
7;2025-11-21;5;185
7;2025-11-21;6;641
7;2025-11-21;7;1537
7;2025-11-21;8;2363
7;2025-11-21;9;1804
7;2025-11-21;10;1643
7;2025-11-21;11;1564
7;2025-11-21;12;1616
7;2025-11-21;13;1643
7;2025-11-21;14;1639
7;2025-11-21;15;1792
7;2025-11-21;16;1976
7;2025-11-21;17;2318
7;2025-11-21;18;2020
7;2025-11-21;19;1453
7;2025-11-21;20;1001
7;2025-11-21;21;604
7;2025-11-21;22;290
7;2025-11-21;23;229
7;2025-11-22;0;100
7;2025-11-22;1;26
7;2025-11-22;2;0
7;2025-11-22;3;0
7;2025-11-22;4;1
7;2025-11-22;5;68
7;2025-11-22;6;258
7;2025-11-22;7;500
7;2025-11-22;8;726
7;2025-11-22;9;792
7;2025-11-22;10;801
7;2025-11-22;11;938
7;2025-11-22;12;1029
7;2025-11-22;13;1100
7;2025-11-22;14;1132
7;2025-11-22;15;1085
7;2025-11-22;16;1059
7;2025-11-22;17;980
7;2025-11-22;18;1034
7;2025-11-22;19;926
7;2025-11-22;20;674
7;2025-11-22;21;524
7;2025-11-22;22;280
7;2025-11-22;23;198
7;2025-11-23;0;99
7;2025-11-23;1;22
7;2025-11-23;2;2
7;2025-11-23;3;4
7;2025-11-23;4;1
7;2025-11-23;5;44
7;2025-11-23;6;183
7;2025-11-23;7;368
7;2025-11-23;8;545
7;2025-11-23;9;650
7;2025-11-23;10;678
7;2025-11-23;11;928
7;2025-11-23;12;935
7;2025-11-23;13;988
7;2025-11-23;14;1067
7;2025-11-23;15;1067
7;2025-11-23;16;975
7;2025-11-23;17;977
7;2025-11-23;18;929
7;2025-11-23;19;820
7;2025-11-23;20;628
7;2025-11-23;21;466
7;2025-11-23;22;260
7;2025-11-23;23;174
7;2025-11-24;0;60
7;2025-11-24;1;11
7;2025-11-24;2;0
7;2025-11-24;3;0
7;2025-11-24;4;1
7;2025-11-24;5;196
7;2025-11-24;6;652
7;2025-11-24;7;1629
7;2025-11-24;8;2511
7;2025-11-24;9;1851
7;2025-11-24;10;1639
7;2025-11-24;11;1552
7;2025-11-24;12;1587
7;2025-11-24;13;1601
7;2025-11-24;14;1601
7;2025-11-24;15;1752
7;2025-11-24;16;1862
7;2025-11-24;17;2446
7;2025-11-24;18;2589
7;2025-11-24;19;1731
7;2025-11-24;20;1082
7;2025-11-24;21;621
7;2025-11-24;22;283
7;2025-11-24;23;153
7;2025-11-25;0;58
7;2025-11-25;1;13
7;2025-11-25;2;0
7;2025-11-25;3;0
7;2025-11-25;4;2
7;2025-11-25;5;198
7;2025-11-25;6;673
7;2025-11-25;7;1684
7;2025-11-25;8;2520
7;2025-11-25;9;1934
7;2025-11-25;10;1709
7;2025-11-25;11;1638
7;2025-11-25;12;1678
7;2025-11-25;13;1656
7;2025-11-25;14;1603
7;2025-11-25;15;1788
7;2025-11-25;16;1904
7;2025-11-25;17;2461
7;2025-11-25;18;2634
7;2025-11-25;19;1764
7;2025-11-25;20;1142
7;2025-11-25;21;676
7;2025-11-25;22;309
7;2025-11-25;23;192
7;2025-11-26;0;58
7;2025-11-26;1;10
7;2025-11-26;2;0
7;2025-11-26;3;0
7;2025-11-26;4;2
7;2025-11-26;5;200
7;2025-11-26;6;673
7;2025-11-26;7;1599
7;2025-11-26;8;2483
7;2025-11-26;9;1917
7;2025-11-26;10;1702
7;2025-11-26;11;1603
7;2025-11-26;12;1697
7;2025-11-26;13;1619
7;2025-11-26;14;1644
7;2025-11-26;15;1778
7;2025-11-26;16;1904
7;2025-11-26;17;2455
7;2025-11-26;18;2541
7;2025-11-26;19;1677
7;2025-11-26;20;1069
7;2025-11-26;21;629
7;2025-11-26;22;280
7;2025-11-26;23;175
7;2025-11-27;0;63
7;2025-11-27;1;17
7;2025-11-27;2;0
7;2025-11-27;3;0
7;2025-11-27;4;1
7;2025-11-27;5;193
7;2025-11-27;6;655
7;2025-11-27;7;1598
7;2025-11-27;8;2511
7;2025-11-27;9;1868
7;2025-11-27;10;1648
7;2025-11-27;11;1580
7;2025-11-27;12;1673
7;2025-11-27;13;1609
7;2025-11-27;14;1665
7;2025-11-27;15;1778
7;2025-11-27;16;1887
7;2025-11-27;17;2395
7;2025-11-27;18;2611
7;2025-11-27;19;1709
7;2025-11-27;20;1091
7;2025-11-27;21;635
7;2025-11-27;22;297
7;2025-11-27;23;203
7;2025-11-28;0;75
7;2025-11-28;1;15
7;2025-11-28;2;0
7;2025-11-28;3;0
7;2025-11-28;4;2
7;2025-11-28;5;188
7;2025-11-28;6;650
7;2025-11-28;7;1558
7;2025-11-28;8;2396
7;2025-11-28;9;1828
7;2025-11-28;10;1665
7;2025-11-28;11;1586
7;2025-11-28;12;1638
7;2025-11-28;13;1665
7;2025-11-28;14;1661
7;2025-11-28;15;1816
7;2025-11-28;16;2003
7;2025-11-28;17;2349
7;2025-11-28;18;2048
7;2025-11-28;19;1473
7;2025-11-28;20;1014
7;2025-11-28;21;612
7;2025-11-28;22;294
7;2025-11-28;23;232
7;2025-11-29;0;101
7;2025-11-29;1;27
7;2025-11-29;2;0
7;2025-11-29;3;0
7;2025-11-29;4;1
7;2025-11-29;5;69
7;2025-11-29;6;262
7;2025-11-29;7;507
7;2025-11-29;8;736
7;2025-11-29;9;802
7;2025-11-29;10;812
7;2025-11-29;11;951
7;2025-11-29;12;1043
7;2025-11-29;13;1115
7;2025-11-29;14;1149
7;2025-11-29;15;1099
7;2025-11-29;16;1074
7;2025-11-29;17;994
7;2025-11-29;18;1048
7;2025-11-29;19;938
7;2025-11-29;20;683
7;2025-11-29;21;531
7;2025-11-29;22;285
7;2025-11-29;23;200
7;2025-11-30;0;99
7;2025-11-30;1;23
7;2025-11-30;2;2
7;2025-11-30;3;4
7;2025-11-30;4;1
7;2025-11-30;5;44
7;2025-11-30;6;185
7;2025-11-30;7;373
7;2025-11-30;8;553
7;2025-11-30;9;659
7;2025-11-30;10;688
7;2025-11-30;11;941
7;2025-11-30;12;948
7;2025-11-30;13;1002
7;2025-11-30;14;1082
7;2025-11-30;15;1082
7;2025-11-30;16;988
7;2025-11-30;17;990
7;2025-11-30;18;942
7;2025-11-30;19;831
7;2025-11-30;20;636
7;2025-11-30;21;472
7;2025-11-30;22;264
7;2025-11-30;23;176
7;2025-12-01;0;61
7;2025-12-01;1;11
7;2025-12-01;2;0
7;2025-12-01;3;0
7;2025-12-01;4;1
7;2025-12-01;5;199
7;2025-12-01;6;661
7;2025-12-01;7;1651
7;2025-12-01;8;2544
7;2025-12-01;9;1876
7;2025-12-01;10;1662
7;2025-12-01;11;1573
7;2025-12-01;12;1608
7;2025-12-01;13;1622
7;2025-12-01;14;1622
7;2025-12-01;15;1776
7;2025-12-01;16;1887
7;2025-12-01;17;2479
7;2025-12-01;18;2624
7;2025-12-01;19;1754
7;2025-12-01;20;1096
7;2025-12-01;21;629
7;2025-12-01;22;287
7;2025-12-01;23;155
7;2025-12-02;0;59
7;2025-12-02;1;13
7;2025-12-02;2;0
7;2025-12-02;3;0
7;2025-12-02;4;2
7;2025-12-02;5;200
7;2025-12-02;6;682
7;2025-12-02;7;1707
7;2025-12-02;8;2554
7;2025-12-02;9;1960
7;2025-12-02;10;1732
7;2025-12-02;11;1661
7;2025-12-02;12;1701
7;2025-12-02;13;1678
7;2025-12-02;14;1624
7;2025-12-02;15;1812
7;2025-12-02;16;1929
7;2025-12-02;17;2494
7;2025-12-02;18;2669
7;2025-12-02;19;1788
7;2025-12-02;20;1157
7;2025-12-02;21;685
7;2025-12-02;22;313
7;2025-12-02;23;194
7;2025-12-03;0;59
7;2025-12-03;1;10
7;2025-12-03;2;0
7;2025-12-03;3;0
7;2025-12-03;4;2
7;2025-12-03;5;203
7;2025-12-03;6;682
7;2025-12-03;7;1618
7;2025-12-03;8;2517
7;2025-12-03;9;1943
7;2025-12-03;10;1724
7;2025-12-03;11;1623
7;2025-12-03;12;1719
7;2025-12-03;13;1641
7;2025-12-03;14;1666
7;2025-12-03;15;1800
7;2025-12-03;16;1930
7;2025-12-03;17;2487
7;2025-12-03;18;2576
7;2025-12-03;19;1701
7;2025-12-03;20;1084
7;2025-12-03;21;640
7;2025-12-03;22;286
7;2025-12-03;23;178
7;2025-12-04;0;63
7;2025-12-04;1;18
7;2025-12-04;2;0
7;2025-12-04;3;0
7;2025-12-04;4;1
7;2025-12-04;5;194
7;2025-12-04;6;660
7;2025-12-04;7;1613
7;2025-12-04;8;2534
7;2025-12-04;9;1884
7;2025-12-04;10;1662
7;2025-12-04;11;1594
7;2025-12-04;12;1689
7;2025-12-04;13;1625
7;2025-12-04;14;1682
7;2025-12-04;15;1801
7;2025-12-04;16;1913
7;2025-12-04;17;2425
7;2025-12-04;18;2647
7;2025-12-04;19;1737
7;2025-12-04;20;1113
7;2025-12-04;21;661
7;2025-12-04;22;319
7;2025-12-04;23;225
7;2025-12-05;0;75
7;2025-12-05;1;16
7;2025-12-05;2;0
7;2025-12-05;3;0
7;2025-12-05;4;2
7;2025-12-05;5;189
7;2025-12-05;6;656
7;2025-12-05;7;1569
7;2025-12-05;8;2414
7;2025-12-05;9;1842
7;2025-12-05;10;1678
7;2025-12-05;11;1598
7;2025-12-05;12;1651
7;2025-12-05;13;1680
7;2025-12-05;14;1676
7;2025-12-05;15;1837
7;2025-12-05;16;2025
7;2025-12-05;17;2375
7;2025-12-05;18;2080
7;2025-12-05;19;1501
7;2025-12-05;20;1039
7;2025-12-05;21;643
7;2025-12-05;22;321
7;2025-12-05;23;258
7;2025-12-06;0;102
7;2025-12-06;1;27
7;2025-12-06;2;0
7;2025-12-06;3;0
7;2025-12-06;4;1
7;2025-12-06;5;66
7;2025-12-06;6;260
7;2025-12-06;7;508
7;2025-12-06;8;740
7;2025-12-06;9;807
7;2025-12-06;10;816
7;2025-12-06;11;957
7;2025-12-06;12;1048
7;2025-12-06;13;1123
7;2025-12-06;14;1158
7;2025-12-06;15;1115
7;2025-12-06;16;1090
7;2025-12-06;17;1009
7;2025-12-06;18;1068
7;2025-12-06;19;957
7;2025-12-06;20;700
7;2025-12-06;21;550
7;2025-12-06;22;300
7;2025-12-06;23;216
7;2025-12-07;0;100
7;2025-12-07;1;23
7;2025-12-07;2;2
7;2025-12-07;3;4
7;2025-12-07;4;1
7;2025-12-07;5;41
7;2025-12-07;6;184
7;2025-12-07;7;372
7;2025-12-07;8;555
7;2025-12-07;9;660
7;2025-12-07;10;691
7;2025-12-07;11;946
7;2025-12-07;12;953
7;2025-12-07;13;1008
7;2025-12-07;14;1089
7;2025-12-07;15;1097
7;2025-12-07;16;1002
7;2025-12-07;17;1005
7;2025-12-07;18;961
7;2025-12-07;19;849
7;2025-12-07;20;652
7;2025-12-07;21;490
7;2025-12-07;22;280
7;2025-12-07;23;191
7;2025-12-08;0;62
7;2025-12-08;1;11
7;2025-12-08;2;0
7;2025-12-08;3;0
7;2025-12-08;4;1
7;2025-12-08;5;193
7;2025-12-08;6;660
7;2025-12-08;7;1660
7;2025-12-08;8;2563
7;2025-12-08;9;1887
7;2025-12-08;10;1671
7;2025-12-08;11;1581
7;2025-12-08;12;1618
7;2025-12-08;13;1633
7;2025-12-08;14;1633
7;2025-12-08;15;1805
7;2025-12-08;16;1917
7;2025-12-08;17;2516
7;2025-12-08;18;2667
7;2025-12-08;19;1789
7;2025-12-08;20;1125
7;2025-12-08;21;662
7;2025-12-08;22;316
7;2025-12-08;23;182
7;2025-12-09;0;60
7;2025-12-09;1;14
7;2025-12-09;2;0
7;2025-12-09;3;0
7;2025-12-09;4;2
7;2025-12-09;5;194
7;2025-12-09;6;682
7;2025-12-09;7;1719
7;2025-12-09;8;2576
7;2025-12-09;9;1974
7;2025-12-09;10;1741
7;2025-12-09;11;1671
7;2025-12-09;12;1712
7;2025-12-09;13;1692
7;2025-12-09;14;1638
7;2025-12-09;15;1842
7;2025-12-09;16;1960
7;2025-12-09;17;2533
7;2025-12-09;18;2714
7;2025-12-09;19;1822
7;2025-12-09;20;1184
7;2025-12-09;21;714
7;2025-12-09;22;338
7;2025-12-09;23;220
7;2025-12-10;0;60
7;2025-12-10;1;10
7;2025-12-10;2;0
7;2025-12-10;3;0
7;2025-12-10;4;2
7;2025-12-10;5;196
7;2025-12-10;6;682
7;2025-12-10;7;1628
7;2025-12-10;8;2535
7;2025-12-10;9;1955
7;2025-12-10;10;1734
7;2025-12-10;11;1631
7;2025-12-10;12;1728
7;2025-12-10;13;1650
7;2025-12-10;14;1676
7;2025-12-10;15;1829
7;2025-12-10;16;1962
7;2025-12-10;17;2525
7;2025-12-10;18;2620
7;2025-12-10;19;1735
7;2025-12-10;20;1112
7;2025-12-10;21;670
7;2025-12-10;22;313
7;2025-12-10;23;205
7;2025-12-11;0;64
7;2025-12-11;1;18
7;2025-12-11;2;0
7;2025-12-11;3;0
7;2025-12-11;4;1
7;2025-12-11;5;190
7;2025-12-11;6;663
7;2025-12-11;7;1631
7;2025-12-11;8;2566
7;2025-12-11;9;1905
7;2025-12-11;10;1679
7;2025-12-11;11;1611
7;2025-12-11;12;1707
7;2025-12-11;13;1643
7;2025-12-11;14;1700
7;2025-12-11;15;1831
7;2025-12-11;16;1943
7;2025-12-11;17;2463
7;2025-12-11;18;2690
7;2025-12-11;19;1766
7;2025-12-11;20;1132
7;2025-12-11;21;672
7;2025-12-11;22;325
7;2025-12-11;23;229
7;2025-12-12;0;76
7;2025-12-12;1;16
7;2025-12-12;2;0
7;2025-12-12;3;0
7;2025-12-12;4;2
7;2025-12-12;5;185
7;2025-12-12;6;659
7;2025-12-12;7;1587
7;2025-12-12;8;2445
7;2025-12-12;9;1864
7;2025-12-12;10;1697
7;2025-12-12;11;1616
7;2025-12-12;12;1669
7;2025-12-12;13;1699
7;2025-12-12;14;1695
7;2025-12-12;15;1868
7;2025-12-12;16;2058
7;2025-12-12;17;2413
7;2025-12-12;18;2114
7;2025-12-12;19;1525
7;2025-12-12;20;1055
7;2025-12-12;21;654
7;2025-12-12;22;327
7;2025-12-12;23;262
7;2025-12-13;0;103
7;2025-12-13;1;27
7;2025-12-13;2;0
7;2025-12-13;3;0
7;2025-12-13;4;1
7;2025-12-13;5;66
7;2025-12-13;6;264
7;2025-12-13;7;515
7;2025-12-13;8;750
7;2025-12-13;9;818
7;2025-12-13;10;827
7;2025-12-13;11;969
7;2025-12-13;12;1062
7;2025-12-13;13;1138
7;2025-12-13;14;1173
7;2025-12-13;15;1130
7;2025-12-13;16;1104
7;2025-12-13;17;1022
7;2025-12-13;18;1082
7;2025-12-13;19;969
7;2025-12-13;20;709
7;2025-12-13;21;557
7;2025-12-13;22;304
7;2025-12-13;23;218
7;2025-12-14;0;101
7;2025-12-14;1;23
7;2025-12-14;2;2
7;2025-12-14;3;4
7;2025-12-14;4;1
7;2025-12-14;5;41
7;2025-12-14;6;186
7;2025-12-14;7;377
7;2025-12-14;8;562
7;2025-12-14;9;669
7;2025-12-14;10;700
7;2025-12-14;11;959
7;2025-12-14;12;966
7;2025-12-14;13;1021
7;2025-12-14;14;1103
7;2025-12-14;15;1112
7;2025-12-14;16;1016
7;2025-12-14;17;1018
7;2025-12-14;18;973
7;2025-12-14;19;860
7;2025-12-14;20;661
7;2025-12-14;21;497
7;2025-12-14;22;283
7;2025-12-14;23;193
7;2025-12-15;0;62
7;2025-12-15;1;12
7;2025-12-15;2;0
7;2025-12-15;3;0
7;2025-12-15;4;1
7;2025-12-15;5;196
7;2025-12-15;6;669
7;2025-12-15;7;1681
7;2025-12-15;8;2596
7;2025-12-15;9;1912
7;2025-12-15;10;1693
7;2025-12-15;11;1602
7;2025-12-15;12;1639
7;2025-12-15;13;1655
7;2025-12-15;14;1655
7;2025-12-15;15;1829
7;2025-12-15;16;1942
7;2025-12-15;17;2549
7;2025-12-15;18;2702
7;2025-12-15;19;1813
7;2025-12-15;20;1139
7;2025-12-15;21;670
7;2025-12-15;22;320
7;2025-12-15;23;184
7;2025-12-16;0;60
7;2025-12-16;1;14
7;2025-12-16;2;0
7;2025-12-16;3;0
7;2025-12-16;4;2
7;2025-12-16;5;196
7;2025-12-16;6;691
7;2025-12-16;7;1742
7;2025-12-16;8;2609
7;2025-12-16;9;2000
7;2025-12-16;10;1764
7;2025-12-16;11;1693
7;2025-12-16;12;1734
7;2025-12-16;13;1714
7;2025-12-16;14;1659
7;2025-12-16;15;1866
7;2025-12-16;16;1986
7;2025-12-16;17;2566
7;2025-12-16;18;2749
7;2025-12-16;19;1846
7;2025-12-16;20;1200
7;2025-12-16;21;723
7;2025-12-16;22;343
7;2025-12-16;23;223
7;2025-12-17;0;61
7;2025-12-17;1;11
7;2025-12-17;2;0
7;2025-12-17;3;0
7;2025-12-17;4;2
7;2025-12-17;5;199
7;2025-12-17;6;691
7;2025-12-17;7;1649
7;2025-12-17;8;2569
7;2025-12-17;9;1981
7;2025-12-17;10;1757
7;2025-12-17;11;1653
7;2025-12-17;12;1750
7;2025-12-17;13;1672
7;2025-12-17;14;1698
7;2025-12-17;15;1853
7;2025-12-17;16;1987
7;2025-12-17;17;2558
7;2025-12-17;18;2655
7;2025-12-17;19;1758
7;2025-12-17;20;1126
7;2025-12-17;21;679
7;2025-12-17;22;317
7;2025-12-17;23;207
7;2025-12-18;0;65
7;2025-12-18;1;18
7;2025-12-18;2;0
7;2025-12-18;3;0
7;2025-12-18;4;1
7;2025-12-18;5;193
7;2025-12-18;6;672
7;2025-12-18;7;1652
7;2025-12-18;8;2600
7;2025-12-18;9;1930
7;2025-12-18;10;1701
7;2025-12-18;11;1632
7;2025-12-18;12;1729
7;2025-12-18;13;1664
7;2025-12-18;14;1723
7;2025-12-18;15;1855
7;2025-12-18;16;1969
7;2025-12-18;17;2496
7;2025-12-18;18;2726
7;2025-12-18;19;1789
7;2025-12-18;20;1147
7;2025-12-18;21;680
7;2025-12-18;22;329
7;2025-12-18;23;232
7;2025-12-19;0;77
7;2025-12-19;1;16
7;2025-12-19;2;0
7;2025-12-19;3;0
7;2025-12-19;4;2
7;2025-12-19;5;188
7;2025-12-19;6;668
7;2025-12-19;7;1607
7;2025-12-19;8;2477
7;2025-12-19;9;1888
7;2025-12-19;10;1719
7;2025-12-19;11;1637
7;2025-12-19;12;1691
7;2025-12-19;13;1722
7;2025-12-19;14;1717
7;2025-12-19;15;1892
7;2025-12-19;16;2085
7;2025-12-19;17;2445
7;2025-12-19;18;2142
7;2025-12-19;19;1544
7;2025-12-19;20;1069
7;2025-12-19;21;662
7;2025-12-19;22;332
7;2025-12-19;23;266
7;2025-12-20;0;105
7;2025-12-20;1;28
7;2025-12-20;2;0
7;2025-12-20;3;0
7;2025-12-20;4;1
7;2025-12-20;5;67
7;2025-12-20;6;267
7;2025-12-20;7;521
7;2025-12-20;8;760
7;2025-12-20;9;828
7;2025-12-20;10;838
7;2025-12-20;11;982
7;2025-12-20;12;1076
7;2025-12-20;13;1153
7;2025-12-20;14;1188
7;2025-12-20;15;1144
7;2025-12-20;16;1119
7;2025-12-20;17;1035
7;2025-12-20;18;1096
7;2025-12-20;19;982
7;2025-12-20;20;718
7;2025-12-20;21;564
7;2025-12-20;22;308
7;2025-12-20;23;221
7;2025-12-21;0;103
7;2025-12-21;1;24
7;2025-12-21;2;2
7;2025-12-21;3;4
7;2025-12-21;4;1
7;2025-12-21;5;42
7;2025-12-21;6;188
7;2025-12-21;7;382
7;2025-12-21;8;570
7;2025-12-21;9;678
7;2025-12-21;10;709
7;2025-12-21;11;971
7;2025-12-21;12;978
7;2025-12-21;13;1034
7;2025-12-21;14;1118
7;2025-12-21;15;1126
7;2025-12-21;16;1029
7;2025-12-21;17;1031
7;2025-12-21;18;986
7;2025-12-21;19;871
7;2025-12-21;20;669
7;2025-12-21;21;503
7;2025-12-21;22;287
7;2025-12-21;23;196
7;2025-12-22;0;63
7;2025-12-22;1;12
7;2025-12-22;2;0
7;2025-12-22;3;0
7;2025-12-22;4;1
7;2025-12-22;5;198
7;2025-12-22;6;678
7;2025-12-22;7;1703
7;2025-12-22;8;2630
7;2025-12-22;9;1937
7;2025-12-22;10;1715
7;2025-12-22;11;1623
7;2025-12-22;12;1660
7;2025-12-22;13;1676
7;2025-12-22;14;1676
7;2025-12-22;15;1852
7;2025-12-22;16;1967
7;2025-12-22;17;2582
7;2025-12-22;18;2737
7;2025-12-22;19;1836
7;2025-12-22;20;1154
7;2025-12-22;21;679
7;2025-12-22;22;324
7;2025-12-22;23;187
7;2025-12-23;0;61
7;2025-12-23;1;14
7;2025-12-23;2;0
7;2025-12-23;3;0
7;2025-12-23;4;2
7;2025-12-23;5;199
7;2025-12-23;6;699
7;2025-12-23;7;1764
7;2025-12-23;8;2643
7;2025-12-23;9;2025
7;2025-12-23;10;1787
7;2025-12-23;11;1715
7;2025-12-23;12;1757
7;2025-12-23;13;1736
7;2025-12-23;14;1680
7;2025-12-23;15;1890
7;2025-12-23;16;2011
7;2025-12-23;17;2599
7;2025-12-23;18;2785
7;2025-12-23;19;1870
7;2025-12-23;20;1215
7;2025-12-23;21;733
7;2025-12-23;22;347
7;2025-12-23;23;226
7;2025-12-24;0;61
7;2025-12-24;1;11
7;2025-12-24;2;0
7;2025-12-24;3;0
7;2025-12-24;4;2
7;2025-12-24;5;201
7;2025-12-24;6;700
7;2025-12-24;7;1671
7;2025-12-24;8;2602
7;2025-12-24;9;2006
7;2025-12-24;10;1779
7;2025-12-24;11;1674
7;2025-12-24;12;1773
7;2025-12-24;13;1693
7;2025-12-24;14;1720
7;2025-12-24;15;1877
7;2025-12-24;16;2013
7;2025-12-24;17;2591
7;2025-12-24;18;2689
7;2025-12-24;19;1780
7;2025-12-24;20;1141
7;2025-12-24;21;688
7;2025-12-24;22;321
7;2025-12-24;23;210
7;2025-12-25;0;66
7;2025-12-25;1;18
7;2025-12-25;2;0
7;2025-12-25;3;0
7;2025-12-25;4;1
7;2025-12-25;5;195
7;2025-12-25;6;680
7;2025-12-25;7;1674
7;2025-12-25;8;2633
7;2025-12-25;9;1955
7;2025-12-25;10;1723
7;2025-12-25;11;1653
7;2025-12-25;12;1751
7;2025-12-25;13;1686
7;2025-12-25;14;1745
7;2025-12-25;15;1879
7;2025-12-25;16;1994
7;2025-12-25;17;2528
7;2025-12-25;18;2761
7;2025-12-25;19;1812
7;2025-12-25;20;1161
7;2025-12-25;21;689
7;2025-12-25;22;333
7;2025-12-25;23;235
7;2025-12-26;0;78
7;2025-12-26;1;16
7;2025-12-26;2;0
7;2025-12-26;3;0
7;2025-12-26;4;2
7;2025-12-26;5;190
7;2025-12-26;6;676
7;2025-12-26;7;1628
7;2025-12-26;8;2509
7;2025-12-26;9;1912
7;2025-12-26;10;1742
7;2025-12-26;11;1658
7;2025-12-26;12;1712
7;2025-12-26;13;1744
7;2025-12-26;14;1739
7;2025-12-26;15;1917
7;2025-12-26;16;2112
7;2025-12-26;17;2476
7;2025-12-26;18;2169
7;2025-12-26;19;1564
7;2025-12-26;20;1083
7;2025-12-26;21;671
7;2025-12-26;22;336
7;2025-12-26;23;269
7;2025-12-27;0;106
7;2025-12-27;1;28
7;2025-12-27;2;0
7;2025-12-27;3;0
7;2025-12-27;4;1
7;2025-12-27;5;68
7;2025-12-27;6;270
7;2025-12-27;7;527
7;2025-12-27;8;768
7;2025-12-27;9;837
7;2025-12-27;10;847
7;2025-12-27;11;993
7;2025-12-27;12;1088
7;2025-12-27;13;1166
7;2025-12-27;14;1201
7;2025-12-27;15;1157
7;2025-12-27;16;1131
7;2025-12-27;17;1047
7;2025-12-27;18;1108
7;2025-12-27;19;993
7;2025-12-27;20;726
7;2025-12-27;21;570
7;2025-12-27;22;311
7;2025-12-27;23;224
7;2025-12-28;0;104
7;2025-12-28;1;24
7;2025-12-28;2;2
7;2025-12-28;3;4
7;2025-12-28;4;1
7;2025-12-28;5;42
7;2025-12-28;6;190
7;2025-12-28;7;386
7;2025-12-28;8;575
7;2025-12-28;9;684
7;2025-12-28;10;715
7;2025-12-28;11;980
7;2025-12-28;12;987
7;2025-12-28;13;1044
7;2025-12-28;14;1128
7;2025-12-28;15;1137
7;2025-12-28;16;1038
7;2025-12-28;17;1040
7;2025-12-28;18;995
7;2025-12-28;19;879
7;2025-12-28;20;675
7;2025-12-28;21;508
7;2025-12-28;22;290
7;2025-12-28;23;198
7;2025-12-29;0;61
7;2025-12-29;1;11
7;2025-12-29;2;0
7;2025-12-29;3;0
7;2025-12-29;4;1
7;2025-12-29;5;184
7;2025-12-29;6;592
7;2025-12-29;7;1550
7;2025-12-29;8;2436
7;2025-12-29;9;1725
7;2025-12-29;10;1527
7;2025-12-29;11;1429
7;2025-12-29;12;1432
7;2025-12-29;13;1470
7;2025-12-29;14;1496
7;2025-12-29;15;1631
7;2025-12-29;16;1703
7;2025-12-29;17;2256
7;2025-12-29;18;2428
7;2025-12-29;19;1637
7;2025-12-29;20;1013
7;2025-12-29;21;568
7;2025-12-29;22;279
7;2025-12-29;23;153
7;2025-12-30;0;51
7;2025-12-30;1;12
7;2025-12-30;2;0
7;2025-12-30;3;0
7;2025-12-30;4;2
7;2025-12-30;5;175
7;2025-12-30;6;564
7;2025-12-30;7;1548
7;2025-12-30;8;2223
7;2025-12-30;9;1735
7;2025-12-30;10;1514
7;2025-12-30;11;1438
7;2025-12-30;12;1510
7;2025-12-30;13;1467
7;2025-12-30;14;1431
7;2025-12-30;15;1668
7;2025-12-30;16;1656
7;2025-12-30;17;2134
7;2025-12-30;18;2439
7;2025-12-30;19;1645
7;2025-12-30;20;1035
7;2025-12-30;21;628
7;2025-12-30;22;298
7;2025-12-30;23;185
7;2025-12-31;0;90
7;2025-12-31;1;20
7;2025-12-31;2;1
7;2025-12-31;3;2
7;2025-12-31;4;1
7;2025-12-31;5;44
7;2025-12-31;6;225
7;2025-12-31;7;335
7;2025-12-31;8;533
7;2025-12-31;9;653
7;2025-12-31;10;733
7;2025-12-31;11;890
7;2025-12-31;12;997
7;2025-12-31;13;1044
7;2025-12-31;14;1131
7;2025-12-31;15;1041
7;2025-12-31;16;971
7;2025-12-31;17;997
7;2025-12-31;18;889
7;2025-12-31;19;812
7;2025-12-31;20;643
7;2025-12-31;21;520
7;2025-12-31;22;287
7;2025-12-31;23;167
11;2025-11-01;0;85
11;2025-11-01;1;2
11;2025-11-01;2;0
11;2025-11-01;3;0
11;2025-11-01;4;1
11;2025-11-01;5;230
11;2025-11-01;6;1106
11;2025-11-01;7;1714
11;2025-11-01;8;2339
11;2025-11-01;9;1820
11;2025-11-01;10;1675
11;2025-11-01;11;1764
11;2025-11-01;12;1917
11;2025-11-01;13;1871
11;2025-11-01;14;2039
11;2025-11-01;15;2022
11;2025-11-01;16;2126
11;2025-11-01;17;2452
11;2025-11-01;18;2080
11;2025-11-01;19;1695
11;2025-11-01;20;1223
11;2025-11-01;21;805
11;2025-11-01;22;409
11;2025-11-01;23;310
11;2025-11-02;0;107
11;2025-11-02;1;14
11;2025-11-02;2;0
11;2025-11-02;3;1
11;2025-11-02;4;1
11;2025-11-02;5;110
11;2025-11-02;6;471
11;2025-11-02;7;473
11;2025-11-02;8;649
11;2025-11-02;9;904
11;2025-11-02;10;989
11;2025-11-02;11;1451
11;2025-11-02;12;1514
11;2025-11-02;13;1495
11;2025-11-02;14;1554
11;2025-11-02;15;1539
11;2025-11-02;16;1448
11;2025-11-02;17;1613
11;2025-11-02;18;1215
11;2025-11-02;19;972
11;2025-11-02;20;780
11;2025-11-02;21;584
11;2025-11-02;22;337
11;2025-11-02;23;234
11;2025-11-03;0;106
11;2025-11-03;1;11
11;2025-11-03;2;0
11;2025-11-03;3;1
11;2025-11-03;4;1
11;2025-11-03;5;125
11;2025-11-03;6;548
11;2025-11-03;7;531
11;2025-11-03;8;730
11;2025-11-03;9;951
11;2025-11-03;10;1063
11;2025-11-03;11;1494
11;2025-11-03;12;1590
11;2025-11-03;13;1548
11;2025-11-03;14;1635
11;2025-11-03;15;1595
11;2025-11-03;16;1506
11;2025-11-03;17;1652
11;2025-11-03;18;1271
11;2025-11-03;19;1072
11;2025-11-03;20;824
11;2025-11-03;21;609
11;2025-11-03;22;353
11;2025-11-03;23;244
11;2025-11-04;0;96
11;2025-11-04;1;11
11;2025-11-04;2;0
11;2025-11-04;3;1
11;2025-11-04;4;1
11;2025-11-04;5;108
11;2025-11-04;6;467
11;2025-11-04;7;459
11;2025-11-04;8;630
11;2025-11-04;9;842
11;2025-11-04;10;933
11;2025-11-04;11;1333
11;2025-11-04;12;1408
11;2025-11-04;13;1379
11;2025-11-04;14;1447
11;2025-11-04;15;1420
11;2025-11-04;16;1338
11;2025-11-04;17;1477
11;2025-11-04;18;1127
11;2025-11-04;19;932
11;2025-11-04;20;728
11;2025-11-04;21;541
11;2025-11-04;22;313
11;2025-11-04;23;217
11;2025-11-05;0;69
11;2025-11-05;1;0
11;2025-11-05;2;0
11;2025-11-05;3;0
11;2025-11-05;4;1
11;2025-11-05;5;255
11;2025-11-05;6;1233
11;2025-11-05;7;2373
11;2025-11-05;8;3138
11;2025-11-05;9;2331
11;2025-11-05;10;1880
11;2025-11-05;11;1895
11;2025-11-05;12;1904
11;2025-11-05;13;1974
11;2025-11-05;14;1944
11;2025-11-05;15;1931
11;2025-11-05;16;2132
11;2025-11-05;17;2692
11;2025-11-05;18;2971
11;2025-11-05;19;2217
11;2025-11-05;20;1400
11;2025-11-05;21;820
11;2025-11-05;22;388
11;2025-11-05;23;236
11;2025-11-06;0;61
11;2025-11-06;1;0
11;2025-11-06;2;0
11;2025-11-06;3;0
11;2025-11-06;4;1
11;2025-11-06;5;248
11;2025-11-06;6;1310
11;2025-11-06;7;2410
11;2025-11-06;8;3193
11;2025-11-06;9;2399
11;2025-11-06;10;2020
11;2025-11-06;11;1908
11;2025-11-06;12;1994
11;2025-11-06;13;2062
11;2025-11-06;14;2045
11;2025-11-06;15;1979
11;2025-11-06;16;2269
11;2025-11-06;17;2821
11;2025-11-06;18;3165
11;2025-11-06;19;2304
11;2025-11-06;20;1444
11;2025-11-06;21;878
11;2025-11-06;22;402
11;2025-11-06;23;246
11;2025-11-07;0;73
11;2025-11-07;1;2
11;2025-11-07;2;0
11;2025-11-07;3;0
11;2025-11-07;4;1
11;2025-11-07;5;259
11;2025-11-07;6;1241
11;2025-11-07;7;2321
11;2025-11-07;8;3070
11;2025-11-07;9;2260
11;2025-11-07;10;1832
11;2025-11-07;11;1823
11;2025-11-07;12;1855
11;2025-11-07;13;1907
11;2025-11-07;14;1964
11;2025-11-07;15;2013
11;2025-11-07;16;2308
11;2025-11-07;17;2720
11;2025-11-07;18;2462
11;2025-11-07;19;1992
11;2025-11-07;20;1314
11;2025-11-07;21;829
11;2025-11-07;22;385
11;2025-11-07;23;295
11;2025-11-08;0;111
11;2025-11-08;1;2
11;2025-11-08;2;0
11;2025-11-08;3;0
11;2025-11-08;4;1
11;2025-11-08;5;168
11;2025-11-08;6;807
11;2025-11-08;7;769
11;2025-11-08;8;1033
11;2025-11-08;9;1201
11;2025-11-08;10;1388
11;2025-11-08;11;1716
11;2025-11-08;12;1889
11;2025-11-08;13;1898
11;2025-11-08;14;1994
11;2025-11-08;15;1885
11;2025-11-08;16;1858
11;2025-11-08;17;1891
11;2025-11-08;18;1569
11;2025-11-08;19;1443
11;2025-11-08;20;985
11;2025-11-08;21;727
11;2025-11-08;22;410
11;2025-11-08;23;277
11;2025-11-09;0;111
11;2025-11-09;1;15
11;2025-11-09;2;0
11;2025-11-09;3;1
11;2025-11-09;4;1
11;2025-11-09;5;103
11;2025-11-09;6;473
11;2025-11-09;7;484
11;2025-11-09;8;671
11;2025-11-09;9;894
11;2025-11-09;10;1014
11;2025-11-09;11;1407
11;2025-11-09;12;1545
11;2025-11-09;13;1553
11;2025-11-09;14;1616
11;2025-11-09;15;1551
11;2025-11-09;16;1563
11;2025-11-09;17;1632
11;2025-11-09;18;1252
11;2025-11-09;19;1031
11;2025-11-09;20;769
11;2025-11-09;21;582
11;2025-11-09;22;343
11;2025-11-09;23;233
11;2025-11-10;0;76
11;2025-11-10;1;11
11;2025-11-10;2;0
11;2025-11-10;3;0
11;2025-11-10;4;1
11;2025-11-10;5;249
11;2025-11-10;6;1287
11;2025-11-10;7;2317
11;2025-11-10;8;3087
11;2025-11-10;9;2284
11;2025-11-10;10;1827
11;2025-11-10;11;1821
11;2025-11-10;12;1827
11;2025-11-10;13;1858
11;2025-11-10;14;1888
11;2025-11-10;15;1954
11;2025-11-10;16;2171
11;2025-11-10;17;2702
11;2025-11-10;18;2891
11;2025-11-10;19;2186
11;2025-11-10;20;1278
11;2025-11-10;21;791
11;2025-11-10;22;338
11;2025-11-10;23;197
11;2025-11-11;0;55
11;2025-11-11;1;1
11;2025-11-11;2;0
11;2025-11-11;3;0
11;2025-11-11;4;1
11;2025-11-11;5;245
11;2025-11-11;6;1293
11;2025-11-11;7;2436
11;2025-11-11;8;3213
11;2025-11-11;9;2386
11;2025-11-11;10;1941
11;2025-11-11;11;1876
11;2025-11-11;12;1926
11;2025-11-11;13;2012
11;2025-11-11;14;1956
11;2025-11-11;15;1947
11;2025-11-11;16;2206
11;2025-11-11;17;2792
11;2025-11-11;18;3011
11;2025-11-11;19;2282
11;2025-11-11;20;1484
11;2025-11-11;21;835
11;2025-11-11;22;378
11;2025-11-11;23;232
11;2025-11-12;0;69
11;2025-11-12;1;0
11;2025-11-12;2;0
11;2025-11-12;3;0
11;2025-11-12;4;1
11;2025-11-12;5;255
11;2025-11-12;6;1233
11;2025-11-12;7;2373
11;2025-11-12;8;3138
11;2025-11-12;9;2331
11;2025-11-12;10;1880
11;2025-11-12;11;1895
11;2025-11-12;12;1904
11;2025-11-12;13;1974
11;2025-11-12;14;1944
11;2025-11-12;15;1931
11;2025-11-12;16;2132
11;2025-11-12;17;2692
11;2025-11-12;18;2971
11;2025-11-12;19;2217
11;2025-11-12;20;1400
11;2025-11-12;21;820
11;2025-11-12;22;388
11;2025-11-12;23;235
11;2025-11-13;0;61
11;2025-11-13;1;0
11;2025-11-13;2;0
11;2025-11-13;3;0
11;2025-11-13;4;1
11;2025-11-13;5;248
11;2025-11-13;6;1310
11;2025-11-13;7;2410
11;2025-11-13;8;3193
11;2025-11-13;9;2399
11;2025-11-13;10;2021
11;2025-11-13;11;1908
11;2025-11-13;12;1994
11;2025-11-13;13;2062
11;2025-11-13;14;2045
11;2025-11-13;15;1979
11;2025-11-13;16;2269
11;2025-11-13;17;2821
11;2025-11-13;18;3165
11;2025-11-13;19;2304
11;2025-11-13;20;1444
11;2025-11-13;21;878
11;2025-11-13;22;402
11;2025-11-13;23;246
11;2025-11-14;0;72
11;2025-11-14;1;2
11;2025-11-14;2;0
11;2025-11-14;3;0
11;2025-11-14;4;1
11;2025-11-14;5;259
11;2025-11-14;6;1241
11;2025-11-14;7;2321
11;2025-11-14;8;3069
11;2025-11-14;9;2260
11;2025-11-14;10;1833
11;2025-11-14;11;1824
11;2025-11-14;12;1856
11;2025-11-14;13;1907
11;2025-11-14;14;1964
11;2025-11-14;15;2013
11;2025-11-14;16;2308
11;2025-11-14;17;2720
11;2025-11-14;18;2462
11;2025-11-14;19;1992
11;2025-11-14;20;1314
11;2025-11-14;21;829
11;2025-11-14;22;385
11;2025-11-14;23;295
11;2025-11-15;0;111
11;2025-11-15;1;2
11;2025-11-15;2;0
11;2025-11-15;3;0
11;2025-11-15;4;1
11;2025-11-15;5;168
11;2025-11-15;6;807
11;2025-11-15;7;769
11;2025-11-15;8;1033
11;2025-11-15;9;1201
11;2025-11-15;10;1388
11;2025-11-15;11;1716
11;2025-11-15;12;1889
11;2025-11-15;13;1898
11;2025-11-15;14;1994
11;2025-11-15;15;1885
11;2025-11-15;16;1858
11;2025-11-15;17;1891
11;2025-11-15;18;1569
11;2025-11-15;19;1443
11;2025-11-15;20;985
11;2025-11-15;21;727
11;2025-11-15;22;410
11;2025-11-15;23;277
11;2025-11-16;0;111
11;2025-11-16;1;15
11;2025-11-16;2;0
11;2025-11-16;3;1
11;2025-11-16;4;1
11;2025-11-16;5;103
11;2025-11-16;6;474
11;2025-11-16;7;485
11;2025-11-16;8;672
11;2025-11-16;9;896
11;2025-11-16;10;1016
11;2025-11-16;11;1410
11;2025-11-16;12;1549
11;2025-11-16;13;1556
11;2025-11-16;14;1619
11;2025-11-16;15;1554
11;2025-11-16;16;1567
11;2025-11-16;17;1635
11;2025-11-16;18;1254
11;2025-11-16;19;1033
11;2025-11-16;20;771
11;2025-11-16;21;583
11;2025-11-16;22;344
11;2025-11-16;23;233
11;2025-11-17;0;76
11;2025-11-17;1;11
11;2025-11-17;2;0
11;2025-11-17;3;0
11;2025-11-17;4;1
11;2025-11-17;5;250
11;2025-11-17;6;1292
11;2025-11-17;7;2326
11;2025-11-17;8;3099
11;2025-11-17;9;2293
11;2025-11-17;10;1834
11;2025-11-17;11;1828
11;2025-11-17;12;1834
11;2025-11-17;13;1865
11;2025-11-17;14;1895
11;2025-11-17;15;1962
11;2025-11-17;16;2180
11;2025-11-17;17;2713
11;2025-11-17;18;2902
11;2025-11-17;19;2195
11;2025-11-17;20;1283
11;2025-11-17;21;794
11;2025-11-17;22;339
11;2025-11-17;23;198
11;2025-11-18;0;55
11;2025-11-18;1;1
11;2025-11-18;2;0
11;2025-11-18;3;0
11;2025-11-18;4;1
11;2025-11-18;5;246
11;2025-11-18;6;1301
11;2025-11-18;7;2450
11;2025-11-18;8;3232
11;2025-11-18;9;2401
11;2025-11-18;10;1954
11;2025-11-18;11;1889
11;2025-11-18;12;1938
11;2025-11-18;13;2025
11;2025-11-18;14;1969
11;2025-11-18;15;1959
11;2025-11-18;16;2218
11;2025-11-18;17;2807
11;2025-11-18;18;3028
11;2025-11-18;19;2295
11;2025-11-18;20;1492
11;2025-11-18;21;839
11;2025-11-18;22;379
11;2025-11-18;23;231
11;2025-11-19;0;70
11;2025-11-19;1;0
11;2025-11-19;2;0
11;2025-11-19;3;0
11;2025-11-19;4;1
11;2025-11-19;5;257
11;2025-11-19;6;1243
11;2025-11-19;7;2392
11;2025-11-19;8;3162
11;2025-11-19;9;2349
11;2025-11-19;10;1896
11;2025-11-19;11;1911
11;2025-11-19;12;1919
11;2025-11-19;13;1990
11;2025-11-19;14;1960
11;2025-11-19;15;1946
11;2025-11-19;16;2149
11;2025-11-19;17;2713
11;2025-11-19;18;2994
11;2025-11-19;19;2234
11;2025-11-19;20;1411
11;2025-11-19;21;826
11;2025-11-19;22;391
11;2025-11-19;23;236
11;2025-11-20;0;61
11;2025-11-20;1;0
11;2025-11-20;2;0
11;2025-11-20;3;0
11;2025-11-20;4;1
11;2025-11-20;5;250
11;2025-11-20;6;1323
11;2025-11-20;7;2435
11;2025-11-20;8;3224
11;2025-11-20;9;2423
11;2025-11-20;10;2042
11;2025-11-20;11;1929
11;2025-11-20;12;2015
11;2025-11-20;13;2083
11;2025-11-20;14;2066
11;2025-11-20;15;1999
11;2025-11-20;16;2291
11;2025-11-20;17;2849
11;2025-11-20;18;3195
11;2025-11-20;19;2326
11;2025-11-20;20;1457
11;2025-11-20;21;886
11;2025-11-20;22;405
11;2025-11-20;23;245
11;2025-11-21;0;73
11;2025-11-21;1;2
11;2025-11-21;2;0
11;2025-11-21;3;0
11;2025-11-21;4;1
11;2025-11-21;5;262
11;2025-11-21;6;1256
11;2025-11-21;7;2349
11;2025-11-21;8;3106
11;2025-11-21;9;2288
11;2025-11-21;10;1855
11;2025-11-21;11;1845
11;2025-11-21;12;1878
11;2025-11-21;13;1929
11;2025-11-21;14;1987
11;2025-11-21;15;2037
11;2025-11-21;16;2334
11;2025-11-21;17;2752
11;2025-11-21;18;2490
11;2025-11-21;19;2014
11;2025-11-21;20;1329
11;2025-11-21;21;838
11;2025-11-21;22;389
11;2025-11-21;23;297
11;2025-11-22;0;113
11;2025-11-22;1;2
11;2025-11-22;2;0
11;2025-11-22;3;0
11;2025-11-22;4;1
11;2025-11-22;5;170
11;2025-11-22;6;818
11;2025-11-22;7;780
11;2025-11-22;8;1047
11;2025-11-22;9;1217
11;2025-11-22;10;1408
11;2025-11-22;11;1741
11;2025-11-22;12;1915
11;2025-11-22;13;1925
11;2025-11-22;14;2021
11;2025-11-22;15;1912
11;2025-11-22;16;1883
11;2025-11-22;17;1917
11;2025-11-22;18;1591
11;2025-11-22;19;1462
11;2025-11-22;20;998
11;2025-11-22;21;736
11;2025-11-22;22;415
11;2025-11-22;23;280
11;2025-11-23;0;112
11;2025-11-23;1;15
11;2025-11-23;2;0
11;2025-11-23;3;1
11;2025-11-23;4;1
11;2025-11-23;5;105
11;2025-11-23;6;480
11;2025-11-23;7;492
11;2025-11-23;8;682
11;2025-11-23;9;908
11;2025-11-23;10;1030
11;2025-11-23;11;1429
11;2025-11-23;12;1570
11;2025-11-23;13;1577
11;2025-11-23;14;1641
11;2025-11-23;15;1575
11;2025-11-23;16;1589
11;2025-11-23;17;1658
11;2025-11-23;18;1272
11;2025-11-23;19;1047
11;2025-11-23;20;781
11;2025-11-23;21;591
11;2025-11-23;22;348
11;2025-11-23;23;237
11;2025-11-24;0;77
11;2025-11-24;1;11
11;2025-11-24;2;0
11;2025-11-24;3;0
11;2025-11-24;4;1
11;2025-11-24;5;253
11;2025-11-24;6;1310
11;2025-11-24;7;2358
11;2025-11-24;8;3141
11;2025-11-24;9;2324
11;2025-11-24;10;1859
11;2025-11-24;11;1853
11;2025-11-24;12;1859
11;2025-11-24;13;1891
11;2025-11-24;14;1921
11;2025-11-24;15;1988
11;2025-11-24;16;2209
11;2025-11-24;17;2750
11;2025-11-24;18;2942
11;2025-11-24;19;2225
11;2025-11-24;20;1301
11;2025-11-24;21;805
11;2025-11-24;22;344
11;2025-11-24;23;200
11;2025-11-25;0;54
11;2025-11-25;1;1
11;2025-11-25;2;0
11;2025-11-25;3;0
11;2025-11-25;4;1
11;2025-11-25;5;250
11;2025-11-25;6;1318
11;2025-11-25;7;2484
11;2025-11-25;8;3276
11;2025-11-25;9;2434
11;2025-11-25;10;1981
11;2025-11-25;11;1915
11;2025-11-25;12;1965
11;2025-11-25;13;2052
11;2025-11-25;14;1995
11;2025-11-25;15;1986
11;2025-11-25;16;2249
11;2025-11-25;17;2847
11;2025-11-25;18;3069
11;2025-11-25;19;2327
11;2025-11-25;20;1512
11;2025-11-25;21;850
11;2025-11-25;22;384
11;2025-11-25;23;235
11;2025-11-26;0;69
11;2025-11-26;1;0
11;2025-11-26;2;0
11;2025-11-26;3;0
11;2025-11-26;4;1
11;2025-11-26;5;260
11;2025-11-26;6;1260
11;2025-11-26;7;2424
11;2025-11-26;8;3206
11;2025-11-26;9;2381
11;2025-11-26;10;1922
11;2025-11-26;11;1937
11;2025-11-26;12;1945
11;2025-11-26;13;2018
11;2025-11-26;14;1987
11;2025-11-26;15;1973
11;2025-11-26;16;2178
11;2025-11-26;17;2750
11;2025-11-26;18;3035
11;2025-11-26;19;2265
11;2025-11-26;20;1430
11;2025-11-26;21;838
11;2025-11-26;22;396
11;2025-11-26;23;239
11;2025-11-27;0;61
11;2025-11-27;1;0
11;2025-11-27;2;0
11;2025-11-27;3;0
11;2025-11-27;4;1
11;2025-11-27;5;254
11;2025-11-27;6;1341
11;2025-11-27;7;2468
11;2025-11-27;8;3269
11;2025-11-27;9;2455
11;2025-11-27;10;2070
11;2025-11-27;11;1955
11;2025-11-27;12;2042
11;2025-11-27;13;2112
11;2025-11-27;14;2094
11;2025-11-27;15;2027
11;2025-11-27;16;2322
11;2025-11-27;17;2887
11;2025-11-27;18;3238
11;2025-11-27;19;2357
11;2025-11-27;20;1477
11;2025-11-27;21;898
11;2025-11-27;22;410
11;2025-11-27;23;249
11;2025-11-28;0;73
11;2025-11-28;1;2
11;2025-11-28;2;0
11;2025-11-28;3;0
11;2025-11-28;4;1
11;2025-11-28;5;266
11;2025-11-28;6;1273
11;2025-11-28;7;2381
11;2025-11-28;8;3148
11;2025-11-28;9;2318
11;2025-11-28;10;1880
11;2025-11-28;11;1870
11;2025-11-28;12;1903
11;2025-11-28;13;1956
11;2025-11-28;14;2014
11;2025-11-28;15;2065
11;2025-11-28;16;2367
11;2025-11-28;17;2789
11;2025-11-28;18;2525
11;2025-11-28;19;2042
11;2025-11-28;20;1347
11;2025-11-28;21;849
11;2025-11-28;22;394
11;2025-11-28;23;301
11;2025-11-29;0;113
11;2025-11-29;1;2
11;2025-11-29;2;0
11;2025-11-29;3;0
11;2025-11-29;4;1
11;2025-11-29;5;173
11;2025-11-29;6;829
11;2025-11-29;7;790
11;2025-11-29;8;1061
11;2025-11-29;9;1234
11;2025-11-29;10;1427
11;2025-11-29;11;1764
11;2025-11-29;12;1941
11;2025-11-29;13;1951
11;2025-11-29;14;2049
11;2025-11-29;15;1938
11;2025-11-29;16;1909
11;2025-11-29;17;1943
11;2025-11-29;18;1612
11;2025-11-29;19;1482
11;2025-11-29;20;1011
11;2025-11-29;21;746
11;2025-11-29;22;420
11;2025-11-29;23;284
11;2025-11-30;0;113
11;2025-11-30;1;15
11;2025-11-30;2;0
11;2025-11-30;3;1
11;2025-11-30;4;1
11;2025-11-30;5;106
11;2025-11-30;6;487
11;2025-11-30;7;498
11;2025-11-30;8;691
11;2025-11-30;9;920
11;2025-11-30;10;1044
11;2025-11-30;11;1448
11;2025-11-30;12;1591
11;2025-11-30;13;1599
11;2025-11-30;14;1665
11;2025-11-30;15;1597
11;2025-11-30;16;1610
11;2025-11-30;17;1680
11;2025-11-30;18;1289
11;2025-11-30;19;1061
11;2025-11-30;20;792
11;2025-11-30;21;599
11;2025-11-30;22;353
11;2025-11-30;23;240
11;2025-12-01;0;77
11;2025-12-01;1;11
11;2025-12-01;2;0
11;2025-12-01;3;0
11;2025-12-01;4;1
11;2025-12-01;5;257
11;2025-12-01;6;1327
11;2025-12-01;7;2390
11;2025-12-01;8;3185
11;2025-12-01;9;2356
11;2025-12-01;10;1884
11;2025-12-01;11;1878
11;2025-12-01;12;1884
11;2025-12-01;13;1916
11;2025-12-01;14;1947
11;2025-12-01;15;2016
11;2025-12-01;16;2239
11;2025-12-01;17;2786
11;2025-12-01;18;2982
11;2025-12-01;19;2255
11;2025-12-01;20;1318
11;2025-12-01;21;816
11;2025-12-01;22;349
11;2025-12-01;23;203
11;2025-12-02;0;55
11;2025-12-02;1;1
11;2025-12-02;2;0
11;2025-12-02;3;0
11;2025-12-02;4;1
11;2025-12-02;5;253
11;2025-12-02;6;1336
11;2025-12-02;7;2517
11;2025-12-02;8;3320
11;2025-12-02;9;2467
11;2025-12-02;10;2008
11;2025-12-02;11;1941
11;2025-12-02;12;1991
11;2025-12-02;13;2080
11;2025-12-02;14;2022
11;2025-12-02;15;2013
11;2025-12-02;16;2280
11;2025-12-02;17;2885
11;2025-12-02;18;3110
11;2025-12-02;19;2358
11;2025-12-02;20;1532
11;2025-12-02;21;862
11;2025-12-02;22;390
11;2025-12-02;23;238
11;2025-12-03;0;70
11;2025-12-03;1;0
11;2025-12-03;2;0
11;2025-12-03;3;0
11;2025-12-03;4;1
11;2025-12-03;5;264
11;2025-12-03;6;1275
11;2025-12-03;7;2456
11;2025-12-03;8;3248
11;2025-12-03;9;2413
11;2025-12-03;10;1946
11;2025-12-03;11;1963
11;2025-12-03;12;1971
11;2025-12-03;13;2044
11;2025-12-03;14;2013
11;2025-12-03;15;1999
11;2025-12-03;16;2206
11;2025-12-03;17;2786
11;2025-12-03;18;3077
11;2025-12-03;19;2296
11;2025-12-03;20;1450
11;2025-12-03;21;850
11;2025-12-03;22;403
11;2025-12-03;23;243
11;2025-12-04;0;61
11;2025-12-04;1;0
11;2025-12-04;2;0
11;2025-12-04;3;0
11;2025-12-04;4;1
11;2025-12-04;5;255
11;2025-12-04;6;1347
11;2025-12-04;7;2479
11;2025-12-04;8;3285
11;2025-12-04;9;2468
11;2025-12-04;10;2080
11;2025-12-04;11;1963
11;2025-12-04;12;2052
11;2025-12-04;13;2125
11;2025-12-04;14;2108
11;2025-12-04;15;2066
11;2025-12-04;16;2364
11;2025-12-04;17;2931
11;2025-12-04;18;3291
11;2025-12-04;19;2405
11;2025-12-04;20;1521
11;2025-12-04;21;939
11;2025-12-04;22;444
11;2025-12-04;23;282
11;2025-12-05;0;73
11;2025-12-05;1;2
11;2025-12-05;2;0
11;2025-12-05;3;0
11;2025-12-05;4;1
11;2025-12-05;5;267
11;2025-12-05;6;1277
11;2025-12-05;7;2390
11;2025-12-05;8;3161
11;2025-12-05;9;2327
11;2025-12-05;10;1887
11;2025-12-05;11;1878
11;2025-12-05;12;1911
11;2025-12-05;13;1966
11;2025-12-05;14;2025
11;2025-12-05;15;2100
11;2025-12-05;16;2403
11;2025-12-05;17;2829
11;2025-12-05;18;2573
11;2025-12-05;19;2090
11;2025-12-05;20;1391
11;2025-12-05;21;892
11;2025-12-05;22;431
11;2025-12-05;23;339
11;2025-12-06;0;115
11;2025-12-06;1;2
11;2025-12-06;2;0
11;2025-12-06;3;0
11;2025-12-06;4;1
11;2025-12-06;5;162
11;2025-12-06;6;827
11;2025-12-06;7;782
11;2025-12-06;8;1057
11;2025-12-06;9;1231
11;2025-12-06;10;1425
11;2025-12-06;11;1766
11;2025-12-06;12;1944
11;2025-12-06;13;1956
11;2025-12-06;14;2055
11;2025-12-06;15;1978
11;2025-12-06;16;1950
11;2025-12-06;17;1983
11;2025-12-06;18;1655
11;2025-12-06;19;1524
11;2025-12-06;20;1049
11;2025-12-06;21;781
11;2025-12-06;22;449
11;2025-12-06;23;311
11;2025-12-07;0;114
11;2025-12-07;1;16
11;2025-12-07;2;0
11;2025-12-07;3;1
11;2025-12-07;4;1
11;2025-12-07;5;98
11;2025-12-07;6;482
11;2025-12-07;7;491
11;2025-12-07;8;685
11;2025-12-07;9;916
11;2025-12-07;10;1041
11;2025-12-07;11;1449
11;2025-12-07;12;1593
11;2025-12-07;13;1602
11;2025-12-07;14;1668
11;2025-12-07;15;1629
11;2025-12-07;16;1642
11;2025-12-07;17;1714
11;2025-12-07;18;1325
11;2025-12-07;19;1095
11;2025-12-07;20;824
11;2025-12-07;21;630
11;2025-12-07;22;379
11;2025-12-07;23;264
11;2025-12-08;0;78
11;2025-12-08;1;11
11;2025-12-08;2;0
11;2025-12-08;3;0
11;2025-12-08;4;1
11;2025-12-08;5;244
11;2025-12-08;6;1323
11;2025-12-08;7;2389
11;2025-12-08;8;3193
11;2025-12-08;9;2357
11;2025-12-08;10;1880
11;2025-12-08;11;1875
11;2025-12-08;12;1880
11;2025-12-08;13;1916
11;2025-12-08;14;1948
11;2025-12-08;15;2067
11;2025-12-08;16;2292
11;2025-12-08;17;2845
11;2025-12-08;18;3050
11;2025-12-08;19;2317
11;2025-12-08;20;1371
11;2025-12-08;21;864
11;2025-12-08;22;389
11;2025-12-08;23;241
11;2025-12-09;0;55
11;2025-12-09;1;1
11;2025-12-09;2;0
11;2025-12-09;3;0
11;2025-12-09;4;1
11;2025-12-09;5;239
11;2025-12-09;6;1334
11;2025-12-09;7;2521
11;2025-12-09;8;3334
11;2025-12-09;9;2470
11;2025-12-09;10;2006
11;2025-12-09;11;1938
11;2025-12-09;12;1989
11;2025-12-09;13;2083
11;2025-12-09;14;2024
11;2025-12-09;15;2066
11;2025-12-09;16;2335
11;2025-12-09;17;2946
11;2025-12-09;18;3181
11;2025-12-09;19;2420
11;2025-12-09;20;1585
11;2025-12-09;21;908
11;2025-12-09;22;425
11;2025-12-09;23;272
11;2025-12-10;0;71
11;2025-12-10;1;0
11;2025-12-10;2;0
11;2025-12-10;3;0
11;2025-12-10;4;1
11;2025-12-10;5;251
11;2025-12-10;6;1270
11;2025-12-10;7;2458
11;2025-12-10;8;3256
11;2025-12-10;9;2413
11;2025-12-10;10;1944
11;2025-12-10;11;1961
11;2025-12-10;12;1968
11;2025-12-10;13;2044
11;2025-12-10;14;2013
11;2025-12-10;15;2052
11;2025-12-10;16;2261
11;2025-12-10;17;2846
11;2025-12-10;18;3146
11;2025-12-10;19;2358
11;2025-12-10;20;1504
11;2025-12-10;21;898
11;2025-12-10;22;443
11;2025-12-10;23;281
11;2025-12-11;0;62
11;2025-12-11;1;0
11;2025-12-11;2;0
11;2025-12-11;3;0
11;2025-12-11;4;1
11;2025-12-11;5;242
11;2025-12-11;6;1356
11;2025-12-11;7;2503
11;2025-12-11;8;3324
11;2025-12-11;9;2492
11;2025-12-11;10;2096
11;2025-12-11;11;1979
11;2025-12-11;12;2067
11;2025-12-11;13;2142
11;2025-12-11;14;2124
11;2025-12-11;15;2107
11;2025-12-11;16;2410
11;2025-12-11;17;2989
11;2025-12-11;18;3355
11;2025-12-11;19;2452
11;2025-12-11;20;1551
11;2025-12-11;21;957
11;2025-12-11;22;453
11;2025-12-11;23;288
11;2025-12-12;0;74
11;2025-12-12;1;2
11;2025-12-12;2;0
11;2025-12-12;3;0
11;2025-12-12;4;1
11;2025-12-12;5;255
11;2025-12-12;6;1287
11;2025-12-12;7;2414
11;2025-12-12;8;3200
11;2025-12-12;9;2349
11;2025-12-12;10;1902
11;2025-12-12;11;1892
11;2025-12-12;12;1925
11;2025-12-12;13;1982
11;2025-12-12;14;2042
11;2025-12-12;15;2142
11;2025-12-12;16;2450
11;2025-12-12;17;2883
11;2025-12-12;18;2623
11;2025-12-12;19;2130
11;2025-12-12;20;1418
11;2025-12-12;21;910
11;2025-12-12;22;441
11;2025-12-12;23;345
11;2025-12-13;0;116
11;2025-12-13;1;2
11;2025-12-13;2;0
11;2025-12-13;3;0
11;2025-12-13;4;1
11;2025-12-13;5;165
11;2025-12-13;6;838
11;2025-12-13;7;792
11;2025-12-13;8;1071
11;2025-12-13;9;1247
11;2025-12-13;10;1444
11;2025-12-13;11;1789
11;2025-12-13;12;1969
11;2025-12-13;13;1982
11;2025-12-13;14;2082
11;2025-12-13;15;2004
11;2025-12-13;16;1976
11;2025-12-13;17;2010
11;2025-12-13;18;1677
11;2025-12-13;19;1544
11;2025-12-13;20;1063
11;2025-12-13;21;791
11;2025-12-13;22;455
11;2025-12-13;23;315
11;2025-12-14;0;115
11;2025-12-14;1;16
11;2025-12-14;2;0
11;2025-12-14;3;1
11;2025-12-14;4;1
11;2025-12-14;5;99
11;2025-12-14;6;488
11;2025-12-14;7;498
11;2025-12-14;8;694
11;2025-12-14;9;928
11;2025-12-14;10;1055
11;2025-12-14;11;1468
11;2025-12-14;12;1614
11;2025-12-14;13;1623
11;2025-12-14;14;1690
11;2025-12-14;15;1651
11;2025-12-14;16;1663
11;2025-12-14;17;1736
11;2025-12-14;18;1342
11;2025-12-14;19;1110
11;2025-12-14;20;835
11;2025-12-14;21;638
11;2025-12-14;22;384
11;2025-12-14;23;267
11;2025-12-15;0;79
11;2025-12-15;1;12
11;2025-12-15;2;0
11;2025-12-15;3;0
11;2025-12-15;4;1
11;2025-12-15;5;247
11;2025-12-15;6;1340
11;2025-12-15;7;2420
11;2025-12-15;8;3235
11;2025-12-15;9;2388
11;2025-12-15;10;1905
11;2025-12-15;11;1899
11;2025-12-15;12;1905
11;2025-12-15;13;1941
11;2025-12-15;14;1974
11;2025-12-15;15;2094
11;2025-12-15;16;2322
11;2025-12-15;17;2882
11;2025-12-15;18;3090
11;2025-12-15;19;2347
11;2025-12-15;20;1389
11;2025-12-15;21;876
11;2025-12-15;22;394
11;2025-12-15;23;245
11;2025-12-16;0;56
11;2025-12-16;1;1
11;2025-12-16;2;0
11;2025-12-16;3;0
11;2025-12-16;4;1
11;2025-12-16;5;242
11;2025-12-16;6;1351
11;2025-12-16;7;2554
11;2025-12-16;8;3377
11;2025-12-16;9;2502
11;2025-12-16;10;2032
11;2025-12-16;11;1963
11;2025-12-16;12;2015
11;2025-12-16;13;2110
11;2025-12-16;14;2050
11;2025-12-16;15;2093
11;2025-12-16;16;2365
11;2025-12-16;17;2985
11;2025-12-16;18;3223
11;2025-12-16;19;2451
11;2025-12-16;20;1606
11;2025-12-16;21;920
11;2025-12-16;22;431
11;2025-12-16;23;276
11;2025-12-17;0;72
11;2025-12-17;1;0
11;2025-12-17;2;0
11;2025-12-17;3;0
11;2025-12-17;4;1
11;2025-12-17;5;254
11;2025-12-17;6;1287
11;2025-12-17;7;2490
11;2025-12-17;8;3299
11;2025-12-17;9;2444
11;2025-12-17;10;1969
11;2025-12-17;11;1986
11;2025-12-17;12;1994
11;2025-12-17;13;2071
11;2025-12-17;14;2039
11;2025-12-17;15;2079
11;2025-12-17;16;2290
11;2025-12-17;17;2883
11;2025-12-17;18;3187
11;2025-12-17;19;2389
11;2025-12-17;20;1524
11;2025-12-17;21;910
11;2025-12-17;22;448
11;2025-12-17;23;285
11;2025-12-18;0;63
11;2025-12-18;1;0
11;2025-12-18;2;0
11;2025-12-18;3;0
11;2025-12-18;4;1
11;2025-12-18;5;245
11;2025-12-18;6;1373
11;2025-12-18;7;2536
11;2025-12-18;8;3368
11;2025-12-18;9;2524
11;2025-12-18;10;2123
11;2025-12-18;11;2005
11;2025-12-18;12;2094
11;2025-12-18;13;2170
11;2025-12-18;14;2152
11;2025-12-18;15;2135
11;2025-12-18;16;2441
11;2025-12-18;17;3028
11;2025-12-18;18;3398
11;2025-12-18;19;2484
11;2025-12-18;20;1571
11;2025-12-18;21;970
11;2025-12-18;22;459
11;2025-12-18;23;292
11;2025-12-19;0;75
11;2025-12-19;1;2
11;2025-12-19;2;0
11;2025-12-19;3;0
11;2025-12-19;4;1
11;2025-12-19;5;258
11;2025-12-19;6;1303
11;2025-12-19;7;2446
11;2025-12-19;8;3242
11;2025-12-19;9;2380
11;2025-12-19;10;1926
11;2025-12-19;11;1917
11;2025-12-19;12;1950
11;2025-12-19;13;2007
11;2025-12-19;14;2068
11;2025-12-19;15;2170
11;2025-12-19;16;2482
11;2025-12-19;17;2920
11;2025-12-19;18;2657
11;2025-12-19;19;2158
11;2025-12-19;20;1437
11;2025-12-19;21;922
11;2025-12-19;22;447
11;2025-12-19;23;350
11;2025-12-20;0;118
11;2025-12-20;1;2
11;2025-12-20;2;0
11;2025-12-20;3;0
11;2025-12-20;4;1
11;2025-12-20;5;167
11;2025-12-20;6;848
11;2025-12-20;7;803
11;2025-12-20;8;1085
11;2025-12-20;9;1263
11;2025-12-20;10;1463
11;2025-12-20;11;1812
11;2025-12-20;12;1995
11;2025-12-20;13;2008
11;2025-12-20;14;2109
11;2025-12-20;15;2030
11;2025-12-20;16;2001
11;2025-12-20;17;2036
11;2025-12-20;18;1699
11;2025-12-20;19;1564
11;2025-12-20;20;1077
11;2025-12-20;21;801
11;2025-12-20;22;461
11;2025-12-20;23;320
11;2025-12-21;0;117
11;2025-12-21;1;16
11;2025-12-21;2;0
11;2025-12-21;3;1
11;2025-12-21;4;1
11;2025-12-21;5;101
11;2025-12-21;6;495
11;2025-12-21;7;504
11;2025-12-21;8;703
11;2025-12-21;9;940
11;2025-12-21;10;1068
11;2025-12-21;11;1487
11;2025-12-21;12;1635
11;2025-12-21;13;1644
11;2025-12-21;14;1712
11;2025-12-21;15;1672
11;2025-12-21;16;1685
11;2025-12-21;17;1759
11;2025-12-21;18;1360
11;2025-12-21;19;1124
11;2025-12-21;20;846
11;2025-12-21;21;647
11;2025-12-21;22;389
11;2025-12-21;23;271
11;2025-12-22;0;80
11;2025-12-22;1;12
11;2025-12-22;2;0
11;2025-12-22;3;0
11;2025-12-22;4;1
11;2025-12-22;5;250
11;2025-12-22;6;1358
11;2025-12-22;7;2452
11;2025-12-22;8;3277
11;2025-12-22;9;2419
11;2025-12-22;10;1929
11;2025-12-22;11;1924
11;2025-12-22;12;1929
11;2025-12-22;13;1966
11;2025-12-22;14;1999
11;2025-12-22;15;2121
11;2025-12-22;16;2352
11;2025-12-22;17;2919
11;2025-12-22;18;3130
11;2025-12-22;19;2378
11;2025-12-22;20;1407
11;2025-12-22;21;887
11;2025-12-22;22;399
11;2025-12-22;23;248
11;2025-12-23;0;57
11;2025-12-23;1;1
11;2025-12-23;2;0
11;2025-12-23;3;0
11;2025-12-23;4;1
11;2025-12-23;5;245
11;2025-12-23;6;1369
11;2025-12-23;7;2587
11;2025-12-23;8;3421
11;2025-12-23;9;2535
11;2025-12-23;10;2059
11;2025-12-23;11;1989
11;2025-12-23;12;2042
11;2025-12-23;13;2137
11;2025-12-23;14;2077
11;2025-12-23;15;2120
11;2025-12-23;16;2396
11;2025-12-23;17;3024
11;2025-12-23;18;3264
11;2025-12-23;19;2483
11;2025-12-23;20;1627
11;2025-12-23;21;932
11;2025-12-23;22;436
11;2025-12-23;23;279
11;2025-12-24;0;73
11;2025-12-24;1;0
11;2025-12-24;2;0
11;2025-12-24;3;0
11;2025-12-24;4;1
11;2025-12-24;5;257
11;2025-12-24;6;1304
11;2025-12-24;7;2522
11;2025-12-24;8;3341
11;2025-12-24;9;2476
11;2025-12-24;10;1995
11;2025-12-24;11;2012
11;2025-12-24;12;2019
11;2025-12-24;13;2098
11;2025-12-24;14;2066
11;2025-12-24;15;2106
11;2025-12-24;16;2320
11;2025-12-24;17;2920
11;2025-12-24;18;3228
11;2025-12-24;19;2420
11;2025-12-24;20;1544
11;2025-12-24;21;921
11;2025-12-24;22;454
11;2025-12-24;23;288
11;2025-12-25;0;64
11;2025-12-25;1;0
11;2025-12-25;2;0
11;2025-12-25;3;0
11;2025-12-25;4;1
11;2025-12-25;5;248
11;2025-12-25;6;1391
11;2025-12-25;7;2569
11;2025-12-25;8;3411
11;2025-12-25;9;2557
11;2025-12-25;10;2150
11;2025-12-25;11;2031
11;2025-12-25;12;2121
11;2025-12-25;13;2198
11;2025-12-25;14;2179
11;2025-12-25;15;2162
11;2025-12-25;16;2473
11;2025-12-25;17;3067
11;2025-12-25;18;3442
11;2025-12-25;19;2516
11;2025-12-25;20;1592
11;2025-12-25;21;982
11;2025-12-25;22;465
11;2025-12-25;23;295
11;2025-12-26;0;76
11;2025-12-26;1;2
11;2025-12-26;2;0
11;2025-12-26;3;0
11;2025-12-26;4;1
11;2025-12-26;5;261
11;2025-12-26;6;1320
11;2025-12-26;7;2477
11;2025-12-26;8;3283
11;2025-12-26;9;2410
11;2025-12-26;10;1951
11;2025-12-26;11;1941
11;2025-12-26;12;1975
11;2025-12-26;13;2033
11;2025-12-26;14;2095
11;2025-12-26;15;2197
11;2025-12-26;16;2514
11;2025-12-26;17;2958
11;2025-12-26;18;2691
11;2025-12-26;19;2186
11;2025-12-26;20;1455
11;2025-12-26;21;933
11;2025-12-26;22;453
11;2025-12-26;23;354
11;2025-12-27;0;119
11;2025-12-27;1;2
11;2025-12-27;2;0
11;2025-12-27;3;0
11;2025-12-27;4;1
11;2025-12-27;5;169
11;2025-12-27;6;858
11;2025-12-27;7;811
11;2025-12-27;8;1097
11;2025-12-27;9;1277
11;2025-12-27;10;1479
11;2025-12-27;11;1832
11;2025-12-27;12;2017
11;2025-12-27;13;2030
11;2025-12-27;14;2133
11;2025-12-27;15;2053
11;2025-12-27;16;2024
11;2025-12-27;17;2058
11;2025-12-27;18;1718
11;2025-12-27;19;1582
11;2025-12-27;20;1089
11;2025-12-27;21;810
11;2025-12-27;22;466
11;2025-12-27;23;323
11;2025-12-28;0;118
11;2025-12-28;1;16
11;2025-12-28;2;0
11;2025-12-28;3;1
11;2025-12-28;4;1
11;2025-12-28;5;102
11;2025-12-28;6;499
11;2025-12-28;7;509
11;2025-12-28;8;710
11;2025-12-28;9;949
11;2025-12-28;10;1078
11;2025-12-28;11;1501
11;2025-12-28;12;1650
11;2025-12-28;13;1659
11;2025-12-28;14;1727
11;2025-12-28;15;1688
11;2025-12-28;16;1700
11;2025-12-28;17;1775
11;2025-12-28;18;1372
11;2025-12-28;19;1134
11;2025-12-28;20;853
11;2025-12-28;21;653
11;2025-12-28;22;392
11;2025-12-28;23;273
11;2025-12-29;0;69
11;2025-12-29;1;10
11;2025-12-29;2;0
11;2025-12-29;3;0
11;2025-12-29;4;1
11;2025-12-29;5;235
11;2025-12-29;6;1264
11;2025-12-29;7;2236
11;2025-12-29;8;2946
11;2025-12-29;9;2214
11;2025-12-29;10;1733
11;2025-12-29;11;1743
11;2025-12-29;12;1675
11;2025-12-29;13;1765
11;2025-12-29;14;1838
11;2025-12-29;15;1926
11;2025-12-29;16;2087
11;2025-12-29;17;2616
11;2025-12-29;18;2785
11;2025-12-29;19;2030
11;2025-12-29;20;1162
11;2025-12-29;21;728
11;2025-12-29;22;328
11;2025-12-29;23;196
11;2025-12-30;0;50
11;2025-12-30;1;1
11;2025-12-30;2;0
11;2025-12-30;3;0
11;2025-12-30;4;1
11;2025-12-30;5;222
11;2025-12-30;6;1214
11;2025-12-30;7;2209
11;2025-12-30;8;2975
11;2025-12-30;9;2251
11;2025-12-30;10;1825
11;2025-12-30;11;1642
11;2025-12-30;12;1704
11;2025-12-30;13;1851
11;2025-12-30;14;1747
11;2025-12-30;15;1792
11;2025-12-30;16;1962
11;2025-12-30;17;2580
11;2025-12-30;18;2717
11;2025-12-30;19;2074
11;2025-12-30;20;1356
11;2025-12-30;21;738
11;2025-12-30;22;337
11;2025-12-30;23;210
11;2025-12-31;0;97
11;2025-12-31;1;9
11;2025-12-31;2;0
11;2025-12-31;3;0
11;2025-12-31;4;1
11;2025-12-31;5;121
11;2025-12-31;6;532
11;2025-12-31;7;510
11;2025-12-31;8;701
11;2025-12-31;9;892
11;2025-12-31;10;1005
11;2025-12-31;11;1391
11;2025-12-31;12;1490
11;2025-12-31;13;1444
11;2025-12-31;14;1534
11;2025-12-31;15;1488
11;2025-12-31;16;1406
11;2025-12-31;17;1534
11;2025-12-31;18;1190
11;2025-12-31;19;1023
11;2025-12-31;20;775
11;2025-12-31;21;569
11;2025-12-31;22;331
11;2025-12-31;23;230
12;2025-11-01;0;64
12;2025-11-01;1;2
12;2025-11-01;2;0
12;2025-11-01;3;0
12;2025-11-01;4;4
12;2025-11-01;5;288
12;2025-11-01;6;1162
12;2025-11-01;7;1954
12;2025-11-01;8;2389
12;2025-11-01;9;1975
12;2025-11-01;10;1730
12;2025-11-01;11;1744
12;2025-11-01;12;1793
12;2025-11-01;13;1990
12;2025-11-01;14;1847
12;2025-11-01;15;1989
12;2025-11-01;16;2407
12;2025-11-01;17;2385
12;2025-11-01;18;2172
12;2025-11-01;19;1848
12;2025-11-01;20;1233
12;2025-11-01;21;909
12;2025-11-01;22;479
12;2025-11-01;23;316
12;2025-11-02;0;80
12;2025-11-02;1;4
12;2025-11-02;2;0
12;2025-11-02;3;0
12;2025-11-02;4;3
12;2025-11-02;5;133
12;2025-11-02;6;494
12;2025-11-02;7;660
12;2025-11-02;8;697
12;2025-11-02;9;888
12;2025-11-02;10;1097
12;2025-11-02;11;1196
12;2025-11-02;12;1303
12;2025-11-02;13;1516
12;2025-11-02;14;1385
12;2025-11-02;15;1400
12;2025-11-02;16;1398
12;2025-11-02;17;1476
12;2025-11-02;18;1237
12;2025-11-02;19;951
12;2025-11-02;20;738
12;2025-11-02;21;574
12;2025-11-02;22;363
12;2025-11-02;23;192
12;2025-11-03;0;77
12;2025-11-03;1;4
12;2025-11-03;2;0
12;2025-11-03;3;0
12;2025-11-03;4;2
12;2025-11-03;5;154
12;2025-11-03;6;558
12;2025-11-03;7;705
12;2025-11-03;8;763
12;2025-11-03;9;955
12;2025-11-03;10;1165
12;2025-11-03;11;1248
12;2025-11-03;12;1336
12;2025-11-03;13;1548
12;2025-11-03;14;1412
12;2025-11-03;15;1411
12;2025-11-03;16;1438
12;2025-11-03;17;1480
12;2025-11-03;18;1291
12;2025-11-03;19;1037
12;2025-11-03;20;775
12;2025-11-03;21;610
12;2025-11-03;22;369
12;2025-11-03;23;214
12;2025-11-04;0;71
12;2025-11-04;1;3
12;2025-11-04;2;0
12;2025-11-04;3;0
12;2025-11-04;4;2
12;2025-11-04;5;132
12;2025-11-04;6;481
12;2025-11-04;7;620
12;2025-11-04;8;665
12;2025-11-04;9;838
12;2025-11-04;10;1027
12;2025-11-04;11;1108
12;2025-11-04;12;1194
12;2025-11-04;13;1386
12;2025-11-04;14;1265
12;2025-11-04;15;1270
12;2025-11-04;16;1284
12;2025-11-04;17;1334
12;2025-11-04;18;1146
12;2025-11-04;19;905
12;2025-11-04;20;686
12;2025-11-04;21;537
12;2025-11-04;22;331
12;2025-11-04;23;185
12;2025-11-05;0;58
12;2025-11-05;1;1
12;2025-11-05;2;0
12;2025-11-05;3;0
12;2025-11-05;4;7
12;2025-11-05;5;322
12;2025-11-05;6;1405
12;2025-11-05;7;2669
12;2025-11-05;8;3506
12;2025-11-05;9;2522
12;2025-11-05;10;2137
12;2025-11-05;11;2027
12;2025-11-05;12;2057
12;2025-11-05;13;2108
12;2025-11-05;14;2014
12;2025-11-05;15;2323
12;2025-11-05;16;2749
12;2025-11-05;17;3042
12;2025-11-05;18;3104
12;2025-11-05;19;2375
12;2025-11-05;20;1557
12;2025-11-05;21;976
12;2025-11-05;22;472
12;2025-11-05;23;249
12;2025-11-06;0;50
12;2025-11-06;1;2
12;2025-11-06;2;0
12;2025-11-06;3;0
12;2025-11-06;4;7
12;2025-11-06;5;301
12;2025-11-06;6;1357
12;2025-11-06;7;2639
12;2025-11-06;8;3483
12;2025-11-06;9;2472
12;2025-11-06;10;2062
12;2025-11-06;11;1940
12;2025-11-06;12;2014
12;2025-11-06;13;2078
12;2025-11-06;14;1997
12;2025-11-06;15;2259
12;2025-11-06;16;2674
12;2025-11-06;17;2987
12;2025-11-06;18;3151
12;2025-11-06;19;2360
12;2025-11-06;20;1524
12;2025-11-06;21;941
12;2025-11-06;22;465
12;2025-11-06;23;257
12;2025-11-07;0;55
12;2025-11-07;1;1
12;2025-11-07;2;0
12;2025-11-07;3;0
12;2025-11-07;4;4
12;2025-11-07;5;311
12;2025-11-07;6;1344
12;2025-11-07;7;2602
12;2025-11-07;8;3301
12;2025-11-07;9;2389
12;2025-11-07;10;1966
12;2025-11-07;11;1936
12;2025-11-07;12;1970
12;2025-11-07;13;2043
12;2025-11-07;14;1981
12;2025-11-07;15;2301
12;2025-11-07;16;2799
12;2025-11-07;17;2929
12;2025-11-07;18;2579
12;2025-11-07;19;2024
12;2025-11-07;20;1354
12;2025-11-07;21;904
12;2025-11-07;22;451
12;2025-11-07;23;300
12;2025-11-08;0;74
12;2025-11-08;1;3
12;2025-11-08;2;0
12;2025-11-08;3;0
12;2025-11-08;4;2
12;2025-11-08;5;215
12;2025-11-08;6;777
12;2025-11-08;7;883
12;2025-11-08;8;1024
12;2025-11-08;9;1218
12;2025-11-08;10;1437
12;2025-11-08;11;1542
12;2025-11-08;12;1591
12;2025-11-08;13;1766
12;2025-11-08;14;1678
12;2025-11-08;15;1624
12;2025-11-08;16;1742
12;2025-11-08;17;1664
12;2025-11-08;18;1505
12;2025-11-08;19;1313
12;2025-11-08;20;916
12;2025-11-08;21;723
12;2025-11-08;22;387
12;2025-11-08;23;282
12;2025-11-09;0;80
12;2025-11-09;1;4
12;2025-11-09;2;0
12;2025-11-09;3;0
12;2025-11-09;4;3
12;2025-11-09;5;127
12;2025-11-09;6;513
12;2025-11-09;7;676
12;2025-11-09;8;709
12;2025-11-09;9;915
12;2025-11-09;10;1147
12;2025-11-09;11;1269
12;2025-11-09;12;1334
12;2025-11-09;13;1527
12;2025-11-09;14;1496
12;2025-11-09;15;1506
12;2025-11-09;16;1539
12;2025-11-09;17;1490
12;2025-11-09;18;1306
12;2025-11-09;19;1025
12;2025-11-09;20;752
12;2025-11-09;21;583
12;2025-11-09;22;361
12;2025-11-09;23;206
12;2025-11-10;0;53
12;2025-11-10;1;3
12;2025-11-10;2;0
12;2025-11-10;3;0
12;2025-11-10;4;6
12;2025-11-10;5;304
12;2025-11-10;6;1367
12;2025-11-10;7;2627
12;2025-11-10;8;3390
12;2025-11-10;9;2440
12;2025-11-10;10;1995
12;2025-11-10;11;1932
12;2025-11-10;12;2006
12;2025-11-10;13;2011
12;2025-11-10;14;1958
12;2025-11-10;15;2245
12;2025-11-10;16;2659
12;2025-11-10;17;2972
12;2025-11-10;18;3144
12;2025-11-10;19;2287
12;2025-11-10;20;1513
12;2025-11-10;21;910
12;2025-11-10;22;433
12;2025-11-10;23;222
12;2025-11-11;0;49
12;2025-11-11;1;1
12;2025-11-11;2;0
12;2025-11-11;3;0
12;2025-11-11;4;6
12;2025-11-11;5;320
12;2025-11-11;6;1422
12;2025-11-11;7;2748
12;2025-11-11;8;3587
12;2025-11-11;9;2531
12;2025-11-11;10;2100
12;2025-11-11;11;1996
12;2025-11-11;12;2030
12;2025-11-11;13;2093
12;2025-11-11;14;2011
12;2025-11-11;15;2301
12;2025-11-11;16;2699
12;2025-11-11;17;3036
12;2025-11-11;18;3225
12;2025-11-11;19;2361
12;2025-11-11;20;1508
12;2025-11-11;21;923
12;2025-11-11;22;457
12;2025-11-11;23;244
12;2025-11-12;0;58
12;2025-11-12;1;1
12;2025-11-12;2;0
12;2025-11-12;3;0
12;2025-11-12;4;7
12;2025-11-12;5;322
12;2025-11-12;6;1405
12;2025-11-12;7;2669
12;2025-11-12;8;3506
12;2025-11-12;9;2522
12;2025-11-12;10;2138
12;2025-11-12;11;2027
12;2025-11-12;12;2057
12;2025-11-12;13;2108
12;2025-11-12;14;2014
12;2025-11-12;15;2323
12;2025-11-12;16;2749
12;2025-11-12;17;3042
12;2025-11-12;18;3104
12;2025-11-12;19;2375
12;2025-11-12;20;1557
12;2025-11-12;21;976
12;2025-11-12;22;472
12;2025-11-12;23;248
12;2025-11-13;0;50
12;2025-11-13;1;2
12;2025-11-13;2;0
12;2025-11-13;3;0
12;2025-11-13;4;7
12;2025-11-13;5;301
12;2025-11-13;6;1357
12;2025-11-13;7;2641
12;2025-11-13;8;3486
12;2025-11-13;9;2473
12;2025-11-13;10;2063
12;2025-11-13;11;1941
12;2025-11-13;12;2015
12;2025-11-13;13;2079
12;2025-11-13;14;1998
12;2025-11-13;15;2260
12;2025-11-13;16;2673
12;2025-11-13;17;2986
12;2025-11-13;18;3150
12;2025-11-13;19;2357
12;2025-11-13;20;1521
12;2025-11-13;21;939
12;2025-11-13;22;465
12;2025-11-13;23;257
12;2025-11-14;0;55
12;2025-11-14;1;1
12;2025-11-14;2;0
12;2025-11-14;3;0
12;2025-11-14;4;4
12;2025-11-14;5;311
12;2025-11-14;6;1344
12;2025-11-14;7;2602
12;2025-11-14;8;3301
12;2025-11-14;9;2389
12;2025-11-14;10;1966
12;2025-11-14;11;1936
12;2025-11-14;12;1970
12;2025-11-14;13;2043
12;2025-11-14;14;1981
12;2025-11-14;15;2301
12;2025-11-14;16;2799
12;2025-11-14;17;2929
12;2025-11-14;18;2579
12;2025-11-14;19;2024
12;2025-11-14;20;1354
12;2025-11-14;21;904
12;2025-11-14;22;451
12;2025-11-14;23;300
12;2025-11-15;0;73
12;2025-11-15;1;3
12;2025-11-15;2;0
12;2025-11-15;3;0
12;2025-11-15;4;2
12;2025-11-15;5;215
12;2025-11-15;6;778
12;2025-11-15;7;883
12;2025-11-15;8;1025
12;2025-11-15;9;1218
12;2025-11-15;10;1439
12;2025-11-15;11;1542
12;2025-11-15;12;1592
12;2025-11-15;13;1767
12;2025-11-15;14;1679
12;2025-11-15;15;1625
12;2025-11-15;16;1742
12;2025-11-15;17;1663
12;2025-11-15;18;1504
12;2025-11-15;19;1312
12;2025-11-15;20;914
12;2025-11-15;21;722
12;2025-11-15;22;386
12;2025-11-15;23;282
12;2025-11-16;0;79
12;2025-11-16;1;4
12;2025-11-16;2;0
12;2025-11-16;3;0
12;2025-11-16;4;3
12;2025-11-16;5;129
12;2025-11-16;6;514
12;2025-11-16;7;677
12;2025-11-16;8;710
12;2025-11-16;9;917
12;2025-11-16;10;1151
12;2025-11-16;11;1271
12;2025-11-16;12;1338
12;2025-11-16;13;1531
12;2025-11-16;14;1499
12;2025-11-16;15;1510
12;2025-11-16;16;1541
12;2025-11-16;17;1493
12;2025-11-16;18;1308
12;2025-11-16;19;1025
12;2025-11-16;20;752
12;2025-11-16;21;583
12;2025-11-16;22;362
12;2025-11-16;23;206
12;2025-11-17;0;53
12;2025-11-17;1;3
12;2025-11-17;2;0
12;2025-11-17;3;0
12;2025-11-17;4;6
12;2025-11-17;5;305
12;2025-11-17;6;1372
12;2025-11-17;7;2637
12;2025-11-17;8;3403
12;2025-11-17;9;2450
12;2025-11-17;10;2003
12;2025-11-17;11;1940
12;2025-11-17;12;2014
12;2025-11-17;13;2019
12;2025-11-17;14;1966
12;2025-11-17;15;2254
12;2025-11-17;16;2669
12;2025-11-17;17;2984
12;2025-11-17;18;3156
12;2025-11-17;19;2296
12;2025-11-17;20;1519
12;2025-11-17;21;914
12;2025-11-17;22;435
12;2025-11-17;23;223
12;2025-11-18;0;49
12;2025-11-18;1;1
12;2025-11-18;2;0
12;2025-11-18;3;0
12;2025-11-18;4;6
12;2025-11-18;5;322
12;2025-11-18;6;1431
12;2025-11-18;7;2765
12;2025-11-18;8;3609
12;2025-11-18;9;2547
12;2025-11-18;10;2113
12;2025-11-18;11;2009
12;2025-11-18;12;2042
12;2025-11-18;13;2106
12;2025-11-18;14;2023
12;2025-11-18;15;2315
12;2025-11-18;16;2715
12;2025-11-18;17;3054
12;2025-11-18;18;3244
12;2025-11-18;19;2374
12;2025-11-18;20;1516
12;2025-11-18;21;927
12;2025-11-18;22;459
12;2025-11-18;23;242
12;2025-11-19;0;58
12;2025-11-19;1;1
12;2025-11-19;2;0
12;2025-11-19;3;0
12;2025-11-19;4;7
12;2025-11-19;5;325
12;2025-11-19;6;1417
12;2025-11-19;7;2690
12;2025-11-19;8;3533
12;2025-11-19;9;2542
12;2025-11-19;10;2155
12;2025-11-19;11;2043
12;2025-11-19;12;2073
12;2025-11-19;13;2125
12;2025-11-19;14;2030
12;2025-11-19;15;2341
12;2025-11-19;16;2771
12;2025-11-19;17;3066
12;2025-11-19;18;3128
12;2025-11-19;19;2394
12;2025-11-19;20;1569
12;2025-11-19;21;984
12;2025-11-19;22;476
12;2025-11-19;23;249
12;2025-11-20;0;49
12;2025-11-20;1;2
12;2025-11-20;2;0
12;2025-11-20;3;0
12;2025-11-20;4;7
12;2025-11-20;5;304
12;2025-11-20;6;1371
12;2025-11-20;7;2667
12;2025-11-20;8;3521
12;2025-11-20;9;2498
12;2025-11-20;10;2084
12;2025-11-20;11;1960
12;2025-11-20;12;2036
12;2025-11-20;13;2100
12;2025-11-20;14;2019
12;2025-11-20;15;2283
12;2025-11-20;16;2699
12;2025-11-20;17;3016
12;2025-11-20;18;3180
12;2025-11-20;19;2379
12;2025-11-20;20;1535
12;2025-11-20;21;947
12;2025-11-20;22;468
12;2025-11-20;23;256
12;2025-11-21;0;55
12;2025-11-21;1;1
12;2025-11-21;2;0
12;2025-11-21;3;0
12;2025-11-21;4;4
12;2025-11-21;5;315
12;2025-11-21;6;1360
12;2025-11-21;7;2633
12;2025-11-21;8;3340
12;2025-11-21;9;2417
12;2025-11-21;10;1989
12;2025-11-21;11;1959
12;2025-11-21;12;1993
12;2025-11-21;13;2067
12;2025-11-21;14;2005
12;2025-11-21;15;2328
12;2025-11-21;16;2832
12;2025-11-21;17;2963
12;2025-11-21;18;2609
12;2025-11-21;19;2048
12;2025-11-21;20;1369
12;2025-11-21;21;914
12;2025-11-21;22;456
12;2025-11-21;23;302
12;2025-11-22;0;74
12;2025-11-22;1;3
12;2025-11-22;2;0
12;2025-11-22;3;0
12;2025-11-22;4;2
12;2025-11-22;5;218
12;2025-11-22;6;789
12;2025-11-22;7;896
12;2025-11-22;8;1039
12;2025-11-22;9;1236
12;2025-11-22;10;1459
12;2025-11-22;11;1564
12;2025-11-22;12;1614
12;2025-11-22;13;1792
12;2025-11-22;14;1702
12;2025-11-22;15;1647
12;2025-11-22;16;1766
12;2025-11-22;17;1686
12;2025-11-22;18;1525
12;2025-11-22;19;1329
12;2025-11-22;20;926
12;2025-11-22;21;731
12;2025-11-22;22;391
12;2025-11-22;23;285
12;2025-11-23;0;80
12;2025-11-23;1;4
12;2025-11-23;2;0
12;2025-11-23;3;0
12;2025-11-23;4;3
12;2025-11-23;5;131
12;2025-11-23;6;521
12;2025-11-23;7;687
12;2025-11-23;8;720
12;2025-11-23;9;929
12;2025-11-23;10;1167
12;2025-11-23;11;1289
12;2025-11-23;12;1356
12;2025-11-23;13;1552
12;2025-11-23;14;1519
12;2025-11-23;15;1531
12;2025-11-23;16;1563
12;2025-11-23;17;1513
12;2025-11-23;18;1325
12;2025-11-23;19;1039
12;2025-11-23;20;763
12;2025-11-23;21;591
12;2025-11-23;22;367
12;2025-11-23;23;209
12;2025-11-24;0;54
12;2025-11-24;1;3
12;2025-11-24;2;0
12;2025-11-24;3;0
12;2025-11-24;4;6
12;2025-11-24;5;309
12;2025-11-24;6;1391
12;2025-11-24;7;2673
12;2025-11-24;8;3450
12;2025-11-24;9;2483
12;2025-11-24;10;2030
12;2025-11-24;11;1966
12;2025-11-24;12;2041
12;2025-11-24;13;2046
12;2025-11-24;14;1993
12;2025-11-24;15;2285
12;2025-11-24;16;2706
12;2025-11-24;17;3024
12;2025-11-24;18;3199
12;2025-11-24;19;2327
12;2025-11-24;20;1540
12;2025-11-24;21;926
12;2025-11-24;22;441
12;2025-11-24;23;226
12;2025-11-25;0;50
12;2025-11-25;1;1
12;2025-11-25;2;0
12;2025-11-25;3;0
12;2025-11-25;4;6
12;2025-11-25;5;326
12;2025-11-25;6;1451
12;2025-11-25;7;2803
12;2025-11-25;8;3658
12;2025-11-25;9;2582
12;2025-11-25;10;2142
12;2025-11-25;11;2036
12;2025-11-25;12;2070
12;2025-11-25;13;2135
12;2025-11-25;14;2050
12;2025-11-25;15;2346
12;2025-11-25;16;2752
12;2025-11-25;17;3096
12;2025-11-25;18;3288
12;2025-11-25;19;2406
12;2025-11-25;20;1537
12;2025-11-25;21;940
12;2025-11-25;22;465
12;2025-11-25;23;246
12;2025-11-26;0;59
12;2025-11-26;1;1
12;2025-11-26;2;0
12;2025-11-26;3;0
12;2025-11-26;4;7
12;2025-11-26;5;329
12;2025-11-26;6;1436
12;2025-11-26;7;2727
12;2025-11-26;8;3582
12;2025-11-26;9;2576
12;2025-11-26;10;2184
12;2025-11-26;11;2071
12;2025-11-26;12;2101
12;2025-11-26;13;2153
12;2025-11-26;14;2057
12;2025-11-26;15;2373
12;2025-11-26;16;2808
12;2025-11-26;17;3108
12;2025-11-26;18;3171
12;2025-11-26;19;2426
12;2025-11-26;20;1591
12;2025-11-26;21;997
12;2025-11-26;22;482
12;2025-11-26;23;252
12;2025-11-27;0;50
12;2025-11-27;1;2
12;2025-11-27;2;0
12;2025-11-27;3;0
12;2025-11-27;4;7
12;2025-11-27;5;308
12;2025-11-27;6;1390
12;2025-11-27;7;2703
12;2025-11-27;8;3569
12;2025-11-27;9;2532
12;2025-11-27;10;2113
12;2025-11-27;11;1987
12;2025-11-27;12;2063
12;2025-11-27;13;2129
12;2025-11-27;14;2046
12;2025-11-27;15;2314
12;2025-11-27;16;2736
12;2025-11-27;17;3057
12;2025-11-27;18;3223
12;2025-11-27;19;2411
12;2025-11-27;20;1556
12;2025-11-27;21;960
12;2025-11-27;22;474
12;2025-11-27;23;260
12;2025-11-28;0;55
12;2025-11-28;1;1
12;2025-11-28;2;0
12;2025-11-28;3;0
12;2025-11-28;4;4
12;2025-11-28;5;319
12;2025-11-28;6;1378
12;2025-11-28;7;2668
12;2025-11-28;8;3385
12;2025-11-28;9;2450
12;2025-11-28;10;2016
12;2025-11-28;11;1985
12;2025-11-28;12;2020
12;2025-11-28;13;2095
12;2025-11-28;14;2033
12;2025-11-28;15;2360
12;2025-11-28;16;2870
12;2025-11-28;17;3004
12;2025-11-28;18;2645
12;2025-11-28;19;2076
12;2025-11-28;20;1387
12;2025-11-28;21;926
12;2025-11-28;22;462
12;2025-11-28;23;306
12;2025-11-29;0;75
12;2025-11-29;1;3
12;2025-11-29;2;0
12;2025-11-29;3;0
12;2025-11-29;4;2
12;2025-11-29;5;221
12;2025-11-29;6;799
12;2025-11-29;7;908
12;2025-11-29;8;1053
12;2025-11-29;9;1252
12;2025-11-29;10;1478
12;2025-11-29;11;1585
12;2025-11-29;12;1636
12;2025-11-29;13;1817
12;2025-11-29;14;1725
12;2025-11-29;15;1670
12;2025-11-29;16;1790
12;2025-11-29;17;1709
12;2025-11-29;18;1545
12;2025-11-29;19;1347
12;2025-11-29;20;938
12;2025-11-29;21;741
12;2025-11-29;22;397
12;2025-11-29;23;289
12;2025-11-30;0;81
12;2025-11-30;1;4
12;2025-11-30;2;0
12;2025-11-30;3;0
12;2025-11-30;4;3
12;2025-11-30;5;133
12;2025-11-30;6;528
12;2025-11-30;7;696
12;2025-11-30;8;730
12;2025-11-30;9;942
12;2025-11-30;10;1183
12;2025-11-30;11;1306
12;2025-11-30;12;1374
12;2025-11-30;13;1573
12;2025-11-30;14;1540
12;2025-11-30;15;1551
12;2025-11-30;16;1584
12;2025-11-30;17;1534
12;2025-11-30;18;1343
12;2025-11-30;19;1053
12;2025-11-30;20;773
12;2025-11-30;21;599
12;2025-11-30;22;372
12;2025-11-30;23;212
12;2025-12-01;0;55
12;2025-12-01;1;3
12;2025-12-01;2;0
12;2025-12-01;3;0
12;2025-12-01;4;6
12;2025-12-01;5;314
12;2025-12-01;6;1410
12;2025-12-01;7;2709
12;2025-12-01;8;3496
12;2025-12-01;9;2517
12;2025-12-01;10;2058
12;2025-12-01;11;1993
12;2025-12-01;12;2069
12;2025-12-01;13;2074
12;2025-12-01;14;2019
12;2025-12-01;15;2315
12;2025-12-01;16;2742
12;2025-12-01;17;3065
12;2025-12-01;18;3243
12;2025-12-01;19;2359
12;2025-12-01;20;1560
12;2025-12-01;21;939
12;2025-12-01;22;447
12;2025-12-01;23;229
12;2025-12-02;0;51
12;2025-12-02;1;1
12;2025-12-02;2;0
12;2025-12-02;3;0
12;2025-12-02;4;6
12;2025-12-02;5;331
12;2025-12-02;6;1470
12;2025-12-02;7;2841
12;2025-12-02;8;3708
12;2025-12-02;9;2616
12;2025-12-02;10;2171
12;2025-12-02;11;2064
12;2025-12-02;12;2098
12;2025-12-02;13;2164
12;2025-12-02;14;2078
12;2025-12-02;15;2378
12;2025-12-02;16;2789
12;2025-12-02;17;3137
12;2025-12-02;18;3332
12;2025-12-02;19;2439
12;2025-12-02;20;1557
12;2025-12-02;21;953
12;2025-12-02;22;471
12;2025-12-02;23;249
12;2025-12-03;0;60
12;2025-12-03;1;1
12;2025-12-03;2;0
12;2025-12-03;3;0
12;2025-12-03;4;7
12;2025-12-03;5;333
12;2025-12-03;6;1455
12;2025-12-03;7;2763
12;2025-12-03;8;3629
12;2025-12-03;9;2610
12;2025-12-03;10;2212
12;2025-12-03;11;2097
12;2025-12-03;12;2129
12;2025-12-03;13;2181
12;2025-12-03;14;2086
12;2025-12-03;15;2405
12;2025-12-03;16;2845
12;2025-12-03;17;3148
12;2025-12-03;18;3215
12;2025-12-03;19;2460
12;2025-12-03;20;1613
12;2025-12-03;21;1011
12;2025-12-03;22;490
12;2025-12-03;23;258
12;2025-12-04;0;51
12;2025-12-04;1;2
12;2025-12-04;2;0
12;2025-12-04;3;0
12;2025-12-04;4;7
12;2025-12-04;5;310
12;2025-12-04;6;1402
12;2025-12-04;7;2727
12;2025-12-04;8;3599
12;2025-12-04;9;2555
12;2025-12-04;10;2132
12;2025-12-04;11;2004
12;2025-12-04;12;2082
12;2025-12-04;13;2151
12;2025-12-04;14;2067
12;2025-12-04;15;2345
12;2025-12-04;16;2772
12;2025-12-04;17;3094
12;2025-12-04;18;3268
12;2025-12-04;19;2450
12;2025-12-04;20;1586
12;2025-12-04;21;997
12;2025-12-04;22;506
12;2025-12-04;23;290
12;2025-12-05;0;56
12;2025-12-05;1;1
12;2025-12-05;2;0
12;2025-12-05;3;0
12;2025-12-05;4;4
12;2025-12-05;5;321
12;2025-12-05;6;1388
12;2025-12-05;7;2688
12;2025-12-05;8;3411
12;2025-12-05;9;2468
12;2025-12-05;10;2032
12;2025-12-05;11;2001
12;2025-12-05;12;2035
12;2025-12-05;13;2115
12;2025-12-05;14;2050
12;2025-12-05;15;2386
12;2025-12-05;16;2897
12;2025-12-05;17;3036
12;2025-12-05;18;2690
12;2025-12-05;19;2118
12;2025-12-05;20;1424
12;2025-12-05;21;970
12;2025-12-05;22;501
12;2025-12-05;23;343
12;2025-12-06;0;76
12;2025-12-06;1;3
12;2025-12-06;2;0
12;2025-12-06;3;0
12;2025-12-06;4;2
12;2025-12-06;5;217
12;2025-12-06;6;802
12;2025-12-06;7;911
12;2025-12-06;8;1058
12;2025-12-06;9;1259
12;2025-12-06;10;1489
12;2025-12-06;11;1596
12;2025-12-06;12;1647
12;2025-12-06;13;1831
12;2025-12-06;14;1740
12;2025-12-06;15;1694
12;2025-12-06;16;1816
12;2025-12-06;17;1735
12;2025-12-06;18;1575
12;2025-12-06;19;1374
12;2025-12-06;20;961
12;2025-12-06;21;768
12;2025-12-06;22;420
12;2025-12-06;23;311
12;2025-12-07;0;82
12;2025-12-07;1;4
12;2025-12-07;2;0
12;2025-12-07;3;0
12;2025-12-07;4;3
12;2025-12-07;5;127
12;2025-12-07;6;528
12;2025-12-07;7;698
12;2025-12-07;8;732
12;2025-12-07;9;946
12;2025-12-07;10;1188
12;2025-12-07;11;1314
12;2025-12-07;12;1382
12;2025-12-07;13;1584
12;2025-12-07;14;1551
12;2025-12-07;15;1573
12;2025-12-07;16;1604
12;2025-12-07;17;1555
12;2025-12-07;18;1371
12;2025-12-07;19;1078
12;2025-12-07;20;795
12;2025-12-07;21;624
12;2025-12-07;22;394
12;2025-12-07;23;234
12;2025-12-08;0;55
12;2025-12-08;1;3
12;2025-12-08;2;0
12;2025-12-08;3;0
12;2025-12-08;4;6
12;2025-12-08;5;307
12;2025-12-08;6;1414
12;2025-12-08;7;2726
12;2025-12-08;8;3521
12;2025-12-08;9;2531
12;2025-12-08;10;2067
12;2025-12-08;11;2002
12;2025-12-08;12;2080
12;2025-12-08;13;2088
12;2025-12-08;14;2035
12;2025-12-08;15;2354
12;2025-12-08;16;2785
12;2025-12-08;17;3110
12;2025-12-08;18;3299
12;2025-12-08;19;2406
12;2025-12-08;20;1600
12;2025-12-08;21;983
12;2025-12-08;22;485
12;2025-12-08;23;266
12;2025-12-09;0;51
12;2025-12-09;1;1
12;2025-12-09;2;0
12;2025-12-09;3;0
12;2025-12-09;4;6
12;2025-12-09;5;324
12;2025-12-09;6;1476
12;2025-12-09;7;2862
12;2025-12-09;8;3738
12;2025-12-09;9;2635
12;2025-12-09;10;2184
12;2025-12-09;11;2076
12;2025-12-09;12;2111
12;2025-12-09;13;2181
12;2025-12-09;14;2096
12;2025-12-09;15;2417
12;2025-12-09;16;2832
12;2025-12-09;17;3185
12;2025-12-09;18;3388
12;2025-12-09;19;2484
12;2025-12-09;20;1593
12;2025-12-09;21;993
12;2025-12-09;22;506
12;2025-12-09;23;282
12;2025-12-10;0;61
12;2025-12-10;1;1
12;2025-12-10;2;0
12;2025-12-10;3;0
12;2025-12-10;4;7
12;2025-12-10;5;326
12;2025-12-10;6;1459
12;2025-12-10;7;2781
12;2025-12-10;8;3656
12;2025-12-10;9;2627
12;2025-12-10;10;2225
12;2025-12-10;11;2108
12;2025-12-10;12;2140
12;2025-12-10;13;2197
12;2025-12-10;14;2101
12;2025-12-10;15;2444
12;2025-12-10;16;2890
12;2025-12-10;17;3197
12;2025-12-10;18;3270
12;2025-12-10;19;2507
12;2025-12-10;20;1651
12;2025-12-10;21;1055
12;2025-12-10;22;529
12;2025-12-10;23;294
12;2025-12-11;0;51
12;2025-12-11;1;2
12;2025-12-11;2;0
12;2025-12-11;3;0
12;2025-12-11;4;7
12;2025-12-11;5;305
12;2025-12-11;6;1414
12;2025-12-11;7;2760
12;2025-12-11;8;3646
12;2025-12-11;9;2584
12;2025-12-11;10;2154
12;2025-12-11;11;2025
12;2025-12-11;12;2104
12;2025-12-11;13;2174
12;2025-12-11;14;2091
12;2025-12-11;15;2383
12;2025-12-11;16;2816
12;2025-12-11;17;3143
12;2025-12-11;18;3321
12;2025-12-11;19;2489
12;2025-12-11;20;1612
12;2025-12-11;21;1013
12;2025-12-11;22;515
12;2025-12-11;23;295
12;2025-12-12;0;57
12;2025-12-12;1;1
12;2025-12-12;2;0
12;2025-12-12;3;0
12;2025-12-12;4;4
12;2025-12-12;5;316
12;2025-12-12;6;1400
12;2025-12-12;7;2721
12;2025-12-12;8;3454
12;2025-12-12;9;2496
12;2025-12-12;10;2053
12;2025-12-12;11;2023
12;2025-12-12;12;2057
12;2025-12-12;13;2137
12;2025-12-12;14;2074
12;2025-12-12;15;2425
12;2025-12-12;16;2944
12;2025-12-12;17;3084
12;2025-12-12;18;2733
12;2025-12-12;19;2151
12;2025-12-12;20;1447
12;2025-12-12;21;984
12;2025-12-12;22;509
12;2025-12-12;23;349
12;2025-12-13;0;77
12;2025-12-13;1;3
12;2025-12-13;2;0
12;2025-12-13;3;0
12;2025-12-13;4;2
12;2025-12-13;5;219
12;2025-12-13;6;812
12;2025-12-13;7;923
12;2025-12-13;8;1072
12;2025-12-13;9;1275
12;2025-12-13;10;1508
12;2025-12-13;11;1617
12;2025-12-13;12;1669
12;2025-12-13;13;1856
12;2025-12-13;14;1763
12;2025-12-13;15;1716
12;2025-12-13;16;1840
12;2025-12-13;17;1757
12;2025-12-13;18;1596
12;2025-12-13;19;1392
12;2025-12-13;20;974
12;2025-12-13;21;779
12;2025-12-13;22;425
12;2025-12-13;23;315
12;2025-12-14;0;83
12;2025-12-14;1;4
12;2025-12-14;2;0
12;2025-12-14;3;0
12;2025-12-14;4;3
12;2025-12-14;5;129
12;2025-12-14;6;535
12;2025-12-14;7;707
12;2025-12-14;8;742
12;2025-12-14;9;959
12;2025-12-14;10;1204
12;2025-12-14;11;1332
12;2025-12-14;12;1400
12;2025-12-14;13;1605
12;2025-12-14;14;1572
12;2025-12-14;15;1594
12;2025-12-14;16;1625
12;2025-12-14;17;1576
12;2025-12-14;18;1389
12;2025-12-14;19;1092
12;2025-12-14;20;805
12;2025-12-14;21;632
12;2025-12-14;22;399
12;2025-12-14;23;237
12;2025-12-15;0;56
12;2025-12-15;1;3
12;2025-12-15;2;0
12;2025-12-15;3;0
12;2025-12-15;4;6
12;2025-12-15;5;311
12;2025-12-15;6;1433
12;2025-12-15;7;2761
12;2025-12-15;8;3567
12;2025-12-15;9;2564
12;2025-12-15;10;2094
12;2025-12-15;11;2029
12;2025-12-15;12;2107
12;2025-12-15;13;2115
12;2025-12-15;14;2061
12;2025-12-15;15;2384
12;2025-12-15;16;2822
12;2025-12-15;17;3151
12;2025-12-15;18;3343
12;2025-12-15;19;2437
12;2025-12-15;20;1621
12;2025-12-15;21;996
12;2025-12-15;22;491
12;2025-12-15;23;270
12;2025-12-16;0;52
12;2025-12-16;1;1
12;2025-12-16;2;0
12;2025-12-16;3;0
12;2025-12-16;4;6
12;2025-12-16;5;328
12;2025-12-16;6;1496
12;2025-12-16;7;2899
12;2025-12-16;8;3787
12;2025-12-16;9;2670
12;2025-12-16;10;2213
12;2025-12-16;11;2103
12;2025-12-16;12;2138
12;2025-12-16;13;2210
12;2025-12-16;14;2124
12;2025-12-16;15;2448
12;2025-12-16;16;2869
12;2025-12-16;17;3227
12;2025-12-16;18;3433
12;2025-12-16;19;2516
12;2025-12-16;20;1613
12;2025-12-16;21;1006
12;2025-12-16;22;512
12;2025-12-16;23;285
12;2025-12-17;0;62
12;2025-12-17;1;1
12;2025-12-17;2;0
12;2025-12-17;3;0
12;2025-12-17;4;7
12;2025-12-17;5;331
12;2025-12-17;6;1478
12;2025-12-17;7;2817
12;2025-12-17;8;3704
12;2025-12-17;9;2661
12;2025-12-17;10;2254
12;2025-12-17;11;2136
12;2025-12-17;12;2168
12;2025-12-17;13;2225
12;2025-12-17;14;2129
12;2025-12-17;15;2476
12;2025-12-17;16;2928
12;2025-12-17;17;3239
12;2025-12-17;18;3312
12;2025-12-17;19;2540
12;2025-12-17;20;1673
12;2025-12-17;21;1069
12;2025-12-17;22;536
12;2025-12-17;23;298
12;2025-12-18;0;52
12;2025-12-18;1;2
12;2025-12-18;2;0
12;2025-12-18;3;0
12;2025-12-18;4;7
12;2025-12-18;5;309
12;2025-12-18;6;1432
12;2025-12-18;7;2796
12;2025-12-18;8;3693
12;2025-12-18;9;2618
12;2025-12-18;10;2183
12;2025-12-18;11;2052
12;2025-12-18;12;2131
12;2025-12-18;13;2203
12;2025-12-18;14;2119
12;2025-12-18;15;2414
12;2025-12-18;16;2852
12;2025-12-18;17;3184
12;2025-12-18;18;3364
12;2025-12-18;19;2521
12;2025-12-18;20;1633
12;2025-12-18;21;1026
12;2025-12-18;22;522
12;2025-12-18;23;299
12;2025-12-19;0;58
12;2025-12-19;1;1
12;2025-12-19;2;0
12;2025-12-19;3;0
12;2025-12-19;4;4
12;2025-12-19;5;320
12;2025-12-19;6;1419
12;2025-12-19;7;2756
12;2025-12-19;8;3499
12;2025-12-19;9;2529
12;2025-12-19;10;2080
12;2025-12-19;11;2049
12;2025-12-19;12;2084
12;2025-12-19;13;2165
12;2025-12-19;14;2101
12;2025-12-19;15;2456
12;2025-12-19;16;2982
12;2025-12-19;17;3124
12;2025-12-19;18;2769
12;2025-12-19;19;2179
12;2025-12-19;20;1466
12;2025-12-19;21;997
12;2025-12-19;22;515
12;2025-12-19;23;353
12;2025-12-20;0;78
12;2025-12-20;1;3
12;2025-12-20;2;0
12;2025-12-20;3;0
12;2025-12-20;4;2
12;2025-12-20;5;222
12;2025-12-20;6;823
12;2025-12-20;7;935
12;2025-12-20;8;1086
12;2025-12-20;9;1292
12;2025-12-20;10;1528
12;2025-12-20;11;1638
12;2025-12-20;12;1691
12;2025-12-20;13;1880
12;2025-12-20;14;1786
12;2025-12-20;15;1739
12;2025-12-20;16;1864
12;2025-12-20;17;1780
12;2025-12-20;18;1617
12;2025-12-20;19;1411
12;2025-12-20;20;986
12;2025-12-20;21;789
12;2025-12-20;22;431
12;2025-12-20;23;320
12;2025-12-21;0;85
12;2025-12-21;1;4
12;2025-12-21;2;0
12;2025-12-21;3;0
12;2025-12-21;4;3
12;2025-12-21;5;131
12;2025-12-21;6;542
12;2025-12-21;7;716
12;2025-12-21;8;752
12;2025-12-21;9;971
12;2025-12-21;10;1219
12;2025-12-21;11;1349
12;2025-12-21;12;1418
12;2025-12-21;13;1626
12;2025-12-21;14;1592
12;2025-12-21;15;1614
12;2025-12-21;16;1647
12;2025-12-21;17;1596
12;2025-12-21;18;1407
12;2025-12-21;19;1106
12;2025-12-21;20;816
12;2025-12-21;21;640
12;2025-12-21;22;405
12;2025-12-21;23;240
12;2025-12-22;0;57
12;2025-12-22;1;3
12;2025-12-22;2;0
12;2025-12-22;3;0
12;2025-12-22;4;6
12;2025-12-22;5;315
12;2025-12-22;6;1451
12;2025-12-22;7;2797
12;2025-12-22;8;3613
12;2025-12-22;9;2598
12;2025-12-22;10;2121
12;2025-12-22;11;2055
12;2025-12-22;12;2134
12;2025-12-22;13;2143
12;2025-12-22;14;2088
12;2025-12-22;15;2415
12;2025-12-22;16;2858
12;2025-12-22;17;3192
12;2025-12-22;18;3386
12;2025-12-22;19;2469
12;2025-12-22;20;1642
12;2025-12-22;21;1009
12;2025-12-22;22;498
12;2025-12-22;23;273
12;2025-12-23;0;53
12;2025-12-23;1;1
12;2025-12-23;2;0
12;2025-12-23;3;0
12;2025-12-23;4;6
12;2025-12-23;5;332
12;2025-12-23;6;1515
12;2025-12-23;7;2937
12;2025-12-23;8;3836
12;2025-12-23;9;2704
12;2025-12-23;10;2241
12;2025-12-23;11;2131
12;2025-12-23;12;2166
12;2025-12-23;13;2238
12;2025-12-23;14;2151
12;2025-12-23;15;2480
12;2025-12-23;16;2906
12;2025-12-23;17;3269
12;2025-12-23;18;3477
12;2025-12-23;19;2549
12;2025-12-23;20;1634
12;2025-12-23;21;1019
12;2025-12-23;22;519
12;2025-12-23;23;289
12;2025-12-24;0;62
12;2025-12-24;1;1
12;2025-12-24;2;0
12;2025-12-24;3;0
12;2025-12-24;4;8
12;2025-12-24;5;335
12;2025-12-24;6;1497
12;2025-12-24;7;2854
12;2025-12-24;8;3751
12;2025-12-24;9;2695
12;2025-12-24;10;2283
12;2025-12-24;11;2164
12;2025-12-24;12;2196
12;2025-12-24;13;2254
12;2025-12-24;14;2156
12;2025-12-24;15;2508
12;2025-12-24;16;2966
12;2025-12-24;17;3281
12;2025-12-24;18;3355
12;2025-12-24;19;2573
12;2025-12-24;20;1694
12;2025-12-24;21;1083
12;2025-12-24;22;543
12;2025-12-24;23;301
12;2025-12-25;0;53
12;2025-12-25;1;2
12;2025-12-25;2;0
12;2025-12-25;3;0
12;2025-12-25;4;8
12;2025-12-25;5;313
12;2025-12-25;6;1450
12;2025-12-25;7;2832
12;2025-12-25;8;3741
12;2025-12-25;9;2652
12;2025-12-25;10;2211
12;2025-12-25;11;2078
12;2025-12-25;12;2159
12;2025-12-25;13;2231
12;2025-12-25;14;2146
12;2025-12-25;15;2445
12;2025-12-25;16;2889
12;2025-12-25;17;3225
12;2025-12-25;18;3408
12;2025-12-25;19;2554
12;2025-12-25;20;1654
12;2025-12-25;21;1040
12;2025-12-25;22;528
12;2025-12-25;23;303
12;2025-12-26;0;58
12;2025-12-26;1;1
12;2025-12-26;2;0
12;2025-12-26;3;0
12;2025-12-26;4;4
12;2025-12-26;5;324
12;2025-12-26;6;1437
12;2025-12-26;7;2792
12;2025-12-26;8;3544
12;2025-12-26;9;2562
12;2025-12-26;10;2107
12;2025-12-26;11;2075
12;2025-12-26;12;2111
12;2025-12-26;13;2193
12;2025-12-26;14;2128
12;2025-12-26;15;2488
12;2025-12-26;16;3021
12;2025-12-26;17;3164
12;2025-12-26;18;2805
12;2025-12-26;19;2207
12;2025-12-26;20;1484
12;2025-12-26;21;1010
12;2025-12-26;22;522
12;2025-12-26;23;358
12;2025-12-27;0;79
12;2025-12-27;1;3
12;2025-12-27;2;0
12;2025-12-27;3;0
12;2025-12-27;4;2
12;2025-12-27;5;225
12;2025-12-27;6;832
12;2025-12-27;7;945
12;2025-12-27;8;1098
12;2025-12-27;9;1306
12;2025-12-27;10;1545
12;2025-12-27;11;1656
12;2025-12-27;12;1709
12;2025-12-27;13;1900
12;2025-12-27;14;1805
12;2025-12-27;15;1758
12;2025-12-27;16;1884
12;2025-12-27;17;1800
12;2025-12-27;18;1635
12;2025-12-27;19;1426
12;2025-12-27;20;997
12;2025-12-27;21;797
12;2025-12-27;22;435
12;2025-12-27;23;323
12;2025-12-28;0;85
12;2025-12-28;1;4
12;2025-12-28;2;0
12;2025-12-28;3;0
12;2025-12-28;4;3
12;2025-12-28;5;132
12;2025-12-28;6;547
12;2025-12-28;7;723
12;2025-12-28;8;758
12;2025-12-28;9;980
12;2025-12-28;10;1231
12;2025-12-28;11;1361
12;2025-12-28;12;1431
12;2025-12-28;13;1641
12;2025-12-28;14;1606
12;2025-12-28;15;1629
12;2025-12-28;16;1662
12;2025-12-28;17;1611
12;2025-12-28;18;1420
12;2025-12-28;19;1116
12;2025-12-28;20;823
12;2025-12-28;21;646
12;2025-12-28;22;408
12;2025-12-28;23;242
12;2025-12-29;0;53
12;2025-12-29;1;3
12;2025-12-29;2;0
12;2025-12-29;3;0
12;2025-12-29;4;6
12;2025-12-29;5;297
12;2025-12-29;6;1358
12;2025-12-29;7;2511
12;2025-12-29;8;3360
12;2025-12-29;9;2353
12;2025-12-29;10;1807
12;2025-12-29;11;1742
12;2025-12-29;12;1913
12;2025-12-29;13;1818
12;2025-12-29;14;1853
12;2025-12-29;15;2036
12;2025-12-29;16;2536
12;2025-12-29;17;2806
12;2025-12-29;18;3006
12;2025-12-29;19;2219
12;2025-12-29;20;1503
12;2025-12-29;21;893
12;2025-12-29;22;433
12;2025-12-29;23;222
12;2025-12-30;0;43
12;2025-12-30;1;1
12;2025-12-30;2;0
12;2025-12-30;3;0
12;2025-12-30;4;5
12;2025-12-30;5;306
12;2025-12-30;6;1295
12;2025-12-30;7;2534
12;2025-12-30;8;3329
12;2025-12-30;9;2307
12;2025-12-30;10;1879
12;2025-12-30;11;1846
12;2025-12-30;12;1871
12;2025-12-30;13;1904
12;2025-12-30;14;1828
12;2025-12-30;15;1995
12;2025-12-30;16;2398
12;2025-12-30;17;2740
12;2025-12-30;18;2912
12;2025-12-30;19;2158
12;2025-12-30;20;1374
12;2025-12-30;21;830
12;2025-12-30;22;443
12;2025-12-30;23;230
12;2025-12-31;0;71
12;2025-12-31;1;3
12;2025-12-31;2;0
12;2025-12-31;3;0
12;2025-12-31;4;2
12;2025-12-31;5;150
12;2025-12-31;6;536
12;2025-12-31;7;665
12;2025-12-31;8;727
12;2025-12-31;9;903
12;2025-12-31;10;1096
12;2025-12-31;11;1168
12;2025-12-31;12;1242
12;2025-12-31;13;1436
12;2025-12-31;14;1310
12;2025-12-31;15;1303
12;2025-12-31;16;1338
12;2025-12-31;17;1363
12;2025-12-31;18;1208
12;2025-12-31;19;986
12;2025-12-31;20;727
12;2025-12-31;21;574
12;2025-12-31;22;343
12;2025-12-31;23;206
17;2025-11-01;0;175
17;2025-11-01;1;21
17;2025-11-01;2;0
17;2025-11-01;3;0
17;2025-11-01;4;17
17;2025-11-01;5;244
17;2025-11-01;6;1157
17;2025-11-01;7;3005
17;2025-11-01;8;3891
17;2025-11-01;9;3213
17;2025-11-01;10;2841
17;2025-11-01;11;3063
17;2025-11-01;12;3210
17;2025-11-01;13;3381
17;2025-11-01;14;3464
17;2025-11-01;15;3634
17;2025-11-01;16;4063
17;2025-11-01;17;4264
17;2025-11-01;18;3917
17;2025-11-01;19;2955
17;2025-11-01;20;2227
17;2025-11-01;21;1539
17;2025-11-01;22;836
17;2025-11-01;23;472
17;2025-11-02;0;181
17;2025-11-02;1;24
17;2025-11-02;2;0
17;2025-11-02;3;0
17;2025-11-02;4;3
17;2025-11-02;5;104
17;2025-11-02;6;419
17;2025-11-02;7;809
17;2025-11-02;8;1196
17;2025-11-02;9;1638
17;2025-11-02;10;1943
17;2025-11-02;11;2466
17;2025-11-02;12;2812
17;2025-11-02;13;3052
17;2025-11-02;14;3148
17;2025-11-02;15;3103
17;2025-11-02;16;3019
17;2025-11-02;17;2843
17;2025-11-02;18;2476
17;2025-11-02;19;2000
17;2025-11-02;20;1503
17;2025-11-02;21;1091
17;2025-11-02;22;677
17;2025-11-02;23;306
17;2025-11-03;0;186
17;2025-11-03;1;24
17;2025-11-03;2;0
17;2025-11-03;3;0
17;2025-11-03;4;3
17;2025-11-03;5;110
17;2025-11-03;6;450
17;2025-11-03;7;900
17;2025-11-03;8;1314
17;2025-11-03;9;1761
17;2025-11-03;10;2048
17;2025-11-03;11;2553
17;2025-11-03;12;2891
17;2025-11-03;13;3134
17;2025-11-03;14;3219
17;2025-11-03;15;3184
17;2025-11-03;16;3122
17;2025-11-03;17;2928
17;2025-11-03;18;2575
17;2025-11-03;19;2069
17;2025-11-03;20;1574
17;2025-11-03;21;1144
17;2025-11-03;22;709
17;2025-11-03;23;338
17;2025-11-04;0;166
17;2025-11-04;1;22
17;2025-11-04;2;0
17;2025-11-04;3;0
17;2025-11-04;4;3
17;2025-11-04;5;97
17;2025-11-04;6;395
17;2025-11-04;7;780
17;2025-11-04;8;1144
17;2025-11-04;9;1546
17;2025-11-04;10;1811
17;2025-11-04;11;2273
17;2025-11-04;12;2581
17;2025-11-04;13;2799
17;2025-11-04;14;2880
17;2025-11-04;15;2845
17;2025-11-04;16;2781
17;2025-11-04;17;2612
17;2025-11-04;18;2289
17;2025-11-04;19;1843
17;2025-11-04;20;1395
17;2025-11-04;21;1014
17;2025-11-04;22;630
17;2025-11-04;23;294
17;2025-11-05;0;122
17;2025-11-05;1;11
17;2025-11-05;2;0
17;2025-11-05;3;0
17;2025-11-05;4;26
17;2025-11-05;5;312
17;2025-11-05;6;1501
17;2025-11-05;7;4033
17;2025-11-05;8;5361
17;2025-11-05;9;3856
17;2025-11-05;10;3079
17;2025-11-05;11;3066
17;2025-11-05;12;3058
17;2025-11-05;13;3171
17;2025-11-05;14;3237
17;2025-11-05;15;3375
17;2025-11-05;16;3743
17;2025-11-05;17;4555
17;2025-11-05;18;4722
17;2025-11-05;19;3325
17;2025-11-05;20;2322
17;2025-11-05;21;1461
17;2025-11-05;22;743
17;2025-11-05;23;383
17;2025-11-06;0;133
17;2025-11-06;1;12
17;2025-11-06;2;0
17;2025-11-06;3;0
17;2025-11-06;4;26
17;2025-11-06;5;324
17;2025-11-06;6;1529
17;2025-11-06;7;4033
17;2025-11-06;8;5314
17;2025-11-06;9;3845
17;2025-11-06;10;3094
17;2025-11-06;11;3051
17;2025-11-06;12;3066
17;2025-11-06;13;3183
17;2025-11-06;14;3211
17;2025-11-06;15;3358
17;2025-11-06;16;3809
17;2025-11-06;17;4531
17;2025-11-06;18;4717
17;2025-11-06;19;3358
17;2025-11-06;20;2397
17;2025-11-06;21;1483
17;2025-11-06;22;748
17;2025-11-06;23;396
17;2025-11-07;0;147
17;2025-11-07;1;17
17;2025-11-07;2;0
17;2025-11-07;3;0
17;2025-11-07;4;24
17;2025-11-07;5;320
17;2025-11-07;6;1539
17;2025-11-07;7;4068
17;2025-11-07;8;5319
17;2025-11-07;9;3877
17;2025-11-07;10;3062
17;2025-11-07;11;3069
17;2025-11-07;12;3068
17;2025-11-07;13;3232
17;2025-11-07;14;3285
17;2025-11-07;15;3605
17;2025-11-07;16;4137
17;2025-11-07;17;4724
17;2025-11-07;18;4390
17;2025-11-07;19;3234
17;2025-11-07;20;2383
17;2025-11-07;21;1575
17;2025-11-07;22;793
17;2025-11-07;23;473
17;2025-11-08;0;209
17;2025-11-08;1;27
17;2025-11-08;2;0
17;2025-11-08;3;0
17;2025-11-08;4;5
17;2025-11-08;5;131
17;2025-11-08;6;588
17;2025-11-08;7;1289
17;2025-11-08;8;1845
17;2025-11-08;9;2310
17;2025-11-08;10;2568
17;2025-11-08;11;3058
17;2025-11-08;12;3387
17;2025-11-08;13;3640
17;2025-11-08;14;3645
17;2025-11-08;15;3547
17;2025-11-08;16;3629
17;2025-11-08;17;3390
17;2025-11-08;18;3034
17;2025-11-08;19;2422
17;2025-11-08;20;1858
17;2025-11-08;21;1359
17;2025-11-08;22;815
17;2025-11-08;23;464
17;2025-11-09;0;190
17;2025-11-09;1;25
17;2025-11-09;2;0
17;2025-11-09;3;0
17;2025-11-09;4;3
17;2025-11-09;5;95
17;2025-11-09;6;425
17;2025-11-09;7;848
17;2025-11-09;8;1210
17;2025-11-09;9;1667
17;2025-11-09;10;1981
17;2025-11-09;11;2548
17;2025-11-09;12;2946
17;2025-11-09;13;3194
17;2025-11-09;14;3298
17;2025-11-09;15;3219
17;2025-11-09;16;3184
17;2025-11-09;17;3062
17;2025-11-09;18;2628
17;2025-11-09;19;2040
17;2025-11-09;20;1526
17;2025-11-09;21;1134
17;2025-11-09;22;687
17;2025-11-09;23;343
17;2025-11-10;0;118
17;2025-11-10;1;13
17;2025-11-10;2;0
17;2025-11-10;3;0
17;2025-11-10;4;26
17;2025-11-10;5;303
17;2025-11-10;6;1480
17;2025-11-10;7;3952
17;2025-11-10;8;5228
17;2025-11-10;9;3760
17;2025-11-10;10;2902
17;2025-11-10;11;2901
17;2025-11-10;12;2895
17;2025-11-10;13;3015
17;2025-11-10;14;3038
17;2025-11-10;15;3181
17;2025-11-10;16;3559
17;2025-11-10;17;4328
17;2025-11-10;18;4605
17;2025-11-10;19;3197
17;2025-11-10;20;2234
17;2025-11-10;21;1366
17;2025-11-10;22;644
17;2025-11-10;23;317
17;2025-11-11;0;110
17;2025-11-11;1;10
17;2025-11-11;2;0
17;2025-11-11;3;0
17;2025-11-11;4;25
17;2025-11-11;5;330
17;2025-11-11;6;1531
17;2025-11-11;7;4044
17;2025-11-11;8;5364
17;2025-11-11;9;3841
17;2025-11-11;10;3012
17;2025-11-11;11;2981
17;2025-11-11;12;3005
17;2025-11-11;13;3125
17;2025-11-11;14;3165
17;2025-11-11;15;3319
17;2025-11-11;16;3645
17;2025-11-11;17;4550
17;2025-11-11;18;4779
17;2025-11-11;19;3347
17;2025-11-11;20;2330
17;2025-11-11;21;1444
17;2025-11-11;22;697
17;2025-11-11;23;368
17;2025-11-12;0;123
17;2025-11-12;1;11
17;2025-11-12;2;0
17;2025-11-12;3;0
17;2025-11-12;4;26
17;2025-11-12;5;313
17;2025-11-12;6;1502
17;2025-11-12;7;4034
17;2025-11-12;8;5363
17;2025-11-12;9;3857
17;2025-11-12;10;3077
17;2025-11-12;11;3064
17;2025-11-12;12;3054
17;2025-11-12;13;3169
17;2025-11-12;14;3234
17;2025-11-12;15;3376
17;2025-11-12;16;3744
17;2025-11-12;17;4557
17;2025-11-12;18;4723
17;2025-11-12;19;3326
17;2025-11-12;20;2322
17;2025-11-12;21;1461
17;2025-11-12;22;744
17;2025-11-12;23;382
17;2025-11-13;0;133
17;2025-11-13;1;12
17;2025-11-13;2;0
17;2025-11-13;3;0
17;2025-11-13;4;26
17;2025-11-13;5;324
17;2025-11-13;6;1529
17;2025-11-13;7;4033
17;2025-11-13;8;5314
17;2025-11-13;9;3845
17;2025-11-13;10;3094
17;2025-11-13;11;3051
17;2025-11-13;12;3066
17;2025-11-13;13;3183
17;2025-11-13;14;3211
17;2025-11-13;15;3358
17;2025-11-13;16;3809
17;2025-11-13;17;4531
17;2025-11-13;18;4717
17;2025-11-13;19;3358
17;2025-11-13;20;2397
17;2025-11-13;21;1483
17;2025-11-13;22;748
17;2025-11-13;23;396
17;2025-11-14;0;147
17;2025-11-14;1;17
17;2025-11-14;2;0
17;2025-11-14;3;0
17;2025-11-14;4;24
17;2025-11-14;5;320
17;2025-11-14;6;1539
17;2025-11-14;7;4068
17;2025-11-14;8;5318
17;2025-11-14;9;3877
17;2025-11-14;10;3063
17;2025-11-14;11;3070
17;2025-11-14;12;3069
17;2025-11-14;13;3232
17;2025-11-14;14;3285
17;2025-11-14;15;3605
17;2025-11-14;16;4136
17;2025-11-14;17;4724
17;2025-11-14;18;4390
17;2025-11-14;19;3234
17;2025-11-14;20;2383
17;2025-11-14;21;1574
17;2025-11-14;22;793
17;2025-11-14;23;473
17;2025-11-15;0;209
17;2025-11-15;1;27
17;2025-11-15;2;0
17;2025-11-15;3;0
17;2025-11-15;4;5
17;2025-11-15;5;131
17;2025-11-15;6;588
17;2025-11-15;7;1289
17;2025-11-15;8;1845
17;2025-11-15;9;2310
17;2025-11-15;10;2568
17;2025-11-15;11;3058
17;2025-11-15;12;3387
17;2025-11-15;13;3640
17;2025-11-15;14;3645
17;2025-11-15;15;3547
17;2025-11-15;16;3629
17;2025-11-15;17;3390
17;2025-11-15;18;3034
17;2025-11-15;19;2422
17;2025-11-15;20;1858
17;2025-11-15;21;1359
17;2025-11-15;22;815
17;2025-11-15;23;464
17;2025-11-16;0;190
17;2025-11-16;1;25
17;2025-11-16;2;0
17;2025-11-16;3;0
17;2025-11-16;4;3
17;2025-11-16;5;95
17;2025-11-16;6;426
17;2025-11-16;7;850
17;2025-11-16;8;1212
17;2025-11-16;9;1670
17;2025-11-16;10;1985
17;2025-11-16;11;2553
17;2025-11-16;12;2952
17;2025-11-16;13;3200
17;2025-11-16;14;3304
17;2025-11-16;15;3225
17;2025-11-16;16;3190
17;2025-11-16;17;3068
17;2025-11-16;18;2633
17;2025-11-16;19;2044
17;2025-11-16;20;1529
17;2025-11-16;21;1136
17;2025-11-16;22;688
17;2025-11-16;23;344
17;2025-11-17;0;118
17;2025-11-17;1;13
17;2025-11-17;2;0
17;2025-11-17;3;0
17;2025-11-17;4;26
17;2025-11-17;5;304
17;2025-11-17;6;1486
17;2025-11-17;7;3967
17;2025-11-17;8;5248
17;2025-11-17;9;3775
17;2025-11-17;10;2913
17;2025-11-17;11;2912
17;2025-11-17;12;2906
17;2025-11-17;13;3027
17;2025-11-17;14;3050
17;2025-11-17;15;3193
17;2025-11-17;16;3573
17;2025-11-17;17;4345
17;2025-11-17;18;4623
17;2025-11-17;19;3210
17;2025-11-17;20;2243
17;2025-11-17;21;1371
17;2025-11-17;22;647
17;2025-11-17;23;318
17;2025-11-18;0;111
17;2025-11-18;1;10
17;2025-11-18;2;0
17;2025-11-18;3;0
17;2025-11-18;4;24
17;2025-11-18;5;332
17;2025-11-18;6;1540
17;2025-11-18;7;4069
17;2025-11-18;8;5397
17;2025-11-18;9;3865
17;2025-11-18;10;3033
17;2025-11-18;11;3002
17;2025-11-18;12;3025
17;2025-11-18;13;3144
17;2025-11-18;14;3185
17;2025-11-18;15;3341
17;2025-11-18;16;3666
17;2025-11-18;17;4577
17;2025-11-18;18;4806
17;2025-11-18;19;3366
17;2025-11-18;20;2343
17;2025-11-18;21;1449
17;2025-11-18;22;699
17;2025-11-18;23;366
17;2025-11-19;0;124
17;2025-11-19;1;11
17;2025-11-19;2;0
17;2025-11-19;3;0
17;2025-11-19;4;26
17;2025-11-19;5;314
17;2025-11-19;6;1515
17;2025-11-19;7;4066
17;2025-11-19;8;5404
17;2025-11-19;9;3886
17;2025-11-19;10;3103
17;2025-11-19;11;3089
17;2025-11-19;12;3080
17;2025-11-19;13;3195
17;2025-11-19;14;3260
17;2025-11-19;15;3403
17;2025-11-19;16;3772
17;2025-11-19;17;4592
17;2025-11-19;18;4760
17;2025-11-19;19;3352
17;2025-11-19;20;2340
17;2025-11-19;21;1472
17;2025-11-19;22;749
17;2025-11-19;23;383
17;2025-11-20;0;133
17;2025-11-20;1;12
17;2025-11-20;2;0
17;2025-11-20;3;0
17;2025-11-20;4;26
17;2025-11-20;5;327
17;2025-11-20;6;1544
17;2025-11-20;7;4074
17;2025-11-20;8;5368
17;2025-11-20;9;3884
17;2025-11-20;10;3126
17;2025-11-20;11;3084
17;2025-11-20;12;3097
17;2025-11-20;13;3216
17;2025-11-20;14;3244
17;2025-11-20;15;3393
17;2025-11-20;16;3846
17;2025-11-20;17;4574
17;2025-11-20;18;4762
17;2025-11-20;19;3390
17;2025-11-20;20;2418
17;2025-11-20;21;1496
17;2025-11-20;22;752
17;2025-11-20;23;396
17;2025-11-21;0;147
17;2025-11-21;1;17
17;2025-11-21;2;0
17;2025-11-21;3;0
17;2025-11-21;4;24
17;2025-11-21;5;324
17;2025-11-21;6;1558
17;2025-11-21;7;4117
17;2025-11-21;8;5381
17;2025-11-21;9;3924
17;2025-11-21;10;3100
17;2025-11-21;11;3107
17;2025-11-21;12;3105
17;2025-11-21;13;3271
17;2025-11-21;14;3325
17;2025-11-21;15;3648
17;2025-11-21;16;4185
17;2025-11-21;17;4780
17;2025-11-21;18;4442
17;2025-11-21;19;3272
17;2025-11-21;20;2410
17;2025-11-21;21;1593
17;2025-11-21;22;802
17;2025-11-21;23;477
17;2025-11-22;0;211
17;2025-11-22;1;27
17;2025-11-22;2;0
17;2025-11-22;3;0
17;2025-11-22;4;5
17;2025-11-22;5;133
17;2025-11-22;6;597
17;2025-11-22;7;1308
17;2025-11-22;8;1871
17;2025-11-22;9;2342
17;2025-11-22;10;2604
17;2025-11-22;11;3101
17;2025-11-22;12;3434
17;2025-11-22;13;3691
17;2025-11-22;14;3697
17;2025-11-22;15;3597
17;2025-11-22;16;3680
17;2025-11-22;17;3437
17;2025-11-22;18;3076
17;2025-11-22;19;2454
17;2025-11-22;20;1882
17;2025-11-22;21;1376
17;2025-11-22;22;824
17;2025-11-22;23;467
17;2025-11-23;0;192
17;2025-11-23;1;25
17;2025-11-23;2;0
17;2025-11-23;3;0
17;2025-11-23;4;3
17;2025-11-23;5;96
17;2025-11-23;6;432
17;2025-11-23;7;861
17;2025-11-23;8;1229
17;2025-11-23;9;1693
17;2025-11-23;10;2011
17;2025-11-23;11;2588
17;2025-11-23;12;2992
17;2025-11-23;13;3245
17;2025-11-23;14;3350
17;2025-11-23;15;3269
17;2025-11-23;16;3234
17;2025-11-23;17;3110
17;2025-11-23;18;2669
17;2025-11-23;19;2072
17;2025-11-23;20;1551
17;2025-11-23;21;1152
17;2025-11-23;22;698
17;2025-11-23;23;348
17;2025-11-24;0;119
17;2025-11-24;1;13
17;2025-11-24;2;0
17;2025-11-24;3;0
17;2025-11-24;4;26
17;2025-11-24;5;308
17;2025-11-24;6;1506
17;2025-11-24;7;4022
17;2025-11-24;8;5320
17;2025-11-24;9;3825
17;2025-11-24;10;2953
17;2025-11-24;11;2952
17;2025-11-24;12;2946
17;2025-11-24;13;3069
17;2025-11-24;14;3092
17;2025-11-24;15;3238
17;2025-11-24;16;3622
17;2025-11-24;17;4405
17;2025-11-24;18;4686
17;2025-11-24;19;3253
17;2025-11-24;20;2274
17;2025-11-24;21;1390
17;2025-11-24;22;655
17;2025-11-24;23;323
17;2025-11-25;0;110
17;2025-11-25;1;10
17;2025-11-25;2;0
17;2025-11-25;3;0
17;2025-11-25;4;25
17;2025-11-25;5;336
17;2025-11-25;6;1561
17;2025-11-25;7;4124
17;2025-11-25;8;5470
17;2025-11-25;9;3917
17;2025-11-25;10;3074
17;2025-11-25;11;3042
17;2025-11-25;12;3066
17;2025-11-25;13;3187
17;2025-11-25;14;3229
17;2025-11-25;15;3386
17;2025-11-25;16;3716
17;2025-11-25;17;4639
17;2025-11-25;18;4872
17;2025-11-25;19;3412
17;2025-11-25;20;2375
17;2025-11-25;21;1469
17;2025-11-25;22;709
17;2025-11-25;23;371
17;2025-11-26;0;124
17;2025-11-26;1;11
17;2025-11-26;2;0
17;2025-11-26;3;0
17;2025-11-26;4;27
17;2025-11-26;5;319
17;2025-11-26;6;1535
17;2025-11-26;7;4121
17;2025-11-26;8;5478
17;2025-11-26;9;3940
17;2025-11-26;10;3145
17;2025-11-26;11;3131
17;2025-11-26;12;3122
17;2025-11-26;13;3238
17;2025-11-26;14;3305
17;2025-11-26;15;3450
17;2025-11-26;16;3825
17;2025-11-26;17;4654
17;2025-11-26;18;4825
17;2025-11-26;19;3398
17;2025-11-26;20;2372
17;2025-11-26;21;1492
17;2025-11-26;22;759
17;2025-11-26;23;388
17;2025-11-27;0;134
17;2025-11-27;1;12
17;2025-11-27;2;0
17;2025-11-27;3;0
17;2025-11-27;4;27
17;2025-11-27;5;332
17;2025-11-27;6;1565
17;2025-11-27;7;4129
17;2025-11-27;8;5441
17;2025-11-27;9;3936
17;2025-11-27;10;3169
17;2025-11-27;11;3126
17;2025-11-27;12;3140
17;2025-11-27;13;3260
17;2025-11-27;14;3289
17;2025-11-27;15;3439
17;2025-11-27;16;3899
17;2025-11-27;17;4637
17;2025-11-27;18;4828
17;2025-11-27;19;3436
17;2025-11-27;20;2451
17;2025-11-27;21;1516
17;2025-11-27;22;763
17;2025-11-27;23;401
17;2025-11-28;0;148
17;2025-11-28;1;17
17;2025-11-28;2;0
17;2025-11-28;3;0
17;2025-11-28;4;25
17;2025-11-28;5;328
17;2025-11-28;6;1579
17;2025-11-28;7;4173
17;2025-11-28;8;5455
17;2025-11-28;9;3977
17;2025-11-28;10;3142
17;2025-11-28;11;3149
17;2025-11-28;12;3147
17;2025-11-28;13;3315
17;2025-11-28;14;3370
17;2025-11-28;15;3698
17;2025-11-28;16;4241
17;2025-11-28;17;4844
17;2025-11-28;18;4502
17;2025-11-28;19;3316
17;2025-11-28;20;2443
17;2025-11-28;21;1614
17;2025-11-28;22;813
17;2025-11-28;23;483
17;2025-11-29;0;213
17;2025-11-29;1;28
17;2025-11-29;2;0
17;2025-11-29;3;0
17;2025-11-29;4;5
17;2025-11-29;5;135
17;2025-11-29;6;605
17;2025-11-29;7;1325
17;2025-11-29;8;1897
17;2025-11-29;9;2374
17;2025-11-29;10;2639
17;2025-11-29;11;3143
17;2025-11-29;12;3481
17;2025-11-29;13;3741
17;2025-11-29;14;3747
17;2025-11-29;15;3645
17;2025-11-29;16;3730
17;2025-11-29;17;3484
17;2025-11-29;18;3117
17;2025-11-29;19;2487
17;2025-11-29;20;1908
17;2025-11-29;21;1394
17;2025-11-29;22;835
17;2025-11-29;23;474
17;2025-11-30;0;194
17;2025-11-30;1;26
17;2025-11-30;2;0
17;2025-11-30;3;0
17;2025-11-30;4;3
17;2025-11-30;5;98
17;2025-11-30;6;437
17;2025-11-30;7;873
17;2025-11-30;8;1246
17;2025-11-30;9;1716
17;2025-11-30;10;2038
17;2025-11-30;11;2623
17;2025-11-30;12;3033
17;2025-11-30;13;3289
17;2025-11-30;14;3395
17;2025-11-30;15;3315
17;2025-11-30;16;3278
17;2025-11-30;17;3152
17;2025-11-30;18;2705
17;2025-11-30;19;2100
17;2025-11-30;20;1572
17;2025-11-30;21;1167
17;2025-11-30;22;707
17;2025-11-30;23;353
17;2025-12-01;0;120
17;2025-12-01;1;13
17;2025-12-01;2;0
17;2025-12-01;3;0
17;2025-12-01;4;27
17;2025-12-01;5;313
17;2025-12-01;6;1526
17;2025-12-01;7;4076
17;2025-12-01;8;5392
17;2025-12-01;9;3877
17;2025-12-01;10;2993
17;2025-12-01;11;2992
17;2025-12-01;12;2986
17;2025-12-01;13;3111
17;2025-12-01;14;3133
17;2025-12-01;15;3282
17;2025-12-01;16;3671
17;2025-12-01;17;4465
17;2025-12-01;18;4749
17;2025-12-01;19;3297
17;2025-12-01;20;2305
17;2025-12-01;21;1409
17;2025-12-01;22;664
17;2025-12-01;23;327
17;2025-12-02;0;111
17;2025-12-02;1;10
17;2025-12-02;2;0
17;2025-12-02;3;0
17;2025-12-02;4;26
17;2025-12-02;5;341
17;2025-12-02;6;1582
17;2025-12-02;7;4180
17;2025-12-02;8;5544
17;2025-12-02;9;3970
17;2025-12-02;10;3115
17;2025-12-02;11;3083
17;2025-12-02;12;3107
17;2025-12-02;13;3230
17;2025-12-02;14;3273
17;2025-12-02;15;3432
17;2025-12-02;16;3766
17;2025-12-02;17;4702
17;2025-12-02;18;4937
17;2025-12-02;19;3457
17;2025-12-02;20;2407
17;2025-12-02;21;1489
17;2025-12-02;22;718
17;2025-12-02;23;376
17;2025-12-03;0;125
17;2025-12-03;1;11
17;2025-12-03;2;0
17;2025-12-03;3;0
17;2025-12-03;4;27
17;2025-12-03;5;323
17;2025-12-03;6;1554
17;2025-12-03;7;4175
17;2025-12-03;8;5549
17;2025-12-03;9;3991
17;2025-12-03;10;3187
17;2025-12-03;11;3172
17;2025-12-03;12;3163
17;2025-12-03;13;3281
17;2025-12-03;14;3348
17;2025-12-03;15;3494
17;2025-12-03;16;3874
17;2025-12-03;17;4716
17;2025-12-03;18;4892
17;2025-12-03;19;3445
17;2025-12-03;20;2407
17;2025-12-03;21;1516
17;2025-12-03;22;772
17;2025-12-03;23;397
17;2025-12-04;0;135
17;2025-12-04;1;12
17;2025-12-04;2;0
17;2025-12-04;3;0
17;2025-12-04;4;27
17;2025-12-04;5;330
17;2025-12-04;6;1570
17;2025-12-04;7;4148
17;2025-12-04;8;5466
17;2025-12-04;9;3954
17;2025-12-04;10;3182
17;2025-12-04;11;3141
17;2025-12-04;12;3154
17;2025-12-04;13;3280
17;2025-12-04;14;3309
17;2025-12-04;15;3505
17;2025-12-04;16;3968
17;2025-12-04;17;4710
17;2025-12-04;18;4910
17;2025-12-04;19;3513
17;2025-12-04;20;2522
17;2025-12-04;21;1582
17;2025-12-04;22;816
17;2025-12-04;23;453
17;2025-12-05;0;149
17;2025-12-05;1;18
17;2025-12-05;2;0
17;2025-12-05;3;0
17;2025-12-05;4;25
17;2025-12-05;5;329
17;2025-12-05;6;1585
17;2025-12-05;7;4188
17;2025-12-05;8;5476
17;2025-12-05;9;3993
17;2025-12-05;10;3154
17;2025-12-05;11;3162
17;2025-12-05;12;3160
17;2025-12-05;13;3333
17;2025-12-05;14;3387
17;2025-12-05;15;3761
17;2025-12-05;16;4306
17;2025-12-05;17;4911
17;2025-12-05;18;4589
17;2025-12-05;19;3398
17;2025-12-05;20;2520
17;2025-12-05;21;1688
17;2025-12-05;22;876
17;2025-12-05;23;546
17;2025-12-06;0;216
17;2025-12-06;1;28
17;2025-12-06;2;0
17;2025-12-06;3;0
17;2025-12-06;4;5
17;2025-12-06;5;113
17;2025-12-06;6;589
17;2025-12-06;7;1310
17;2025-12-06;8;1888
17;2025-12-06;9;2369
17;2025-12-06;10;2635
17;2025-12-06;11;3145
17;2025-12-06;12;3487
17;2025-12-06;13;3753
17;2025-12-06;14;3759
17;2025-12-06;15;3720
17;2025-12-06;16;3809
17;2025-12-06;17;3560
17;2025-12-06;18;3202
17;2025-12-06;19;2565
17;2025-12-06;20;1978
17;2025-12-06;21;1459
17;2025-12-06;22;889
17;2025-12-06;23;524
17;2025-12-07;0;195
17;2025-12-07;1;26
17;2025-12-07;2;0
17;2025-12-07;3;0
17;2025-12-07;4;3
17;2025-12-07;5;79
17;2025-12-07;6;422
17;2025-12-07;7;857
17;2025-12-07;8;1232
17;2025-12-07;9;1708
17;2025-12-07;10;2031
17;2025-12-07;11;2622
17;2025-12-07;12;3034
17;2025-12-07;13;3296
17;2025-12-07;14;3404
17;2025-12-07;15;3378
17;2025-12-07;16;3344
17;2025-12-07;17;3217
17;2025-12-07;18;2779
17;2025-12-07;19;2168
17;2025-12-07;20;1635
17;2025-12-07;21;1227
17;2025-12-07;22;757
17;2025-12-07;23;400
17;2025-12-08;0;121
17;2025-12-08;1;14
17;2025-12-08;2;0
17;2025-12-08;3;0
17;2025-12-08;4;27
17;2025-12-08;5;289
17;2025-12-08;6;1514
17;2025-12-08;7;4079
17;2025-12-08;8;5408
17;2025-12-08;9;3878
17;2025-12-08;10;2986
17;2025-12-08;11;2987
17;2025-12-08;12;2980
17;2025-12-08;13;3110
17;2025-12-08;14;3133
17;2025-12-08;15;3365
17;2025-12-08;16;3757
17;2025-12-08;17;4559
17;2025-12-08;18;4859
17;2025-12-08;19;3392
17;2025-12-08;20;2392
17;2025-12-08;21;1487
17;2025-12-08;22;728
17;2025-12-08;23;387
17;2025-12-09;0;111
17;2025-12-09;1;10
17;2025-12-09;2;0
17;2025-12-09;3;0
17;2025-12-09;4;25
17;2025-12-09;5;315
17;2025-12-09;6;1570
17;2025-12-09;7;4187
17;2025-12-09;8;5566
17;2025-12-09;9;3974
17;2025-12-09;10;3110
17;2025-12-09;11;3081
17;2025-12-09;12;3104
17;2025-12-09;13;3234
17;2025-12-09;14;3275
17;2025-12-09;15;3518
17;2025-12-09;16;3856
17;2025-12-09;17;4803
17;2025-12-09;18;5052
17;2025-12-09;19;3555
17;2025-12-09;20;2492
17;2025-12-09;21;1564
17;2025-12-09;22;776
17;2025-12-09;23;430
17;2025-12-10;0;127
17;2025-12-10;1;12
17;2025-12-10;2;0
17;2025-12-10;3;0
17;2025-12-10;4;27
17;2025-12-10;5;297
17;2025-12-10;6;1541
17;2025-12-10;7;4179
17;2025-12-10;8;5569
17;2025-12-10;9;3992
17;2025-12-10;10;3177
17;2025-12-10;11;3165
17;2025-12-10;12;3154
17;2025-12-10;13;3278
17;2025-12-10;14;3347
17;2025-12-10;15;3581
17;2025-12-10;16;3968
17;2025-12-10;17;4818
17;2025-12-10;18;5006
17;2025-12-10;19;3547
17;2025-12-10;20;2498
17;2025-12-10;21;1598
17;2025-12-10;22;837
17;2025-12-10;23;459
17;2025-12-11;0;138
17;2025-12-11;1;13
17;2025-12-11;2;0
17;2025-12-11;3;0
17;2025-12-11;4;27
17;2025-12-11;5;309
17;2025-12-11;6;1573
17;2025-12-11;7;4191
17;2025-12-11;8;5534
17;2025-12-11;9;3994
17;2025-12-11;10;3206
17;2025-12-11;11;3165
17;2025-12-11;12;3178
17;2025-12-11;13;3306
17;2025-12-11;14;3336
17;2025-12-11;15;3573
17;2025-12-11;16;4044
17;2025-12-11;17;4801
17;2025-12-11;18;5006
17;2025-12-11;19;3582
17;2025-12-11;20;2571
17;2025-12-11;21;1612
17;2025-12-11;22;832
17;2025-12-11;23;462
17;2025-12-12;0;151
17;2025-12-12;1;18
17;2025-12-12;2;0
17;2025-12-12;3;0
17;2025-12-12;4;25
17;2025-12-12;5;307
17;2025-12-12;6;1588
17;2025-12-12;7;4231
17;2025-12-12;8;5543
17;2025-12-12;9;4032
17;2025-12-12;10;3178
17;2025-12-12;11;3186
17;2025-12-12;12;3183
17;2025-12-12;13;3360
17;2025-12-12;14;3415
17;2025-12-12;15;3834
17;2025-12-12;16;4390
17;2025-12-12;17;5007
17;2025-12-12;18;4676
17;2025-12-12;19;3464
17;2025-12-12;20;2568
17;2025-12-12;21;1719
17;2025-12-12;22;894
17;2025-12-12;23;557
17;2025-12-13;0;218
17;2025-12-13;1;28
17;2025-12-13;2;0
17;2025-12-13;3;0
17;2025-12-13;4;5
17;2025-12-13;5;115
17;2025-12-13;6;597
17;2025-12-13;7;1327
17;2025-12-13;8;1912
17;2025-12-13;9;2400
17;2025-12-13;10;2670
17;2025-12-13;11;3187
17;2025-12-13;12;3533
17;2025-12-13;13;3803
17;2025-12-13;14;3808
17;2025-12-13;15;3769
17;2025-12-13;16;3859
17;2025-12-13;17;3607
17;2025-12-13;18;3244
17;2025-12-13;19;2599
17;2025-12-13;20;2004
17;2025-12-13;21;1478
17;2025-12-13;22;901
17;2025-12-13;23;531
17;2025-12-14;0;198
17;2025-12-14;1;26
17;2025-12-14;2;0
17;2025-12-14;3;0
17;2025-12-14;4;3
17;2025-12-14;5;80
17;2025-12-14;6;428
17;2025-12-14;7;869
17;2025-12-14;8;1248
17;2025-12-14;9;1730
17;2025-12-14;10;2058
17;2025-12-14;11;2657
17;2025-12-14;12;3074
17;2025-12-14;13;3340
17;2025-12-14;14;3448
17;2025-12-14;15;3422
17;2025-12-14;16;3388
17;2025-12-14;17;3259
17;2025-12-14;18;2815
17;2025-12-14;19;2196
17;2025-12-14;20;1656
17;2025-12-14;21;1243
17;2025-12-14;22;767
17;2025-12-14;23;405
17;2025-12-15;0;123
17;2025-12-15;1;14
17;2025-12-15;2;0
17;2025-12-15;3;0
17;2025-12-15;4;28
17;2025-12-15;5;293
17;2025-12-15;6;1534
17;2025-12-15;7;4132
17;2025-12-15;8;5479
17;2025-12-15;9;3929
17;2025-12-15;10;3025
17;2025-12-15;11;3026
17;2025-12-15;12;3019
17;2025-12-15;13;3151
17;2025-12-15;14;3174
17;2025-12-15;15;3409
17;2025-12-15;16;3806
17;2025-12-15;17;4618
17;2025-12-15;18;4922
17;2025-12-15;19;3437
17;2025-12-15;20;2424
17;2025-12-15;21;1507
17;2025-12-15;22;738
17;2025-12-15;23;392
17;2025-12-16;0;112
17;2025-12-16;1;11
17;2025-12-16;2;0
17;2025-12-16;3;0
17;2025-12-16;4;25
17;2025-12-16;5;319
17;2025-12-16;6;1590
17;2025-12-16;7;4242
17;2025-12-16;8;5639
17;2025-12-16;9;4026
17;2025-12-16;10;3150
17;2025-12-16;11;3122
17;2025-12-16;12;3145
17;2025-12-16;13;3277
17;2025-12-16;14;3318
17;2025-12-16;15;3564
17;2025-12-16;16;3907
17;2025-12-16;17;4866
17;2025-12-16;18;5118
17;2025-12-16;19;3601
17;2025-12-16;20;2525
17;2025-12-16;21;1585
17;2025-12-16;22;786
17;2025-12-16;23;436
17;2025-12-17;0;129
17;2025-12-17;1;12
17;2025-12-17;2;0
17;2025-12-17;3;0
17;2025-12-17;4;28
17;2025-12-17;5;301
17;2025-12-17;6;1561
17;2025-12-17;7;4234
17;2025-12-17;8;5642
17;2025-12-17;9;4045
17;2025-12-17;10;3219
17;2025-12-17;11;3206
17;2025-12-17;12;3196
17;2025-12-17;13;3321
17;2025-12-17;14;3391
17;2025-12-17;15;3628
17;2025-12-17;16;4020
17;2025-12-17;17;4881
17;2025-12-17;18;5071
17;2025-12-17;19;3593
17;2025-12-17;20;2530
17;2025-12-17;21;1619
17;2025-12-17;22;848
17;2025-12-17;23;465
17;2025-12-18;0;139
17;2025-12-18;1;13
17;2025-12-18;2;0
17;2025-12-18;3;0
17;2025-12-18;4;28
17;2025-12-18;5;313
17;2025-12-18;6;1594
17;2025-12-18;7;4246
17;2025-12-18;8;5607
17;2025-12-18;9;4046
17;2025-12-18;10;3248
17;2025-12-18;11;3207
17;2025-12-18;12;3220
17;2025-12-18;13;3349
17;2025-12-18;14;3379
17;2025-12-18;15;3620
17;2025-12-18;16;4097
17;2025-12-18;17;4863
17;2025-12-18;18;5071
17;2025-12-18;19;3628
17;2025-12-18;20;2604
17;2025-12-18;21;1633
17;2025-12-18;22;843
17;2025-12-18;23;468
17;2025-12-19;0;153
17;2025-12-19;1;18
17;2025-12-19;2;0
17;2025-12-19;3;0
17;2025-12-19;4;26
17;2025-12-19;5;311
17;2025-12-19;6;1608
17;2025-12-19;7;4286
17;2025-12-19;8;5615
17;2025-12-19;9;4084
17;2025-12-19;10;3219
17;2025-12-19;11;3228
17;2025-12-19;12;3224
17;2025-12-19;13;3404
17;2025-12-19;14;3459
17;2025-12-19;15;3884
17;2025-12-19;16;4447
17;2025-12-19;17;5072
17;2025-12-19;18;4737
17;2025-12-19;19;3509
17;2025-12-19;20;2602
17;2025-12-19;21;1742
17;2025-12-19;22;906
17;2025-12-19;23;564
17;2025-12-20;0;221
17;2025-12-20;1;29
17;2025-12-20;2;0
17;2025-12-20;3;0
17;2025-12-20;4;5
17;2025-12-20;5;116
17;2025-12-20;6;605
17;2025-12-20;7;1344
17;2025-12-20;8;1937
17;2025-12-20;9;2431
17;2025-12-20;10;2705
17;2025-12-20;11;3228
17;2025-12-20;12;3579
17;2025-12-20;13;3852
17;2025-12-20;14;3858
17;2025-12-20;15;3818
17;2025-12-20;16;3909
17;2025-12-20;17;3654
17;2025-12-20;18;3286
17;2025-12-20;19;2633
17;2025-12-20;20;2030
17;2025-12-20;21;1497
17;2025-12-20;22;913
17;2025-12-20;23;538
17;2025-12-21;0;200
17;2025-12-21;1;27
17;2025-12-21;2;0
17;2025-12-21;3;0
17;2025-12-21;4;3
17;2025-12-21;5;81
17;2025-12-21;6;434
17;2025-12-21;7;880
17;2025-12-21;8;1264
17;2025-12-21;9;1753
17;2025-12-21;10;2084
17;2025-12-21;11;2691
17;2025-12-21;12;3114
17;2025-12-21;13;3383
17;2025-12-21;14;3493
17;2025-12-21;15;3466
17;2025-12-21;16;3432
17;2025-12-21;17;3302
17;2025-12-21;18;2852
17;2025-12-21;19;2225
17;2025-12-21;20;1678
17;2025-12-21;21;1259
17;2025-12-21;22;777
17;2025-12-21;23;410
17;2025-12-22;0;124
17;2025-12-22;1;14
17;2025-12-22;2;0
17;2025-12-22;3;0
17;2025-12-22;4;28
17;2025-12-22;5;297
17;2025-12-22;6;1554
17;2025-12-22;7;4186
17;2025-12-22;8;5550
17;2025-12-22;9;3980
17;2025-12-22;10;3064
17;2025-12-22;11;3065
17;2025-12-22;12;3058
17;2025-12-22;13;3192
17;2025-12-22;14;3215
17;2025-12-22;15;3454
17;2025-12-22;16;3856
17;2025-12-22;17;4678
17;2025-12-22;18;4986
17;2025-12-22;19;3481
17;2025-12-22;20;2455
17;2025-12-22;21;1526
17;2025-12-22;22;748
17;2025-12-22;23;397
17;2025-12-23;0;114
17;2025-12-23;1;11
17;2025-12-23;2;0
17;2025-12-23;3;0
17;2025-12-23;4;26
17;2025-12-23;5;323
17;2025-12-23;6;1611
17;2025-12-23;7;4297
17;2025-12-23;8;5712
17;2025-12-23;9;4078
17;2025-12-23;10;3191
17;2025-12-23;11;3162
17;2025-12-23;12;3186
17;2025-12-23;13;3319
17;2025-12-23;14;3361
17;2025-12-23;15;3610
17;2025-12-23;16;3957
17;2025-12-23;17;4929
17;2025-12-23;18;5184
17;2025-12-23;19;3648
17;2025-12-23;20;2557
17;2025-12-23;21;1605
17;2025-12-23;22;796
17;2025-12-23;23;442
17;2025-12-24;0;130
17;2025-12-24;1;12
17;2025-12-24;2;0
17;2025-12-24;3;0
17;2025-12-24;4;28
17;2025-12-24;5;305
17;2025-12-24;6;1581
17;2025-12-24;7;4289
17;2025-12-24;8;5715
17;2025-12-24;9;4097
17;2025-12-24;10;3261
17;2025-12-24;11;3248
17;2025-12-24;12;3237
17;2025-12-24;13;3364
17;2025-12-24;14;3435
17;2025-12-24;15;3675
17;2025-12-24;16;4072
17;2025-12-24;17;4944
17;2025-12-24;18;5137
17;2025-12-24;19;3639
17;2025-12-24;20;2563
17;2025-12-24;21;1639
17;2025-12-24;22;859
17;2025-12-24;23;471
17;2025-12-25;0;141
17;2025-12-25;1;13
17;2025-12-25;2;0
17;2025-12-25;3;0
17;2025-12-25;4;28
17;2025-12-25;5;317
17;2025-12-25;6;1614
17;2025-12-25;7;4301
17;2025-12-25;8;5679
17;2025-12-25;9;4098
17;2025-12-25;10;3290
17;2025-12-25;11;3248
17;2025-12-25;12;3261
17;2025-12-25;13;3393
17;2025-12-25;14;3423
17;2025-12-25;15;3667
17;2025-12-25;16;4150
17;2025-12-25;17;4926
17;2025-12-25;18;5136
17;2025-12-25;19;3675
17;2025-12-25;20;2638
17;2025-12-25;21;1654
17;2025-12-25;22;854
17;2025-12-25;23;474
17;2025-12-26;0;154
17;2025-12-26;1;18
17;2025-12-26;2;0
17;2025-12-26;3;0
17;2025-12-26;4;26
17;2025-12-26;5;315
17;2025-12-26;6;1629
17;2025-12-26;7;4341
17;2025-12-26;8;5687
17;2025-12-26;9;4137
17;2025-12-26;10;3261
17;2025-12-26;11;3269
17;2025-12-26;12;3266
17;2025-12-26;13;3447
17;2025-12-26;14;3504
17;2025-12-26;15;3934
17;2025-12-26;16;4504
17;2025-12-26;17;5137
17;2025-12-26;18;4798
17;2025-12-26;19;3554
17;2025-12-26;20;2635
17;2025-12-26;21;1764
17;2025-12-26;22;917
17;2025-12-26;23;572
17;2025-12-27;0;224
17;2025-12-27;1;29
17;2025-12-27;2;0
17;2025-12-27;3;0
17;2025-12-27;4;5
17;2025-12-27;5;118
17;2025-12-27;6;611
17;2025-12-27;7;1359
17;2025-12-27;8;1959
17;2025-12-27;9;2458
17;2025-12-27;10;2734
17;2025-12-27;11;3264
17;2025-12-27;12;3618
17;2025-12-27;13;3895
17;2025-12-27;14;3900
17;2025-12-27;15;3860
17;2025-12-27;16;3952
17;2025-12-27;17;3694
17;2025-12-27;18;3322
17;2025-12-27;19;2662
17;2025-12-27;20;2053
17;2025-12-27;21;1514
17;2025-12-27;22;923
17;2025-12-27;23;543
17;2025-12-28;0;202
17;2025-12-28;1;27
17;2025-12-28;2;0
17;2025-12-28;3;0
17;2025-12-28;4;3
17;2025-12-28;5;82
17;2025-12-28;6;438
17;2025-12-28;7;888
17;2025-12-28;8;1276
17;2025-12-28;9;1769
17;2025-12-28;10;2103
17;2025-12-28;11;2716
17;2025-12-28;12;3143
17;2025-12-28;13;3414
17;2025-12-28;14;3525
17;2025-12-28;15;3498
17;2025-12-28;16;3464
17;2025-12-28;17;3332
17;2025-12-28;18;2878
17;2025-12-28;19;2245
17;2025-12-28;20;1693
17;2025-12-28;21;1271
17;2025-12-28;22;784
17;2025-12-28;23;414
17;2025-12-29;0;111
17;2025-12-29;1;13
17;2025-12-29;2;0
17;2025-12-29;3;0
17;2025-12-29;4;25
17;2025-12-29;5;287
17;2025-12-29;6;1453
17;2025-12-29;7;3865
17;2025-12-29;8;5106
17;2025-12-29;9;3609
17;2025-12-29;10;2758
17;2025-12-29;11;2702
17;2025-12-29;12;2726
17;2025-12-29;13;2814
17;2025-12-29;14;2867
17;2025-12-29;15;2978
17;2025-12-29;16;3426
17;2025-12-29;17;4100
17;2025-12-29;18;4439
17;2025-12-29;19;2894
17;2025-12-29;20;2034
17;2025-12-29;21;1292
17;2025-12-29;22;618
17;2025-12-29;23;305
17;2025-12-30;0;97
17;2025-12-30;1;9
17;2025-12-30;2;0
17;2025-12-30;3;0
17;2025-12-30;4;22
17;2025-12-30;5;298
17;2025-12-30;6;1420
17;2025-12-30;7;3858
17;2025-12-30;8;4922
17;2025-12-30;9;3529
17;2025-12-30;10;2730
17;2025-12-30;11;2713
17;2025-12-30;12;2723
17;2025-12-30;13;2744
17;2025-12-30;14;2854
17;2025-12-30;15;2895
17;2025-12-30;16;3259
17;2025-12-30;17;4173
17;2025-12-30;18;4463
17;2025-12-30;19;3094
17;2025-12-30;20;2130
17;2025-12-30;21;1321
17;2025-12-30;22;630
17;2025-12-30;23;330
17;2025-12-31;0;174
17;2025-12-31;1;23
17;2025-12-31;2;0
17;2025-12-31;3;0
17;2025-12-31;4;3
17;2025-12-31;5;104
17;2025-12-31;6;425
17;2025-12-31;7;861
17;2025-12-31;8;1252
17;2025-12-31;9;1666
17;2025-12-31;10;1922
17;2025-12-31;11;2381
17;2025-12-31;12;2689
17;2025-12-31;13;2913
17;2025-12-31;14;2988
17;2025-12-31;15;2960
17;2025-12-31;16;2910
17;2025-12-31;17;2725
17;2025-12-31;18;2406
17;2025-12-31;19;1929
17;2025-12-31;20;1474
17;2025-12-31;21;1073
17;2025-12-31;22;666
17;2025-12-31;23;325
25;2025-11-01;0;2
25;2025-11-01;1;0
25;2025-11-01;2;0
25;2025-11-01;3;0
25;2025-11-01;4;0
25;2025-11-01;5;15
25;2025-11-01;6;204
25;2025-11-01;7;396
25;2025-11-01;8;655
25;2025-11-01;9;393
25;2025-11-01;10;370
25;2025-11-01;11;438
25;2025-11-01;12;435
25;2025-11-01;13;611
25;2025-11-01;14;575
25;2025-11-01;15;707
25;2025-11-01;16;781
25;2025-11-01;17;710
25;2025-11-01;18;635
25;2025-11-01;19;542
25;2025-11-01;20;309
25;2025-11-01;21;225
25;2025-11-01;22;125
25;2025-11-01;23;30
25;2025-11-02;0;16
25;2025-11-02;1;0
25;2025-11-02;2;0
25;2025-11-02;3;0
25;2025-11-02;4;0
25;2025-11-02;5;9
25;2025-11-02;6;95
25;2025-11-02;7;102
25;2025-11-02;8;194
25;2025-11-02;9;218
25;2025-11-02;10;221
25;2025-11-02;11;314
25;2025-11-02;12;370
25;2025-11-02;13;485
25;2025-11-02;14;553
25;2025-11-02;15;640
25;2025-11-02;16;536
25;2025-11-02;17;520
25;2025-11-02;18;419
25;2025-11-02;19;310
25;2025-11-02;20;238
25;2025-11-02;21;157
25;2025-11-02;22;99
25;2025-11-02;23;37
25;2025-11-03;0;13
25;2025-11-03;1;0
25;2025-11-03;2;0
25;2025-11-03;3;0
25;2025-11-03;4;0
25;2025-11-03;5;10
25;2025-11-03;6;101
25;2025-11-03;7;109
25;2025-11-03;8;221
25;2025-11-03;9;231
25;2025-11-03;10;236
25;2025-11-03;11;331
25;2025-11-03;12;375
25;2025-11-03;13;518
25;2025-11-03;14;573
25;2025-11-03;15;664
25;2025-11-03;16;569
25;2025-11-03;17;527
25;2025-11-03;18;438
25;2025-11-03;19;340
25;2025-11-03;20;240
25;2025-11-03;21;167
25;2025-11-03;22;103
25;2025-11-03;23;39
25;2025-11-04;0;13
25;2025-11-04;1;0
25;2025-11-04;2;0
25;2025-11-04;3;0
25;2025-11-04;4;0
25;2025-11-04;5;9
25;2025-11-04;6;89
25;2025-11-04;7;96
25;2025-11-04;8;190
25;2025-11-04;9;204
25;2025-11-04;10;207
25;2025-11-04;11;293
25;2025-11-04;12;336
25;2025-11-04;13;456
25;2025-11-04;14;510
25;2025-11-04;15;590
25;2025-11-04;16;502
25;2025-11-04;17;473
25;2025-11-04;18;389
25;2025-11-04;19;296
25;2025-11-04;20;216
25;2025-11-04;21;147
25;2025-11-04;22;92
25;2025-11-04;23;34
25;2025-11-05;0;0
25;2025-11-05;1;0
25;2025-11-05;2;0
25;2025-11-05;3;0
25;2025-11-05;4;0
25;2025-11-05;5;21
25;2025-11-05;6;250
25;2025-11-05;7;545
25;2025-11-05;8;928
25;2025-11-05;9;506
25;2025-11-05;10;419
25;2025-11-05;11;460
25;2025-11-05;12;466
25;2025-11-05;13;566
25;2025-11-05;14;470
25;2025-11-05;15;601
25;2025-11-05;16;688
25;2025-11-05;17;848
25;2025-11-05;18;869
25;2025-11-05;19;630
25;2025-11-05;20;358
25;2025-11-05;21;261
25;2025-11-05;22;113
25;2025-11-05;23;16
25;2025-11-06;0;2
25;2025-11-06;1;0
25;2025-11-06;2;0
25;2025-11-06;3;0
25;2025-11-06;4;0
25;2025-11-06;5;23
25;2025-11-06;6;248
25;2025-11-06;7;535
25;2025-11-06;8;880
25;2025-11-06;9;494
25;2025-11-06;10;417
25;2025-11-06;11;449
25;2025-11-06;12;454
25;2025-11-06;13;529
25;2025-11-06;14;501
25;2025-11-06;15;606
25;2025-11-06;16;686
25;2025-11-06;17;760
25;2025-11-06;18;803
25;2025-11-06;19;596
25;2025-11-06;20;318
25;2025-11-06;21;215
25;2025-11-06;22;97
25;2025-11-06;23;13
25;2025-11-07;0;1
25;2025-11-07;1;0
25;2025-11-07;2;0
25;2025-11-07;3;0
25;2025-11-07;4;0
25;2025-11-07;5;17
25;2025-11-07;6;253
25;2025-11-07;7;553
25;2025-11-07;8;883
25;2025-11-07;9;488
25;2025-11-07;10;407
25;2025-11-07;11;444
25;2025-11-07;12;448
25;2025-11-07;13;543
25;2025-11-07;14;487
25;2025-11-07;15;622
25;2025-11-07;16;751
25;2025-11-07;17;774
25;2025-11-07;18;732
25;2025-11-07;19;574
25;2025-11-07;20;352
25;2025-11-07;21;227
25;2025-11-07;22;110
25;2025-11-07;23;21
25;2025-11-08;0;10
25;2025-11-08;1;0
25;2025-11-08;2;0
25;2025-11-08;3;0
25;2025-11-08;4;0
25;2025-11-08;5;17
25;2025-11-08;6;130
25;2025-11-08;7;183
25;2025-11-08;8;323
25;2025-11-08;9;310
25;2025-11-08;10;309
25;2025-11-08;11;403
25;2025-11-08;12;447
25;2025-11-08;13;622
25;2025-11-08;14;612
25;2025-11-08;15;674
25;2025-11-08;16;676
25;2025-11-08;17;594
25;2025-11-08;18;532
25;2025-11-08;19;452
25;2025-11-08;20;281
25;2025-11-08;21;215
25;2025-11-08;22;122
25;2025-11-08;23;43
25;2025-11-09;0;17
25;2025-11-09;1;0
25;2025-11-09;2;0
25;2025-11-09;3;0
25;2025-11-09;4;0
25;2025-11-09;5;9
25;2025-11-09;6;97
25;2025-11-09;7;125
25;2025-11-09;8;195
25;2025-11-09;9;229
25;2025-11-09;10;242
25;2025-11-09;11;331
25;2025-11-09;12;396
25;2025-11-09;13;499
25;2025-11-09;14;542
25;2025-11-09;15;576
25;2025-11-09;16;553
25;2025-11-09;17;543
25;2025-11-09;18;453
25;2025-11-09;19;321
25;2025-11-09;20;232
25;2025-11-09;21;167
25;2025-11-09;22;103
25;2025-11-09;23;33
25;2025-11-10;0;7
25;2025-11-10;1;0
25;2025-11-10;2;0
25;2025-11-10;3;0
25;2025-11-10;4;0
25;2025-11-10;5;20
25;2025-11-10;6;242
25;2025-11-10;7;534
25;2025-11-10;8;918
25;2025-11-10;9;516
25;2025-11-10;10;369
25;2025-11-10;11;424
25;2025-11-10;12;436
25;2025-11-10;13;527
25;2025-11-10;14;470
25;2025-11-10;15;538
25;2025-11-10;16;672
25;2025-11-10;17;771
25;2025-11-10;18;784
25;2025-11-10;19;585
25;2025-11-10;20;341
25;2025-11-10;21;213
25;2025-11-10;22;94
25;2025-11-10;23;17
25;2025-11-11;0;4
25;2025-11-11;1;0
25;2025-11-11;2;0
25;2025-11-11;3;0
25;2025-11-11;4;0
25;2025-11-11;5;18
25;2025-11-11;6;242
25;2025-11-11;7;535
25;2025-11-11;8;908
25;2025-11-11;9;486
25;2025-11-11;10;384
25;2025-11-11;11;421
25;2025-11-11;12;432
25;2025-11-11;13;490
25;2025-11-11;14;470
25;2025-11-11;15;572
25;2025-11-11;16;654
25;2025-11-11;17;748
25;2025-11-11;18;764
25;2025-11-11;19;577
25;2025-11-11;20;328
25;2025-11-11;21;212
25;2025-11-11;22;92
25;2025-11-11;23;12
25;2025-11-12;0;0
25;2025-11-12;1;0
25;2025-11-12;2;0
25;2025-11-12;3;0
25;2025-11-12;4;0
25;2025-11-12;5;21
25;2025-11-12;6;250
25;2025-11-12;7;546
25;2025-11-12;8;928
25;2025-11-12;9;506
25;2025-11-12;10;419
25;2025-11-12;11;459
25;2025-11-12;12;465
25;2025-11-12;13;566
25;2025-11-12;14;470
25;2025-11-12;15;601
25;2025-11-12;16;688
25;2025-11-12;17;849
25;2025-11-12;18;869
25;2025-11-12;19;630
25;2025-11-12;20;358
25;2025-11-12;21;261
25;2025-11-12;22;113
25;2025-11-12;23;16
25;2025-11-13;0;2
25;2025-11-13;1;0
25;2025-11-13;2;0
25;2025-11-13;3;0
25;2025-11-13;4;0
25;2025-11-13;5;23
25;2025-11-13;6;249
25;2025-11-13;7;536
25;2025-11-13;8;881
25;2025-11-13;9;495
25;2025-11-13;10;417
25;2025-11-13;11;448
25;2025-11-13;12;454
25;2025-11-13;13;529
25;2025-11-13;14;501
25;2025-11-13;15;606
25;2025-11-13;16;686
25;2025-11-13;17;759
25;2025-11-13;18;802
25;2025-11-13;19;595
25;2025-11-13;20;318
25;2025-11-13;21;215
25;2025-11-13;22;97
25;2025-11-13;23;13
25;2025-11-14;0;1
25;2025-11-14;1;0
25;2025-11-14;2;0
25;2025-11-14;3;0
25;2025-11-14;4;0
25;2025-11-14;5;17
25;2025-11-14;6;254
25;2025-11-14;7;553
25;2025-11-14;8;883
25;2025-11-14;9;489
25;2025-11-14;10;406
25;2025-11-14;11;444
25;2025-11-14;12;448
25;2025-11-14;13;543
25;2025-11-14;14;487
25;2025-11-14;15;622
25;2025-11-14;16;751
25;2025-11-14;17;774
25;2025-11-14;18;731
25;2025-11-14;19;574
25;2025-11-14;20;352
25;2025-11-14;21;227
25;2025-11-14;22;110
25;2025-11-14;23;21
25;2025-11-15;0;10
25;2025-11-15;1;0
25;2025-11-15;2;0
25;2025-11-15;3;0
25;2025-11-15;4;0
25;2025-11-15;5;17
25;2025-11-15;6;130
25;2025-11-15;7;183
25;2025-11-15;8;323
25;2025-11-15;9;310
25;2025-11-15;10;309
25;2025-11-15;11;403
25;2025-11-15;12;447
25;2025-11-15;13;622
25;2025-11-15;14;612
25;2025-11-15;15;674
25;2025-11-15;16;676
25;2025-11-15;17;594
25;2025-11-15;18;532
25;2025-11-15;19;452
25;2025-11-15;20;281
25;2025-11-15;21;215
25;2025-11-15;22;122
25;2025-11-15;23;43
25;2025-11-16;0;17
25;2025-11-16;1;0
25;2025-11-16;2;0
25;2025-11-16;3;0
25;2025-11-16;4;0
25;2025-11-16;5;9
25;2025-11-16;6;97
25;2025-11-16;7;125
25;2025-11-16;8;195
25;2025-11-16;9;229
25;2025-11-16;10;242
25;2025-11-16;11;332
25;2025-11-16;12;397
25;2025-11-16;13;500
25;2025-11-16;14;543
25;2025-11-16;15;577
25;2025-11-16;16;554
25;2025-11-16;17;544
25;2025-11-16;18;454
25;2025-11-16;19;322
25;2025-11-16;20;232
25;2025-11-16;21;167
25;2025-11-16;22;103
25;2025-11-16;23;33
25;2025-11-17;0;7
25;2025-11-17;1;0
25;2025-11-17;2;0
25;2025-11-17;3;0
25;2025-11-17;4;0
25;2025-11-17;5;20
25;2025-11-17;6;243
25;2025-11-17;7;536
25;2025-11-17;8;922
25;2025-11-17;9;518
25;2025-11-17;10;370
25;2025-11-17;11;426
25;2025-11-17;12;438
25;2025-11-17;13;529
25;2025-11-17;14;472
25;2025-11-17;15;540
25;2025-11-17;16;675
25;2025-11-17;17;774
25;2025-11-17;18;787
25;2025-11-17;19;587
25;2025-11-17;20;342
25;2025-11-17;21;214
25;2025-11-17;22;94
25;2025-11-17;23;17
25;2025-11-18;0;4
25;2025-11-18;1;0
25;2025-11-18;2;0
25;2025-11-18;3;0
25;2025-11-18;4;0
25;2025-11-18;5;18
25;2025-11-18;6;243
25;2025-11-18;7;538
25;2025-11-18;8;913
25;2025-11-18;9;489
25;2025-11-18;10;386
25;2025-11-18;11;423
25;2025-11-18;12;435
25;2025-11-18;13;493
25;2025-11-18;14;473
25;2025-11-18;15;575
25;2025-11-18;16;658
25;2025-11-18;17;752
25;2025-11-18;18;768
25;2025-11-18;19;580
25;2025-11-18;20;330
25;2025-11-18;21;213
25;2025-11-18;22;93
25;2025-11-18;23;12
25;2025-11-19;0;0
25;2025-11-19;1;0
25;2025-11-19;2;0
25;2025-11-19;3;0
25;2025-11-19;4;0
25;2025-11-19;5;21
25;2025-11-19;6;252
25;2025-11-19;7;550
25;2025-11-19;8;935
25;2025-11-19;9;510
25;2025-11-19;10;422
25;2025-11-19;11;464
25;2025-11-19;12;469
25;2025-11-19;13;570
25;2025-11-19;14;474
25;2025-11-19;15;606
25;2025-11-19;16;693
25;2025-11-19;17;855
25;2025-11-19;18;876
25;2025-11-19;19;635
25;2025-11-19;20;361
25;2025-11-19;21;263
25;2025-11-19;22;114
25;2025-11-19;23;16
25;2025-11-20;0;2
25;2025-11-20;1;0
25;2025-11-20;2;0
25;2025-11-20;3;0
25;2025-11-20;4;0
25;2025-11-20;5;23
25;2025-11-20;6;251
25;2025-11-20;7;541
25;2025-11-20;8;890
25;2025-11-20;9;500
25;2025-11-20;10;421
25;2025-11-20;11;453
25;2025-11-20;12;458
25;2025-11-20;13;534
25;2025-11-20;14;506
25;2025-11-20;15;612
25;2025-11-20;16;693
25;2025-11-20;17;766
25;2025-11-20;18;810
25;2025-11-20;19;601
25;2025-11-20;20;321
25;2025-11-20;21;216
25;2025-11-20;22;98
25;2025-11-20;23;13
25;2025-11-21;0;0
25;2025-11-21;1;0
25;2025-11-21;2;0
25;2025-11-21;3;0
25;2025-11-21;4;0
25;2025-11-21;5;17
25;2025-11-21;6;257
25;2025-11-21;7;560
25;2025-11-21;8;893
25;2025-11-21;9;495
25;2025-11-21;10;411
25;2025-11-21;11;449
25;2025-11-21;12;454
25;2025-11-21;13;550
25;2025-11-21;14;494
25;2025-11-21;15;629
25;2025-11-21;16;760
25;2025-11-21;17;783
25;2025-11-21;18;740
25;2025-11-21;19;581
25;2025-11-21;20;355
25;2025-11-21;21;230
25;2025-11-21;22;110
25;2025-11-21;23;20
25;2025-11-22;0;10
25;2025-11-22;1;0
25;2025-11-22;2;0
25;2025-11-22;3;0
25;2025-11-22;4;0
25;2025-11-22;5;17
25;2025-11-22;6;132
25;2025-11-22;7;186
25;2025-11-22;8;327
25;2025-11-22;9;315
25;2025-11-22;10;313
25;2025-11-22;11;409
25;2025-11-22;12;453
25;2025-11-22;13;631
25;2025-11-22;14;620
25;2025-11-22;15;684
25;2025-11-22;16;685
25;2025-11-22;17;602
25;2025-11-22;18;539
25;2025-11-22;19;458
25;2025-11-22;20;284
25;2025-11-22;21;218
25;2025-11-22;22;124
25;2025-11-22;23;43
25;2025-11-23;0;17
25;2025-11-23;1;0
25;2025-11-23;2;0
25;2025-11-23;3;0
25;2025-11-23;4;0
25;2025-11-23;5;9
25;2025-11-23;6;99
25;2025-11-23;7;127
25;2025-11-23;8;198
25;2025-11-23;9;233
25;2025-11-23;10;246
25;2025-11-23;11;336
25;2025-11-23;12;402
25;2025-11-23;13;507
25;2025-11-23;14;550
25;2025-11-23;15;585
25;2025-11-23;16;562
25;2025-11-23;17;552
25;2025-11-23;18;460
25;2025-11-23;19;326
25;2025-11-23;20;236
25;2025-11-23;21;170
25;2025-11-23;22;105
25;2025-11-23;23;34
25;2025-11-24;0;7
25;2025-11-24;1;0
25;2025-11-24;2;0
25;2025-11-24;3;0
25;2025-11-24;4;0
25;2025-11-24;5;20
25;2025-11-24;6;246
25;2025-11-24;7;543
25;2025-11-24;8;934
25;2025-11-24;9;525
25;2025-11-24;10;376
25;2025-11-24;11;431
25;2025-11-24;12;444
25;2025-11-24;13;536
25;2025-11-24;14;478
25;2025-11-24;15;547
25;2025-11-24;16;684
25;2025-11-24;17;785
25;2025-11-24;18;798
25;2025-11-24;19;595
25;2025-11-24;20;347
25;2025-11-24;21;217
25;2025-11-24;22;96
25;2025-11-24;23;17
25;2025-11-25;0;4
25;2025-11-25;1;0
25;2025-11-25;2;0
25;2025-11-25;3;0
25;2025-11-25;4;0
25;2025-11-25;5;18
25;2025-11-25;6;247
25;2025-11-25;7;545
25;2025-11-25;8;926
25;2025-11-25;9;496
25;2025-11-25;10;392
25;2025-11-25;11;429
25;2025-11-25;12;440
25;2025-11-25;13;500
25;2025-11-25;14;479
25;2025-11-25;15;583
25;2025-11-25;16;667
25;2025-11-25;17;763
25;2025-11-25;18;779
25;2025-11-25;19;588
25;2025-11-25;20;334
25;2025-11-25;21;216
25;2025-11-25;22;94
25;2025-11-25;23;12
25;2025-11-26;0;0
25;2025-11-26;1;0
25;2025-11-26;2;0
25;2025-11-26;3;0
25;2025-11-26;4;0
25;2025-11-26;5;21
25;2025-11-26;6;255
25;2025-11-26;7;558
25;2025-11-26;8;948
25;2025-11-26;9;517
25;2025-11-26;10;428
25;2025-11-26;11;470
25;2025-11-26;12;475
25;2025-11-26;13;578
25;2025-11-26;14;480
25;2025-11-26;15;614
25;2025-11-26;16;703
25;2025-11-26;17;866
25;2025-11-26;18;888
25;2025-11-26;19;644
25;2025-11-26;20;366
25;2025-11-26;21;267
25;2025-11-26;22;115
25;2025-11-26;23;16
25;2025-11-27;0;2
25;2025-11-27;1;0
25;2025-11-27;2;0
25;2025-11-27;3;0
25;2025-11-27;4;0
25;2025-11-27;5;24
25;2025-11-27;6;255
25;2025-11-27;7;549
25;2025-11-27;8;902
25;2025-11-27;9;507
25;2025-11-27;10;427
25;2025-11-27;11;460
25;2025-11-27;12;465
25;2025-11-27;13;541
25;2025-11-27;14;513
25;2025-11-27;15;620
25;2025-11-27;16;702
25;2025-11-27;17;777
25;2025-11-27;18;821
25;2025-11-27;19;609
25;2025-11-27;20;325
25;2025-11-27;21;219
25;2025-11-27;22;99
25;2025-11-27;23;13
25;2025-11-28;0;0
25;2025-11-28;1;0
25;2025-11-28;2;0
25;2025-11-28;3;0
25;2025-11-28;4;0
25;2025-11-28;5;17
25;2025-11-28;6;260
25;2025-11-28;7;567
25;2025-11-28;8;905
25;2025-11-28;9;501
25;2025-11-28;10;416
25;2025-11-28;11;455
25;2025-11-28;12;460
25;2025-11-28;13;558
25;2025-11-28;14;500
25;2025-11-28;15;638
25;2025-11-28;16;770
25;2025-11-28;17;794
25;2025-11-28;18;750
25;2025-11-28;19;589
25;2025-11-28;20;360
25;2025-11-28;21;233
25;2025-11-28;22;112
25;2025-11-28;23;21
25;2025-11-29;0;9
25;2025-11-29;1;0
25;2025-11-29;2;0
25;2025-11-29;3;0
25;2025-11-29;4;0
25;2025-11-29;5;17
25;2025-11-29;6;134
25;2025-11-29;7;188
25;2025-11-29;8;332
25;2025-11-29;9;320
25;2025-11-29;10;317
25;2025-11-29;11;414
25;2025-11-29;12;459
25;2025-11-29;13;639
25;2025-11-29;14;629
25;2025-11-29;15;694
25;2025-11-29;16;695
25;2025-11-29;17;610
25;2025-11-29;18;547
25;2025-11-29;19;464
25;2025-11-29;20;288
25;2025-11-29;21;221
25;2025-11-29;22;125
25;2025-11-29;23;43
25;2025-11-30;0;17
25;2025-11-30;1;0
25;2025-11-30;2;0
25;2025-11-30;3;0
25;2025-11-30;4;0
25;2025-11-30;5;9
25;2025-11-30;6;100
25;2025-11-30;7;129
25;2025-11-30;8;201
25;2025-11-30;9;236
25;2025-11-30;10;249
25;2025-11-30;11;341
25;2025-11-30;12;408
25;2025-11-30;13;514
25;2025-11-30;14;558
25;2025-11-30;15;593
25;2025-11-30;16;569
25;2025-11-30;17;559
25;2025-11-30;18;466
25;2025-11-30;19;330
25;2025-11-30;20;239
25;2025-11-30;21;172
25;2025-11-30;22;106
25;2025-11-30;23;34
25;2025-12-01;0;7
25;2025-12-01;1;0
25;2025-12-01;2;0
25;2025-12-01;3;0
25;2025-12-01;4;0
25;2025-12-01;5;21
25;2025-12-01;6;250
25;2025-12-01;7;551
25;2025-12-01;8;948
25;2025-12-01;9;532
25;2025-12-01;10;381
25;2025-12-01;11;437
25;2025-12-01;12;449
25;2025-12-01;13;544
25;2025-12-01;14;485
25;2025-12-01;15;555
25;2025-12-01;16;693
25;2025-12-01;17;794
25;2025-12-01;18;809
25;2025-12-01;19;603
25;2025-12-01;20;352
25;2025-12-01;21;220
25;2025-12-01;22;97
25;2025-12-01;23;18
25;2025-12-02;0;4
25;2025-12-02;1;0
25;2025-12-02;2;0
25;2025-12-02;3;0
25;2025-12-02;4;0
25;2025-12-02;5;19
25;2025-12-02;6;250
25;2025-12-02;7;553
25;2025-12-02;8;938
25;2025-12-02;9;502
25;2025-12-02;10;397
25;2025-12-02;11;435
25;2025-12-02;12;446
25;2025-12-02;13;506
25;2025-12-02;14;486
25;2025-12-02;15;591
25;2025-12-02;16;676
25;2025-12-02;17;773
25;2025-12-02;18;789
25;2025-12-02;19;596
25;2025-12-02;20;339
25;2025-12-02;21;219
25;2025-12-02;22;95
25;2025-12-02;23;12
25;2025-12-03;0;0
25;2025-12-03;1;0
25;2025-12-03;2;0
25;2025-12-03;3;0
25;2025-12-03;4;0
25;2025-12-03;5;22
25;2025-12-03;6;259
25;2025-12-03;7;565
25;2025-12-03;8;961
25;2025-12-03;9;524
25;2025-12-03;10;434
25;2025-12-03;11;476
25;2025-12-03;12;481
25;2025-12-03;13;586
25;2025-12-03;14;487
25;2025-12-03;15;621
25;2025-12-03;16;712
25;2025-12-03;17;878
25;2025-12-03;18;899
25;2025-12-03;19;652
25;2025-12-03;20;371
25;2025-12-03;21;271
25;2025-12-03;22;118
25;2025-12-03;23;17
25;2025-12-04;0;2
25;2025-12-04;1;0
25;2025-12-04;2;0
25;2025-12-04;3;0
25;2025-12-04;4;0
25;2025-12-04;5;24
25;2025-12-04;6;256
25;2025-12-04;7;551
25;2025-12-04;8;906
25;2025-12-04;9;507
25;2025-12-04;10;429
25;2025-12-04;11;462
25;2025-12-04;12;467
25;2025-12-04;13;545
25;2025-12-04;14;516
25;2025-12-04;15;632
25;2025-12-04;16;714
25;2025-12-04;17;788
25;2025-12-04;18;834
25;2025-12-04;19;621
25;2025-12-04;20;336
25;2025-12-04;21;230
25;2025-12-04;22;108
25;2025-12-04;23;21
25;2025-12-05;0;0
25;2025-12-05;1;0
25;2025-12-05;2;0
25;2025-12-05;3;0
25;2025-12-05;4;0
25;2025-12-05;5;18
25;2025-12-05;6;262
25;2025-12-05;7;569
25;2025-12-05;8;908
25;2025-12-05;9;504
25;2025-12-05;10;418
25;2025-12-05;11;457
25;2025-12-05;12;461
25;2025-12-05;13;560
25;2025-12-05;14;502
25;2025-12-05;15;647
25;2025-12-05;16;779
25;2025-12-05;17;804
25;2025-12-05;18;764
25;2025-12-05;19;602
25;2025-12-05;20;373
25;2025-12-05;21;245
25;2025-12-05;22;122
25;2025-12-05;23;30
25;2025-12-06;0;9
25;2025-12-06;1;0
25;2025-12-06;2;0
25;2025-12-06;3;0
25;2025-12-06;4;0
25;2025-12-06;5;15
25;2025-12-06;6;132
25;2025-12-06;7;184
25;2025-12-06;8;330
25;2025-12-06;9;319
25;2025-12-06;10;317
25;2025-12-06;11;414
25;2025-12-06;12;460
25;2025-12-06;13;639
25;2025-12-06;14;630
25;2025-12-06;15;706
25;2025-12-06;16;708
25;2025-12-06;17;622
25;2025-12-06;18;560
25;2025-12-06;19;477
25;2025-12-06;20;299
25;2025-12-06;21;232
25;2025-12-06;22;134
25;2025-12-06;23;51
25;2025-12-07;0;18
25;2025-12-07;1;0
25;2025-12-07;2;0
25;2025-12-07;3;0
25;2025-12-07;4;0
25;2025-12-07;5;6
25;2025-12-07;6;99
25;2025-12-07;7;127
25;2025-12-07;8;198
25;2025-12-07;9;235
25;2025-12-07;10;248
25;2025-12-07;11;340
25;2025-12-07;12;408
25;2025-12-07;13;513
25;2025-12-07;14;559
25;2025-12-07;15;604
25;2025-12-07;16;579
25;2025-12-07;17;570
25;2025-12-07;18;478
25;2025-12-07;19;341
25;2025-12-07;20;248
25;2025-12-07;21;180
25;2025-12-07;22;114
25;2025-12-07;23;41
25;2025-12-08;0;7
25;2025-12-08;1;0
25;2025-12-08;2;0
25;2025-12-08;3;0
25;2025-12-08;4;0
25;2025-12-08;5;17
25;2025-12-08;6;248
25;2025-12-08;7;550
25;2025-12-08;8;950
25;2025-12-08;9;533
25;2025-12-08;10;380
25;2025-12-08;11;437
25;2025-12-08;12;449
25;2025-12-08;13;541
25;2025-12-08;14;484
25;2025-12-08;15;569
25;2025-12-08;16;708
25;2025-12-08;17;810
25;2025-12-08;18;827
25;2025-12-08;19;620
25;2025-12-08;20;365
25;2025-12-08;21;232
25;2025-12-08;22;107
25;2025-12-08;23;27
25;2025-12-09;0;4
25;2025-12-09;1;0
25;2025-12-09;2;0
25;2025-12-09;3;0
25;2025-12-09;4;0
25;2025-12-09;5;15
25;2025-12-09;6;248
25;2025-12-09;7;553
25;2025-12-09;8;942
25;2025-12-09;9;503
25;2025-12-09;10;397
25;2025-12-09;11;436
25;2025-12-09;12;446
25;2025-12-09;13;504
25;2025-12-09;14;486
25;2025-12-09;15;605
25;2025-12-09;16;690
25;2025-12-09;17;788
25;2025-12-09;18;806
25;2025-12-09;19;611
25;2025-12-09;20;352
25;2025-12-09;21;230
25;2025-12-09;22;105
25;2025-12-09;23;20
25;2025-12-10;0;0
25;2025-12-10;1;0
25;2025-12-10;2;0
25;2025-12-10;3;0
25;2025-12-10;4;0
25;2025-12-10;5;18
25;2025-12-10;6;257
25;2025-12-10;7;563
25;2025-12-10;8;963
25;2025-12-10;9;524
25;2025-12-10;10;433
25;2025-12-10;11;476
25;2025-12-10;12;481
25;2025-12-10;13;584
25;2025-12-10;14;486
25;2025-12-10;15;637
25;2025-12-10;16;728
25;2025-12-10;17;896
25;2025-12-10;18;918
25;2025-12-10;19;668
25;2025-12-10;20;385
25;2025-12-10;21;284
25;2025-12-10;22;128
25;2025-12-10;23;26
25;2025-12-11;0;2
25;2025-12-11;1;0
25;2025-12-11;2;0
25;2025-12-11;3;0
25;2025-12-11;4;0
25;2025-12-11;5;20
25;2025-12-11;6;256
25;2025-12-11;7;556
25;2025-12-11;8;916
25;2025-12-11;9;514
25;2025-12-11;10;433
25;2025-12-11;11;467
25;2025-12-11;12;472
25;2025-12-11;13;546
25;2025-12-11;14;518
25;2025-12-11;15;643
25;2025-12-11;16;727
25;2025-12-11;17;803
25;2025-12-11;18;850
25;2025-12-11;19;633
25;2025-12-11;20;343
25;2025-12-11;21;234
25;2025-12-11;22;109
25;2025-12-11;23;22
25;2025-12-12;0;0
25;2025-12-12;1;0
25;2025-12-12;2;0
25;2025-12-12;3;0
25;2025-12-12;4;0
25;2025-12-12;5;14
25;2025-12-12;6;262
25;2025-12-12;7;574
25;2025-12-12;8;920
25;2025-12-12;9;509
25;2025-12-12;10;422
25;2025-12-12;11;462
25;2025-12-12;12;465
25;2025-12-12;13;562
25;2025-12-12;14;504
25;2025-12-12;15;660
25;2025-12-12;16;794
25;2025-12-12;17;819
25;2025-12-12;18;779
25;2025-12-12;19;613
25;2025-12-12;20;380
25;2025-12-12;21;250
25;2025-12-12;22;124
25;2025-12-12;23;31
25;2025-12-13;0;9
25;2025-12-13;1;0
25;2025-12-13;2;0
25;2025-12-13;3;0
25;2025-12-13;4;0
25;2025-12-13;5;15
25;2025-12-13;6;134
25;2025-12-13;7;187
25;2025-12-13;8;334
25;2025-12-13;9;323
25;2025-12-13;10;321
25;2025-12-13;11;420
25;2025-12-13;12;466
25;2025-12-13;13;648
25;2025-12-13;14;638
25;2025-12-13;15;715
25;2025-12-13;16;717
25;2025-12-13;17;630
25;2025-12-13;18;568
25;2025-12-13;19;483
25;2025-12-13;20;303
25;2025-12-13;21;235
25;2025-12-13;22;136
25;2025-12-13;23;52
25;2025-12-14;0;18
25;2025-12-14;1;0
25;2025-12-14;2;0
25;2025-12-14;3;0
25;2025-12-14;4;0
25;2025-12-14;5;6
25;2025-12-14;6;100
25;2025-12-14;7;129
25;2025-12-14;8;201
25;2025-12-14;9;238
25;2025-12-14;10;252
25;2025-12-14;11;345
25;2025-12-14;12;413
25;2025-12-14;13;520
25;2025-12-14;14;566
25;2025-12-14;15;612
25;2025-12-14;16;587
25;2025-12-14;17;577
25;2025-12-14;18;484
25;2025-12-14;19;346
25;2025-12-14;20;252
25;2025-12-14;21;183
25;2025-12-14;22;115
25;2025-12-14;23;41
25;2025-12-15;0;7
25;2025-12-15;1;0
25;2025-12-15;2;0
25;2025-12-15;3;0
25;2025-12-15;4;0
25;2025-12-15;5;17
25;2025-12-15;6;251
25;2025-12-15;7;557
25;2025-12-15;8;962
25;2025-12-15;9;540
25;2025-12-15;10;385
25;2025-12-15;11;443
25;2025-12-15;12;455
25;2025-12-15;13;548
25;2025-12-15;14;490
25;2025-12-15;15;576
25;2025-12-15;16;717
25;2025-12-15;17;821
25;2025-12-15;18;838
25;2025-12-15;19;628
25;2025-12-15;20;370
25;2025-12-15;21;235
25;2025-12-15;22;108
25;2025-12-15;23;28
25;2025-12-16;0;4
25;2025-12-16;1;0
25;2025-12-16;2;0
25;2025-12-16;3;0
25;2025-12-16;4;0
25;2025-12-16;5;15
25;2025-12-16;6;251
25;2025-12-16;7;560
25;2025-12-16;8;955
25;2025-12-16;9;509
25;2025-12-16;10;402
25;2025-12-16;11;441
25;2025-12-16;12;452
25;2025-12-16;13;510
25;2025-12-16;14;492
25;2025-12-16;15;613
25;2025-12-16;16;699
25;2025-12-16;17;799
25;2025-12-16;18;817
25;2025-12-16;19;619
25;2025-12-16;20;356
25;2025-12-16;21;233
25;2025-12-16;22;106
25;2025-12-16;23;20
25;2025-12-17;0;0
25;2025-12-17;1;0
25;2025-12-17;2;0
25;2025-12-17;3;0
25;2025-12-17;4;0
25;2025-12-17;5;18
25;2025-12-17;6;260
25;2025-12-17;7;571
25;2025-12-17;8;976
25;2025-12-17;9;531
25;2025-12-17;10;439
25;2025-12-17;11;482
25;2025-12-17;12;488
25;2025-12-17;13;592
25;2025-12-17;14;492
25;2025-12-17;15;645
25;2025-12-17;16;738
25;2025-12-17;17;908
25;2025-12-17;18;930
25;2025-12-17;19;677
25;2025-12-17;20;390
25;2025-12-17;21;288
25;2025-12-17;22;130
25;2025-12-17;23;27
25;2025-12-18;0;2
25;2025-12-18;1;0
25;2025-12-18;2;0
25;2025-12-18;3;0
25;2025-12-18;4;0
25;2025-12-18;5;20
25;2025-12-18;6;260
25;2025-12-18;7;563
25;2025-12-18;8;928
25;2025-12-18;9;521
25;2025-12-18;10;439
25;2025-12-18;11;473
25;2025-12-18;12;478
25;2025-12-18;13;554
25;2025-12-18;14;525
25;2025-12-18;15;652
25;2025-12-18;16;737
25;2025-12-18;17;813
25;2025-12-18;18;861
25;2025-12-18;19;641
25;2025-12-18;20;347
25;2025-12-18;21;237
25;2025-12-18;22;111
25;2025-12-18;23;22
25;2025-12-19;0;0
25;2025-12-19;1;0
25;2025-12-19;2;0
25;2025-12-19;3;0
25;2025-12-19;4;0
25;2025-12-19;5;14
25;2025-12-19;6;266
25;2025-12-19;7;581
25;2025-12-19;8;932
25;2025-12-19;9;515
25;2025-12-19;10;428
25;2025-12-19;11;468
25;2025-12-19;12;471
25;2025-12-19;13;570
25;2025-12-19;14;511
25;2025-12-19;15;669
25;2025-12-19;16;804
25;2025-12-19;17;830
25;2025-12-19;18;789
25;2025-12-19;19;621
25;2025-12-19;20;385
25;2025-12-19;21;253
25;2025-12-19;22;126
25;2025-12-19;23;31
25;2025-12-20;0;10
25;2025-12-20;1;0
25;2025-12-20;2;0
25;2025-12-20;3;0
25;2025-12-20;4;0
25;2025-12-20;5;15
25;2025-12-20;6;136
25;2025-12-20;7;189
25;2025-12-20;8;339
25;2025-12-20;9;327
25;2025-12-20;10;325
25;2025-12-20;11;425
25;2025-12-20;12;472
25;2025-12-20;13;656
25;2025-12-20;14;647
25;2025-12-20;15;725
25;2025-12-20;16;727
25;2025-12-20;17;638
25;2025-12-20;18;575
25;2025-12-20;19;489
25;2025-12-20;20;307
25;2025-12-20;21;238
25;2025-12-20;22;138
25;2025-12-20;23;52
25;2025-12-21;0;18
25;2025-12-21;1;0
25;2025-12-21;2;0
25;2025-12-21;3;0
25;2025-12-21;4;0
25;2025-12-21;5;6
25;2025-12-21;6;102
25;2025-12-21;7;131
25;2025-12-21;8;203
25;2025-12-21;9;241
25;2025-12-21;10;255
25;2025-12-21;11;349
25;2025-12-21;12;419
25;2025-12-21;13;527
25;2025-12-21;14;574
25;2025-12-21;15;620
25;2025-12-21;16;594
25;2025-12-21;17;585
25;2025-12-21;18;490
25;2025-12-21;19;350
25;2025-12-21;20;255
25;2025-12-21;21;185
25;2025-12-21;22;117
25;2025-12-21;23;42
25;2025-12-22;0;8
25;2025-12-22;1;0
25;2025-12-22;2;0
25;2025-12-22;3;0
25;2025-12-22;4;0
25;2025-12-22;5;17
25;2025-12-22;6;254
25;2025-12-22;7;564
25;2025-12-22;8;975
25;2025-12-22;9;547
25;2025-12-22;10;390
25;2025-12-22;11;448
25;2025-12-22;12;461
25;2025-12-22;13;556
25;2025-12-22;14;497
25;2025-12-22;15;583
25;2025-12-22;16;726
25;2025-12-22;17;831
25;2025-12-22;18;848
25;2025-12-22;19;636
25;2025-12-22;20;374
25;2025-12-22;21;238
25;2025-12-22;22;109
25;2025-12-22;23;28
25;2025-12-23;0;4
25;2025-12-23;1;0
25;2025-12-23;2;0
25;2025-12-23;3;0
25;2025-12-23;4;0
25;2025-12-23;5;15
25;2025-12-23;6;255
25;2025-12-23;7;567
25;2025-12-23;8;967
25;2025-12-23;9;516
25;2025-12-23;10;407
25;2025-12-23;11;447
25;2025-12-23;12;458
25;2025-12-23;13;517
25;2025-12-23;14;499
25;2025-12-23;15;621
25;2025-12-23;16;708
25;2025-12-23;17;809
25;2025-12-23;18;827
25;2025-12-23;19;627
25;2025-12-23;20;361
25;2025-12-23;21;236
25;2025-12-23;22;107
25;2025-12-23;23;20
25;2025-12-24;0;0
25;2025-12-24;1;0
25;2025-12-24;2;0
25;2025-12-24;3;0
25;2025-12-24;4;0
25;2025-12-24;5;18
25;2025-12-24;6;264
25;2025-12-24;7;578
25;2025-12-24;8;988
25;2025-12-24;9;538
25;2025-12-24;10;445
25;2025-12-24;11;489
25;2025-12-24;12;494
25;2025-12-24;13;600
25;2025-12-24;14;498
25;2025-12-24;15;653
25;2025-12-24;16;747
25;2025-12-24;17;919
25;2025-12-24;18;942
25;2025-12-24;19;686
25;2025-12-24;20;395
25;2025-12-24;21;292
25;2025-12-24;22;131
25;2025-12-24;23;27
25;2025-12-25;0;2
25;2025-12-25;1;0
25;2025-12-25;2;0
25;2025-12-25;3;0
25;2025-12-25;4;0
25;2025-12-25;5;20
25;2025-12-25;6;263
25;2025-12-25;7;570
25;2025-12-25;8;940
25;2025-12-25;9;527
25;2025-12-25;10;444
25;2025-12-25;11;479
25;2025-12-25;12;484
25;2025-12-25;13;561
25;2025-12-25;14;532
25;2025-12-25;15;660
25;2025-12-25;16;746
25;2025-12-25;17;824
25;2025-12-25;18;872
25;2025-12-25;19;649
25;2025-12-25;20;352
25;2025-12-25;21;240
25;2025-12-25;22;112
25;2025-12-25;23;23
25;2025-12-26;0;0
25;2025-12-26;1;0
25;2025-12-26;2;0
25;2025-12-26;3;0
25;2025-12-26;4;0
25;2025-12-26;5;14
25;2025-12-26;6;269
25;2025-12-26;7;589
25;2025-12-26;8;944
25;2025-12-26;9;522
25;2025-12-26;10;433
25;2025-12-26;11;474
25;2025-12-26;12;478
25;2025-12-26;13;577
25;2025-12-26;14;517
25;2025-12-26;15;677
25;2025-12-26;16;815
25;2025-12-26;17;841
25;2025-12-26;18;799
25;2025-12-26;19;629
25;2025-12-26;20;390
25;2025-12-26;21;256
25;2025-12-26;22;127
25;2025-12-26;23;31
25;2025-12-27;0;10
25;2025-12-27;1;0
25;2025-12-27;2;0
25;2025-12-27;3;0
25;2025-12-27;4;0
25;2025-12-27;5;15
25;2025-12-27;6;137
25;2025-12-27;7;191
25;2025-12-27;8;342
25;2025-12-27;9;331
25;2025-12-27;10;328
25;2025-12-27;11;430
25;2025-12-27;12;478
25;2025-12-27;13;663
25;2025-12-27;14;654
25;2025-12-27;15;732
25;2025-12-27;16;735
25;2025-12-27;17;645
25;2025-12-27;18;581
25;2025-12-27;19;495
25;2025-12-27;20;310
25;2025-12-27;21;241
25;2025-12-27;22;139
25;2025-12-27;23;53
25;2025-12-28;0;18
25;2025-12-28;1;0
25;2025-12-28;2;0
25;2025-12-28;3;0
25;2025-12-28;4;0
25;2025-12-28;5;6
25;2025-12-28;6;103
25;2025-12-28;7;132
25;2025-12-28;8;205
25;2025-12-28;9;243
25;2025-12-28;10;257
25;2025-12-28;11;352
25;2025-12-28;12;422
25;2025-12-28;13;532
25;2025-12-28;14;579
25;2025-12-28;15;626
25;2025-12-28;16;600
25;2025-12-28;17;590
25;2025-12-28;18;495
25;2025-12-28;19;353
25;2025-12-28;20;257
25;2025-12-28;21;187
25;2025-12-28;22;118
25;2025-12-28;23;42
25;2025-12-29;0;9
25;2025-12-29;1;0
25;2025-12-29;2;0
25;2025-12-29;3;0
25;2025-12-29;4;0
25;2025-12-29;5;18
25;2025-12-29;6;231
25;2025-12-29;7;525
25;2025-12-29;8;920
25;2025-12-29;9;513
25;2025-12-29;10;337
25;2025-12-29;11;396
25;2025-12-29;12;391
25;2025-12-29;13;543
25;2025-12-29;14;451
25;2025-12-29;15;477
25;2025-12-29;16;663
25;2025-12-29;17;715
25;2025-12-29;18;716
25;2025-12-29;19;544
25;2025-12-29;20;301
25;2025-12-29;21;187
25;2025-12-29;22;85
25;2025-12-29;23;9
25;2025-12-30;0;2
25;2025-12-30;1;0
25;2025-12-30;2;0
25;2025-12-30;3;0
25;2025-12-30;4;0
25;2025-12-30;5;14
25;2025-12-30;6;225
25;2025-12-30;7;490
25;2025-12-30;8;856
25;2025-12-30;9;432
25;2025-12-30;10;343
25;2025-12-30;11;388
25;2025-12-30;12;382
25;2025-12-30;13;442
25;2025-12-30;14;414
25;2025-12-30;15;509
25;2025-12-30;16;602
25;2025-12-30;17;667
25;2025-12-30;18;685
25;2025-12-30;19;515
25;2025-12-30;20;301
25;2025-12-30;21;199
25;2025-12-30;22;85
25;2025-12-30;23;7
25;2025-12-31;0;11
25;2025-12-31;1;0
25;2025-12-31;2;0
25;2025-12-31;3;0
25;2025-12-31;4;0
25;2025-12-31;5;10
25;2025-12-31;6;95
25;2025-12-31;7;103
25;2025-12-31;8;213
25;2025-12-31;9;218
25;2025-12-31;10;222
25;2025-12-31;11;310
25;2025-12-31;12;346
25;2025-12-31;13;489
25;2025-12-31;14;535
25;2025-12-31;15;619
25;2025-12-31;16;536
25;2025-12-31;17;487
25;2025-12-31;18;410
25;2025-12-31;19;324
25;2025-12-31;20;222
25;2025-12-31;21;157
25;2025-12-31;22;97
25;2025-12-31;23;37
26;2025-11-01;0;38
26;2025-11-01;1;1
26;2025-11-01;2;0
26;2025-11-01;3;0
26;2025-11-01;4;2
26;2025-11-01;5;70
26;2025-11-01;6;396
26;2025-11-01;7;768
26;2025-11-01;8;1547
26;2025-11-01;9;1106
26;2025-11-01;10;1072
26;2025-11-01;11;1072
26;2025-11-01;12;1099
26;2025-11-01;13;1125
26;2025-11-01;14;1236
26;2025-11-01;15;1213
26;2025-11-01;16;1404
26;2025-11-01;17;1439
26;2025-11-01;18;1151
26;2025-11-01;19;941
26;2025-11-01;20;624
26;2025-11-01;21;424
26;2025-11-01;22;213
26;2025-11-01;23;156
26;2025-11-02;0;46
26;2025-11-02;1;4
26;2025-11-02;2;0
26;2025-11-02;3;0
26;2025-11-02;4;2
26;2025-11-02;5;23
26;2025-11-02;6;149
26;2025-11-02;7;242
26;2025-11-02;8;370
26;2025-11-02;9;497
26;2025-11-02;10;561
26;2025-11-02;11;783
26;2025-11-02;12;775
26;2025-11-02;13;823
26;2025-11-02;14;817
26;2025-11-02;15;744
26;2025-11-02;16;706
26;2025-11-02;17;724
26;2025-11-02;18;655
26;2025-11-02;19;493
26;2025-11-02;20;381
26;2025-11-02;21;264
26;2025-11-02;22;160
26;2025-11-02;23;97
26;2025-11-03;0;46
26;2025-11-03;1;3
26;2025-11-03;2;0
26;2025-11-03;3;0
26;2025-11-03;4;2
26;2025-11-03;5;29
26;2025-11-03;6;169
26;2025-11-03;7;267
26;2025-11-03;8;421
26;2025-11-03;9;530
26;2025-11-03;10;614
26;2025-11-03;11;818
26;2025-11-03;12;830
26;2025-11-03;13;860
26;2025-11-03;14;865
26;2025-11-03;15;786
26;2025-11-03;16;768
26;2025-11-03;17;762
26;2025-11-03;18;696
26;2025-11-03;19;549
26;2025-11-03;20;410
26;2025-11-03;21;280
26;2025-11-03;22;169
26;2025-11-03;23;109
26;2025-11-04;0;42
26;2025-11-04;1;3
26;2025-11-04;2;0
26;2025-11-04;3;0
26;2025-11-04;4;1
26;2025-11-04;5;24
26;2025-11-04;6;145
26;2025-11-04;7;232
26;2025-11-04;8;362
26;2025-11-04;9;467
26;2025-11-04;10;535
26;2025-11-04;11;726
26;2025-11-04;12;730
26;2025-11-04;13;763
26;2025-11-04;14;764
26;2025-11-04;15;694
26;2025-11-04;16;671
26;2025-11-04;17;674
26;2025-11-04;18;613
26;2025-11-04;19;475
26;2025-11-04;20;360
26;2025-11-04;21;247
26;2025-11-04;22;149
26;2025-11-04;23;94
26;2025-11-05;0;31
26;2025-11-05;1;2
26;2025-11-05;2;0
26;2025-11-05;3;0
26;2025-11-05;4;6
26;2025-11-05;5;105
26;2025-11-05;6;489
26;2025-11-05;7;1086
26;2025-11-05;8;2229
26;2025-11-05;9;1449
26;2025-11-05;10;1229
26;2025-11-05;11;1124
26;2025-11-05;12;1190
26;2025-11-05;13;1223
26;2025-11-05;14;1313
26;2025-11-05;15;1373
26;2025-11-05;16;1497
26;2025-11-05;17;1726
26;2025-11-05;18;1837
26;2025-11-05;19;1248
26;2025-11-05;20;775
26;2025-11-05;21;527
26;2025-11-05;22;216
26;2025-11-05;23;130
26;2025-11-06;0;41
26;2025-11-06;1;1
26;2025-11-06;2;0
26;2025-11-06;3;0
26;2025-11-06;4;2
26;2025-11-06;5;97
26;2025-11-06;6;492
26;2025-11-06;7;1081
26;2025-11-06;8;2183
26;2025-11-06;9;1442
26;2025-11-06;10;1222
26;2025-11-06;11;1144
26;2025-11-06;12;1188
26;2025-11-06;13;1227
26;2025-11-06;14;1324
26;2025-11-06;15;1367
26;2025-11-06;16;1505
26;2025-11-06;17;1712
26;2025-11-06;18;1848
26;2025-11-06;19;1221
26;2025-11-06;20;754
26;2025-11-06;21;492
26;2025-11-06;22;207
26;2025-11-06;23;132
26;2025-11-07;0;35
26;2025-11-07;1;1
26;2025-11-07;2;0
26;2025-11-07;3;0
26;2025-11-07;4;1
26;2025-11-07;5;89
26;2025-11-07;6;487
26;2025-11-07;7;1051
26;2025-11-07;8;2108
26;2025-11-07;9;1383
26;2025-11-07;10;1198
26;2025-11-07;11;1114
26;2025-11-07;12;1131
26;2025-11-07;13;1195
26;2025-11-07;14;1297
26;2025-11-07;15;1365
26;2025-11-07;16;1555
26;2025-11-07;17;1717
26;2025-11-07;18;1449
26;2025-11-07;19;1078
26;2025-11-07;20;678
26;2025-11-07;21;455
26;2025-11-07;22;199
26;2025-11-07;23;151
26;2025-11-08;0;53
26;2025-11-08;1;2
26;2025-11-08;2;0
26;2025-11-08;3;0
26;2025-11-08;4;2
26;2025-11-08;5;48
26;2025-11-08;6;230
26;2025-11-08;7;371
26;2025-11-08;8;614
26;2025-11-08;9;683
26;2025-11-08;10;824
26;2025-11-08;11;978
26;2025-11-08;12;1047
26;2025-11-08;13;1072
26;2025-11-08;14;1086
26;2025-11-08;15;991
26;2025-11-08;16;1050
26;2025-11-08;17;984
26;2025-11-08;18;875
26;2025-11-08;19;738
26;2025-11-08;20;521
26;2025-11-08;21;363
26;2025-11-08;22;208
26;2025-11-08;23;154
26;2025-11-09;0;50
26;2025-11-09;1;4
26;2025-11-09;2;0
26;2025-11-09;3;0
26;2025-11-09;4;2
26;2025-11-09;5;23
26;2025-11-09;6;147
26;2025-11-09;7;254
26;2025-11-09;8;375
26;2025-11-09;9;502
26;2025-11-09;10;574
26;2025-11-09;11;769
26;2025-11-09;12;820
26;2025-11-09;13;858
26;2025-11-09;14;868
26;2025-11-09;15;793
26;2025-11-09;16;787
26;2025-11-09;17;793
26;2025-11-09;18;680
26;2025-11-09;19;516
26;2025-11-09;20;382
26;2025-11-09;21;281
26;2025-11-09;22;163
26;2025-11-09;23;111
26;2025-11-10;0;31
26;2025-11-10;1;2
26;2025-11-10;2;0
26;2025-11-10;3;0
26;2025-11-10;4;2
26;2025-11-10;5;94
26;2025-11-10;6;491
26;2025-11-10;7;1089
26;2025-11-10;8;2144
26;2025-11-10;9;1425
26;2025-11-10;10;1198
26;2025-11-10;11;1092
26;2025-11-10;12;1120
26;2025-11-10;13;1187
26;2025-11-10;14;1257
26;2025-11-10;15;1312
26;2025-11-10;16;1441
26;2025-11-10;17;1696
26;2025-11-10;18;1829
26;2025-11-10;19;1198
26;2025-11-10;20;743
26;2025-11-10;21;464
26;2025-11-10;22;194
26;2025-11-10;23;106
26;2025-11-11;0;32
26;2025-11-11;1;1
26;2025-11-11;2;0
26;2025-11-11;3;1
26;2025-11-11;4;2
26;2025-11-11;5;92
26;2025-11-11;6;499
26;2025-11-11;7;1110
26;2025-11-11;8;2249
26;2025-11-11;9;1432
26;2025-11-11;10;1256
26;2025-11-11;11;1163
26;2025-11-11;12;1164
26;2025-11-11;13;1202
26;2025-11-11;14;1280
26;2025-11-11;15;1349
26;2025-11-11;16;1485
26;2025-11-11;17;1760
26;2025-11-11;18;1873
26;2025-11-11;19;1254
26;2025-11-11;20;742
26;2025-11-11;21;483
26;2025-11-11;22;210
26;2025-11-11;23;115
26;2025-11-12;0;31
26;2025-11-12;1;2
26;2025-11-12;2;0
26;2025-11-12;3;0
26;2025-11-12;4;6
26;2025-11-12;5;105
26;2025-11-12;6;491
26;2025-11-12;7;1088
26;2025-11-12;8;2231
26;2025-11-12;9;1451
26;2025-11-12;10;1228
26;2025-11-12;11;1122
26;2025-11-12;12;1188
26;2025-11-12;13;1221
26;2025-11-12;14;1312
26;2025-11-12;15;1372
26;2025-11-12;16;1497
26;2025-11-12;17;1726
26;2025-11-12;18;1837
26;2025-11-12;19;1248
26;2025-11-12;20;775
26;2025-11-12;21;527
26;2025-11-12;22;216
26;2025-11-12;23;130
26;2025-11-13;0;41
26;2025-11-13;1;1
26;2025-11-13;2;0
26;2025-11-13;3;0
26;2025-11-13;4;2
26;2025-11-13;5;97
26;2025-11-13;6;494
26;2025-11-13;7;1083
26;2025-11-13;8;2185
26;2025-11-13;9;1444
26;2025-11-13;10;1222
26;2025-11-13;11;1144
26;2025-11-13;12;1188
26;2025-11-13;13;1227
26;2025-11-13;14;1324
26;2025-11-13;15;1366
26;2025-11-13;16;1505
26;2025-11-13;17;1711
26;2025-11-13;18;1848
26;2025-11-13;19;1219
26;2025-11-13;20;752
26;2025-11-13;21;490
26;2025-11-13;22;207
26;2025-11-13;23;132
26;2025-11-14;0;35
26;2025-11-14;1;1
26;2025-11-14;2;0
26;2025-11-14;3;0
26;2025-11-14;4;1
26;2025-11-14;5;89
26;2025-11-14;6;489
26;2025-11-14;7;1053
26;2025-11-14;8;2109
26;2025-11-14;9;1384
26;2025-11-14;10;1196
26;2025-11-14;11;1113
26;2025-11-14;12;1132
26;2025-11-14;13;1194
26;2025-11-14;14;1298
26;2025-11-14;15;1365
26;2025-11-14;16;1554
26;2025-11-14;17;1717
26;2025-11-14;18;1448
26;2025-11-14;19;1077
26;2025-11-14;20;677
26;2025-11-14;21;454
26;2025-11-14;22;199
26;2025-11-14;23;151
26;2025-11-15;0;53
26;2025-11-15;1;2
26;2025-11-15;2;0
26;2025-11-15;3;0
26;2025-11-15;4;2
26;2025-11-15;5;48
26;2025-11-15;6;230
26;2025-11-15;7;371
26;2025-11-15;8;614
26;2025-11-15;9;683
26;2025-11-15;10;824
26;2025-11-15;11;978
26;2025-11-15;12;1047
26;2025-11-15;13;1072
26;2025-11-15;14;1087
26;2025-11-15;15;991
26;2025-11-15;16;1050
26;2025-11-15;17;985
26;2025-11-15;18;875
26;2025-11-15;19;738
26;2025-11-15;20;521
26;2025-11-15;21;363
26;2025-11-15;22;208
26;2025-11-15;23;154
26;2025-11-16;0;50
26;2025-11-16;1;4
26;2025-11-16;2;0
26;2025-11-16;3;0
26;2025-11-16;4;2
26;2025-11-16;5;23
26;2025-11-16;6;147
26;2025-11-16;7;254
26;2025-11-16;8;376
26;2025-11-16;9;503
26;2025-11-16;10;575
26;2025-11-16;11;771
26;2025-11-16;12;822
26;2025-11-16;13;860
26;2025-11-16;14;870
26;2025-11-16;15;796
26;2025-11-16;16;789
26;2025-11-16;17;795
26;2025-11-16;18;681
26;2025-11-16;19;517
26;2025-11-16;20;383
26;2025-11-16;21;282
26;2025-11-16;22;163
26;2025-11-16;23;111
26;2025-11-17;0;31
26;2025-11-17;1;2
26;2025-11-17;2;0
26;2025-11-17;3;0
26;2025-11-17;4;2
26;2025-11-17;5;94
26;2025-11-17;6;493
26;2025-11-17;7;1093
26;2025-11-17;8;2152
26;2025-11-17;9;1431
26;2025-11-17;10;1203
26;2025-11-17;11;1096
26;2025-11-17;12;1124
26;2025-11-17;13;1192
26;2025-11-17;14;1262
26;2025-11-17;15;1317
26;2025-11-17;16;1447
26;2025-11-17;17;1703
26;2025-11-17;18;1836
26;2025-11-17;19;1203
26;2025-11-17;20;746
26;2025-11-17;21;466
26;2025-11-17;22;195
26;2025-11-17;23;106
26;2025-11-18;0;32
26;2025-11-18;1;1
26;2025-11-18;2;0
26;2025-11-18;3;1
26;2025-11-18;4;2
26;2025-11-18;5;93
26;2025-11-18;6;502
26;2025-11-18;7;1117
26;2025-11-18;8;2262
26;2025-11-18;9;1440
26;2025-11-18;10;1264
26;2025-11-18;11;1171
26;2025-11-18;12;1172
26;2025-11-18;13;1210
26;2025-11-18;14;1288
26;2025-11-18;15;1357
26;2025-11-18;16;1493
26;2025-11-18;17;1770
26;2025-11-18;18;1884
26;2025-11-18;19;1261
26;2025-11-18;20;746
26;2025-11-18;21;485
26;2025-11-18;22;211
26;2025-11-18;23;115
26;2025-11-19;0;31
26;2025-11-19;1;2
26;2025-11-19;2;0
26;2025-11-19;3;0
26;2025-11-19;4;6
26;2025-11-19;5;106
26;2025-11-19;6;494
26;2025-11-19;7;1097
26;2025-11-19;8;2248
26;2025-11-19;9;1461
26;2025-11-19;10;1238
26;2025-11-19;11;1132
26;2025-11-19;12;1198
26;2025-11-19;13;1232
26;2025-11-19;14;1322
26;2025-11-19;15;1384
26;2025-11-19;16;1509
26;2025-11-19;17;1740
26;2025-11-19;18;1850
26;2025-11-19;19;1258
26;2025-11-19;20;781
26;2025-11-19;21;531
26;2025-11-19;22;218
26;2025-11-19;23;130
26;2025-11-20;0;41
26;2025-11-20;1;1
26;2025-11-20;2;0
26;2025-11-20;3;0
26;2025-11-20;4;2
26;2025-11-20;5;98
26;2025-11-20;6;499
26;2025-11-20;7;1094
26;2025-11-20;8;2206
26;2025-11-20;9;1458
26;2025-11-20;10;1235
26;2025-11-20;11;1156
26;2025-11-20;12;1200
26;2025-11-20;13;1239
26;2025-11-20;14;1337
26;2025-11-20;15;1380
26;2025-11-20;16;1520
26;2025-11-20;17;1728
26;2025-11-20;18;1865
26;2025-11-20;19;1231
26;2025-11-20;20;758
26;2025-11-20;21;494
26;2025-11-20;22;209
26;2025-11-20;23;132
26;2025-11-21;0;35
26;2025-11-21;1;1
26;2025-11-21;2;0
26;2025-11-21;3;0
26;2025-11-21;4;1
26;2025-11-21;5;90
26;2025-11-21;6;495
26;2025-11-21;7;1065
26;2025-11-21;8;2134
26;2025-11-21;9;1401
26;2025-11-21;10;1210
26;2025-11-21;11;1126
26;2025-11-21;12;1145
26;2025-11-21;13;1209
26;2025-11-21;14;1313
26;2025-11-21;15;1381
26;2025-11-21;16;1572
26;2025-11-21;17;1737
26;2025-11-21;18;1465
26;2025-11-21;19;1089
26;2025-11-21;20;685
26;2025-11-21;21;459
26;2025-11-21;22;201
26;2025-11-21;23;152
26;2025-11-22;0;54
26;2025-11-22;1;2
26;2025-11-22;2;0
26;2025-11-22;3;0
26;2025-11-22;4;2
26;2025-11-22;5;49
26;2025-11-22;6;233
26;2025-11-22;7;376
26;2025-11-22;8;622
26;2025-11-22;9;693
26;2025-11-22;10;835
26;2025-11-22;11;991
26;2025-11-22;12;1061
26;2025-11-22;13;1087
26;2025-11-22;14;1102
26;2025-11-22;15;1006
26;2025-11-22;16;1064
26;2025-11-22;17;998
26;2025-11-22;18;887
26;2025-11-22;19;748
26;2025-11-22;20;528
26;2025-11-22;21;367
26;2025-11-22;22;211
26;2025-11-22;23;156
26;2025-11-23;0;51
26;2025-11-23;1;4
26;2025-11-23;2;0
26;2025-11-23;3;0
26;2025-11-23;4;2
26;2025-11-23;5;23
26;2025-11-23;6;149
26;2025-11-23;7;258
26;2025-11-23;8;381
26;2025-11-23;9;510
26;2025-11-23;10;583
26;2025-11-23;11;781
26;2025-11-23;12;833
26;2025-11-23;13;871
26;2025-11-23;14;882
26;2025-11-23;15;806
26;2025-11-23;16;799
26;2025-11-23;17;805
26;2025-11-23;18;691
26;2025-11-23;19;524
26;2025-11-23;20;388
26;2025-11-23;21;285
26;2025-11-23;22;166
26;2025-11-23;23;113
26;2025-11-24;0;32
26;2025-11-24;1;2
26;2025-11-24;2;0
26;2025-11-24;3;0
26;2025-11-24;4;2
26;2025-11-24;5;96
26;2025-11-24;6;500
26;2025-11-24;7;1108
26;2025-11-24;8;2182
26;2025-11-24;9;1450
26;2025-11-24;10;1219
26;2025-11-24;11;1111
26;2025-11-24;12;1140
26;2025-11-24;13;1208
26;2025-11-24;14;1279
26;2025-11-24;15;1335
26;2025-11-24;16;1466
26;2025-11-24;17;1726
26;2025-11-24;18;1861
26;2025-11-24;19;1219
26;2025-11-24;20;756
26;2025-11-24;21;472
26;2025-11-24;22;197
26;2025-11-24;23;108
26;2025-11-25;0;33
26;2025-11-25;1;1
26;2025-11-25;2;0
26;2025-11-25;3;1
26;2025-11-25;4;2
26;2025-11-25;5;94
26;2025-11-25;6;509
26;2025-11-25;7;1132
26;2025-11-25;8;2293
26;2025-11-25;9;1460
26;2025-11-25;10;1282
26;2025-11-25;11;1187
26;2025-11-25;12;1188
26;2025-11-25;13;1227
26;2025-11-25;14;1305
26;2025-11-25;15;1375
26;2025-11-25;16;1513
26;2025-11-25;17;1794
26;2025-11-25;18;1910
26;2025-11-25;19;1279
26;2025-11-25;20;757
26;2025-11-25;21;491
26;2025-11-25;22;214
26;2025-11-25;23;116
26;2025-11-26;0;32
26;2025-11-26;1;2
26;2025-11-26;2;0
26;2025-11-26;3;0
26;2025-11-26;4;6
26;2025-11-26;5;107
26;2025-11-26;6;501
26;2025-11-26;7;1111
26;2025-11-26;8;2279
26;2025-11-26;9;1481
26;2025-11-26;10;1254
26;2025-11-26;11;1147
26;2025-11-26;12;1215
26;2025-11-26;13;1248
26;2025-11-26;14;1340
26;2025-11-26;15;1403
26;2025-11-26;16;1529
26;2025-11-26;17;1763
26;2025-11-26;18;1876
26;2025-11-26;19;1275
26;2025-11-26;20;792
26;2025-11-26;21;538
26;2025-11-26;22;221
26;2025-11-26;23;132
26;2025-11-27;0;42
26;2025-11-27;1;1
26;2025-11-27;2;0
26;2025-11-27;3;0
26;2025-11-27;4;2
26;2025-11-27;5;99
26;2025-11-27;6;506
26;2025-11-27;7;1108
26;2025-11-27;8;2236
26;2025-11-27;9;1478
26;2025-11-27;10;1252
26;2025-11-27;11;1172
26;2025-11-27;12;1216
26;2025-11-27;13;1256
26;2025-11-27;14;1355
26;2025-11-27;15;1399
26;2025-11-27;16;1540
26;2025-11-27;17;1751
26;2025-11-27;18;1890
26;2025-11-27;19;1248
26;2025-11-27;20;769
26;2025-11-27;21;501
26;2025-11-27;22;212
26;2025-11-27;23;134
26;2025-11-28;0;35
26;2025-11-28;1;1
26;2025-11-28;2;0
26;2025-11-28;3;0
26;2025-11-28;4;1
26;2025-11-28;5;91
26;2025-11-28;6;501
26;2025-11-28;7;1080
26;2025-11-28;8;2163
26;2025-11-28;9;1420
26;2025-11-28;10;1226
26;2025-11-28;11;1141
26;2025-11-28;12;1161
26;2025-11-28;13;1225
26;2025-11-28;14;1331
26;2025-11-28;15;1400
26;2025-11-28;16;1594
26;2025-11-28;17;1761
26;2025-11-28;18;1485
26;2025-11-28;19;1103
26;2025-11-28;20;694
26;2025-11-28;21;466
26;2025-11-28;22;204
26;2025-11-28;23;155
26;2025-11-29;0;54
26;2025-11-29;1;2
26;2025-11-29;2;0
26;2025-11-29;3;0
26;2025-11-29;4;2
26;2025-11-29;5;49
26;2025-11-29;6;236
26;2025-11-29;7;381
26;2025-11-29;8;631
26;2025-11-29;9;703
26;2025-11-29;10;847
26;2025-11-29;11;1005
26;2025-11-29;12;1076
26;2025-11-29;13;1101
26;2025-11-29;14;1117
26;2025-11-29;15;1019
26;2025-11-29;16;1079
26;2025-11-29;17;1012
26;2025-11-29;18;899
26;2025-11-29;19;757
26;2025-11-29;20;535
26;2025-11-29;21;372
26;2025-11-29;22;214
26;2025-11-29;23;158
26;2025-11-30;0;51
26;2025-11-30;1;4
26;2025-11-30;2;0
26;2025-11-30;3;0
26;2025-11-30;4;2
26;2025-11-30;5;24
26;2025-11-30;6;151
26;2025-11-30;7;261
26;2025-11-30;8;386
26;2025-11-30;9;517
26;2025-11-30;10;591
26;2025-11-30;11;792
26;2025-11-30;12;844
26;2025-11-30;13;883
26;2025-11-30;14;894
26;2025-11-30;15;817
26;2025-11-30;16;810
26;2025-11-30;17;816
26;2025-11-30;18;700
26;2025-11-30;19;531
26;2025-11-30;20;393
26;2025-11-30;21;289
26;2025-11-30;22;168
26;2025-11-30;23;114
26;2025-12-01;0;32
26;2025-12-01;1;2
26;2025-12-01;2;0
26;2025-12-01;3;0
26;2025-12-01;4;2
26;2025-12-01;5;97
26;2025-12-01;6;506
26;2025-12-01;7;1123
26;2025-12-01;8;2211
26;2025-12-01;9;1470
26;2025-12-01;10;1236
26;2025-12-01;11;1126
26;2025-12-01;12;1155
26;2025-12-01;13;1224
26;2025-12-01;14;1296
26;2025-12-01;15;1353
26;2025-12-01;16;1486
26;2025-12-01;17;1749
26;2025-12-01;18;1886
26;2025-12-01;19;1236
26;2025-12-01;20;766
26;2025-12-01;21;479
26;2025-12-01;22;200
26;2025-12-01;23;109
26;2025-12-02;0;33
26;2025-12-02;1;1
26;2025-12-02;2;0
26;2025-12-02;3;1
26;2025-12-02;4;2
26;2025-12-02;5;95
26;2025-12-02;6;516
26;2025-12-02;7;1147
26;2025-12-02;8;2324
26;2025-12-02;9;1480
26;2025-12-02;10;1299
26;2025-12-02;11;1203
26;2025-12-02;12;1204
26;2025-12-02;13;1243
26;2025-12-02;14;1323
26;2025-12-02;15;1394
26;2025-12-02;16;1533
26;2025-12-02;17;1819
26;2025-12-02;18;1935
26;2025-12-02;19;1296
26;2025-12-02;20;767
26;2025-12-02;21;498
26;2025-12-02;22;217
26;2025-12-02;23;118
26;2025-12-03;0;32
26;2025-12-03;1;2
26;2025-12-03;2;0
26;2025-12-03;3;0
26;2025-12-03;4;6
26;2025-12-03;5;109
26;2025-12-03;6;507
26;2025-12-03;7;1125
26;2025-12-03;8;2309
26;2025-12-03;9;1501
26;2025-12-03;10;1272
26;2025-12-03;11;1162
26;2025-12-03;12;1230
26;2025-12-03;13;1264
26;2025-12-03;14;1357
26;2025-12-03;15;1420
26;2025-12-03;16;1549
26;2025-12-03;17;1786
26;2025-12-03;18;1902
26;2025-12-03;19;1293
26;2025-12-03;20;803
26;2025-12-03;21;547
26;2025-12-03;22;225
26;2025-12-03;23;135
26;2025-12-04;0;43
26;2025-12-04;1;1
26;2025-12-04;2;0
26;2025-12-04;3;0
26;2025-12-04;4;2
26;2025-12-04;5;99
26;2025-12-04;6;507
26;2025-12-04;7;1114
26;2025-12-04;8;2248
26;2025-12-04;9;1484
26;2025-12-04;10;1257
26;2025-12-04;11;1176
26;2025-12-04;12;1222
26;2025-12-04;13;1263
26;2025-12-04;14;1363
26;2025-12-04;15;1423
26;2025-12-04;16;1567
26;2025-12-04;17;1779
26;2025-12-04;18;1922
26;2025-12-04;19;1275
26;2025-12-04;20;795
26;2025-12-04;21;526
26;2025-12-04;22;231
26;2025-12-04;23;155
26;2025-12-05;0;35
26;2025-12-05;1;1
26;2025-12-05;2;0
26;2025-12-05;3;0
26;2025-12-05;4;1
26;2025-12-05;5;91
26;2025-12-05;6;503
26;2025-12-05;7;1083
26;2025-12-05;8;2171
26;2025-12-05;9;1425
26;2025-12-05;10;1232
26;2025-12-05;11;1146
26;2025-12-05;12;1165
26;2025-12-05;13;1232
26;2025-12-05;14;1337
26;2025-12-05;15;1422
26;2025-12-05;16;1617
26;2025-12-05;17;1785
26;2025-12-05;18;1515
26;2025-12-05;19;1133
26;2025-12-05;20;721
26;2025-12-05;21;492
26;2025-12-05;22;226
26;2025-12-05;23;177
26;2025-12-06;0;55
26;2025-12-06;1;2
26;2025-12-06;2;0
26;2025-12-06;3;0
26;2025-12-06;4;2
26;2025-12-06;5;45
26;2025-12-06;6;233
26;2025-12-06;7;377
26;2025-12-06;8;630
26;2025-12-06;9;701
26;2025-12-06;10;846
26;2025-12-06;11;1007
26;2025-12-06;12;1079
26;2025-12-06;13;1105
26;2025-12-06;14;1120
26;2025-12-06;15;1039
26;2025-12-06;16;1101
26;2025-12-06;17;1033
26;2025-12-06;18;922
26;2025-12-06;19;781
26;2025-12-06;20;556
26;2025-12-06;21;391
26;2025-12-06;22;229
26;2025-12-06;23;173
26;2025-12-07;0;52
26;2025-12-07;1;4
26;2025-12-07;2;0
26;2025-12-07;3;0
26;2025-12-07;4;2
26;2025-12-07;5;20
26;2025-12-07;6;149
26;2025-12-07;7;259
26;2025-12-07;8;383
26;2025-12-07;9;515
26;2025-12-07;10;589
26;2025-12-07;11;792
26;2025-12-07;12;845
26;2025-12-07;13;885
26;2025-12-07;14;896
26;2025-12-07;15;832
26;2025-12-07;16;826
26;2025-12-07;17;832
26;2025-12-07;18;720
26;2025-12-07;19;549
26;2025-12-07;20;410
26;2025-12-07;21;305
26;2025-12-07;22;180
26;2025-12-07;23;127
26;2025-12-08;0;32
26;2025-12-08;1;2
26;2025-12-08;2;0
26;2025-12-08;3;0
26;2025-12-08;4;2
26;2025-12-08;5;90
26;2025-12-08;6;503
26;2025-12-08;7;1120
26;2025-12-08;8;2220
26;2025-12-08;9;1470
26;2025-12-08;10;1234
26;2025-12-08;11;1125
26;2025-12-08;12;1154
26;2025-12-08;13;1225
26;2025-12-08;14;1299
26;2025-12-08;15;1385
26;2025-12-08;16;1518
26;2025-12-08;17;1784
26;2025-12-08;18;1927
26;2025-12-08;19;1271
26;2025-12-08;20;797
26;2025-12-08;21;507
26;2025-12-08;22;223
26;2025-12-08;23;133
26;2025-12-09;0;34
26;2025-12-09;1;1
26;2025-12-09;2;0
26;2025-12-09;3;1
26;2025-12-09;4;2
26;2025-12-09;5;87
26;2025-12-09;6;512
26;2025-12-09;7;1147
26;2025-12-09;8;2337
26;2025-12-09;9;1482
26;2025-12-09;10;1299
26;2025-12-09;11;1203
26;2025-12-09;12;1202
26;2025-12-09;13;1245
26;2025-12-09;14;1326
26;2025-12-09;15;1426
26;2025-12-09;16;1568
26;2025-12-09;17;1856
26;2025-12-09;18;1977
26;2025-12-09;19;1331
26;2025-12-09;20;797
26;2025-12-09;21;526
26;2025-12-09;22;239
26;2025-12-09;23;138
26;2025-12-10;0;33
26;2025-12-10;1;2
26;2025-12-10;2;0
26;2025-12-10;3;0
26;2025-12-10;4;6
26;2025-12-10;5;101
26;2025-12-10;6;504
26;2025-12-10;7;1125
26;2025-12-10;8;2318
26;2025-12-10;9;1502
26;2025-12-10;10;1270
26;2025-12-10;11;1160
26;2025-12-10;12;1228
26;2025-12-10;13;1265
26;2025-12-10;14;1360
26;2025-12-10;15;1453
26;2025-12-10;16;1584
26;2025-12-10;17;1823
26;2025-12-10;18;1944
26;2025-12-10;19;1329
26;2025-12-10;20;835
26;2025-12-10;21;576
26;2025-12-10;22;249
26;2025-12-10;23;157
26;2025-12-11;0;43
26;2025-12-11;1;1
26;2025-12-11;2;0
26;2025-12-11;3;0
26;2025-12-11;4;2
26;2025-12-11;5;92
26;2025-12-11;6;508
26;2025-12-11;7;1123
26;2025-12-11;8;2276
26;2025-12-11;9;1500
26;2025-12-11;10;1269
26;2025-12-11;11;1187
26;2025-12-11;12;1232
26;2025-12-11;13;1275
26;2025-12-11;14;1377
26;2025-12-11;15;1449
26;2025-12-11;16;1595
26;2025-12-11;17;1812
26;2025-12-11;18;1958
26;2025-12-11;19;1299
26;2025-12-11;20;809
26;2025-12-11;21;535
26;2025-12-11;22;235
26;2025-12-11;23;158
26;2025-12-12;0;36
26;2025-12-12;1;1
26;2025-12-12;2;0
26;2025-12-12;3;0
26;2025-12-12;4;1
26;2025-12-12;5;85
26;2025-12-12;6;504
26;2025-12-12;7;1092
26;2025-12-12;8;2200
26;2025-12-12;9;1439
26;2025-12-12;10;1242
26;2025-12-12;11;1156
26;2025-12-12;12;1175
26;2025-12-12;13;1242
26;2025-12-12;14;1351
26;2025-12-12;15;1448
26;2025-12-12;16;1647
26;2025-12-12;17;1817
26;2025-12-12;18;1544
26;2025-12-12;19;1154
26;2025-12-12;20;735
26;2025-12-12;21;501
26;2025-12-12;22;231
26;2025-12-12;23;180
26;2025-12-13;0;56
26;2025-12-13;1;2
26;2025-12-13;2;0
26;2025-12-13;3;0
26;2025-12-13;4;2
26;2025-12-13;5;45
26;2025-12-13;6;236
26;2025-12-13;7;382
26;2025-12-13;8;638
26;2025-12-13;9;710
26;2025-12-13;10;858
26;2025-12-13;11;1020
26;2025-12-13;12;1093
26;2025-12-13;13;1119
26;2025-12-13;14;1135
26;2025-12-13;15;1053
26;2025-12-13;16;1115
26;2025-12-13;17;1046
26;2025-12-13;18;935
26;2025-12-13;19;791
26;2025-12-13;20;563
26;2025-12-13;21;397
26;2025-12-13;22;232
26;2025-12-13;23;175
26;2025-12-14;0;53
26;2025-12-14;1;4
26;2025-12-14;2;0
26;2025-12-14;3;0
26;2025-12-14;4;2
26;2025-12-14;5;20
26;2025-12-14;6;151
26;2025-12-14;7;262
26;2025-12-14;8;388
26;2025-12-14;9;522
26;2025-12-14;10;597
26;2025-12-14;11;802
26;2025-12-14;12;856
26;2025-12-14;13;896
26;2025-12-14;14;908
26;2025-12-14;15;843
26;2025-12-14;16;837
26;2025-12-14;17;843
26;2025-12-14;18;729
26;2025-12-14;19;556
26;2025-12-14;20;415
26;2025-12-14;21;309
26;2025-12-14;22;183
26;2025-12-14;23;129
26;2025-12-15;0;33
26;2025-12-15;1;2
26;2025-12-15;2;0
26;2025-12-15;3;0
26;2025-12-15;4;2
26;2025-12-15;5;91
26;2025-12-15;6;509
26;2025-12-15;7;1135
26;2025-12-15;8;2249
26;2025-12-15;9;1490
26;2025-12-15;10;1250
26;2025-12-15;11;1139
26;2025-12-15;12;1169
26;2025-12-15;13;1241
26;2025-12-15;14;1316
26;2025-12-15;15;1403
26;2025-12-15;16;1538
26;2025-12-15;17;1807
26;2025-12-15;18;1952
26;2025-12-15;19;1287
26;2025-12-15;20;808
26;2025-12-15;21;514
26;2025-12-15;22;226
26;2025-12-15;23;134
26;2025-12-16;0;34
26;2025-12-16;1;1
26;2025-12-16;2;0
26;2025-12-16;3;1
26;2025-12-16;4;2
26;2025-12-16;5;88
26;2025-12-16;6;519
26;2025-12-16;7;1162
26;2025-12-16;8;2368
26;2025-12-16;9;1501
26;2025-12-16;10;1316
26;2025-12-16;11;1219
26;2025-12-16;12;1218
26;2025-12-16;13;1261
26;2025-12-16;14;1343
26;2025-12-16;15;1445
26;2025-12-16;16;1589
26;2025-12-16;17;1881
26;2025-12-16;18;2003
26;2025-12-16;19;1348
26;2025-12-16;20;807
26;2025-12-16;21;533
26;2025-12-16;22;242
26;2025-12-16;23;140
26;2025-12-17;0;33
26;2025-12-17;1;2
26;2025-12-17;2;0
26;2025-12-17;3;0
26;2025-12-17;4;6
26;2025-12-17;5;102
26;2025-12-17;6;510
26;2025-12-17;7;1139
26;2025-12-17;8;2349
26;2025-12-17;9;1522
26;2025-12-17;10;1287
26;2025-12-17;11;1175
26;2025-12-17;12;1244
26;2025-12-17;13;1282
26;2025-12-17;14;1377
26;2025-12-17;15;1472
26;2025-12-17;16;1605
26;2025-12-17;17;1847
26;2025-12-17;18;1969
26;2025-12-17;19;1346
26;2025-12-17;20;846
26;2025-12-17;21;583
26;2025-12-17;22;252
26;2025-12-17;23;159
26;2025-12-18;0;44
26;2025-12-18;1;1
26;2025-12-18;2;0
26;2025-12-18;3;0
26;2025-12-18;4;2
26;2025-12-18;5;94
26;2025-12-18;6;514
26;2025-12-18;7;1138
26;2025-12-18;8;2306
26;2025-12-18;9;1519
26;2025-12-18;10;1285
26;2025-12-18;11;1202
26;2025-12-18;12;1248
26;2025-12-18;13;1291
26;2025-12-18;14;1395
26;2025-12-18;15;1468
26;2025-12-18;16;1616
26;2025-12-18;17;1836
26;2025-12-18;18;1983
26;2025-12-18;19;1316
26;2025-12-18;20;820
26;2025-12-18;21;542
26;2025-12-18;22;238
26;2025-12-18;23;160
26;2025-12-19;0;36
26;2025-12-19;1;1
26;2025-12-19;2;0
26;2025-12-19;3;0
26;2025-12-19;4;1
26;2025-12-19;5;86
26;2025-12-19;6;511
26;2025-12-19;7;1106
26;2025-12-19;8;2228
26;2025-12-19;9;1458
26;2025-12-19;10;1259
26;2025-12-19;11;1171
26;2025-12-19;12;1190
26;2025-12-19;13;1259
26;2025-12-19;14;1368
26;2025-12-19;15;1467
26;2025-12-19;16;1668
26;2025-12-19;17;1841
26;2025-12-19;18;1564
26;2025-12-19;19;1169
26;2025-12-19;20;745
26;2025-12-19;21;508
26;2025-12-19;22;234
26;2025-12-19;23;182
26;2025-12-20;0;57
26;2025-12-20;1;2
26;2025-12-20;2;0
26;2025-12-20;3;0
26;2025-12-20;4;2
26;2025-12-20;5;46
26;2025-12-20;6;239
26;2025-12-20;7;387
26;2025-12-20;8;647
26;2025-12-20;9;719
26;2025-12-20;10;869
26;2025-12-20;11;1033
26;2025-12-20;12;1107
26;2025-12-20;13;1134
26;2025-12-20;14;1150
26;2025-12-20;15;1066
26;2025-12-20;16;1130
26;2025-12-20;17;1060
26;2025-12-20;18;947
26;2025-12-20;19;801
26;2025-12-20;20;571
26;2025-12-20;21;402
26;2025-12-20;22;235
26;2025-12-20;23;177
26;2025-12-21;0;54
26;2025-12-21;1;4
26;2025-12-21;2;0
26;2025-12-21;3;0
26;2025-12-21;4;2
26;2025-12-21;5;20
26;2025-12-21;6;153
26;2025-12-21;7;265
26;2025-12-21;8;393
26;2025-12-21;9;529
26;2025-12-21;10;605
26;2025-12-21;11;813
26;2025-12-21;12;867
26;2025-12-21;13;908
26;2025-12-21;14;920
26;2025-12-21;15;854
26;2025-12-21;16;848
26;2025-12-21;17;854
26;2025-12-21;18;739
26;2025-12-21;19;563
26;2025-12-21;20;421
26;2025-12-21;21;313
26;2025-12-21;22;185
26;2025-12-21;23;131
26;2025-12-22;0;33
26;2025-12-22;1;2
26;2025-12-22;2;0
26;2025-12-22;3;0
26;2025-12-22;4;2
26;2025-12-22;5;92
26;2025-12-22;6;516
26;2025-12-22;7;1150
26;2025-12-22;8;2278
26;2025-12-22;9;1509
26;2025-12-22;10;1267
26;2025-12-22;11;1154
26;2025-12-22;12;1184
26;2025-12-22;13;1257
26;2025-12-22;14;1333
26;2025-12-22;15;1421
26;2025-12-22;16;1558
26;2025-12-22;17;1831
26;2025-12-22;18;1978
26;2025-12-22;19;1304
26;2025-12-22;20;818
26;2025-12-22;21;520
26;2025-12-22;22;228
26;2025-12-22;23;136
26;2025-12-23;0;34
26;2025-12-23;1;1
26;2025-12-23;2;0
26;2025-12-23;3;1
26;2025-12-23;4;2
26;2025-12-23;5;89
26;2025-12-23;6;525
26;2025-12-23;7;1177
26;2025-12-23;8;2398
26;2025-12-23;9;1520
26;2025-12-23;10;1333
26;2025-12-23;11;1235
26;2025-12-23;12;1234
26;2025-12-23;13;1278
26;2025-12-23;14;1360
26;2025-12-23;15;1463
26;2025-12-23;16;1610
26;2025-12-23;17;1905
26;2025-12-23;18;2029
26;2025-12-23;19;1366
26;2025-12-23;20;818
26;2025-12-23;21;539
26;2025-12-23;22;245
26;2025-12-23;23;142
26;2025-12-24;0;33
26;2025-12-24;1;2
26;2025-12-24;2;0
26;2025-12-24;3;0
26;2025-12-24;4;6
26;2025-12-24;5;103
26;2025-12-24;6;517
26;2025-12-24;7;1154
26;2025-12-24;8;2379
26;2025-12-24;9;1541
26;2025-12-24;10;1304
26;2025-12-24;11;1191
26;2025-12-24;12;1261
26;2025-12-24;13;1298
26;2025-12-24;14;1395
26;2025-12-24;15;1491
26;2025-12-24;16;1625
26;2025-12-24;17;1871
26;2025-12-24;18;1995
26;2025-12-24;19;1364
26;2025-12-24;20;857
26;2025-12-24;21;591
26;2025-12-24;22;255
26;2025-12-24;23;161
26;2025-12-25;0;44
26;2025-12-25;1;1
26;2025-12-25;2;0
26;2025-12-25;3;0
26;2025-12-25;4;2
26;2025-12-25;5;95
26;2025-12-25;6;521
26;2025-12-25;7;1153
26;2025-12-25;8;2336
26;2025-12-25;9;1539
26;2025-12-25;10;1302
26;2025-12-25;11;1218
26;2025-12-25;12;1264
26;2025-12-25;13;1308
26;2025-12-25;14;1413
26;2025-12-25;15;1487
26;2025-12-25;16;1637
26;2025-12-25;17;1859
26;2025-12-25;18;2009
26;2025-12-25;19;1333
26;2025-12-25;20;830
26;2025-12-25;21;549
26;2025-12-25;22;242
26;2025-12-25;23;162
26;2025-12-26;0;37
26;2025-12-26;1;1
26;2025-12-26;2;0
26;2025-12-26;3;0
26;2025-12-26;4;1
26;2025-12-26;5;88
26;2025-12-26;6;517
26;2025-12-26;7;1120
26;2025-12-26;8;2257
26;2025-12-26;9;1477
26;2025-12-26;10;1275
26;2025-12-26;11;1186
26;2025-12-26;12;1206
26;2025-12-26;13;1275
26;2025-12-26;14;1386
26;2025-12-26;15;1485
26;2025-12-26;16;1690
26;2025-12-26;17;1865
26;2025-12-26;18;1584
26;2025-12-26;19;1184
26;2025-12-26;20;754
26;2025-12-26;21;514
26;2025-12-26;22;237
26;2025-12-26;23;185
26;2025-12-27;0;57
26;2025-12-27;1;2
26;2025-12-27;2;0
26;2025-12-27;3;0
26;2025-12-27;4;2
26;2025-12-27;5;46
26;2025-12-27;6;242
26;2025-12-27;7;391
26;2025-12-27;8;654
26;2025-12-27;9;727
26;2025-12-27;10;878
26;2025-12-27;11;1045
26;2025-12-27;12;1119
26;2025-12-27;13;1146
26;2025-12-27;14;1162
26;2025-12-27;15;1078
26;2025-12-27;16;1142
26;2025-12-27;17;1072
26;2025-12-27;18;957
26;2025-12-27;19;810
26;2025-12-27;20;577
26;2025-12-27;21;406
26;2025-12-27;22;238
26;2025-12-27;23;179
26;2025-12-28;0;54
26;2025-12-28;1;4
26;2025-12-28;2;0
26;2025-12-28;3;0
26;2025-12-28;4;2
26;2025-12-28;5;21
26;2025-12-28;6;154
26;2025-12-28;7;268
26;2025-12-28;8;396
26;2025-12-28;9;534
26;2025-12-28;10;610
26;2025-12-28;11;820
26;2025-12-28;12;875
26;2025-12-28;13;916
26;2025-12-28;14;928
26;2025-12-28;15;862
26;2025-12-28;16;856
26;2025-12-28;17;862
26;2025-12-28;18;745
26;2025-12-28;19;568
26;2025-12-28;20;425
26;2025-12-28;21;315
26;2025-12-28;22;187
26;2025-12-28;23;132
26;2025-12-29;0;24
26;2025-12-29;1;2
26;2025-12-29;2;0
26;2025-12-29;3;0
26;2025-12-29;4;2
26;2025-12-29;5;86
26;2025-12-29;6;452
26;2025-12-29;7;1060
26;2025-12-29;8;2094
26;2025-12-29;9;1357
26;2025-12-29;10;1159
26;2025-12-29;11;991
26;2025-12-29;12;1026
26;2025-12-29;13;1088
26;2025-12-29;14;1184
26;2025-12-29;15;1237
26;2025-12-29;16;1370
26;2025-12-29;17;1607
26;2025-12-29;18;1773
26;2025-12-29;19;1158
26;2025-12-29;20;707
26;2025-12-29;21;439
26;2025-12-29;22;194
26;2025-12-29;23;102
26;2025-12-30;0;27
26;2025-12-30;1;1
26;2025-12-30;2;0
26;2025-12-30;3;1
26;2025-12-30;4;2
26;2025-12-30;5;83
26;2025-12-30;6;445
26;2025-12-30;7;1021
26;2025-12-30;8;2066
26;2025-12-30;9;1334
26;2025-12-30;10;1148
26;2025-12-30;11;1049
26;2025-12-30;12;1081
26;2025-12-30;13;1056
26;2025-12-30;14;1125
26;2025-12-30;15;1230
26;2025-12-30;16;1361
26;2025-12-30;17;1606
26;2025-12-30;18;1783
26;2025-12-30;19;1197
26;2025-12-30;20;682
26;2025-12-30;21;422
26;2025-12-30;22;192
26;2025-12-30;23;108
26;2025-12-31;0;43
26;2025-12-31;1;3
26;2025-12-31;2;0
26;2025-12-31;3;0
26;2025-12-31;4;1
26;2025-12-31;5;29
26;2025-12-31;6;163
26;2025-12-31;7;255
26;2025-12-31;8;405
26;2025-12-31;9;500
26;2025-12-31;10;584
26;2025-12-31;11;765
26;2025-12-31;12;784
26;2025-12-31;13;805
26;2025-12-31;14;814
26;2025-12-31;15;738
26;2025-12-31;16;730
26;2025-12-31;17;715
26;2025-12-31;18;655
26;2025-12-31;19;526
26;2025-12-31;20;389
26;2025-12-31;21;264
26;2025-12-31;22;159
26;2025-12-31;23;105
28;2025-11-01;0;1
28;2025-11-01;1;0
28;2025-11-01;2;0
28;2025-11-01;3;0
28;2025-11-01;4;1
28;2025-11-01;5;62
28;2025-11-01;6;209
28;2025-11-01;7;594
28;2025-11-01;8;928
28;2025-11-01;9;692
28;2025-11-01;10;584
28;2025-11-01;11;571
28;2025-11-01;12;714
28;2025-11-01;13;680
28;2025-11-01;14;661
28;2025-11-01;15;683
28;2025-11-01;16;821
28;2025-11-01;17;835
28;2025-11-01;18;736
28;2025-11-01;19;540
28;2025-11-01;20;388
28;2025-11-01;21;312
28;2025-11-01;22;123
28;2025-11-01;23;19
28;2025-11-02;0;3
28;2025-11-02;1;1
28;2025-11-02;2;0
28;2025-11-02;3;1
28;2025-11-02;4;0
28;2025-11-02;5;28
28;2025-11-02;6;74
28;2025-11-02;7;153
28;2025-11-02;8;243
28;2025-11-02;9;328
28;2025-11-02;10;370
28;2025-11-02;11;410
28;2025-11-02;12;430
28;2025-11-02;13;511
28;2025-11-02;14;487
28;2025-11-02;15;487
28;2025-11-02;16;442
28;2025-11-02;17;454
28;2025-11-02;18;404
28;2025-11-02;19;354
28;2025-11-02;20;278
28;2025-11-02;21;224
28;2025-11-02;22;104
28;2025-11-02;23;12
28;2025-11-03;0;2
28;2025-11-03;1;1
28;2025-11-03;2;0
28;2025-11-03;3;0
28;2025-11-03;4;0
28;2025-11-03;5;30
28;2025-11-03;6;80
28;2025-11-03;7;168
28;2025-11-03;8;275
28;2025-11-03;9;354
28;2025-11-03;10;393
28;2025-11-03;11;425
28;2025-11-03;12;461
28;2025-11-03;13;525
28;2025-11-03;14;495
28;2025-11-03;15;504
28;2025-11-03;16;470
28;2025-11-03;17;475
28;2025-11-03;18;421
28;2025-11-03;19;356
28;2025-11-03;20;275
28;2025-11-03;21;228
28;2025-11-03;22;104
28;2025-11-03;23;12
28;2025-11-04;0;2
28;2025-11-04;1;1
28;2025-11-04;2;0
28;2025-11-04;3;0
28;2025-11-04;4;0
28;2025-11-04;5;27
28;2025-11-04;6;70
28;2025-11-04;7;146
28;2025-11-04;8;237
28;2025-11-04;9;310
28;2025-11-04;10;347
28;2025-11-04;11;378
28;2025-11-04;12;405
28;2025-11-04;13;469
28;2025-11-04;14;444
28;2025-11-04;15;449
28;2025-11-04;16;414
28;2025-11-04;17;421
28;2025-11-04;18;374
28;2025-11-04;19;321
28;2025-11-04;20;249
28;2025-11-04;21;204
28;2025-11-04;22;94
28;2025-11-04;23;11
28;2025-11-05;0;0
28;2025-11-05;1;0
28;2025-11-05;2;0
28;2025-11-05;3;0
28;2025-11-05;4;2
28;2025-11-05;5;80
28;2025-11-05;6;263
28;2025-11-05;7;788
28;2025-11-05;8;1253
28;2025-11-05;9;845
28;2025-11-05;10;646
28;2025-11-05;11;608
28;2025-11-05;12;724
28;2025-11-05;13;742
28;2025-11-05;14;705
28;2025-11-05;15;728
28;2025-11-05;16;872
28;2025-11-05;17;1050
28;2025-11-05;18;1042
28;2025-11-05;19;762
28;2025-11-05;20;533
28;2025-11-05;21;325
28;2025-11-05;22;123
28;2025-11-05;23;11
28;2025-11-06;0;0
28;2025-11-06;1;1
28;2025-11-06;2;0
28;2025-11-06;3;0
28;2025-11-06;4;1
28;2025-11-06;5;85
28;2025-11-06;6;263
28;2025-11-06;7;808
28;2025-11-06;8;1225
28;2025-11-06;9;823
28;2025-11-06;10;636
28;2025-11-06;11;605
28;2025-11-06;12;691
28;2025-11-06;13;731
28;2025-11-06;14;695
28;2025-11-06;15;746
28;2025-11-06;16;849
28;2025-11-06;17;1084
28;2025-11-06;18;1062
28;2025-11-06;19;753
28;2025-11-06;20;535
28;2025-11-06;21;338
28;2025-11-06;22;136
28;2025-11-06;23;14
28;2025-11-07;0;0
28;2025-11-07;1;0
28;2025-11-07;2;0
28;2025-11-07;3;0
28;2025-11-07;4;2
28;2025-11-07;5;80
28;2025-11-07;6;283
28;2025-11-07;7;813
28;2025-11-07;8;1269
28;2025-11-07;9;818
28;2025-11-07;10;639
28;2025-11-07;11;600
28;2025-11-07;12;715
28;2025-11-07;13;725
28;2025-11-07;14;704
28;2025-11-07;15;750
28;2025-11-07;16;888
28;2025-11-07;17;1030
28;2025-11-07;18;880
28;2025-11-07;19;672
28;2025-11-07;20;459
28;2025-11-07;21;321
28;2025-11-07;22;126
28;2025-11-07;23;13
28;2025-11-08;0;1
28;2025-11-08;1;0
28;2025-11-08;2;0
28;2025-11-08;3;0
28;2025-11-08;4;1
28;2025-11-08;5;37
28;2025-11-08;6;108
28;2025-11-08;7;234
28;2025-11-08;8;390
28;2025-11-08;9;440
28;2025-11-08;10;476
28;2025-11-08;11;505
28;2025-11-08;12;591
28;2025-11-08;13;617
28;2025-11-08;14;600
28;2025-11-08;15;595
28;2025-11-08;16;615
28;2025-11-08;17;588
28;2025-11-08;18;499
28;2025-11-08;19;390
28;2025-11-08;20;300
28;2025-11-08;21;248
28;2025-11-08;22;118
28;2025-11-08;23;19
28;2025-11-09;0;0
28;2025-11-09;1;1
28;2025-11-09;2;0
28;2025-11-09;3;1
28;2025-11-09;4;0
28;2025-11-09;5;27
28;2025-11-09;6;73
28;2025-11-09;7;173
28;2025-11-09;8;254
28;2025-11-09;9;347
28;2025-11-09;10;391
28;2025-11-09;11;434
28;2025-11-09;12;475
28;2025-11-09;13;540
28;2025-11-09;14;528
28;2025-11-09;15;515
28;2025-11-09;16;494
28;2025-11-09;17;516
28;2025-11-09;18;429
28;2025-11-09;19;370
28;2025-11-09;20;277
28;2025-11-09;21;217
28;2025-11-09;22;110
28;2025-11-09;23;16
28;2025-11-10;0;0
28;2025-11-10;1;0
28;2025-11-10;2;0
28;2025-11-10;3;0
28;2025-11-10;4;2
28;2025-11-10;5;78
28;2025-11-10;6;258
28;2025-11-10;7;736
28;2025-11-10;8;1162
28;2025-11-10;9;762
28;2025-11-10;10;600
28;2025-11-10;11;543
28;2025-11-10;12;636
28;2025-11-10;13;659
28;2025-11-10;14;639
28;2025-11-10;15;664
28;2025-11-10;16;796
28;2025-11-10;17;981
28;2025-11-10;18;961
28;2025-11-10;19;687
28;2025-11-10;20;467
28;2025-11-10;21;293
28;2025-11-10;22;111
28;2025-11-10;23;7
28;2025-11-11;0;0
28;2025-11-11;1;0
28;2025-11-11;2;0
28;2025-11-11;3;0
28;2025-11-11;4;1
28;2025-11-11;5;76
28;2025-11-11;6;261
28;2025-11-11;7;777
28;2025-11-11;8;1236
28;2025-11-11;9;798
28;2025-11-11;10;628
28;2025-11-11;11;583
28;2025-11-11;12;662
28;2025-11-11;13;690
28;2025-11-11;14;673
28;2025-11-11;15;702
28;2025-11-11;16;788
28;2025-11-11;17;977
28;2025-11-11;18;987
28;2025-11-11;19;696
28;2025-11-11;20;474
28;2025-11-11;21;306
28;2025-11-11;22;119
28;2025-11-11;23;10
28;2025-11-12;0;0
28;2025-11-12;1;0
28;2025-11-12;2;0
28;2025-11-12;3;0
28;2025-11-12;4;2
28;2025-11-12;5;79
28;2025-11-12;6;264
28;2025-11-12;7;789
28;2025-11-12;8;1253
28;2025-11-12;9;846
28;2025-11-12;10;645
28;2025-11-12;11;608
28;2025-11-12;12;724
28;2025-11-12;13;742
28;2025-11-12;14;704
28;2025-11-12;15;728
28;2025-11-12;16;873
28;2025-11-12;17;1049
28;2025-11-12;18;1041
28;2025-11-12;19;761
28;2025-11-12;20;533
28;2025-11-12;21;325
28;2025-11-12;22;123
28;2025-11-12;23;11
28;2025-11-13;0;0
28;2025-11-13;1;1
28;2025-11-13;2;0
28;2025-11-13;3;0
28;2025-11-13;4;1
28;2025-11-13;5;85
28;2025-11-13;6;264
28;2025-11-13;7;810
28;2025-11-13;8;1226
28;2025-11-13;9;824
28;2025-11-13;10;635
28;2025-11-13;11;605
28;2025-11-13;12;691
28;2025-11-13;13;731
28;2025-11-13;14;694
28;2025-11-13;15;746
28;2025-11-13;16;848
28;2025-11-13;17;1083
28;2025-11-13;18;1061
28;2025-11-13;19;753
28;2025-11-13;20;534
28;2025-11-13;21;338
28;2025-11-13;22;136
28;2025-11-13;23;14
28;2025-11-14;0;0
28;2025-11-14;1;0
28;2025-11-14;2;0
28;2025-11-14;3;0
28;2025-11-14;4;2
28;2025-11-14;5;80
28;2025-11-14;6;284
28;2025-11-14;7;814
28;2025-11-14;8;1269
28;2025-11-14;9;819
28;2025-11-14;10;638
28;2025-11-14;11;599
28;2025-11-14;12;715
28;2025-11-14;13;725
28;2025-11-14;14;704
28;2025-11-14;15;750
28;2025-11-14;16;888
28;2025-11-14;17;1030
28;2025-11-14;18;879
28;2025-11-14;19;672
28;2025-11-14;20;459
28;2025-11-14;21;321
28;2025-11-14;22;126
28;2025-11-14;23;13
28;2025-11-15;0;1
28;2025-11-15;1;0
28;2025-11-15;2;0
28;2025-11-15;3;0
28;2025-11-15;4;1
28;2025-11-15;5;37
28;2025-11-15;6;108
28;2025-11-15;7;234
28;2025-11-15;8;390
28;2025-11-15;9;440
28;2025-11-15;10;476
28;2025-11-15;11;506
28;2025-11-15;12;591
28;2025-11-15;13;617
28;2025-11-15;14;601
28;2025-11-15;15;595
28;2025-11-15;16;615
28;2025-11-15;17;587
28;2025-11-15;18;499
28;2025-11-15;19;390
28;2025-11-15;20;299
28;2025-11-15;21;248
28;2025-11-15;22;118
28;2025-11-15;23;19
28;2025-11-16;0;0
28;2025-11-16;1;1
28;2025-11-16;2;0
28;2025-11-16;3;1
28;2025-11-16;4;0
28;2025-11-16;5;27
28;2025-11-16;6;73
28;2025-11-16;7;173
28;2025-11-16;8;254
28;2025-11-16;9;348
28;2025-11-16;10;392
28;2025-11-16;11;435
28;2025-11-16;12;476
28;2025-11-16;13;541
28;2025-11-16;14;529
28;2025-11-16;15;516
28;2025-11-16;16;495
28;2025-11-16;17;517
28;2025-11-16;18;430
28;2025-11-16;19;371
28;2025-11-16;20;278
28;2025-11-16;21;217
28;2025-11-16;22;110
28;2025-11-16;23;16
28;2025-11-17;0;0
28;2025-11-17;1;0
28;2025-11-17;2;0
28;2025-11-17;3;0
28;2025-11-17;4;2
28;2025-11-17;5;78
28;2025-11-17;6;259
28;2025-11-17;7;739
28;2025-11-17;8;1167
28;2025-11-17;9;765
28;2025-11-17;10;602
28;2025-11-17;11;545
28;2025-11-17;12;638
28;2025-11-17;13;662
28;2025-11-17;14;642
28;2025-11-17;15;667
28;2025-11-17;16;799
28;2025-11-17;17;985
28;2025-11-17;18;965
28;2025-11-17;19;690
28;2025-11-17;20;469
28;2025-11-17;21;294
28;2025-11-17;22;111
28;2025-11-17;23;7
28;2025-11-18;0;0
28;2025-11-18;1;0
28;2025-11-18;2;0
28;2025-11-18;3;0
28;2025-11-18;4;1
28;2025-11-18;5;76
28;2025-11-18;6;263
28;2025-11-18;7;782
28;2025-11-18;8;1243
28;2025-11-18;9;804
28;2025-11-18;10;632
28;2025-11-18;11;585
28;2025-11-18;12;667
28;2025-11-18;13;695
28;2025-11-18;14;677
28;2025-11-18;15;706
28;2025-11-18;16;793
28;2025-11-18;17;983
28;2025-11-18;18;993
28;2025-11-18;19;699
28;2025-11-18;20;477
28;2025-11-18;21;307
28;2025-11-18;22;120
28;2025-11-18;23;10
28;2025-11-19;0;0
28;2025-11-19;1;0
28;2025-11-19;2;0
28;2025-11-19;3;0
28;2025-11-19;4;2
28;2025-11-19;5;80
28;2025-11-19;6;266
28;2025-11-19;7;795
28;2025-11-19;8;1264
28;2025-11-19;9;853
28;2025-11-19;10;650
28;2025-11-19;11;613
28;2025-11-19;12;730
28;2025-11-19;13;748
28;2025-11-19;14;710
28;2025-11-19;15;734
28;2025-11-19;16;880
28;2025-11-19;17;1057
28;2025-11-19;18;1049
28;2025-11-19;19;767
28;2025-11-19;20;537
28;2025-11-19;21;328
28;2025-11-19;22;124
28;2025-11-19;23;11
28;2025-11-20;0;0
28;2025-11-20;1;1
28;2025-11-20;2;0
28;2025-11-20;3;0
28;2025-11-20;4;1
28;2025-11-20;5;86
28;2025-11-20;6;267
28;2025-11-20;7;818
28;2025-11-20;8;1239
28;2025-11-20;9;832
28;2025-11-20;10;642
28;2025-11-20;11;611
28;2025-11-20;12;698
28;2025-11-20;13;739
28;2025-11-20;14;702
28;2025-11-20;15;754
28;2025-11-20;16;856
28;2025-11-20;17;1094
28;2025-11-20;18;1071
28;2025-11-20;19;759
28;2025-11-20;20;539
28;2025-11-20;21;341
28;2025-11-20;22;136
28;2025-11-20;23;12
28;2025-11-21;0;0
28;2025-11-21;1;0
28;2025-11-21;2;0
28;2025-11-21;3;0
28;2025-11-21;4;2
28;2025-11-21;5;81
28;2025-11-21;6;288
28;2025-11-21;7;824
28;2025-11-21;8;1285
28;2025-11-21;9;829
28;2025-11-21;10;646
28;2025-11-21;11;606
28;2025-11-21;12;723
28;2025-11-21;13;734
28;2025-11-21;14;712
28;2025-11-21;15;759
28;2025-11-21;16;897
28;2025-11-21;17;1042
28;2025-11-21;18;889
28;2025-11-21;19;679
28;2025-11-21;20;464
28;2025-11-21;21;325
28;2025-11-21;22;127
28;2025-11-21;23;13
28;2025-11-22;0;1
28;2025-11-22;1;0
28;2025-11-22;2;0
28;2025-11-22;3;0
28;2025-11-22;4;1
28;2025-11-22;5;38
28;2025-11-22;6;109
28;2025-11-22;7;237
28;2025-11-22;8;395
28;2025-11-22;9;446
28;2025-11-22;10;483
28;2025-11-22;11;513
28;2025-11-22;12;599
28;2025-11-22;13;625
28;2025-11-22;14;609
28;2025-11-22;15;603
28;2025-11-22;16;623
28;2025-11-22;17;595
28;2025-11-22;18;506
28;2025-11-22;19;395
28;2025-11-22;20;303
28;2025-11-22;21;251
28;2025-11-22;22;120
28;2025-11-22;23;19
28;2025-11-23;0;0
28;2025-11-23;1;1
28;2025-11-23;2;0
28;2025-11-23;3;1
28;2025-11-23;4;0
28;2025-11-23;5;27
28;2025-11-23;6;74
28;2025-11-23;7;176
28;2025-11-23;8;258
28;2025-11-23;9;352
28;2025-11-23;10;397
28;2025-11-23;11;441
28;2025-11-23;12;482
28;2025-11-23;13;548
28;2025-11-23;14;536
28;2025-11-23;15;523
28;2025-11-23;16;502
28;2025-11-23;17;524
28;2025-11-23;18;436
28;2025-11-23;19;376
28;2025-11-23;20;281
28;2025-11-23;21;220
28;2025-11-23;22;112
28;2025-11-23;23;16
28;2025-11-24;0;0
28;2025-11-24;1;0
28;2025-11-24;2;0
28;2025-11-24;3;0
28;2025-11-24;4;2
28;2025-11-24;5;79
28;2025-11-24;6;263
28;2025-11-24;7;749
28;2025-11-24;8;1182
28;2025-11-24;9;775
28;2025-11-24;10;611
28;2025-11-24;11;553
28;2025-11-24;12;647
28;2025-11-24;13;671
28;2025-11-24;14;650
28;2025-11-24;15;676
28;2025-11-24;16;810
28;2025-11-24;17;998
28;2025-11-24;18;978
28;2025-11-24;19;699
28;2025-11-24;20;475
28;2025-11-24;21;298
28;2025-11-24;22;113
28;2025-11-24;23;7
28;2025-11-25;0;0
28;2025-11-25;1;0
28;2025-11-25;2;0
28;2025-11-25;3;0
28;2025-11-25;4;1
28;2025-11-25;5;77
28;2025-11-25;6;266
28;2025-11-25;7;792
28;2025-11-25;8;1260
28;2025-11-25;9;815
28;2025-11-25;10;640
28;2025-11-25;11;593
28;2025-11-25;12;676
28;2025-11-25;13;705
28;2025-11-25;14;686
28;2025-11-25;15;716
28;2025-11-25;16;803
28;2025-11-25;17;996
28;2025-11-25;18;1006
28;2025-11-25;19;709
28;2025-11-25;20;483
28;2025-11-25;21;311
28;2025-11-25;22;121
28;2025-11-25;23;10
28;2025-11-26;0;0
28;2025-11-26;1;0
28;2025-11-26;2;0
28;2025-11-26;3;0
28;2025-11-26;4;2
28;2025-11-26;5;81
28;2025-11-26;6;270
28;2025-11-26;7;806
28;2025-11-26;8;1281
28;2025-11-26;9;864
28;2025-11-26;10;659
28;2025-11-26;11;621
28;2025-11-26;12;740
28;2025-11-26;13;758
28;2025-11-26;14;719
28;2025-11-26;15;744
28;2025-11-26;16;892
28;2025-11-26;17;1072
28;2025-11-26;18;1063
28;2025-11-26;19;777
28;2025-11-26;20;544
28;2025-11-26;21;332
28;2025-11-26;22;126
28;2025-11-26;23;11
28;2025-11-27;0;0
28;2025-11-27;1;1
28;2025-11-27;2;0
28;2025-11-27;3;0
28;2025-11-27;4;1
28;2025-11-27;5;87
28;2025-11-27;6;270
28;2025-11-27;7;829
28;2025-11-27;8;1256
28;2025-11-27;9;843
28;2025-11-27;10;651
28;2025-11-27;11;619
28;2025-11-27;12;707
28;2025-11-27;13;749
28;2025-11-27;14;711
28;2025-11-27;15;765
28;2025-11-27;16;868
28;2025-11-27;17;1108
28;2025-11-27;18;1086
28;2025-11-27;19;770
28;2025-11-27;20;547
28;2025-11-27;21;346
28;2025-11-27;22;138
28;2025-11-27;23;12
28;2025-11-28;0;0
28;2025-11-28;1;0
28;2025-11-28;2;0
28;2025-11-28;3;0
28;2025-11-28;4;2
28;2025-11-28;5;82
28;2025-11-28;6;292
28;2025-11-28;7;835
28;2025-11-28;8;1302
28;2025-11-28;9;840
28;2025-11-28;10;654
28;2025-11-28;11;614
28;2025-11-28;12;733
28;2025-11-28;13;743
28;2025-11-28;14;722
28;2025-11-28;15;769
28;2025-11-28;16;910
28;2025-11-28;17;1056
28;2025-11-28;18;901
28;2025-11-28;19;688
28;2025-11-28;20;471
28;2025-11-28;21;329
28;2025-11-28;22;129
28;2025-11-28;23;13
28;2025-11-29;0;1
28;2025-11-29;1;0
28;2025-11-29;2;0
28;2025-11-29;3;0
28;2025-11-29;4;1
28;2025-11-29;5;38
28;2025-11-29;6;111
28;2025-11-29;7;240
28;2025-11-29;8;401
28;2025-11-29;9;452
28;2025-11-29;10;489
28;2025-11-29;11;520
28;2025-11-29;12;607
28;2025-11-29;13;634
28;2025-11-29;14;617
28;2025-11-29;15;611
28;2025-11-29;16;632
28;2025-11-29;17;603
28;2025-11-29;18;513
28;2025-11-29;19;401
28;2025-11-29;20;307
28;2025-11-29;21;255
28;2025-11-29;22;121
28;2025-11-29;23;20
28;2025-11-30;0;0
28;2025-11-30;1;1
28;2025-11-30;2;0
28;2025-11-30;3;1
28;2025-11-30;4;0
28;2025-11-30;5;28
28;2025-11-30;6;75
28;2025-11-30;7;178
28;2025-11-30;8;261
28;2025-11-30;9;357
28;2025-11-30;10;402
28;2025-11-30;11;447
28;2025-11-30;12;489
28;2025-11-30;13;556
28;2025-11-30;14;544
28;2025-11-30;15;530
28;2025-11-30;16;509
28;2025-11-30;17;531
28;2025-11-30;18;442
28;2025-11-30;19;381
28;2025-11-30;20;285
28;2025-11-30;21;223
28;2025-11-30;22;113
28;2025-11-30;23;16
28;2025-12-01;0;0
28;2025-12-01;1;0
28;2025-12-01;2;0
28;2025-12-01;3;0
28;2025-12-01;4;2
28;2025-12-01;5;80
28;2025-12-01;6;266
28;2025-12-01;7;759
28;2025-12-01;8;1198
28;2025-12-01;9;786
28;2025-12-01;10;619
28;2025-12-01;11;560
28;2025-12-01;12;656
28;2025-12-01;13;680
28;2025-12-01;14;659
28;2025-12-01;15;685
28;2025-12-01;16;821
28;2025-12-01;17;1012
28;2025-12-01;18;991
28;2025-12-01;19;709
28;2025-12-01;20;482
28;2025-12-01;21;302
28;2025-12-01;22;114
28;2025-12-01;23;7
28;2025-12-02;0;0
28;2025-12-02;1;0
28;2025-12-02;2;0
28;2025-12-02;3;0
28;2025-12-02;4;1
28;2025-12-02;5;79
28;2025-12-02;6;270
28;2025-12-02;7;803
28;2025-12-02;8;1277
28;2025-12-02;9;826
28;2025-12-02;10;649
28;2025-12-02;11;601
28;2025-12-02;12;685
28;2025-12-02;13;714
28;2025-12-02;14;695
28;2025-12-02;15;725
28;2025-12-02;16;814
28;2025-12-02;17;1010
28;2025-12-02;18;1020
28;2025-12-02;19;718
28;2025-12-02;20;490
28;2025-12-02;21;315
28;2025-12-02;22;123
28;2025-12-02;23;10
28;2025-12-03;0;0
28;2025-12-03;1;0
28;2025-12-03;2;0
28;2025-12-03;3;0
28;2025-12-03;4;2
28;2025-12-03;5;82
28;2025-12-03;6;273
28;2025-12-03;7;817
28;2025-12-03;8;1297
28;2025-12-03;9;876
28;2025-12-03;10;668
28;2025-12-03;11;629
28;2025-12-03;12;749
28;2025-12-03;13;768
28;2025-12-03;14;729
28;2025-12-03;15;754
28;2025-12-03;16;903
28;2025-12-03;17;1086
28;2025-12-03;18;1079
28;2025-12-03;19;789
28;2025-12-03;20;552
28;2025-12-03;21;338
28;2025-12-03;22;127
28;2025-12-03;23;11
28;2025-12-04;0;0
28;2025-12-04;1;1
28;2025-12-04;2;0
28;2025-12-04;3;0
28;2025-12-04;4;1
28;2025-12-04;5;88
28;2025-12-04;6;272
28;2025-12-04;7;833
28;2025-12-04;8;1263
28;2025-12-04;9;849
28;2025-12-04;10;654
28;2025-12-04;11;623
28;2025-12-04;12;713
28;2025-12-04;13;754
28;2025-12-04;14;717
28;2025-12-04;15;777
28;2025-12-04;16;882
28;2025-12-04;17;1124
28;2025-12-04;18;1104
28;2025-12-04;19;785
28;2025-12-04;20;560
28;2025-12-04;21;358
28;2025-12-04;22;149
28;2025-12-04;23;24
28;2025-12-05;0;0
28;2025-12-05;1;0
28;2025-12-05;2;0
28;2025-12-05;3;0
28;2025-12-05;4;2
28;2025-12-05;5;83
28;2025-12-05;6;293
28;2025-12-05;7;839
28;2025-12-05;8;1309
28;2025-12-05;9;845
28;2025-12-05;10;658
28;2025-12-05;11;617
28;2025-12-05;12;737
28;2025-12-05;13;748
28;2025-12-05;14;727
28;2025-12-05;15;780
28;2025-12-05;16;922
28;2025-12-05;17;1069
28;2025-12-05;18;919
28;2025-12-05;19;705
28;2025-12-05;20;485
28;2025-12-05;21;343
28;2025-12-05;22;142
28;2025-12-05;23;25
28;2025-12-06;0;1
28;2025-12-06;1;0
28;2025-12-06;2;0
28;2025-12-06;3;0
28;2025-12-06;4;1
28;2025-12-06;5;35
28;2025-12-06;6;109
28;2025-12-06;7;239
28;2025-12-06;8;401
28;2025-12-06;9;453
28;2025-12-06;10;490
28;2025-12-06;11;522
28;2025-12-06;12;610
28;2025-12-06;13;637
28;2025-12-06;14;622
28;2025-12-06;15;624
28;2025-12-06;16;643
28;2025-12-06;17;615
28;2025-12-06;18;525
28;2025-12-06;19;412
28;2025-12-06;20;318
28;2025-12-06;21;264
28;2025-12-06;22;129
28;2025-12-06;23;26
28;2025-12-07;0;0
28;2025-12-07;1;1
28;2025-12-07;2;0
28;2025-12-07;3;1
28;2025-12-07;4;0
28;2025-12-07;5;26
28;2025-12-07;6;74
28;2025-12-07;7;177
28;2025-12-07;8;261
28;2025-12-07;9;357
28;2025-12-07;10;403
28;2025-12-07;11;447
28;2025-12-07;12;489
28;2025-12-07;13;558
28;2025-12-07;14;546
28;2025-12-07;15;540
28;2025-12-07;16;518
28;2025-12-07;17;541
28;2025-12-07;18;453
28;2025-12-07;19;391
28;2025-12-07;20;295
28;2025-12-07;21;233
28;2025-12-07;22;121
28;2025-12-07;23;23
28;2025-12-08;0;0
28;2025-12-08;1;0
28;2025-12-08;2;0
28;2025-12-08;3;0
28;2025-12-08;4;2
28;2025-12-08;5;76
28;2025-12-08;6;264
28;2025-12-08;7;760
28;2025-12-08;8;1205
28;2025-12-08;9;787
28;2025-12-08;10;619
28;2025-12-08;11;559
28;2025-12-08;12;656
28;2025-12-08;13;681
28;2025-12-08;14;660
28;2025-12-08;15;700
28;2025-12-08;16;838
28;2025-12-08;17;1031
28;2025-12-08;18;1013
28;2025-12-08;19;727
28;2025-12-08;20;497
28;2025-12-08;21;317
28;2025-12-08;22;126
28;2025-12-08;23;19
28;2025-12-09;0;0
28;2025-12-09;1;0
28;2025-12-09;2;0
28;2025-12-09;3;0
28;2025-12-09;4;1
28;2025-12-09;5;75
28;2025-12-09;6;268
28;2025-12-09;7;806
28;2025-12-09;8;1286
28;2025-12-09;9;828
28;2025-12-09;10;649
28;2025-12-09;11;602
28;2025-12-09;12;686
28;2025-12-09;13;716
28;2025-12-09;14;697
28;2025-12-09;15;742
28;2025-12-09;16;830
28;2025-12-09;17;1029
28;2025-12-09;18;1041
28;2025-12-09;19;737
28;2025-12-09;20;505
28;2025-12-09;21;329
28;2025-12-09;22;134
28;2025-12-09;23;20
28;2025-12-10;0;0
28;2025-12-10;1;0
28;2025-12-10;2;0
28;2025-12-10;3;0
28;2025-12-10;4;2
28;2025-12-10;5;79
28;2025-12-10;6;272
28;2025-12-10;7;817
28;2025-12-10;8;1303
28;2025-12-10;9;878
28;2025-12-10;10;668
28;2025-12-10;11;628
28;2025-12-10;12;750
28;2025-12-10;13;770
28;2025-12-10;14;730
28;2025-12-10;15;771
28;2025-12-10;16;921
28;2025-12-10;17;1107
28;2025-12-10;18;1101
28;2025-12-10;19;809
28;2025-12-10;20;570
28;2025-12-10;21;352
28;2025-12-10;22;141
28;2025-12-10;23;23
28;2025-12-11;0;0
28;2025-12-11;1;1
28;2025-12-11;2;0
28;2025-12-11;3;0
28;2025-12-11;4;1
28;2025-12-11;5;85
28;2025-12-11;6;272
28;2025-12-11;7;842
28;2025-12-11;8;1280
28;2025-12-11;9;858
28;2025-12-11;10;660
28;2025-12-11;11;627
28;2025-12-11;12;719
28;2025-12-11;13;761
28;2025-12-11;14;723
28;2025-12-11;15;791
28;2025-12-11;16;898
28;2025-12-11;17;1144
28;2025-12-11;18;1123
28;2025-12-11;19;800
28;2025-12-11;20;570
28;2025-12-11;21;364
28;2025-12-11;22;152
28;2025-12-11;23;24
28;2025-12-12;0;0
28;2025-12-12;1;0
28;2025-12-12;2;0
28;2025-12-12;3;0
28;2025-12-12;4;2
28;2025-12-12;5;80
28;2025-12-12;6;294
28;2025-12-12;7;848
28;2025-12-12;8;1326
28;2025-12-12;9;853
28;2025-12-12;10;662
28;2025-12-12;11;622
28;2025-12-12;12;743
28;2025-12-12;13;755
28;2025-12-12;14;734
28;2025-12-12;15;795
28;2025-12-12;16;939
28;2025-12-12;17;1089
28;2025-12-12;18;936
28;2025-12-12;19;717
28;2025-12-12;20;495
28;2025-12-12;21;351
28;2025-12-12;22;144
28;2025-12-12;23;26
28;2025-12-13;0;1
28;2025-12-13;1;0
28;2025-12-13;2;0
28;2025-12-13;3;0
28;2025-12-13;4;1
28;2025-12-13;5;36
28;2025-12-13;6;111
28;2025-12-13;7;243
28;2025-12-13;8;406
28;2025-12-13;9;459
28;2025-12-13;10;497
28;2025-12-13;11;528
28;2025-12-13;12;618
28;2025-12-13;13;646
28;2025-12-13;14;630
28;2025-12-13;15;632
28;2025-12-13;16;652
28;2025-12-13;17;623
28;2025-12-13;18;532
28;2025-12-13;19;418
28;2025-12-13;20;322
28;2025-12-13;21;268
28;2025-12-13;22;131
28;2025-12-13;23;26
28;2025-12-14;0;0
28;2025-12-14;1;1
28;2025-12-14;2;0
28;2025-12-14;3;1
28;2025-12-14;4;0
28;2025-12-14;5;26
28;2025-12-14;6;75
28;2025-12-14;7;180
28;2025-12-14;8;264
28;2025-12-14;9;361
28;2025-12-14;10;408
28;2025-12-14;11;453
28;2025-12-14;12;496
28;2025-12-14;13;565
28;2025-12-14;14;553
28;2025-12-14;15;547
28;2025-12-14;16;525
28;2025-12-14;17;548
28;2025-12-14;18;459
28;2025-12-14;19;396
28;2025-12-14;20;299
28;2025-12-14;21;236
28;2025-12-14;22;123
28;2025-12-14;23;23
28;2025-12-15;0;0
28;2025-12-15;1;0
28;2025-12-15;2;0
28;2025-12-15;3;0
28;2025-12-15;4;2
28;2025-12-15;5;77
28;2025-12-15;6;268
28;2025-12-15;7;770
28;2025-12-15;8;1221
28;2025-12-15;9;797
28;2025-12-15;10;627
28;2025-12-15;11;566
28;2025-12-15;12;665
28;2025-12-15;13;690
28;2025-12-15;14;669
28;2025-12-15;15;709
28;2025-12-15;16;849
28;2025-12-15;17;1045
28;2025-12-15;18;1026
28;2025-12-15;19;737
28;2025-12-15;20;504
28;2025-12-15;21;321
28;2025-12-15;22;128
28;2025-12-15;23;19
28;2025-12-16;0;0
28;2025-12-16;1;0
28;2025-12-16;2;0
28;2025-12-16;3;0
28;2025-12-16;4;1
28;2025-12-16;5;76
28;2025-12-16;6;272
28;2025-12-16;7;817
28;2025-12-16;8;1303
28;2025-12-16;9;839
28;2025-12-16;10;658
28;2025-12-16;11;610
28;2025-12-16;12;695
28;2025-12-16;13;726
28;2025-12-16;14;706
28;2025-12-16;15;752
28;2025-12-16;16;841
28;2025-12-16;17;1043
28;2025-12-16;18;1054
28;2025-12-16;19;747
28;2025-12-16;20;511
28;2025-12-16;21;333
28;2025-12-16;22;136
28;2025-12-16;23;20
28;2025-12-17;0;0
28;2025-12-17;1;0
28;2025-12-17;2;0
28;2025-12-17;3;0
28;2025-12-17;4;2
28;2025-12-17;5;80
28;2025-12-17;6;275
28;2025-12-17;7;828
28;2025-12-17;8;1320
28;2025-12-17;9;889
28;2025-12-17;10;677
28;2025-12-17;11;637
28;2025-12-17;12;760
28;2025-12-17;13;780
28;2025-12-17;14;740
28;2025-12-17;15;781
28;2025-12-17;16;933
28;2025-12-17;17;1121
28;2025-12-17;18;1116
28;2025-12-17;19;819
28;2025-12-17;20;577
28;2025-12-17;21;357
28;2025-12-17;22;142
28;2025-12-17;23;23
28;2025-12-18;0;0
28;2025-12-18;1;1
28;2025-12-18;2;0
28;2025-12-18;3;0
28;2025-12-18;4;1
28;2025-12-18;5;86
28;2025-12-18;6;276
28;2025-12-18;7;853
28;2025-12-18;8;1297
28;2025-12-18;9;869
28;2025-12-18;10;669
28;2025-12-18;11;636
28;2025-12-18;12;728
28;2025-12-18;13;771
28;2025-12-18;14;732
28;2025-12-18;15;802
28;2025-12-18;16;909
28;2025-12-18;17;1159
28;2025-12-18;18;1138
28;2025-12-18;19;810
28;2025-12-18;20;577
28;2025-12-18;21;368
28;2025-12-18;22;154
28;2025-12-18;23;24
28;2025-12-19;0;0
28;2025-12-19;1;0
28;2025-12-19;2;0
28;2025-12-19;3;0
28;2025-12-19;4;2
28;2025-12-19;5;81
28;2025-12-19;6;298
28;2025-12-19;7;859
28;2025-12-19;8;1343
28;2025-12-19;9;864
28;2025-12-19;10;671
28;2025-12-19;11;630
28;2025-12-19;12;753
28;2025-12-19;13;765
28;2025-12-19;14;743
28;2025-12-19;15;805
28;2025-12-19;16;951
28;2025-12-19;17;1103
28;2025-12-19;18;948
28;2025-12-19;19;726
28;2025-12-19;20;501
28;2025-12-19;21;355
28;2025-12-19;22;146
28;2025-12-19;23;27
28;2025-12-20;0;1
28;2025-12-20;1;0
28;2025-12-20;2;0
28;2025-12-20;3;0
28;2025-12-20;4;1
28;2025-12-20;5;36
28;2025-12-20;6;112
28;2025-12-20;7;246
28;2025-12-20;8;411
28;2025-12-20;9;465
28;2025-12-20;10;503
28;2025-12-20;11;535
28;2025-12-20;12;626
28;2025-12-20;13;654
28;2025-12-20;14;638
28;2025-12-20;15;640
28;2025-12-20;16;660
28;2025-12-20;17;632
28;2025-12-20;18;539
28;2025-12-20;19;423
28;2025-12-20;20;326
28;2025-12-20;21;271
28;2025-12-20;22;133
28;2025-12-20;23;27
28;2025-12-21;0;0
28;2025-12-21;1;1
28;2025-12-21;2;0
28;2025-12-21;3;1
28;2025-12-21;4;0
28;2025-12-21;5;27
28;2025-12-21;6;76
28;2025-12-21;7;182
28;2025-12-21;8;268
28;2025-12-21;9;366
28;2025-12-21;10;413
28;2025-12-21;11;459
28;2025-12-21;12;502
28;2025-12-21;13;573
28;2025-12-21;14;560
28;2025-12-21;15;555
28;2025-12-21;16;532
28;2025-12-21;17;556
28;2025-12-21;18;465
28;2025-12-21;19;401
28;2025-12-21;20;303
28;2025-12-21;21;239
28;2025-12-21;22;124
28;2025-12-21;23;24
28;2025-12-22;0;0
28;2025-12-22;1;0
28;2025-12-22;2;0
28;2025-12-22;3;0
28;2025-12-22;4;2
28;2025-12-22;5;78
28;2025-12-22;6;271
28;2025-12-22;7;780
28;2025-12-22;8;1237
28;2025-12-22;9;808
28;2025-12-22;10;635
28;2025-12-22;11;574
28;2025-12-22;12;674
28;2025-12-22;13;699
28;2025-12-22;14;678
28;2025-12-22;15;719
28;2025-12-22;16;860
28;2025-12-22;17;1059
28;2025-12-22;18;1039
28;2025-12-22;19;746
28;2025-12-22;20;511
28;2025-12-22;21;325
28;2025-12-22;22;130
28;2025-12-22;23;19
28;2025-12-23;0;0
28;2025-12-23;1;0
28;2025-12-23;2;0
28;2025-12-23;3;0
28;2025-12-23;4;1
28;2025-12-23;5;77
28;2025-12-23;6;275
28;2025-12-23;7;827
28;2025-12-23;8;1319
28;2025-12-23;9;850
28;2025-12-23;10;666
28;2025-12-23;11;618
28;2025-12-23;12;704
28;2025-12-23;13;735
28;2025-12-23;14;716
28;2025-12-23;15;762
28;2025-12-23;16;852
28;2025-12-23;17;1056
28;2025-12-23;18;1068
28;2025-12-23;19;756
28;2025-12-23;20;518
28;2025-12-23;21;337
28;2025-12-23;22;138
28;2025-12-23;23;20
28;2025-12-24;0;0
28;2025-12-24;1;0
28;2025-12-24;2;0
28;2025-12-24;3;0
28;2025-12-24;4;2
28;2025-12-24;5;81
28;2025-12-24;6;279
28;2025-12-24;7;839
28;2025-12-24;8;1337
28;2025-12-24;9;901
28;2025-12-24;10;686
28;2025-12-24;11;645
28;2025-12-24;12;770
28;2025-12-24;13;790
28;2025-12-24;14;749
28;2025-12-24;15;791
28;2025-12-24;16;945
28;2025-12-24;17;1136
28;2025-12-24;18;1130
28;2025-12-24;19;830
28;2025-12-24;20;585
28;2025-12-24;21;362
28;2025-12-24;22;144
28;2025-12-24;23;24
28;2025-12-25;0;0
28;2025-12-25;1;1
28;2025-12-25;2;0
28;2025-12-25;3;0
28;2025-12-25;4;1
28;2025-12-25;5;87
28;2025-12-25;6;279
28;2025-12-25;7;864
28;2025-12-25;8;1313
28;2025-12-25;9;880
28;2025-12-25;10;677
28;2025-12-25;11;644
28;2025-12-25;12;738
28;2025-12-25;13;781
28;2025-12-25;14;742
28;2025-12-25;15;812
28;2025-12-25;16;921
28;2025-12-25;17;1174
28;2025-12-25;18;1153
28;2025-12-25;19;821
28;2025-12-25;20;584
28;2025-12-25;21;373
28;2025-12-25;22;156
28;2025-12-25;23;25
28;2025-12-26;0;0
28;2025-12-26;1;0
28;2025-12-26;2;0
28;2025-12-26;3;0
28;2025-12-26;4;2
28;2025-12-26;5;82
28;2025-12-26;6;301
28;2025-12-26;7;870
28;2025-12-26;8;1360
28;2025-12-26;9;875
28;2025-12-26;10;680
28;2025-12-26;11;638
28;2025-12-26;12;763
28;2025-12-26;13;775
28;2025-12-26;14;753
28;2025-12-26;15;816
28;2025-12-26;16;964
28;2025-12-26;17;1117
28;2025-12-26;18;960
28;2025-12-26;19;736
28;2025-12-26;20;508
28;2025-12-26;21;360
28;2025-12-26;22;148
28;2025-12-26;23;27
28;2025-12-27;0;1
28;2025-12-27;1;0
28;2025-12-27;2;0
28;2025-12-27;3;0
28;2025-12-27;4;1
28;2025-12-27;5;37
28;2025-12-27;6;113
28;2025-12-27;7;248
28;2025-12-27;8;416
28;2025-12-27;9;470
28;2025-12-27;10;509
28;2025-12-27;11;541
28;2025-12-27;12;633
28;2025-12-27;13;661
28;2025-12-27;14;645
28;2025-12-27;15;647
28;2025-12-27;16;668
28;2025-12-27;17;638
28;2025-12-27;18;545
28;2025-12-27;19;428
28;2025-12-27;20;330
28;2025-12-27;21;274
28;2025-12-27;22;134
28;2025-12-27;23;27
28;2025-12-28;0;0
28;2025-12-28;1;1
28;2025-12-28;2;0
28;2025-12-28;3;1
28;2025-12-28;4;0
28;2025-12-28;5;27
28;2025-12-28;6;77
28;2025-12-28;7;184
28;2025-12-28;8;270
28;2025-12-28;9;369
28;2025-12-28;10;417
28;2025-12-28;11;463
28;2025-12-28;12;507
28;2025-12-28;13;578
28;2025-12-28;14;565
28;2025-12-28;15;560
28;2025-12-28;16;537
28;2025-12-28;17;561
28;2025-12-28;18;469
28;2025-12-28;19;405
28;2025-12-28;20;306
28;2025-12-28;21;241
28;2025-12-28;22;125
28;2025-12-28;23;24
28;2025-12-29;0;0
28;2025-12-29;1;0
28;2025-12-29;2;0
28;2025-12-29;3;0
28;2025-12-29;4;2
28;2025-12-29;5;71
28;2025-12-29;6;249
28;2025-12-29;7;698
28;2025-12-29;8;1172
28;2025-12-29;9;788
28;2025-12-29;10;582
28;2025-12-29;11;506
28;2025-12-29;12;640
28;2025-12-29;13;646
28;2025-12-29;14;580
28;2025-12-29;15;579
28;2025-12-29;16;832
28;2025-12-29;17;921
28;2025-12-29;18;896
28;2025-12-29;19;673
28;2025-12-29;20;439
28;2025-12-29;21;280
28;2025-12-29;22;101
28;2025-12-29;23;5
28;2025-12-30;0;0
28;2025-12-30;1;0
28;2025-12-30;2;0
28;2025-12-30;3;0
28;2025-12-30;4;1
28;2025-12-30;5;67
28;2025-12-30;6;231
28;2025-12-30;7;708
28;2025-12-30;8;1200
28;2025-12-30;9;739
28;2025-12-30;10;608
28;2025-12-30;11;517
28;2025-12-30;12;623
28;2025-12-30;13;627
28;2025-12-30;14;598
28;2025-12-30;15;616
28;2025-12-30;16;703
28;2025-12-30;17;899
28;2025-12-30;18;853
28;2025-12-30;19;627
28;2025-12-30;20;441
28;2025-12-30;21;288
28;2025-12-30;22;108
28;2025-12-30;23;11
28;2025-12-31;0;2
28;2025-12-31;1;1
28;2025-12-31;2;0
28;2025-12-31;3;0
28;2025-12-31;4;1
28;2025-12-31;5;29
28;2025-12-31;6;76
28;2025-12-31;7;160
28;2025-12-31;8;265
28;2025-12-31;9;334
28;2025-12-31;10;370
28;2025-12-31;11;396
28;2025-12-31;12;436
28;2025-12-31;13;488
28;2025-12-31;14;459
28;2025-12-31;15;470
28;2025-12-31;16;442
28;2025-12-31;17;445
28;2025-12-31;18;394
28;2025-12-31;19;328
28;2025-12-31;20;252
28;2025-12-31;21;211
28;2025-12-31;22;97
28;2025-12-31;23;12
50;2025-11-01;0;38
50;2025-11-01;1;2
50;2025-11-01;2;0
50;2025-11-01;3;0
50;2025-11-01;4;2
50;2025-11-01;5;49
50;2025-11-01;6;368
50;2025-11-01;7;1241
50;2025-11-01;8;1924
50;2025-11-01;9;1510
50;2025-11-01;10;1080
50;2025-11-01;11;1096
50;2025-11-01;12;1032
50;2025-11-01;13;1084
50;2025-11-01;14;1032
50;2025-11-01;15;1257
50;2025-11-01;16;1559
50;2025-11-01;17;1517
50;2025-11-01;18;1156
50;2025-11-01;19;846
50;2025-11-01;20;611
50;2025-11-01;21;395
50;2025-11-01;22;199
50;2025-11-01;23;121
50;2025-11-02;0;2
50;2025-11-02;1;0
50;2025-11-02;2;0
50;2025-11-02;3;0
50;2025-11-02;4;0
50;2025-11-02;5;1
50;2025-11-02;6;4
50;2025-11-02;7;7
50;2025-11-02;8;11
50;2025-11-02;9;12
50;2025-11-02;10;23
50;2025-11-02;11;46
50;2025-11-02;12;38
50;2025-11-02;13;48
50;2025-11-02;14;82
50;2025-11-02;15;70
50;2025-11-02;16;94
50;2025-11-02;17;80
50;2025-11-02;18;50
50;2025-11-02;19;47
50;2025-11-02;20;38
50;2025-11-02;21;26
50;2025-11-02;22;29
50;2025-11-02;23;8
50;2025-11-03;0;11
50;2025-11-03;1;1
50;2025-11-03;2;0
50;2025-11-03;3;0
50;2025-11-03;4;0
50;2025-11-03;5;1
50;2025-11-03;6;4
50;2025-11-03;7;8
50;2025-11-03;8;13
50;2025-11-03;9;17
50;2025-11-03;10;22
50;2025-11-03;11;42
50;2025-11-03;12;43
50;2025-11-03;13;47
50;2025-11-03;14;73
50;2025-11-03;15;69
50;2025-11-03;16;82
50;2025-11-03;17;70
50;2025-11-03;18;41
50;2025-11-03;19;38
50;2025-11-03;20;31
50;2025-11-03;21;21
50;2025-11-03;22;23
50;2025-11-03;23;6
50;2025-11-04;0;7
50;2025-11-04;1;1
50;2025-11-04;2;0
50;2025-11-04;3;0
50;2025-11-04;4;0
50;2025-11-04;5;1
50;2025-11-04;6;4
50;2025-11-04;7;7
50;2025-11-04;8;11
50;2025-11-04;9;14
50;2025-11-04;10;20
50;2025-11-04;11;39
50;2025-11-04;12;37
50;2025-11-04;13;42
50;2025-11-04;14;69
50;2025-11-04;15;63
50;2025-11-04;16;78
50;2025-11-04;17;67
50;2025-11-04;18;40
50;2025-11-04;19;37
50;2025-11-04;20;31
50;2025-11-04;21;21
50;2025-11-04;22;23
50;2025-11-04;23;6
50;2025-11-05;0;24
50;2025-11-05;1;4
50;2025-11-05;2;0
50;2025-11-05;3;0
50;2025-11-05;4;3
50;2025-11-05;5;82
50;2025-11-05;6;537
50;2025-11-05;7;1757
50;2025-11-05;8;2902
50;2025-11-05;9;2190
50;2025-11-05;10;1676
50;2025-11-05;11;1530
50;2025-11-05;12;1524
50;2025-11-05;13;1500
50;2025-11-05;14;1475
50;2025-11-05;15;1643
50;2025-11-05;16;1736
50;2025-11-05;17;2354
50;2025-11-05;18;2507
50;2025-11-05;19;1484
50;2025-11-05;20;928
50;2025-11-05;21;630
50;2025-11-05;22;257
50;2025-11-05;23;150
50;2025-11-06;0;36
50;2025-11-06;1;2
50;2025-11-06;2;0
50;2025-11-06;3;0
50;2025-11-06;4;3
50;2025-11-06;5;71
50;2025-11-06;6;515
50;2025-11-06;7;1701
50;2025-11-06;8;2724
50;2025-11-06;9;2154
50;2025-11-06;10;1648
50;2025-11-06;11;1482
50;2025-11-06;12;1504
50;2025-11-06;13;1458
50;2025-11-06;14;1446
50;2025-11-06;15;1618
50;2025-11-06;16;1708
50;2025-11-06;17;2279
50;2025-11-06;18;2438
50;2025-11-06;19;1479
50;2025-11-06;20;967
50;2025-11-06;21;648
50;2025-11-06;22;255
50;2025-11-06;23;153
50;2025-11-07;0;40
50;2025-11-07;1;1
50;2025-11-07;2;0
50;2025-11-07;3;0
50;2025-11-07;4;3
50;2025-11-07;5;73
50;2025-11-07;6;525
50;2025-11-07;7;1735
50;2025-11-07;8;2741
50;2025-11-07;9;2136
50;2025-11-07;10;1566
50;2025-11-07;11;1466
50;2025-11-07;12;1473
50;2025-11-07;13;1483
50;2025-11-07;14;1477
50;2025-11-07;15;1689
50;2025-11-07;16;1992
50;2025-11-07;17;2143
50;2025-11-07;18;1764
50;2025-11-07;19;1296
50;2025-11-07;20;888
50;2025-11-07;21;573
50;2025-11-07;22;246
50;2025-11-07;23;157
50;2025-11-08;0;18
50;2025-11-08;1;5
50;2025-11-08;2;0
50;2025-11-08;3;1
50;2025-11-08;4;0
50;2025-11-08;5;1
50;2025-11-08;6;27
50;2025-11-08;7;13
50;2025-11-08;8;44
50;2025-11-08;9;22
50;2025-11-08;10;33
50;2025-11-08;11;54
50;2025-11-08;12;54
50;2025-11-08;13;54
50;2025-11-08;14;83
50;2025-11-08;15;47
50;2025-11-08;16;56
50;2025-11-08;17;86
50;2025-11-08;18;60
50;2025-11-08;19;42
50;2025-11-08;20;30
50;2025-11-08;21;12
50;2025-11-08;22;12
50;2025-11-08;23;10
50;2025-11-09;0;9
50;2025-11-09;1;0
50;2025-11-09;2;0
50;2025-11-09;3;0
50;2025-11-09;4;0
50;2025-11-09;5;0
50;2025-11-09;6;18
50;2025-11-09;7;5
50;2025-11-09;8;7
50;2025-11-09;9;8
50;2025-11-09;10;9
50;2025-11-09;11;15
50;2025-11-09;12;22
50;2025-11-09;13;24
50;2025-11-09;14;40
50;2025-11-09;15;39
50;2025-11-09;16;32
50;2025-11-09;17;40
50;2025-11-09;18;16
50;2025-11-09;19;10
50;2025-11-09;20;9
50;2025-11-09;21;6
50;2025-11-09;22;4
50;2025-11-09;23;2
50;2025-11-10;0;17
50;2025-11-10;1;3
50;2025-11-10;2;1
50;2025-11-10;3;0
50;2025-11-10;4;3
50;2025-11-10;5;70
50;2025-11-10;6;539
50;2025-11-10;7;1738
50;2025-11-10;8;2794
50;2025-11-10;9;2197
50;2025-11-10;10;1613
50;2025-11-10;11;1465
50;2025-11-10;12;1441
50;2025-11-10;13;1446
50;2025-11-10;14;1433
50;2025-11-10;15;1625
50;2025-11-10;16;1691
50;2025-11-10;17;2257
50;2025-11-10;18;2472
50;2025-11-10;19;1425
50;2025-11-10;20;882
50;2025-11-10;21;598
50;2025-11-10;22;233
50;2025-11-10;23;125
50;2025-11-11;0;28
50;2025-11-11;1;2
50;2025-11-11;2;0
50;2025-11-11;3;0
50;2025-11-11;4;2
50;2025-11-11;5;79
50;2025-11-11;6;565
50;2025-11-11;7;1837
50;2025-11-11;8;2831
50;2025-11-11;9;2224
50;2025-11-11;10;1690
50;2025-11-11;11;1526
50;2025-11-11;12;1501
50;2025-11-11;13;1500
50;2025-11-11;14;1470
50;2025-11-11;15;1669
50;2025-11-11;16;1759
50;2025-11-11;17;2391
50;2025-11-11;18;2475
50;2025-11-11;19;1479
50;2025-11-11;20;953
50;2025-11-11;21;618
50;2025-11-11;22;244
50;2025-11-11;23;139
50;2025-11-12;0;24
50;2025-11-12;1;4
50;2025-11-12;2;0
50;2025-11-12;3;0
50;2025-11-12;4;3
50;2025-11-12;5;82
50;2025-11-12;6;537
50;2025-11-12;7;1757
50;2025-11-12;8;2902
50;2025-11-12;9;2190
50;2025-11-12;10;1676
50;2025-11-12;11;1530
50;2025-11-12;12;1524
50;2025-11-12;13;1500
50;2025-11-12;14;1475
50;2025-11-12;15;1643
50;2025-11-12;16;1736
50;2025-11-12;17;2354
50;2025-11-12;18;2507
50;2025-11-12;19;1484
50;2025-11-12;20;928
50;2025-11-12;21;630
50;2025-11-12;22;257
50;2025-11-12;23;149
50;2025-11-13;0;36
50;2025-11-13;1;2
50;2025-11-13;2;0
50;2025-11-13;3;0
50;2025-11-13;4;3
50;2025-11-13;5;71
50;2025-11-13;6;515
50;2025-11-13;7;1702
50;2025-11-13;8;2727
50;2025-11-13;9;2155
50;2025-11-13;10;1649
50;2025-11-13;11;1484
50;2025-11-13;12;1505
50;2025-11-13;13;1459
50;2025-11-13;14;1447
50;2025-11-13;15;1619
50;2025-11-13;16;1707
50;2025-11-13;17;2278
50;2025-11-13;18;2438
50;2025-11-13;19;1476
50;2025-11-13;20;964
50;2025-11-13;21;645
50;2025-11-13;22;255
50;2025-11-13;23;152
50;2025-11-14;0;40
50;2025-11-14;1;1
50;2025-11-14;2;0
50;2025-11-14;3;0
50;2025-11-14;4;3
50;2025-11-14;5;73
50;2025-11-14;6;525
50;2025-11-14;7;1735
50;2025-11-14;8;2742
50;2025-11-14;9;2136
50;2025-11-14;10;1567
50;2025-11-14;11;1467
50;2025-11-14;12;1473
50;2025-11-14;13;1484
50;2025-11-14;14;1477
50;2025-11-14;15;1689
50;2025-11-14;16;1992
50;2025-11-14;17;2143
50;2025-11-14;18;1764
50;2025-11-14;19;1295
50;2025-11-14;20;886
50;2025-11-14;21;572
50;2025-11-14;22;246
50;2025-11-14;23;157
50;2025-11-15;0;56
50;2025-11-15;1;5
50;2025-11-15;2;0
50;2025-11-15;3;0
50;2025-11-15;4;1
50;2025-11-15;5;32
50;2025-11-15;6;172
50;2025-11-15;7;403
50;2025-11-15;8;626
50;2025-11-15;9;601
50;2025-11-15;10;660
50;2025-11-15;11;767
50;2025-11-15;12;789
50;2025-11-15;13;822
50;2025-11-15;14;879
50;2025-11-15;15;780
50;2025-11-15;16;808
50;2025-11-15;17;881
50;2025-11-15;18;807
50;2025-11-15;19;672
50;2025-11-15;20;537
50;2025-11-15;21;386
50;2025-11-15;22;223
50;2025-11-15;23;137
50;2025-11-16;0;44
50;2025-11-16;1;9
50;2025-11-16;2;2
50;2025-11-16;3;2
50;2025-11-16;4;2
50;2025-11-16;5;27
50;2025-11-16;6;142
50;2025-11-16;7;280
50;2025-11-16;8;444
50;2025-11-16;9;512
50;2025-11-16;10;533
50;2025-11-16;11;684
50;2025-11-16;12;721
50;2025-11-16;13;756
50;2025-11-16;14;800
50;2025-11-16;15;760
50;2025-11-16;16;750
50;2025-11-16;17;814
50;2025-11-16;18;711
50;2025-11-16;19;591
50;2025-11-16;20;484
50;2025-11-16;21;378
50;2025-11-16;22;201
50;2025-11-16;23;112
50;2025-11-17;0;17
50;2025-11-17;1;3
50;2025-11-17;2;1
50;2025-11-17;3;0
50;2025-11-17;4;3
50;2025-11-17;5;70
50;2025-11-17;6;541
50;2025-11-17;7;1745
50;2025-11-17;8;2805
50;2025-11-17;9;2206
50;2025-11-17;10;1619
50;2025-11-17;11;1471
50;2025-11-17;12;1447
50;2025-11-17;13;1452
50;2025-11-17;14;1439
50;2025-11-17;15;1631
50;2025-11-17;16;1698
50;2025-11-17;17;2266
50;2025-11-17;18;2482
50;2025-11-17;19;1431
50;2025-11-17;20;885
50;2025-11-17;21;600
50;2025-11-17;22;234
50;2025-11-17;23;125
50;2025-11-18;0;28
50;2025-11-18;1;2
50;2025-11-18;2;0
50;2025-11-18;3;0
50;2025-11-18;4;2
50;2025-11-18;5;79
50;2025-11-18;6;568
50;2025-11-18;7;1848
50;2025-11-18;8;2848
50;2025-11-18;9;2238
50;2025-11-18;10;1701
50;2025-11-18;11;1536
50;2025-11-18;12;1510
50;2025-11-18;13;1510
50;2025-11-18;14;1480
50;2025-11-18;15;1680
50;2025-11-18;16;1768
50;2025-11-18;17;2405
50;2025-11-18;18;2490
50;2025-11-18;19;1487
50;2025-11-18;20;959
50;2025-11-18;21;621
50;2025-11-18;22;243
50;2025-11-18;23;138
50;2025-11-19;0;24
50;2025-11-19;1;4
50;2025-11-19;2;0
50;2025-11-19;3;0
50;2025-11-19;4;3
50;2025-11-19;5;83
50;2025-11-19;6;541
50;2025-11-19;7;1770
50;2025-11-19;8;2925
50;2025-11-19;9;2207
50;2025-11-19;10;1690
50;2025-11-19;11;1543
50;2025-11-19;12;1537
50;2025-11-19;13;1512
50;2025-11-19;14;1487
50;2025-11-19;15;1657
50;2025-11-19;16;1750
50;2025-11-19;17;2372
50;2025-11-19;18;2527
50;2025-11-19;19;1496
50;2025-11-19;20;935
50;2025-11-19;21;635
50;2025-11-19;22;259
50;2025-11-19;23;149
50;2025-11-20;0;35
50;2025-11-20;1;2
50;2025-11-20;2;0
50;2025-11-20;3;0
50;2025-11-20;4;3
50;2025-11-20;5;72
50;2025-11-20;6;520
50;2025-11-20;7;1719
50;2025-11-20;8;2754
50;2025-11-20;9;2177
50;2025-11-20;10;1666
50;2025-11-20;11;1500
50;2025-11-20;12;1521
50;2025-11-20;13;1474
50;2025-11-20;14;1462
50;2025-11-20;15;1636
50;2025-11-20;16;1724
50;2025-11-20;17;2300
50;2025-11-20;18;2462
50;2025-11-20;19;1489
50;2025-11-20;20;972
50;2025-11-20;21;650
50;2025-11-20;22;255
50;2025-11-20;23;151
50;2025-11-21;0;39
50;2025-11-21;1;1
50;2025-11-21;2;0
50;2025-11-21;3;0
50;2025-11-21;4;3
50;2025-11-21;5;74
50;2025-11-21;6;531
50;2025-11-21;7;1755
50;2025-11-21;8;2774
50;2025-11-21;9;2161
50;2025-11-21;10;1586
50;2025-11-21;11;1484
50;2025-11-21;12;1491
50;2025-11-21;13;1501
50;2025-11-21;14;1495
50;2025-11-21;15;1709
50;2025-11-21;16;2015
50;2025-11-21;17;2168
50;2025-11-21;18;1785
50;2025-11-21;19;1309
50;2025-11-21;20;896
50;2025-11-21;21;579
50;2025-11-21;22;249
50;2025-11-21;23;158
50;2025-11-22;0;56
50;2025-11-22;1;5
50;2025-11-22;2;0
50;2025-11-22;3;0
50;2025-11-22;4;1
50;2025-11-22;5;32
50;2025-11-22;6;175
50;2025-11-22;7;409
50;2025-11-22;8;635
50;2025-11-22;9;609
50;2025-11-22;10;669
50;2025-11-22;11;778
50;2025-11-22;12;800
50;2025-11-22;13;833
50;2025-11-22;14;891
50;2025-11-22;15;791
50;2025-11-22;16;819
50;2025-11-22;17;893
50;2025-11-22;18;818
50;2025-11-22;19;681
50;2025-11-22;20;544
50;2025-11-22;21;390
50;2025-11-22;22;225
50;2025-11-22;23;138
50;2025-11-23;0;45
50;2025-11-23;1;9
50;2025-11-23;2;2
50;2025-11-23;3;2
50;2025-11-23;4;2
50;2025-11-23;5;27
50;2025-11-23;6;144
50;2025-11-23;7;283
50;2025-11-23;8;450
50;2025-11-23;9;519
50;2025-11-23;10;540
50;2025-11-23;11;694
50;2025-11-23;12;731
50;2025-11-23;13;767
50;2025-11-23;14;811
50;2025-11-23;15;771
50;2025-11-23;16;762
50;2025-11-23;17;825
50;2025-11-23;18;721
50;2025-11-23;19;599
50;2025-11-23;20;491
50;2025-11-23;21;383
50;2025-11-23;22;204
50;2025-11-23;23;114
50;2025-11-24;0;16
50;2025-11-24;1;3
50;2025-11-24;2;1
50;2025-11-24;3;0
50;2025-11-24;4;3
50;2025-11-24;5;71
50;2025-11-24;6;549
50;2025-11-24;7;1769
50;2025-11-24;8;2843
50;2025-11-24;9;2236
50;2025-11-24;10;1641
50;2025-11-24;11;1491
50;2025-11-24;12;1466
50;2025-11-24;13;1472
50;2025-11-24;14;1458
50;2025-11-24;15;1654
50;2025-11-24;16;1721
50;2025-11-24;17;2297
50;2025-11-24;18;2517
50;2025-11-24;19;1450
50;2025-11-24;20;898
50;2025-11-24;21;609
50;2025-11-24;22;237
50;2025-11-24;23;127
50;2025-11-25;0;28
50;2025-11-25;1;2
50;2025-11-25;2;0
50;2025-11-25;3;0
50;2025-11-25;4;2
50;2025-11-25;5;81
50;2025-11-25;6;576
50;2025-11-25;7;1873
50;2025-11-25;8;2888
50;2025-11-25;9;2268
50;2025-11-25;10;1724
50;2025-11-25;11;1557
50;2025-11-25;12;1531
50;2025-11-25;13;1530
50;2025-11-25;14;1500
50;2025-11-25;15;1703
50;2025-11-25;16;1793
50;2025-11-25;17;2439
50;2025-11-25;18;2524
50;2025-11-25;19;1507
50;2025-11-25;20;972
50;2025-11-25;21;629
50;2025-11-25;22;247
50;2025-11-25;23;140
50;2025-11-26;0;23
50;2025-11-26;1;4
50;2025-11-26;2;0
50;2025-11-26;3;0
50;2025-11-26;4;3
50;2025-11-26;5;84
50;2025-11-26;6;549
50;2025-11-26;7;1795
50;2025-11-26;8;2965
50;2025-11-26;9;2237
50;2025-11-26;10;1713
50;2025-11-26;11;1564
50;2025-11-26;12;1558
50;2025-11-26;13;1533
50;2025-11-26;14;1507
50;2025-11-26;15;1679
50;2025-11-26;16;1773
50;2025-11-26;17;2405
50;2025-11-26;18;2561
50;2025-11-26;19;1516
50;2025-11-26;20;948
50;2025-11-26;21;644
50;2025-11-26;22;263
50;2025-11-26;23;151
50;2025-11-27;0;36
50;2025-11-27;1;2
50;2025-11-27;2;0
50;2025-11-27;3;0
50;2025-11-27;4;3
50;2025-11-27;5;73
50;2025-11-27;6;527
50;2025-11-27;7;1742
50;2025-11-27;8;2791
50;2025-11-27;9;2207
50;2025-11-27;10;1689
50;2025-11-27;11;1520
50;2025-11-27;12;1541
50;2025-11-27;13;1494
50;2025-11-27;14;1482
50;2025-11-27;15;1658
50;2025-11-27;16;1747
50;2025-11-27;17;2332
50;2025-11-27;18;2495
50;2025-11-27;19;1510
50;2025-11-27;20;986
50;2025-11-27;21;659
50;2025-11-27;22;259
50;2025-11-27;23;154
50;2025-11-28;0;39
50;2025-11-28;1;1
50;2025-11-28;2;0
50;2025-11-28;3;0
50;2025-11-28;4;3
50;2025-11-28;5;75
50;2025-11-28;6;538
50;2025-11-28;7;1780
50;2025-11-28;8;2812
50;2025-11-28;9;2191
50;2025-11-28;10;1608
50;2025-11-28;11;1505
50;2025-11-28;12;1512
50;2025-11-28;13;1522
50;2025-11-28;14;1516
50;2025-11-28;15;1732
50;2025-11-28;16;2043
50;2025-11-28;17;2198
50;2025-11-28;18;1809
50;2025-11-28;19;1327
50;2025-11-28;20;909
50;2025-11-28;21;587
50;2025-11-28;22;252
50;2025-11-28;23;160
50;2025-11-29;0;57
50;2025-11-29;1;5
50;2025-11-29;2;0
50;2025-11-29;3;0
50;2025-11-29;4;1
50;2025-11-29;5;33
50;2025-11-29;6;178
50;2025-11-29;7;414
50;2025-11-29;8;643
50;2025-11-29;9;617
50;2025-11-29;10;678
50;2025-11-29;11;788
50;2025-11-29;12;811
50;2025-11-29;13;845
50;2025-11-29;14;903
50;2025-11-29;15;801
50;2025-11-29;16;830
50;2025-11-29;17;905
50;2025-11-29;18;829
50;2025-11-29;19;690
50;2025-11-29;20;552
50;2025-11-29;21;396
50;2025-11-29;22;228
50;2025-11-29;23;140
50;2025-11-30;0;44
50;2025-11-30;1;9
50;2025-11-30;2;2
50;2025-11-30;3;2
50;2025-11-30;4;2
50;2025-11-30;5;28
50;2025-11-30;6;146
50;2025-11-30;7;287
50;2025-11-30;8;456
50;2025-11-30;9;526
50;2025-11-30;10;548
50;2025-11-30;11;703
50;2025-11-30;12;741
50;2025-11-30;13;777
50;2025-11-30;14;821
50;2025-11-30;15;781
50;2025-11-30;16;772
50;2025-11-30;17;836
50;2025-11-30;18;731
50;2025-11-30;19;607
50;2025-11-30;20;497
50;2025-11-30;21;388
50;2025-11-30;22;207
50;2025-11-30;23;115
50;2025-12-01;0;17
50;2025-12-01;1;3
50;2025-12-01;2;1
50;2025-12-01;3;0
50;2025-12-01;4;3
50;2025-12-01;5;72
50;2025-12-01;6;556
50;2025-12-01;7;1793
50;2025-12-01;8;2882
50;2025-12-01;9;2266
50;2025-12-01;10;1664
50;2025-12-01;11;1511
50;2025-12-01;12;1486
50;2025-12-01;13;1491
50;2025-12-01;14;1478
50;2025-12-01;15;1676
50;2025-12-01;16;1744
50;2025-12-01;17;2328
50;2025-12-01;18;2551
50;2025-12-01;19;1470
50;2025-12-01;20;910
50;2025-12-01;21;617
50;2025-12-01;22;240
50;2025-12-01;23;129
50;2025-12-02;0;28
50;2025-12-02;1;2
50;2025-12-02;2;0
50;2025-12-02;3;0
50;2025-12-02;4;2
50;2025-12-02;5;82
50;2025-12-02;6;584
50;2025-12-02;7;1898
50;2025-12-02;8;2926
50;2025-12-02;9;2298
50;2025-12-02;10;1747
50;2025-12-02;11;1578
50;2025-12-02;12;1552
50;2025-12-02;13;1551
50;2025-12-02;14;1520
50;2025-12-02;15;1726
50;2025-12-02;16;1818
50;2025-12-02;17;2472
50;2025-12-02;18;2557
50;2025-12-02;19;1527
50;2025-12-02;20;985
50;2025-12-02;21;638
50;2025-12-02;22;250
50;2025-12-02;23;142
50;2025-12-03;0;24
50;2025-12-03;1;4
50;2025-12-03;2;0
50;2025-12-03;3;0
50;2025-12-03;4;3
50;2025-12-03;5;85
50;2025-12-03;6;556
50;2025-12-03;7;1818
50;2025-12-03;8;3003
50;2025-12-03;9;2266
50;2025-12-03;10;1736
50;2025-12-03;11;1585
50;2025-12-03;12;1578
50;2025-12-03;13;1553
50;2025-12-03;14;1527
50;2025-12-03;15;1701
50;2025-12-03;16;1796
50;2025-12-03;17;2436
50;2025-12-03;18;2596
50;2025-12-03;19;1537
50;2025-12-03;20;962
50;2025-12-03;21;653
50;2025-12-03;22;266
50;2025-12-03;23;155
50;2025-12-04;0;36
50;2025-12-04;1;2
50;2025-12-04;2;0
50;2025-12-04;3;0
50;2025-12-04;4;3
50;2025-12-04;5;73
50;2025-12-04;6;531
50;2025-12-04;7;1758
50;2025-12-04;8;2817
50;2025-12-04;9;2226
50;2025-12-04;10;1702
50;2025-12-04;11;1533
50;2025-12-04;12;1555
50;2025-12-04;13;1509
50;2025-12-04;14;1497
50;2025-12-04;15;1680
50;2025-12-04;16;1771
50;2025-12-04;17;2361
50;2025-12-04;18;2530
50;2025-12-04;19;1536
50;2025-12-04;20;1007
50;2025-12-04;21;685
50;2025-12-04;22;282
50;2025-12-04;23;175
50;2025-12-05;0;39
50;2025-12-05;1;1
50;2025-12-05;2;0
50;2025-12-05;3;0
50;2025-12-05;4;3
50;2025-12-05;5;76
50;2025-12-05;6;542
50;2025-12-05;7;1794
50;2025-12-05;8;2835
50;2025-12-05;9;2208
50;2025-12-05;10;1620
50;2025-12-05;11;1516
50;2025-12-05;12;1523
50;2025-12-05;13;1536
50;2025-12-05;14;1530
50;2025-12-05;15;1752
50;2025-12-05;16;2064
50;2025-12-05;17;2222
50;2025-12-05;18;1840
50;2025-12-05;19;1355
50;2025-12-05;20;933
50;2025-12-05;21;615
50;2025-12-05;22;277
50;2025-12-05;23;185
50;2025-12-06;0;57
50;2025-12-06;1;5
50;2025-12-06;2;0
50;2025-12-06;3;0
50;2025-12-06;4;1
50;2025-12-06;5;30
50;2025-12-06;6;176
50;2025-12-06;7;415
50;2025-12-06;8;648
50;2025-12-06;9;622
50;2025-12-06;10;682
50;2025-12-06;11;793
50;2025-12-06;12;816
50;2025-12-06;13;852
50;2025-12-06;14;911
50;2025-12-06;15;813
50;2025-12-06;16;843
50;2025-12-06;17;918
50;2025-12-06;18;845
50;2025-12-06;19;705
50;2025-12-06;20;564
50;2025-12-06;21;410
50;2025-12-06;22;241
50;2025-12-06;23;151
50;2025-12-07;0;45
50;2025-12-07;1;9
50;2025-12-07;2;2
50;2025-12-07;3;2
50;2025-12-07;4;2
50;2025-12-07;5;24
50;2025-12-07;6;144
50;2025-12-07;7;287
50;2025-12-07;8;458
50;2025-12-07;9;528
50;2025-12-07;10;549
50;2025-12-07;11;707
50;2025-12-07;12;745
50;2025-12-07;13;782
50;2025-12-07;14;828
50;2025-12-07;15;792
50;2025-12-07;16;781
50;2025-12-07;17;848
50;2025-12-07;18;747
50;2025-12-07;19;622
50;2025-12-07;20;510
50;2025-12-07;21;403
50;2025-12-07;22;219
50;2025-12-07;23;127
50;2025-12-08;0;17
50;2025-12-08;1;3
50;2025-12-08;2;1
50;2025-12-08;3;0
50;2025-12-08;4;3
50;2025-12-08;5;66
50;2025-12-08;6;555
50;2025-12-08;7;1803
50;2025-12-08;8;2903
50;2025-12-08;9;2281
50;2025-12-08;10;1672
50;2025-12-08;11;1520
50;2025-12-08;12;1494
50;2025-12-08;13;1502
50;2025-12-08;14;1489
50;2025-12-08;15;1703
50;2025-12-08;16;1771
50;2025-12-08;17;2362
50;2025-12-08;18;2593
50;2025-12-08;19;1501
50;2025-12-08;20;935
50;2025-12-08;21;648
50;2025-12-08;22;266
50;2025-12-08;23;156
50;2025-12-09;0;28
50;2025-12-09;1;2
50;2025-12-09;2;0
50;2025-12-09;3;0
50;2025-12-09;4;2
50;2025-12-09;5;74
50;2025-12-09;6;582
50;2025-12-09;7;1912
50;2025-12-09;8;2953
50;2025-12-09;9;2316
50;2025-12-09;10;1758
50;2025-12-09;11;1588
50;2025-12-09;12;1561
50;2025-12-09;13;1563
50;2025-12-09;14;1533
50;2025-12-09;15;1754
50;2025-12-09;16;1847
50;2025-12-09;17;2509
50;2025-12-09;18;2600
50;2025-12-09;19;1558
50;2025-12-09;20;1008
50;2025-12-09;21;666
50;2025-12-09;22;274
50;2025-12-09;23;164
50;2025-12-10;0;24
50;2025-12-10;1;4
50;2025-12-10;2;0
50;2025-12-10;3;0
50;2025-12-10;4;3
50;2025-12-10;5;77
50;2025-12-10;6;553
50;2025-12-10;7;1829
50;2025-12-10;8;3030
50;2025-12-10;9;2282
50;2025-12-10;10;1744
50;2025-12-10;11;1592
50;2025-12-10;12;1585
50;2025-12-10;13;1564
50;2025-12-10;14;1537
50;2025-12-10;15;1729
50;2025-12-10;16;1826
50;2025-12-10;17;2474
50;2025-12-10;18;2640
50;2025-12-10;19;1569
50;2025-12-10;20;988
50;2025-12-10;21;684
50;2025-12-10;22;293
50;2025-12-10;23;179
50;2025-12-11;0;37
50;2025-12-11;1;2
50;2025-12-11;2;0
50;2025-12-11;3;0
50;2025-12-11;4;3
50;2025-12-11;5;66
50;2025-12-11;6;532
50;2025-12-11;7;1778
50;2025-12-11;8;2853
50;2025-12-11;9;2253
50;2025-12-11;10;1721
50;2025-12-11;11;1549
50;2025-12-11;12;1572
50;2025-12-11;13;1526
50;2025-12-11;14;1514
50;2025-12-11;15;1707
50;2025-12-11;16;1799
50;2025-12-11;17;2399
50;2025-12-11;18;2571
50;2025-12-11;19;1560
50;2025-12-11;20;1023
50;2025-12-11;21;696
50;2025-12-11;22;287
50;2025-12-11;23;179
50;2025-12-12;0;40
50;2025-12-12;1;1
50;2025-12-12;2;0
50;2025-12-12;3;0
50;2025-12-12;4;3
50;2025-12-12;5;69
50;2025-12-12;6;544
50;2025-12-12;7;1814
50;2025-12-12;8;2871
50;2025-12-12;9;2236
50;2025-12-12;10;1638
50;2025-12-12;11;1533
50;2025-12-12;12;1540
50;2025-12-12;13;1553
50;2025-12-12;14;1548
50;2025-12-12;15;1780
50;2025-12-12;16;2096
50;2025-12-12;17;2257
50;2025-12-12;18;1870
50;2025-12-12;19;1377
50;2025-12-12;20;948
50;2025-12-12;21;624
50;2025-12-12;22;282
50;2025-12-12;23;188
50;2025-12-13;0;58
50;2025-12-13;1;5
50;2025-12-13;2;0
50;2025-12-13;3;0
50;2025-12-13;4;1
50;2025-12-13;5;31
50;2025-12-13;6;178
50;2025-12-13;7;421
50;2025-12-13;8;656
50;2025-12-13;9;630
50;2025-12-13;10;691
50;2025-12-13;11;804
50;2025-12-13;12;827
50;2025-12-13;13;863
50;2025-12-13;14;923
50;2025-12-13;15;824
50;2025-12-13;16;854
50;2025-12-13;17;930
50;2025-12-13;18;857
50;2025-12-13;19;714
50;2025-12-13;20;572
50;2025-12-13;21;416
50;2025-12-13;22;244
50;2025-12-13;23;153
50;2025-12-14;0;45
50;2025-12-14;1;10
50;2025-12-14;2;2
50;2025-12-14;3;2
50;2025-12-14;4;2
50;2025-12-14;5;24
50;2025-12-14;6;146
50;2025-12-14;7;291
50;2025-12-14;8;464
50;2025-12-14;9;535
50;2025-12-14;10;556
50;2025-12-14;11;717
50;2025-12-14;12;755
50;2025-12-14;13;793
50;2025-12-14;14;839
50;2025-12-14;15;802
50;2025-12-14;16;792
50;2025-12-14;17;859
50;2025-12-14;18;757
50;2025-12-14;19;630
50;2025-12-14;20;517
50;2025-12-14;21;408
50;2025-12-14;22;222
50;2025-12-14;23;129
50;2025-12-15;0;17
50;2025-12-15;1;3
50;2025-12-15;2;1
50;2025-12-15;3;0
50;2025-12-15;4;3
50;2025-12-15;5;67
50;2025-12-15;6;562
50;2025-12-15;7;1826
50;2025-12-15;8;2941
50;2025-12-15;9;2311
50;2025-12-15;10;1694
50;2025-12-15;11;1539
50;2025-12-15;12;1514
50;2025-12-15;13;1521
50;2025-12-15;14;1509
50;2025-12-15;15;1726
50;2025-12-15;16;1795
50;2025-12-15;17;2393
50;2025-12-15;18;2627
50;2025-12-15;19;1520
50;2025-12-15;20;948
50;2025-12-15;21;656
50;2025-12-15;22;270
50;2025-12-15;23;158
50;2025-12-16;0;29
50;2025-12-16;1;2
50;2025-12-16;2;0
50;2025-12-16;3;0
50;2025-12-16;4;2
50;2025-12-16;5;75
50;2025-12-16;6;590
50;2025-12-16;7;1937
50;2025-12-16;8;2991
50;2025-12-16;9;2346
50;2025-12-16;10;1781
50;2025-12-16;11;1609
50;2025-12-16;12;1582
50;2025-12-16;13;1584
50;2025-12-16;14;1553
50;2025-12-16;15;1777
50;2025-12-16;16;1871
50;2025-12-16;17;2542
50;2025-12-16;18;2634
50;2025-12-16;19;1578
50;2025-12-16;20;1022
50;2025-12-16;21;675
50;2025-12-16;22;278
50;2025-12-16;23;167
50;2025-12-17;0;24
50;2025-12-17;1;4
50;2025-12-17;2;0
50;2025-12-17;3;0
50;2025-12-17;4;3
50;2025-12-17;5;78
50;2025-12-17;6;560
50;2025-12-17;7;1853
50;2025-12-17;8;3069
50;2025-12-17;9;2311
50;2025-12-17;10;1767
50;2025-12-17;11;1613
50;2025-12-17;12;1606
50;2025-12-17;13;1585
50;2025-12-17;14;1557
50;2025-12-17;15;1751
50;2025-12-17;16;1850
50;2025-12-17;17;2506
50;2025-12-17;18;2675
50;2025-12-17;19;1590
50;2025-12-17;20;1001
50;2025-12-17;21;693
50;2025-12-17;22;296
50;2025-12-17;23;182
50;2025-12-18;0;37
50;2025-12-18;1;2
50;2025-12-18;2;0
50;2025-12-18;3;0
50;2025-12-18;4;3
50;2025-12-18;5;67
50;2025-12-18;6;539
50;2025-12-18;7;1801
50;2025-12-18;8;2891
50;2025-12-18;9;2283
50;2025-12-18;10;1744
50;2025-12-18;11;1569
50;2025-12-18;12;1593
50;2025-12-18;13;1546
50;2025-12-18;14;1534
50;2025-12-18;15;1729
50;2025-12-18;16;1823
50;2025-12-18;17;2431
50;2025-12-18;18;2604
50;2025-12-18;19;1580
50;2025-12-18;20;1036
50;2025-12-18;21;705
50;2025-12-18;22;291
50;2025-12-18;23;181
50;2025-12-19;0;41
50;2025-12-19;1;1
50;2025-12-19;2;0
50;2025-12-19;3;0
50;2025-12-19;4;3
50;2025-12-19;5;70
50;2025-12-19;6;551
50;2025-12-19;7;1838
50;2025-12-19;8;2909
50;2025-12-19;9;2266
50;2025-12-19;10;1660
50;2025-12-19;11;1553
50;2025-12-19;12;1560
50;2025-12-19;13;1573
50;2025-12-19;14;1568
50;2025-12-19;15;1804
50;2025-12-19;16;2124
50;2025-12-19;17;2287
50;2025-12-19;18;1894
50;2025-12-19;19;1395
50;2025-12-19;20;960
50;2025-12-19;21;633
50;2025-12-19;22;286
50;2025-12-19;23;191
50;2025-12-20;0;59
50;2025-12-20;1;5
50;2025-12-20;2;0
50;2025-12-20;3;0
50;2025-12-20;4;1
50;2025-12-20;5;31
50;2025-12-20;6;181
50;2025-12-20;7;426
50;2025-12-20;8;665
50;2025-12-20;9;638
50;2025-12-20;10;700
50;2025-12-20;11;814
50;2025-12-20;12;838
50;2025-12-20;13;874
50;2025-12-20;14;935
50;2025-12-20;15;835
50;2025-12-20;16;866
50;2025-12-20;17;943
50;2025-12-20;18;868
50;2025-12-20;19;723
50;2025-12-20;20;579
50;2025-12-20;21;421
50;2025-12-20;22;247
50;2025-12-20;23;155
50;2025-12-21;0;46
50;2025-12-21;1;10
50;2025-12-21;2;2
50;2025-12-21;3;2
50;2025-12-21;4;2
50;2025-12-21;5;25
50;2025-12-21;6;148
50;2025-12-21;7;294
50;2025-12-21;8;470
50;2025-12-21;9;542
50;2025-12-21;10;563
50;2025-12-21;11;726
50;2025-12-21;12;764
50;2025-12-21;13;803
50;2025-12-21;14;850
50;2025-12-21;15;813
50;2025-12-21;16;802
50;2025-12-21;17;870
50;2025-12-21;18;767
50;2025-12-21;19;638
50;2025-12-21;20;524
50;2025-12-21;21;413
50;2025-12-21;22;225
50;2025-12-21;23;131
50;2025-12-22;0;17
50;2025-12-22;1;3
50;2025-12-22;2;1
50;2025-12-22;3;0
50;2025-12-22;4;3
50;2025-12-22;5;68
50;2025-12-22;6;570
50;2025-12-22;7;1850
50;2025-12-22;8;2979
50;2025-12-22;9;2341
50;2025-12-22;10;1716
50;2025-12-22;11;1559
50;2025-12-22;12;1534
50;2025-12-22;13;1541
50;2025-12-22;14;1528
50;2025-12-22;15;1748
50;2025-12-22;16;1818
50;2025-12-22;17;2424
50;2025-12-22;18;2661
50;2025-12-22;19;1540
50;2025-12-22;20;960
50;2025-12-22;21;665
50;2025-12-22;22;273
50;2025-12-22;23;160
50;2025-12-23;0;29
50;2025-12-23;1;2
50;2025-12-23;2;0
50;2025-12-23;3;0
50;2025-12-23;4;2
50;2025-12-23;5;76
50;2025-12-23;6;597
50;2025-12-23;7;1962
50;2025-12-23;8;3030
50;2025-12-23;9;2377
50;2025-12-23;10;1804
50;2025-12-23;11;1630
50;2025-12-23;12;1602
50;2025-12-23;13;1604
50;2025-12-23;14;1573
50;2025-12-23;15;1800
50;2025-12-23;16;1895
50;2025-12-23;17;2574
50;2025-12-23;18;2668
50;2025-12-23;19;1599
50;2025-12-23;20;1035
50;2025-12-23;21;683
50;2025-12-23;22;282
50;2025-12-23;23;169
50;2025-12-24;0;25
50;2025-12-24;1;4
50;2025-12-24;2;0
50;2025-12-24;3;0
50;2025-12-24;4;3
50;2025-12-24;5;79
50;2025-12-24;6;567
50;2025-12-24;7;1877
50;2025-12-24;8;3109
50;2025-12-24;9;2341
50;2025-12-24;10;1790
50;2025-12-24;11;1634
50;2025-12-24;12;1626
50;2025-12-24;13;1605
50;2025-12-24;14;1577
50;2025-12-24;15;1774
50;2025-12-24;16;1874
50;2025-12-24;17;2538
50;2025-12-24;18;2709
50;2025-12-24;19;1610
50;2025-12-24;20;1014
50;2025-12-24;21;702
50;2025-12-24;22;300
50;2025-12-24;23;184
50;2025-12-25;0;38
50;2025-12-25;1;2
50;2025-12-25;2;0
50;2025-12-25;3;0
50;2025-12-25;4;3
50;2025-12-25;5;68
50;2025-12-25;6;546
50;2025-12-25;7;1825
50;2025-12-25;8;2928
50;2025-12-25;9;2312
50;2025-12-25;10;1766
50;2025-12-25;11;1590
50;2025-12-25;12;1613
50;2025-12-25;13;1566
50;2025-12-25;14;1554
50;2025-12-25;15;1751
50;2025-12-25;16;1846
50;2025-12-25;17;2462
50;2025-12-25;18;2638
50;2025-12-25;19;1600
50;2025-12-25;20;1049
50;2025-12-25;21;714
50;2025-12-25;22;294
50;2025-12-25;23;183
50;2025-12-26;0;41
50;2025-12-26;1;1
50;2025-12-26;2;0
50;2025-12-26;3;0
50;2025-12-26;4;3
50;2025-12-26;5;71
50;2025-12-26;6;559
50;2025-12-26;7;1861
50;2025-12-26;8;2946
50;2025-12-26;9;2295
50;2025-12-26;10;1681
50;2025-12-26;11;1573
50;2025-12-26;12;1581
50;2025-12-26;13;1594
50;2025-12-26;14;1588
50;2025-12-26;15;1827
50;2025-12-26;16;2151
50;2025-12-26;17;2316
50;2025-12-26;18;1919
50;2025-12-26;19;1413
50;2025-12-26;20;972
50;2025-12-26;21;641
50;2025-12-26;22;290
50;2025-12-26;23;193
50;2025-12-27;0;59
50;2025-12-27;1;5
50;2025-12-27;2;0
50;2025-12-27;3;0
50;2025-12-27;4;1
50;2025-12-27;5;31
50;2025-12-27;6;183
50;2025-12-27;7;431
50;2025-12-27;8;672
50;2025-12-27;9;645
50;2025-12-27;10;708
50;2025-12-27;11;823
50;2025-12-27;12;847
50;2025-12-27;13;884
50;2025-12-27;14;945
50;2025-12-27;15;844
50;2025-12-27;16;875
50;2025-12-27;17;953
50;2025-12-27;18;877
50;2025-12-27;19;731
50;2025-12-27;20;586
50;2025-12-27;21;426
50;2025-12-27;22;250
50;2025-12-27;23;157
50;2025-12-28;0;46
50;2025-12-28;1;10
50;2025-12-28;2;2
50;2025-12-28;3;2
50;2025-12-28;4;2
50;2025-12-28;5;25
50;2025-12-28;6;149
50;2025-12-28;7;297
50;2025-12-28;8;474
50;2025-12-28;9;547
50;2025-12-28;10;568
50;2025-12-28;11;732
50;2025-12-28;12;771
50;2025-12-28;13;810
50;2025-12-28;14;858
50;2025-12-28;15;820
50;2025-12-28;16;809
50;2025-12-28;17;878
50;2025-12-28;18;774
50;2025-12-28;19;644
50;2025-12-28;20;528
50;2025-12-28;21;417
50;2025-12-28;22;227
50;2025-12-28;23;132
50;2025-12-29;0;13
50;2025-12-29;1;3
50;2025-12-29;2;1
50;2025-12-29;3;0
50;2025-12-29;4;3
50;2025-12-29;5;64
50;2025-12-29;6;486
50;2025-12-29;7;1624
50;2025-12-29;8;2626
50;2025-12-29;9;2121
50;2025-12-29;10;1561
50;2025-12-29;11;1372
50;2025-12-29;12;1238
50;2025-12-29;13;1381
50;2025-12-29;14;1310
50;2025-12-29;15;1545
50;2025-12-29;16;1535
50;2025-12-29;17;2200
50;2025-12-29;18;2371
50;2025-12-29;19;1254
50;2025-12-29;20;836
50;2025-12-29;21;596
50;2025-12-29;22;218
50;2025-12-29;23;113
50;2025-12-30;0;25
50;2025-12-30;1;2
50;2025-12-30;2;0
50;2025-12-30;3;0
50;2025-12-30;4;2
50;2025-12-30;5;70
50;2025-12-30;6;526
50;2025-12-30;7;1641
50;2025-12-30;8;2586
50;2025-12-30;9;2032
50;2025-12-30;10;1605
50;2025-12-30;11;1399
50;2025-12-30;12;1259
50;2025-12-30;13;1390
50;2025-12-30;14;1287
50;2025-12-30;15;1526
50;2025-12-30;16;1591
50;2025-12-30;17;2298
50;2025-12-30;18;2305
50;2025-12-30;19;1367
50;2025-12-30;20;901
50;2025-12-30;21;553
50;2025-12-30;22;226
50;2025-12-30;23;135
50;2025-12-31;0;52
50;2025-12-31;1;6
50;2025-12-31;2;1
50;2025-12-31;3;1
50;2025-12-31;4;1
50;2025-12-31;5;26
50;2025-12-31;6;133
50;2025-12-31;7;266
50;2025-12-31;8;401
50;2025-12-31;9;472
50;2025-12-31;10;493
50;2025-12-31;11;622
50;2025-12-31;12;668
50;2025-12-31;13;717
50;2025-12-31;14;743
50;2025-12-31;15;684
50;2025-12-31;16;671
50;2025-12-31;17;672
50;2025-12-31;18;605
50;2025-12-31;19;537
50;2025-12-31;20;431
50;2025-12-31;21;341
50;2025-12-31;22;203
50;2025-12-31;23;117
