route;date;hour;prediction
1;2025-11-01;0;4
1;2025-11-01;1;0
1;2025-11-01;2;0
1;2025-11-01;3;0
1;2025-11-01;4;4
1;2025-11-01;5;95
1;2025-11-01;6;366
1;2025-11-01;7;1062
1;2025-11-01;8;1293
1;2025-11-01;9;1177
1;2025-11-01;10;1149
1;2025-11-01;11;1193
1;2025-11-01;12;1255
1;2025-11-01;13;1305
1;2025-11-01;14;1240
1;2025-11-01;15;1288
1;2025-11-01;16;1297
1;2025-11-01;17;1389
1;2025-11-01;18;1164
1;2025-11-01;19;975
1;2025-11-01;20;661
1;2025-11-01;21;421
1;2025-11-01;22;173
1;2025-11-01;23;40
1;2025-11-02;0;1
1;2025-11-02;1;0
1;2025-11-02;2;0
1;2025-11-02;3;0
1;2025-11-02;4;0
1;2025-11-02;5;22
1;2025-11-02;6;115
1;2025-11-02;7;253
1;2025-11-02;8;346
1;2025-11-02;9;584
1;2025-11-02;10;669
1;2025-11-02;11;697
1;2025-11-02;12;806
1;2025-11-02;13;829
1;2025-11-02;14;780
1;2025-11-02;15;693
1;2025-11-02;16;635
1;2025-11-02;17;564
1;2025-11-02;18;500
1;2025-11-02;19;437
1;2025-11-02;20;326
1;2025-11-02;21;261
1;2025-11-02;22;98
1;2025-11-02;23;27
1;2025-11-03;0;2
1;2025-11-03;1;0
1;2025-11-03;2;0
1;2025-11-03;3;0
1;2025-11-03;4;0
1;2025-11-03;5;24
1;2025-11-03;6;124
1;2025-11-03;7;275
1;2025-11-03;8;378
1;2025-11-03;9;618
1;2025-11-03;10;720
1;2025-11-03;11;734
1;2025-11-03;12;860
1;2025-11-03;13;890
1;2025-11-03;14;832
1;2025-11-03;15;735
1;2025-11-03;16;663
1;2025-11-03;17;597
1;2025-11-03;18;529
1;2025-11-03;19;461
1;2025-11-03;20;348
1;2025-11-03;21;268
1;2025-11-03;22;104
1;2025-11-03;23;27
1;2025-11-04;0;2
1;2025-11-04;1;0
1;2025-11-04;2;0
1;2025-11-04;3;0
1;2025-11-04;4;0
1;2025-11-04;5;21
1;2025-11-04;6;109
1;2025-11-04;7;240
1;2025-11-04;8;330
1;2025-11-04;9;546
1;2025-11-04;10;632
1;2025-11-04;11;651
1;2025-11-04;12;758
1;2025-11-04;13;783
1;2025-11-04;14;734
1;2025-11-04;15;649
1;2025-11-04;16;589
1;2025-11-04;17;528
1;2025-11-04;18;468
1;2025-11-04;19;409
1;2025-11-04;20;306
1;2025-11-04;21;240
1;2025-11-04;22;92
1;2025-11-04;23;25
1;2025-11-05;0;3
1;2025-11-05;1;0
1;2025-11-05;2;0
1;2025-11-05;3;0
1;2025-11-05;4;8
1;2025-11-05;5;139
1;2025-11-05;6;553
1;2025-11-05;7;1465
1;2025-11-05;8;1973
1;2025-11-05;9;1475
1;2025-11-05;10;1373
1;2025-11-05;11;1345
1;2025-11-05;12;1414
1;2025-11-05;13;1466
1;2025-11-05;14;1388
1;2025-11-05;15;1511
1;2025-11-05;16;1528
1;2025-11-05;17;1799
1;2025-11-05;18;1795
1;2025-11-05;19;1350
1;2025-11-05;20;885
1;2025-11-05;21;497
1;2025-11-05;22;215
1;2025-11-05;23;35
1;2025-11-06;0;6
1;2025-11-06;1;0
1;2025-11-06;2;0
1;2025-11-06;3;0
1;2025-11-06;4;10
1;2025-11-06;5;121
1;2025-11-06;6;494
1;2025-11-06;7;1482
1;2025-11-06;8;1953
1;2025-11-06;9;1491
1;2025-11-06;10;1393
1;2025-11-06;11;1382
1;2025-11-06;12;1432
1;2025-11-06;13;1439
1;2025-11-06;14;1414
1;2025-11-06;15;1504
1;2025-11-06;16;1547
1;2025-11-06;17;1799
1;2025-11-06;18;1841
1;2025-11-06;19;1335
1;2025-11-06;20;890
1;2025-11-06;21;478
1;2025-11-06;22;194
1;2025-11-06;23;39
1;2025-11-07;0;4
1;2025-11-07;1;0
1;2025-11-07;2;0
1;2025-11-07;3;0
1;2025-11-07;4;7
1;2025-11-07;5;136
1;2025-11-07;6;499
1;2025-11-07;7;1496
1;2025-11-07;8;1821
1;2025-11-07;9;1455
1;2025-11-07;10;1319
1;2025-11-07;11;1373
1;2025-11-07;12;1380
1;2025-11-07;13;1410
1;2025-11-07;14;1350
1;2025-11-07;15;1490
1;2025-11-07;16;1603
1;2025-11-07;17;1817
1;2025-11-07;18;1525
1;2025-11-07;19;1241
1;2025-11-07;20;815
1;2025-11-07;21;494
1;2025-11-07;22;204
1;2025-11-07;23;43
1;2025-11-08;0;5
1;2025-11-08;1;0
1;2025-11-08;2;0
1;2025-11-08;3;0
1;2025-11-08;4;0
1;2025-11-08;5;36
1;2025-11-08;6;163
1;2025-11-08;7;365
1;2025-11-08;8;516
1;2025-11-08;9;767
1;2025-11-08;10;916
1;2025-11-08;11;919
1;2025-11-08;12;1071
1;2025-11-08;13;1100
1;2025-11-08;14;1050
1;2025-11-08;15;924
1;2025-11-08;16;831
1;2025-11-08;17;763
1;2025-11-08;18;670
1;2025-11-08;19;587
1;2025-11-08;20;444
1;2025-11-08;21;309
1;2025-11-08;22;134
1;2025-11-08;23;29
1;2025-11-09;0;1
1;2025-11-09;1;0
1;2025-11-09;2;0
1;2025-11-09;3;0
1;2025-11-09;4;0
1;2025-11-09;5;23
1;2025-11-09;6;116
1;2025-11-09;7;262
1;2025-11-09;8;357
1;2025-11-09;9;600
1;2025-11-09;10;681
1;2025-11-09;11;733
1;2025-11-09;12;827
1;2025-11-09;13;852
1;2025-11-09;14;816
1;2025-11-09;15;732
1;2025-11-09;16;681
1;2025-11-09;17;616
1;2025-11-09;18;530
1;2025-11-09;19;456
1;2025-11-09;20;340
1;2025-11-09;21;266
1;2025-11-09;22;110
1;2025-11-09;23;28
1;2025-11-10;0;0
1;2025-11-10;1;0
1;2025-11-10;2;0
1;2025-11-10;3;0
1;2025-11-10;4;9
1;2025-11-10;5;140
1;2025-11-10;6;513
1;2025-11-10;7;1471
1;2025-11-10;8;1934
1;2025-11-10;9;1476
1;2025-11-10;10;1311
1;2025-11-10;11;1304
1;2025-11-10;12;1396
1;2025-11-10;13;1429
1;2025-11-10;14;1422
1;2025-11-10;15;1516
1;2025-11-10;16;1598
1;2025-11-10;17;1871
1;2025-11-10;18;1937
1;2025-11-10;19;1422
1;2025-11-10;20;897
1;2025-11-10;21;463
1;2025-11-10;22;181
1;2025-11-10;23;42
1;2025-11-11;0;5
1;2025-11-11;1;0
1;2025-11-11;2;0
1;2025-11-11;3;1
1;2025-11-11;4;11
1;2025-11-11;5;117
1;2025-11-11;6;520
1;2025-11-11;7;1526
1;2025-11-11;8;1925
1;2025-11-11;9;1511
1;2025-11-11;10;1375
1;2025-11-11;11;1347
1;2025-11-11;12;1386
1;2025-11-11;13;1416
1;2025-11-11;14;1297
1;2025-11-11;15;1416
1;2025-11-11;16;1494
1;2025-11-11;17;1794
1;2025-11-11;18;1805
1;2025-11-11;19;1400
1;2025-11-11;20;872
1;2025-11-11;21;490
1;2025-11-11;22;194
1;2025-11-11;23;39
1;2025-11-12;0;3
1;2025-11-12;1;0
1;2025-11-12;2;0
1;2025-11-12;3;0
1;2025-11-12;4;8
1;2025-11-12;5;139
1;2025-11-12;6;553
1;2025-11-12;7;1465
1;2025-11-12;8;1973
1;2025-11-12;9;1475
1;2025-11-12;10;1373
1;2025-11-12;11;1345
1;2025-11-12;12;1414
1;2025-11-12;13;1466
1;2025-11-12;14;1388
1;2025-11-12;15;1511
1;2025-11-12;16;1528
1;2025-11-12;17;1799
1;2025-11-12;18;1795
1;2025-11-12;19;1350
1;2025-11-12;20;885
1;2025-11-12;21;497
1;2025-11-12;22;215
1;2025-11-12;23;35
1;2025-11-13;0;6
1;2025-11-13;1;0
1;2025-11-13;2;0
1;2025-11-13;3;0
1;2025-11-13;4;10
1;2025-11-13;5;121
1;2025-11-13;6;494
1;2025-11-13;7;1482
1;2025-11-13;8;1953
1;2025-11-13;9;1491
1;2025-11-13;10;1393
1;2025-11-13;11;1382
1;2025-11-13;12;1432
1;2025-11-13;13;1439
1;2025-11-13;14;1415
1;2025-11-13;15;1504
1;2025-11-13;16;1547
1;2025-11-13;17;1799
1;2025-11-13;18;1841
1;2025-11-13;19;1335
1;2025-11-13;20;890
1;2025-11-13;21;477
1;2025-11-13;22;194
1;2025-11-13;23;39
1;2025-11-14;0;4
1;2025-11-14;1;0
1;2025-11-14;2;0
1;2025-11-14;3;0
1;2025-11-14;4;7
1;2025-11-14;5;136
1;2025-11-14;6;499
1;2025-11-14;7;1496
1;2025-11-14;8;1821
1;2025-11-14;9;1455
1;2025-11-14;10;1319
1;2025-11-14;11;1373
1;2025-11-14;12;1380
1;2025-11-14;13;1410
1;2025-11-14;14;1350
1;2025-11-14;15;1490
1;2025-11-14;16;1603
1;2025-11-14;17;1818
1;2025-11-14;18;1525
1;2025-11-14;19;1241
1;2025-11-14;20;815
1;2025-11-14;21;493
1;2025-11-14;22;204
1;2025-11-14;23;43
1;2025-11-15;0;5
1;2025-11-15;1;0
1;2025-11-15;2;0
1;2025-11-15;3;0
1;2025-11-15;4;0
1;2025-11-15;5;36
1;2025-11-15;6;163
1;2025-11-15;7;365
1;2025-11-15;8;516
1;2025-11-15;9;767
1;2025-11-15;10;916
1;2025-11-15;11;919
1;2025-11-15;12;1071
1;2025-11-15;13;1100
1;2025-11-15;14;1050
1;2025-11-15;15;924
1;2025-11-15;16;831
1;2025-11-15;17;763
1;2025-11-15;18;670
1;2025-11-15;19;587
1;2025-11-15;20;444
1;2025-11-15;21;309
1;2025-11-15;22;134
1;2025-11-15;23;29
1;2025-11-16;0;1
1;2025-11-16;1;0
1;2025-11-16;2;0
1;2025-11-16;3;0
1;2025-11-16;4;0
1;2025-11-16;5;23
1;2025-11-16;6;116
1;2025-11-16;7;262
1;2025-11-16;8;357
1;2025-11-16;9;601
1;2025-11-16;10;682
1;2025-11-16;11;733
1;2025-11-16;12;828
1;2025-11-16;13;853
1;2025-11-16;14;816
1;2025-11-16;15;732
1;2025-11-16;16;682
1;2025-11-16;17;617
1;2025-11-16;18;531
1;2025-11-16;19;456
1;2025-11-16;20;340
1;2025-11-16;21;266
1;2025-11-16;22;110
1;2025-11-16;23;28
1;2025-11-17;0;0
1;2025-11-17;1;0
1;2025-11-17;2;0
1;2025-11-17;3;0
1;2025-11-17;4;9
1;2025-11-17;5;140
1;2025-11-17;6;513
1;2025-11-17;7;1472
1;2025-11-17;8;1936
1;2025-11-17;9;1478
1;2025-11-17;10;1313
1;2025-11-17;11;1306
1;2025-11-17;12;1397
1;2025-11-17;13;1431
1;2025-11-17;14;1424
1;2025-11-17;15;1518
1;2025-11-17;16;1600
1;2025-11-17;17;1873
1;2025-11-17;18;1939
1;2025-11-17;19;1424
1;2025-11-17;20;898
1;2025-11-17;21;463
1;2025-11-17;22;181
1;2025-11-17;23;42
1;2025-11-18;0;5
1;2025-11-18;1;0
1;2025-11-18;2;0
1;2025-11-18;3;1
1;2025-11-18;4;11
1;2025-11-18;5;117
1;2025-11-18;6;521
1;2025-11-18;7;1528
1;2025-11-18;8;1928
1;2025-11-18;9;1513
1;2025-11-18;10;1377
1;2025-11-18;11;1349
1;2025-11-18;12;1388
1;2025-11-18;13;1418
1;2025-11-18;14;1299
1;2025-11-18;15;1418
1;2025-11-18;16;1496
1;2025-11-18;17;1796
1;2025-11-18;18;1807
1;2025-11-18;19;1402
1;2025-11-18;20;874
1;2025-11-18;21;491
1;2025-11-18;22;195
1;2025-11-18;23;38
1;2025-11-19;0;3
1;2025-11-19;1;0
1;2025-11-19;2;0
1;2025-11-19;3;0
1;2025-11-19;4;8
1;2025-11-19;5;140
1;2025-11-19;6;554
1;2025-11-19;7;1468
1;2025-11-19;8;1977
1;2025-11-19;9;1478
1;2025-11-19;10;1375
1;2025-11-19;11;1348
1;2025-11-19;12;1417
1;2025-11-19;13;1469
1;2025-11-19;14;1390
1;2025-11-19;15;1514
1;2025-11-19;16;1531
1;2025-11-19;17;1803
1;2025-11-19;18;1798
1;2025-11-19;19;1352
1;2025-11-19;20;887
1;2025-11-19;21;498
1;2025-11-19;22;215
1;2025-11-19;23;35
1;2025-11-20;0;6
1;2025-11-20;1;0
1;2025-11-20;2;0
1;2025-11-20;3;0
1;2025-11-20;4;10
1;2025-11-20;5;121
1;2025-11-20;6;495
1;2025-11-20;7;1486
1;2025-11-20;8;1958
1;2025-11-20;9;1495
1;2025-11-20;10;1396
1;2025-11-20;11;1385
1;2025-11-20;12;1435
1;2025-11-20;13;1443
1;2025-11-20;14;1418
1;2025-11-20;15;1507
1;2025-11-20;16;1551
1;2025-11-20;17;1803
1;2025-11-20;18;1846
1;2025-11-20;19;1338
1;2025-11-20;20;892
1;2025-11-20;21;478
1;2025-11-20;22;195
1;2025-11-20;23;39
1;2025-11-21;0;4
1;2025-11-21;1;0
1;2025-11-21;2;0
1;2025-11-21;3;0
1;2025-11-21;4;7
1;2025-11-21;5;137
1;2025-11-21;6;501
1;2025-11-21;7;1501
1;2025-11-21;8;1827
1;2025-11-21;9;1459
1;2025-11-21;10;1323
1;2025-11-21;11;1377
1;2025-11-21;12;1384
1;2025-11-21;13;1414
1;2025-11-21;14;1354
1;2025-11-21;15;1495
1;2025-11-21;16;1608
1;2025-11-21;17;1823
1;2025-11-21;18;1530
1;2025-11-21;19;1244
1;2025-11-21;20;817
1;2025-11-21;21;495
1;2025-11-21;22;205
1;2025-11-21;23;43
1;2025-11-22;0;5
1;2025-11-22;1;0
1;2025-11-22;2;0
1;2025-11-22;3;0
1;2025-11-22;4;0
1;2025-11-22;5;36
1;2025-11-22;6;163
1;2025-11-22;7;367
1;2025-11-22;8;518
1;2025-11-22;9;770
1;2025-11-22;10;919
1;2025-11-22;11;922
1;2025-11-22;12;1075
1;2025-11-22;13;1103
1;2025-11-22;14;1053
1;2025-11-22;15;927
1;2025-11-22;16;834
1;2025-11-22;17;766
1;2025-11-22;18;672
1;2025-11-22;19;589
1;2025-11-22;20;445
1;2025-11-22;21;310
1;2025-11-22;22;134
1;2025-11-22;23;29
1;2025-11-23;0;1
1;2025-11-23;1;0
1;2025-11-23;2;0
1;2025-11-23;3;0
1;2025-11-23;4;0
1;2025-11-23;5;23
1;2025-11-23;6;116
1;2025-11-23;7;263
1;2025-11-23;8;359
1;2025-11-23;9;603
1;2025-11-23;10;684
1;2025-11-23;11;736
1;2025-11-23;12;830
1;2025-11-23;13;856
1;2025-11-23;14;819
1;2025-11-23;15;735
1;2025-11-23;16;684
1;2025-11-23;17;619
1;2025-11-23;18;532
1;2025-11-23;19;458
1;2025-11-23;20;342
1;2025-11-23;21;267
1;2025-11-23;22;111
1;2025-11-23;23;28
1;2025-11-24;0;0
1;2025-11-24;1;0
1;2025-11-24;2;0
1;2025-11-24;3;0
1;2025-11-24;4;9
1;2025-11-24;5;140
1;2025-11-24;6;515
1;2025-11-24;7;1477
1;2025-11-24;8;1943
1;2025-11-24;9;1483
1;2025-11-24;10;1317
1;2025-11-24;11;1310
1;2025-11-24;12;1402
1;2025-11-24;13;1436
1;2025-11-24;14;1428
1;2025-11-24;15;1523
1;2025-11-24;16;1605
1;2025-11-24;17;1879
1;2025-11-24;18;1946
1;2025-11-24;19;1428
1;2025-11-24;20;901
1;2025-11-24;21;465
1;2025-11-24;22;182
1;2025-11-24;23;42
1;2025-11-25;0;5
1;2025-11-25;1;0
1;2025-11-25;2;0
1;2025-11-25;3;1
1;2025-11-25;4;11
1;2025-11-25;5;118
1;2025-11-25;6;522
1;2025-11-25;7;1534
1;2025-11-25;8;1935
1;2025-11-25;9;1518
1;2025-11-25;10;1381
1;2025-11-25;11;1354
1;2025-11-25;12;1393
1;2025-11-25;13;1423
1;2025-11-25;14;1303
1;2025-11-25;15;1423
1;2025-11-25;16;1501
1;2025-11-25;17;1803
1;2025-11-25;18;1814
1;2025-11-25;19;1406
1;2025-11-25;20;876
1;2025-11-25;21;493
1;2025-11-25;22;195
1;2025-11-25;23;38
1;2025-11-26;0;3
1;2025-11-26;1;0
1;2025-11-26;2;0
1;2025-11-26;3;0
1;2025-11-26;4;8
1;2025-11-26;5;140
1;2025-11-26;6;556
1;2025-11-26;7;1473
1;2025-11-26;8;1984
1;2025-11-26;9;1483
1;2025-11-26;10;1380
1;2025-11-26;11;1353
1;2025-11-26;12;1421
1;2025-11-26;13;1474
1;2025-11-26;14;1395
1;2025-11-26;15;1519
1;2025-11-26;16;1537
1;2025-11-26;17;1810
1;2025-11-26;18;1804
1;2025-11-26;19;1357
1;2025-11-26;20;890
1;2025-11-26;21;500
1;2025-11-26;22;216
1;2025-11-26;23;35
1;2025-11-27;0;6
1;2025-11-27;1;0
1;2025-11-27;2;0
1;2025-11-27;3;0
1;2025-11-27;4;10
1;2025-11-27;5;121
1;2025-11-27;6;497
1;2025-11-27;7;1491
1;2025-11-27;8;1965
1;2025-11-27;9;1500
1;2025-11-27;10;1401
1;2025-11-27;11;1390
1;2025-11-27;12;1440
1;2025-11-27;13;1448
1;2025-11-27;14;1423
1;2025-11-27;15;1512
1;2025-11-27;16;1556
1;2025-11-27;17;1809
1;2025-11-27;18;1852
1;2025-11-27;19;1343
1;2025-11-27;20;895
1;2025-11-27;21;480
1;2025-11-27;22;195
1;2025-11-27;23;39
1;2025-11-28;0;4
1;2025-11-28;1;0
1;2025-11-28;2;0
1;2025-11-28;3;0
1;2025-11-28;4;7
1;2025-11-28;5;137
1;2025-11-28;6;502
1;2025-11-28;7;1506
1;2025-11-28;8;1833
1;2025-11-28;9;1464
1;2025-11-28;10;1327
1;2025-11-28;11;1382
1;2025-11-28;12;1389
1;2025-11-28;13;1419
1;2025-11-28;14;1359
1;2025-11-28;15;1499
1;2025-11-28;16;1613
1;2025-11-28;17;1829
1;2025-11-28;18;1535
1;2025-11-28;19;1249
1;2025-11-28;20;820
1;2025-11-28;21;496
1;2025-11-28;22;206
1;2025-11-28;23;43
1;2025-11-29;0;5
1;2025-11-29;1;0
1;2025-11-29;2;0
1;2025-11-29;3;0
1;2025-11-29;4;0
1;2025-11-29;5;36
1;2025-11-29;6;164
1;2025-11-29;7;368
1;2025-11-29;8;519
1;2025-11-29;9;773
1;2025-11-29;10;922
1;2025-11-29;11;925
1;2025-11-29;12;1079
1;2025-11-29;13;1107
1;2025-11-29;14;1057
1;2025-11-29;15;930
1;2025-11-29;16;837
1;2025-11-29;17;769
1;2025-11-29;18;674
1;2025-11-29;19;591
1;2025-11-29;20;447
1;2025-11-29;21;311
1;2025-11-29;22;135
1;2025-11-29;23;29
1;2025-11-30;0;1
1;2025-11-30;1;0
1;2025-11-30;2;0
1;2025-11-30;3;0
1;2025-11-30;4;0
1;2025-11-30;5;23
1;2025-11-30;6;117
1;2025-11-30;7;264
1;2025-11-30;8;360
1;2025-11-30;9;605
1;2025-11-30;10;686
1;2025-11-30;11;738
1;2025-11-30;12;833
1;2025-11-30;13;858
1;2025-11-30;14;822
1;2025-11-30;15;737
1;2025-11-30;16;686
1;2025-11-30;17;621
1;2025-11-30;18;534
1;2025-11-30;19;460
1;2025-11-30;20;343
1;2025-11-30;21;268
1;2025-11-30;22;111
1;2025-11-30;23;28
1;2025-12-01;0;0
1;2025-12-01;1;0
1;2025-12-01;2;0
1;2025-12-01;3;0
1;2025-12-01;4;9
1;2025-12-01;5;141
1;2025-12-01;6;517
1;2025-12-01;7;1482
1;2025-12-01;8;1949
1;2025-12-01;9;1488
1;2025-12-01;10;1322
1;2025-12-01;11;1315
1;2025-12-01;12;1407
1;2025-12-01;13;1440
1;2025-12-01;14;1433
1;2025-12-01;15;1528
1;2025-12-01;16;1611
1;2025-12-01;17;1885
1;2025-12-01;18;1952
1;2025-12-01;19;1433
1;2025-12-01;20;904
1;2025-12-01;21;466
1;2025-12-01;22;183
1;2025-12-01;23;42
1;2025-12-02;0;5
1;2025-12-02;1;0
1;2025-12-02;2;0
1;2025-12-02;3;1
1;2025-12-02;4;11
1;2025-12-02;5;118
1;2025-12-02;6;524
1;2025-12-02;7;1539
1;2025-12-02;8;1941
1;2025-12-02;9;1523
1;2025-12-02;10;1386
1;2025-12-02;11;1358
1;2025-12-02;12;1398
1;2025-12-02;13;1427
1;2025-12-02;14;1308
1;2025-12-02;15;1428
1;2025-12-02;16;1506
1;2025-12-02;17;1809
1;2025-12-02;18;1820
1;2025-12-02;19;1411
1;2025-12-02;20;879
1;2025-12-02;21;494
1;2025-12-02;22;196
1;2025-12-02;23;39
1;2025-12-03;0;3
1;2025-12-03;1;0
1;2025-12-03;2;0
1;2025-12-03;3;0
1;2025-12-03;4;8
1;2025-12-03;5;141
1;2025-12-03;6;558
1;2025-12-03;7;1477
1;2025-12-03;8;1990
1;2025-12-03;9;1488
1;2025-12-03;10;1384
1;2025-12-03;11;1357
1;2025-12-03;12;1426
1;2025-12-03;13;1479
1;2025-12-03;14;1399
1;2025-12-03;15;1523
1;2025-12-03;16;1541
1;2025-12-03;17;1815
1;2025-12-03;18;1810
1;2025-12-03;19;1362
1;2025-12-03;20;893
1;2025-12-03;21;502
1;2025-12-03;22;217
1;2025-12-03;23;36
1;2025-12-04;0;6
1;2025-12-04;1;0
1;2025-12-04;2;0
1;2025-12-04;3;0
1;2025-12-04;4;10
1;2025-12-04;5;121
1;2025-12-04;6;497
1;2025-12-04;7;1492
1;2025-12-04;8;1967
1;2025-12-04;9;1502
1;2025-12-04;10;1402
1;2025-12-04;11;1390
1;2025-12-04;12;1442
1;2025-12-04;13;1450
1;2025-12-04;14;1425
1;2025-12-04;15;1517
1;2025-12-04;16;1561
1;2025-12-04;17;1815
1;2025-12-04;18;1859
1;2025-12-04;19;1350
1;2025-12-04;20;902
1;2025-12-04;21;489
1;2025-12-04;22;205
1;2025-12-04;23;47
1;2025-12-05;0;4
1;2025-12-05;1;0
1;2025-12-05;2;0
1;2025-12-05;3;0
1;2025-12-05;4;7
1;2025-12-05;5;137
1;2025-12-05;6;503
1;2025-12-05;7;1507
1;2025-12-05;8;1834
1;2025-12-05;9;1465
1;2025-12-05;10;1328
1;2025-12-05;11;1383
1;2025-12-05;12;1390
1;2025-12-05;13;1421
1;2025-12-05;14;1360
1;2025-12-05;15;1503
1;2025-12-05;16;1617
1;2025-12-05;17;1834
1;2025-12-05;18;1543
1;2025-12-05;19;1256
1;2025-12-05;20;827
1;2025-12-05;21;506
1;2025-12-05;22;216
1;2025-12-05;23;53
1;2025-12-06;0;5
1;2025-12-06;1;0
1;2025-12-06;2;0
1;2025-12-06;3;0
1;2025-12-06;4;0
1;2025-12-06;5;34
1;2025-12-06;6;162
1;2025-12-06;7;366
1;2025-12-06;8;519
1;2025-12-06;9;773
1;2025-12-06;10;923
1;2025-12-06;11;925
1;2025-12-06;12;1079
1;2025-12-06;13;1108
1;2025-12-06;14;1058
1;2025-12-06;15;934
1;2025-12-06;16;841
1;2025-12-06;17;772
1;2025-12-06;18;679
1;2025-12-06;19;596
1;2025-12-06;20;451
1;2025-12-06;21;317
1;2025-12-06;22;140
1;2025-12-06;23;34
1;2025-12-07;0;1
1;2025-12-07;1;0
1;2025-12-07;2;0
1;2025-12-07;3;0
1;2025-12-07;4;0
1;2025-12-07;5;21
1;2025-12-07;6;115
1;2025-12-07;7;263
1;2025-12-07;8;359
1;2025-12-07;9;604
1;2025-12-07;10;686
1;2025-12-07;11;738
1;2025-12-07;12;833
1;2025-12-07;13;859
1;2025-12-07;14;822
1;2025-12-07;15;740
1;2025-12-07;16;689
1;2025-12-07;17;624
1;2025-12-07;18;539
1;2025-12-07;19;464
1;2025-12-07;20;347
1;2025-12-07;21;274
1;2025-12-07;22;116
1;2025-12-07;23;33
1;2025-12-08;0;0
1;2025-12-08;1;0
1;2025-12-08;2;0
1;2025-12-08;3;0
1;2025-12-08;4;9
1;2025-12-08;5;138
1;2025-12-08;6;514
1;2025-12-08;7;1482
1;2025-12-08;8;1950
1;2025-12-08;9;1488
1;2025-12-08;10;1321
1;2025-12-08;11;1314
1;2025-12-08;12;1407
1;2025-12-08;13;1441
1;2025-12-08;14;1433
1;2025-12-08;15;1534
1;2025-12-08;16;1618
1;2025-12-08;17;1893
1;2025-12-08;18;1963
1;2025-12-08;19;1443
1;2025-12-08;20;913
1;2025-12-08;21;477
1;2025-12-08;22;192
1;2025-12-08;23;52
1;2025-12-09;0;5
1;2025-12-09;1;0
1;2025-12-09;2;0
1;2025-12-09;3;1
1;2025-12-09;4;11
1;2025-12-09;5;115
1;2025-12-09;6;522
1;2025-12-09;7;1539
1;2025-12-09;8;1943
1;2025-12-09;9;1523
1;2025-12-09;10;1386
1;2025-12-09;11;1358
1;2025-12-09;12;1398
1;2025-12-09;13;1428
1;2025-12-09;14;1309
1;2025-12-09;15;1434
1;2025-12-09;16;1514
1;2025-12-09;17;1817
1;2025-12-09;18;1830
1;2025-12-09;19;1420
1;2025-12-09;20;887
1;2025-12-09;21;504
1;2025-12-09;22;205
1;2025-12-09;23;47
1;2025-12-10;0;3
1;2025-12-10;1;0
1;2025-12-10;2;0
1;2025-12-10;3;0
1;2025-12-10;4;8
1;2025-12-10;5;137
1;2025-12-10;6;555
1;2025-12-10;7;1477
1;2025-12-10;8;1991
1;2025-12-10;9;1488
1;2025-12-10;10;1384
1;2025-12-10;11;1356
1;2025-12-10;12;1426
1;2025-12-10;13;1479
1;2025-12-10;14;1400
1;2025-12-10;15;1530
1;2025-12-10;16;1549
1;2025-12-10;17;1823
1;2025-12-10;18;1821
1;2025-12-10;19;1371
1;2025-12-10;20;901
1;2025-12-10;21;513
1;2025-12-10;22;227
1;2025-12-10;23;46
1;2025-12-11;0;6
1;2025-12-11;1;0
1;2025-12-11;2;0
1;2025-12-11;3;0
1;2025-12-11;4;10
1;2025-12-11;5;119
1;2025-12-11;6;497
1;2025-12-11;7;1496
1;2025-12-11;8;1973
1;2025-12-11;9;1505
1;2025-12-11;10;1406
1;2025-12-11;11;1394
1;2025-12-11;12;1445
1;2025-12-11;13;1454
1;2025-12-11;14;1428
1;2025-12-11;15;1524
1;2025-12-11;16;1569
1;2025-12-11;17;1824
1;2025-12-11;18;1869
1;2025-12-11;19;1356
1;2025-12-11;20;906
1;2025-12-11;21;492
1;2025-12-11;22;205
1;2025-12-11;23;48
1;2025-12-12;0;4
1;2025-12-12;1;0
1;2025-12-12;2;0
1;2025-12-12;3;0
1;2025-12-12;4;7
1;2025-12-12;5;135
1;2025-12-12;6;502
1;2025-12-12;7;1511
1;2025-12-12;8;1840
1;2025-12-12;9;1469
1;2025-12-12;10;1331
1;2025-12-12;11;1386
1;2025-12-12;12;1394
1;2025-12-12;13;1424
1;2025-12-12;14;1364
1;2025-12-12;15;1510
1;2025-12-12;16;1625
1;2025-12-12;17;1842
1;2025-12-12;18;1551
1;2025-12-12;19;1262
1;2025-12-12;20;832
1;2025-12-12;21;509
1;2025-12-12;22;217
1;2025-12-12;23;53
1;2025-12-13;0;5
1;2025-12-13;1;0
1;2025-12-13;2;0
1;2025-12-13;3;0
1;2025-12-13;4;0
1;2025-12-13;5;34
1;2025-12-13;6;163
1;2025-12-13;7;368
1;2025-12-13;8;520
1;2025-12-13;9;775
1;2025-12-13;10;926
1;2025-12-13;11;929
1;2025-12-13;12;1083
1;2025-12-13;13;1112
1;2025-12-13;14;1062
1;2025-12-13;15;937
1;2025-12-13;16;844
1;2025-12-13;17;775
1;2025-12-13;18;681
1;2025-12-13;19;598
1;2025-12-13;20;453
1;2025-12-13;21;318
1;2025-12-13;22;141
1;2025-12-13;23;34
1;2025-12-14;0;1
1;2025-12-14;1;0
1;2025-12-14;2;0
1;2025-12-14;3;0
1;2025-12-14;4;0
1;2025-12-14;5;22
1;2025-12-14;6;116
1;2025-12-14;7;264
1;2025-12-14;8;360
1;2025-12-14;9;606
1;2025-12-14;10;688
1;2025-12-14;11;740
1;2025-12-14;12;836
1;2025-12-14;13;862
1;2025-12-14;14;825
1;2025-12-14;15;743
1;2025-12-14;16;692
1;2025-12-14;17;626
1;2025-12-14;18;540
1;2025-12-14;19;465
1;2025-12-14;20;348
1;2025-12-14;21;275
1;2025-12-14;22;117
1;2025-12-14;23;33
1;2025-12-15;0;0
1;2025-12-15;1;0
1;2025-12-15;2;0
1;2025-12-15;3;0
1;2025-12-15;4;9
1;2025-12-15;5;139
1;2025-12-15;6;516
1;2025-12-15;7;1487
1;2025-12-15;8;1956
1;2025-12-15;9;1493
1;2025-12-15;10;1326
1;2025-12-15;11;1318
1;2025-12-15;12;1411
1;2025-12-15;13;1446
1;2025-12-15;14;1438
1;2025-12-15;15;1539
1;2025-12-15;16;1623
1;2025-12-15;17;1900
1;2025-12-15;18;1969
1;2025-12-15;19;1448
1;2025-12-15;20;916
1;2025-12-15;21;479
1;2025-12-15;22;193
1;2025-12-15;23;52
1;2025-12-16;0;5
1;2025-12-16;1;0
1;2025-12-16;2;0
1;2025-12-16;3;1
1;2025-12-16;4;11
1;2025-12-16;5;116
1;2025-12-16;6;524
1;2025-12-16;7;1544
1;2025-12-16;8;1949
1;2025-12-16;9;1528
1;2025-12-16;10;1390
1;2025-12-16;11;1363
1;2025-12-16;12;1402
1;2025-12-16;13;1433
1;2025-12-16;14;1313
1;2025-12-16;15;1439
1;2025-12-16;16;1519
1;2025-12-16;17;1823
1;2025-12-16;18;1836
1;2025-12-16;19;1425
1;2025-12-16;20;890
1;2025-12-16;21;505
1;2025-12-16;22;206
1;2025-12-16;23;48
1;2025-12-17;0;3
1;2025-12-17;1;0
1;2025-12-17;2;0
1;2025-12-17;3;0
1;2025-12-17;4;8
1;2025-12-17;5;138
1;2025-12-17;6;557
1;2025-12-17;7;1482
1;2025-12-17;8;1997
1;2025-12-17;9;1493
1;2025-12-17;10;1389
1;2025-12-17;11;1361
1;2025-12-17;12;1430
1;2025-12-17;13;1484
1;2025-12-17;14;1405
1;2025-12-17;15;1535
1;2025-12-17;16;1554
1;2025-12-17;17;1830
1;2025-12-17;18;1827
1;2025-12-17;19;1376
1;2025-12-17;20;904
1;2025-12-17;21;515
1;2025-12-17;22;228
1;2025-12-17;23;46
1;2025-12-18;0;6
1;2025-12-18;1;0
1;2025-12-18;2;0
1;2025-12-18;3;0
1;2025-12-18;4;10
1;2025-12-18;5;119
1;2025-12-18;6;498
1;2025-12-18;7;1501
1;2025-12-18;8;1979
1;2025-12-18;9;1510
1;2025-12-18;10;1411
1;2025-12-18;11;1399
1;2025-12-18;12;1450
1;2025-12-18;13;1458
1;2025-12-18;14;1433
1;2025-12-18;15;1529
1;2025-12-18;16;1574
1;2025-12-18;17;1830
1;2025-12-18;18;1875
1;2025-12-18;19;1361
1;2025-12-18;20;909
1;2025-12-18;21;493
1;2025-12-18;22;206
1;2025-12-18;23;48
1;2025-12-19;0;4
1;2025-12-19;1;0
1;2025-12-19;2;0
1;2025-12-19;3;0
1;2025-12-19;4;7
1;2025-12-19;5;135
1;2025-12-19;6;504
1;2025-12-19;7;1516
1;2025-12-19;8;1846
1;2025-12-19;9;1474
1;2025-12-19;10;1336
1;2025-12-19;11;1391
1;2025-12-19;12;1398
1;2025-12-19;13;1429
1;2025-12-19;14;1368
1;2025-12-19;15;1515
1;2025-12-19;16;1631
1;2025-12-19;17;1849
1;2025-12-19;18;1556
1;2025-12-19;19;1267
1;2025-12-19;20;835
1;2025-12-19;21;511
1;2025-12-19;22;218
1;2025-12-19;23;53
1;2025-12-20;0;5
1;2025-12-20;1;0
1;2025-12-20;2;0
1;2025-12-20;3;0
1;2025-12-20;4;0
1;2025-12-20;5;34
1;2025-12-20;6;163
1;2025-12-20;7;369
1;2025-12-20;8;522
1;2025-12-20;9;778
1;2025-12-20;10;929
1;2025-12-20;11;932
1;2025-12-20;12;1086
1;2025-12-20;13;1115
1;2025-12-20;14;1065
1;2025-12-20;15;940
1;2025-12-20;16;847
1;2025-12-20;17;778
1;2025-12-20;18;684
1;2025-12-20;19;600
1;2025-12-20;20;455
1;2025-12-20;21;319
1;2025-12-20;22;141
1;2025-12-20;23;34
1;2025-12-21;0;1
1;2025-12-21;1;0
1;2025-12-21;2;0
1;2025-12-21;3;0
1;2025-12-21;4;0
1;2025-12-21;5;22
1;2025-12-21;6;116
1;2025-12-21;7;265
1;2025-12-21;8;361
1;2025-12-21;9;608
1;2025-12-21;10;690
1;2025-12-21;11;743
1;2025-12-21;12;838
1;2025-12-21;13;864
1;2025-12-21;14;828
1;2025-12-21;15;745
1;2025-12-21;16;694
1;2025-12-21;17;628
1;2025-12-21;18;542
1;2025-12-21;19;467
1;2025-12-21;20;349
1;2025-12-21;21;275
1;2025-12-21;22;117
1;2025-12-21;23;33
1;2025-12-22;0;0
1;2025-12-22;1;0
1;2025-12-22;2;0
1;2025-12-22;3;0
1;2025-12-22;4;9
1;2025-12-22;5;139
1;2025-12-22;6;518
1;2025-12-22;7;1492
1;2025-12-22;8;1963
1;2025-12-22;9;1498
1;2025-12-22;10;1330
1;2025-12-22;11;1323
1;2025-12-22;12;1416
1;2025-12-22;13;1451
1;2025-12-22;14;1443
1;2025-12-22;15;1544
1;2025-12-22;16;1629
1;2025-12-22;17;1906
1;2025-12-22;18;1975
1;2025-12-22;19;1453
1;2025-12-22;20;919
1;2025-12-22;21;481
1;2025-12-22;22;194
1;2025-12-22;23;52
1;2025-12-23;0;5
1;2025-12-23;1;0
1;2025-12-23;2;0
1;2025-12-23;3;1
1;2025-12-23;4;11
1;2025-12-23;5;116
1;2025-12-23;6;526
1;2025-12-23;7;1549
1;2025-12-23;8;1956
1;2025-12-23;9;1533
1;2025-12-23;10;1395
1;2025-12-23;11;1368
1;2025-12-23;12;1407
1;2025-12-23;13;1438
1;2025-12-23;14;1317
1;2025-12-23;15;1444
1;2025-12-23;16;1524
1;2025-12-23;17;1829
1;2025-12-23;18;1842
1;2025-12-23;19;1430
1;2025-12-23;20;893
1;2025-12-23;21;507
1;2025-12-23;22;207
1;2025-12-23;23;48
1;2025-12-24;0;3
1;2025-12-24;1;0
1;2025-12-24;2;0
1;2025-12-24;3;0
1;2025-12-24;4;8
1;2025-12-24;5;138
1;2025-12-24;6;559
1;2025-12-24;7;1487
1;2025-12-24;8;2004
1;2025-12-24;9;1498
1;2025-12-24;10;1394
1;2025-12-24;11;1365
1;2025-12-24;12;1435
1;2025-12-24;13;1489
1;2025-12-24;14;1409
1;2025-12-24;15;1540
1;2025-12-24;16;1560
1;2025-12-24;17;1836
1;2025-12-24;18;1833
1;2025-12-24;19;1381
1;2025-12-24;20;907
1;2025-12-24;21;517
1;2025-12-24;22;229
1;2025-12-24;23;46
1;2025-12-25;0;6
1;2025-12-25;1;0
1;2025-12-25;2;0
1;2025-12-25;3;0
1;2025-12-25;4;10
1;2025-12-25;5;120
1;2025-12-25;6;500
1;2025-12-25;7;1506
1;2025-12-25;8;1986
1;2025-12-25;9;1515
1;2025-12-25;10;1415
1;2025-12-25;11;1403
1;2025-12-25;12;1455
1;2025-12-25;13;1463
1;2025-12-25;14;1438
1;2025-12-25;15;1534
1;2025-12-25;16;1579
1;2025-12-25;17;1837
1;2025-12-25;18;1881
1;2025-12-25;19;1366
1;2025-12-25;20;912
1;2025-12-25;21;495
1;2025-12-25;22;207
1;2025-12-25;23;48
1;2025-12-26;0;4
1;2025-12-26;1;0
1;2025-12-26;2;0
1;2025-12-26;3;0
1;2025-12-26;4;7
1;2025-12-26;5;136
1;2025-12-26;6;506
1;2025-12-26;7;1521
1;2025-12-26;8;1852
1;2025-12-26;9;1479
1;2025-12-26;10;1341
1;2025-12-26;11;1395
1;2025-12-26;12;1403
1;2025-12-26;13;1434
1;2025-12-26;14;1373
1;2025-12-26;15;1520
1;2025-12-26;16;1636
1;2025-12-26;17;1855
1;2025-12-26;18;1562
1;2025-12-26;19;1271
1;2025-12-26;20;838
1;2025-12-26;21;513
1;2025-12-26;22;219
1;2025-12-26;23;53
1;2025-12-27;0;5
1;2025-12-27;1;0
1;2025-12-27;2;0
1;2025-12-27;3;0
1;2025-12-27;4;0
1;2025-12-27;5;34
1;2025-12-27;6;164
1;2025-12-27;7;370
1;2025-12-27;8;524
1;2025-12-27;9;780
1;2025-12-27;10;931
1;2025-12-27;11;934
1;2025-12-27;12;1089
1;2025-12-27;13;1119
1;2025-12-27;14;1068
1;2025-12-27;15;943
1;2025-12-27;16;849
1;2025-12-27;17;780
1;2025-12-27;18;686
1;2025-12-27;19;602
1;2025-12-27;20;456
1;2025-12-27;21;320
1;2025-12-27;22;142
1;2025-12-27;23;35
1;2025-12-28;0;1
1;2025-12-28;1;0
1;2025-12-28;2;0
1;2025-12-28;3;0
1;2025-12-28;4;0
1;2025-12-28;5;22
1;2025-12-28;6;116
1;2025-12-28;7;265
1;2025-12-28;8;362
1;2025-12-28;9;609
1;2025-12-28;10;692
1;2025-12-28;11;744
1;2025-12-28;12;840
1;2025-12-28;13;866
1;2025-12-28;14;829
1;2025-12-28;15;747
1;2025-12-28;16;696
1;2025-12-28;17;630
1;2025-12-28;18;544
1;2025-12-28;19;468
1;2025-12-28;20;350
1;2025-12-28;21;276
1;2025-12-28;22;117
1;2025-12-28;23;33
1;2025-12-29;0;0
1;2025-12-29;1;0
1;2025-12-29;2;0
1;2025-12-29;3;0
1;2025-12-29;4;9
1;2025-12-29;5;131
1;2025-12-29;6;491
1;2025-12-29;7;1426
1;2025-12-29;8;1882
1;2025-12-29;9;1413
1;2025-12-29;10;1223
1;2025-12-29;11;1222
1;2025-12-29;12;1320
1;2025-12-29;13;1373
1;2025-12-29;14;1384
1;2025-12-29;15;1505
1;2025-12-29;16;1552
1;2025-12-29;17;1802
1;2025-12-29;18;1911
1;2025-12-29;19;1392
1;2025-12-29;20;875
1;2025-12-29;21;441
1;2025-12-29;22;175
1;2025-12-29;23;45
1;2025-12-30;0;5
1;2025-12-30;1;0
1;2025-12-30;2;0
1;2025-12-30;3;1
1;2025-12-30;4;10
1;2025-12-30;5;102
1;2025-12-30;6;474
1;2025-12-30;7;1435
1;2025-12-30;8;1787
1;2025-12-30;9;1395
1;2025-12-30;10;1262
1;2025-12-30;11;1239
1;2025-12-30;12;1251
1;2025-12-30;13;1300
1;2025-12-30;14;1175
1;2025-12-30;15;1296
1;2025-12-30;16;1345
1;2025-12-30;17;1627
1;2025-12-30;18;1652
1;2025-12-30;19;1308
1;2025-12-30;20;812
1;2025-12-30;21;446
1;2025-12-30;22;177
1;2025-12-30;23;38
1;2025-12-31;0;3
1;2025-12-31;1;0
1;2025-12-31;2;0
1;2025-12-31;3;0
1;2025-12-31;4;0
1;2025-12-31;5;23
1;2025-12-31;6;119
1;2025-12-31;7;262
1;2025-12-31;8;361
1;2025-12-31;9;582
1;2025-12-31;10;683
1;2025-12-31;11;692
1;2025-12-31;12;814
1;2025-12-31;13;844
1;2025-12-31;14;787
1;2025-12-31;15;694
1;2025-12-31;16;623
1;2025-12-31;17;564
1;2025-12-31;18;499
1;2025-12-31;19;435
1;2025-12-31;20;329
1;2025-12-31;21;251
1;2025-12-31;22;98
1;2025-12-31;23;25
5;2025-11-01;0;0
5;2025-11-01;1;0
5;2025-11-01;2;0
5;2025-11-01;3;0
5;2025-11-01;4;0
5;2025-11-01;5;0
5;2025-11-01;6;0
5;2025-11-01;7;0
5;2025-11-01;8;0
5;2025-11-01;9;0
5;2025-11-01;10;0
5;2025-11-01;11;0
5;2025-11-01;12;0
5;2025-11-01;13;0
5;2025-11-01;14;0
5;2025-11-01;15;0
5;2025-11-01;16;0
5;2025-11-01;17;0
5;2025-11-01;18;0
5;2025-11-01;19;0
5;2025-11-01;20;0
5;2025-11-01;21;0
5;2025-11-01;22;0
5;2025-11-01;23;0
5;2025-11-02;0;0
5;2025-11-02;1;0
5;2025-11-02;2;0
5;2025-11-02;3;0
5;2025-11-02;4;0
5;2025-11-02;5;0
5;2025-11-02;6;0
5;2025-11-02;7;0
5;2025-11-02;8;0
5;2025-11-02;9;0
5;2025-11-02;10;0
5;2025-11-02;11;0
5;2025-11-02;12;0
5;2025-11-02;13;0
5;2025-11-02;14;0
5;2025-11-02;15;0
5;2025-11-02;16;0
5;2025-11-02;17;0
5;2025-11-02;18;0
5;2025-11-02;19;0
5;2025-11-02;20;0
5;2025-11-02;21;0
5;2025-11-02;22;0
5;2025-11-02;23;0
5;2025-11-03;0;0
5;2025-11-03;1;0
5;2025-11-03;2;0
5;2025-11-03;3;0
5;2025-11-03;4;0
5;2025-11-03;5;0
5;2025-11-03;6;0
5;2025-11-03;7;0
5;2025-11-03;8;0
5;2025-11-03;9;0
5;2025-11-03;10;0
5;2025-11-03;11;0
5;2025-11-03;12;0
5;2025-11-03;13;0
5;2025-11-03;14;0
5;2025-11-03;15;0
5;2025-11-03;16;0
5;2025-11-03;17;0
5;2025-11-03;18;0
5;2025-11-03;19;0
5;2025-11-03;20;0
5;2025-11-03;21;0
5;2025-11-03;22;0
5;2025-11-03;23;0
5;2025-11-04;0;0
5;2025-11-04;1;0
5;2025-11-04;2;0
5;2025-11-04;3;0
5;2025-11-04;4;0
5;2025-11-04;5;0
5;2025-11-04;6;0
5;2025-11-04;7;0
5;2025-11-04;8;0
5;2025-11-04;9;0
5;2025-11-04;10;0
5;2025-11-04;11;0
5;2025-11-04;12;0
5;2025-11-04;13;0
5;2025-11-04;14;0
5;2025-11-04;15;0
5;2025-11-04;16;0
5;2025-11-04;17;0
5;2025-11-04;18;0
5;2025-11-04;19;0
5;2025-11-04;20;0
5;2025-11-04;21;0
5;2025-11-04;22;0
5;2025-11-04;23;0
5;2025-11-05;0;0
5;2025-11-05;1;0
5;2025-11-05;2;0
5;2025-11-05;3;0
5;2025-11-05;4;0
5;2025-11-05;5;0
5;2025-11-05;6;0
5;2025-11-05;7;0
5;2025-11-05;8;0
5;2025-11-05;9;0
5;2025-11-05;10;0
5;2025-11-05;11;0
5;2025-11-05;12;0
5;2025-11-05;13;0
5;2025-11-05;14;0
5;2025-11-05;15;0
5;2025-11-05;16;0
5;2025-11-05;17;0
5;2025-11-05;18;0
5;2025-11-05;19;0
5;2025-11-05;20;0
5;2025-11-05;21;0
5;2025-11-05;22;0
5;2025-11-05;23;0
5;2025-11-06;0;0
5;2025-11-06;1;0
5;2025-11-06;2;0
5;2025-11-06;3;0
5;2025-11-06;4;0
5;2025-11-06;5;0
5;2025-11-06;6;0
5;2025-11-06;7;0
5;2025-11-06;8;0
5;2025-11-06;9;0
5;2025-11-06;10;0
5;2025-11-06;11;0
5;2025-11-06;12;0
5;2025-11-06;13;0
5;2025-11-06;14;0
5;2025-11-06;15;0
5;2025-11-06;16;0
5;2025-11-06;17;0
5;2025-11-06;18;0
5;2025-11-06;19;0
5;2025-11-06;20;0
5;2025-11-06;21;0
5;2025-11-06;22;0
5;2025-11-06;23;0
5;2025-11-07;0;0
5;2025-11-07;1;0
5;2025-11-07;2;0
5;2025-11-07;3;0
5;2025-11-07;4;0
5;2025-11-07;5;0
5;2025-11-07;6;0
5;2025-11-07;7;0
5;2025-11-07;8;0
5;2025-11-07;9;0
5;2025-11-07;10;0
5;2025-11-07;11;0
5;2025-11-07;12;0
5;2025-11-07;13;0
5;2025-11-07;14;0
5;2025-11-07;15;0
5;2025-11-07;16;0
5;2025-11-07;17;0
5;2025-11-07;18;0
5;2025-11-07;19;0
5;2025-11-07;20;0
5;2025-11-07;21;0
5;2025-11-07;22;0
5;2025-11-07;23;0
5;2025-11-08;0;0
5;2025-11-08;1;0
5;2025-11-08;2;0
5;2025-11-08;3;0
5;2025-11-08;4;0
5;2025-11-08;5;0
5;2025-11-08;6;0
5;2025-11-08;7;0
5;2025-11-08;8;0
5;2025-11-08;9;0
5;2025-11-08;10;0
5;2025-11-08;11;0
5;2025-11-08;12;0
5;2025-11-08;13;0
5;2025-11-08;14;0
5;2025-11-08;15;0
5;2025-11-08;16;0
5;2025-11-08;17;0
5;2025-11-08;18;0
5;2025-11-08;19;0
5;2025-11-08;20;0
5;2025-11-08;21;0
5;2025-11-08;22;0
5;2025-11-08;23;0
5;2025-11-09;0;0
5;2025-11-09;1;0
5;2025-11-09;2;0
5;2025-11-09;3;0
5;2025-11-09;4;0
5;2025-11-09;5;0
5;2025-11-09;6;0
5;2025-11-09;7;0
5;2025-11-09;8;0
5;2025-11-09;9;0
5;2025-11-09;10;0
5;2025-11-09;11;0
5;2025-11-09;12;0
5;2025-11-09;13;0
5;2025-11-09;14;0
5;2025-11-09;15;0
5;2025-11-09;16;0
5;2025-11-09;17;0
5;2025-11-09;18;0
5;2025-11-09;19;0
5;2025-11-09;20;0
5;2025-11-09;21;0
5;2025-11-09;22;0
5;2025-11-09;23;0
5;2025-11-10;0;0
5;2025-11-10;1;0
5;2025-11-10;2;0
5;2025-11-10;3;0
5;2025-11-10;4;0
5;2025-11-10;5;0
5;2025-11-10;6;0
5;2025-11-10;7;0
5;2025-11-10;8;0
5;2025-11-10;9;0
5;2025-11-10;10;0
5;2025-11-10;11;0
5;2025-11-10;12;0
5;2025-11-10;13;0
5;2025-11-10;14;0
5;2025-11-10;15;0
5;2025-11-10;16;0
5;2025-11-10;17;0
5;2025-11-10;18;0
5;2025-11-10;19;0
5;2025-11-10;20;0
5;2025-11-10;21;0
5;2025-11-10;22;0
5;2025-11-10;23;0
5;2025-11-11;0;0
5;2025-11-11;1;0
5;2025-11-11;2;0
5;2025-11-11;3;0
5;2025-11-11;4;0
5;2025-11-11;5;0
5;2025-11-11;6;0
5;2025-11-11;7;0
5;2025-11-11;8;0
5;2025-11-11;9;0
5;2025-11-11;10;0
5;2025-11-11;11;0
5;2025-11-11;12;0
5;2025-11-11;13;0
5;2025-11-11;14;0
5;2025-11-11;15;0
5;2025-11-11;16;0
5;2025-11-11;17;0
5;2025-11-11;18;0
5;2025-11-11;19;0
5;2025-11-11;20;0
5;2025-11-11;21;0
5;2025-11-11;22;0
5;2025-11-11;23;0
5;2025-11-12;0;0
5;2025-11-12;1;0
5;2025-11-12;2;0
5;2025-11-12;3;0
5;2025-11-12;4;0
5;2025-11-12;5;0
5;2025-11-12;6;0
5;2025-11-12;7;0
5;2025-11-12;8;0
5;2025-11-12;9;0
5;2025-11-12;10;0
5;2025-11-12;11;0
5;2025-11-12;12;0
5;2025-11-12;13;0
5;2025-11-12;14;0
5;2025-11-12;15;0
5;2025-11-12;16;0
5;2025-11-12;17;0
5;2025-11-12;18;0
5;2025-11-12;19;0
5;2025-11-12;20;0
5;2025-11-12;21;0
5;2025-11-12;22;0
5;2025-11-12;23;0
5;2025-11-13;0;0
5;2025-11-13;1;0
5;2025-11-13;2;0
5;2025-11-13;3;0
5;2025-11-13;4;0
5;2025-11-13;5;0
5;2025-11-13;6;0
5;2025-11-13;7;0
5;2025-11-13;8;0
5;2025-11-13;9;0
5;2025-11-13;10;0
5;2025-11-13;11;0
5;2025-11-13;12;0
5;2025-11-13;13;0
5;2025-11-13;14;0
5;2025-11-13;15;0
5;2025-11-13;16;0
5;2025-11-13;17;0
5;2025-11-13;18;0
5;2025-11-13;19;0
5;2025-11-13;20;0
5;2025-11-13;21;0
5;2025-11-13;22;0
5;2025-11-13;23;0
5;2025-11-14;0;0
5;2025-11-14;1;0
5;2025-11-14;2;0
5;2025-11-14;3;0
5;2025-11-14;4;0
5;2025-11-14;5;0
5;2025-11-14;6;0
5;2025-11-14;7;0
5;2025-11-14;8;0
5;2025-11-14;9;0
5;2025-11-14;10;0
5;2025-11-14;11;0
5;2025-11-14;12;0
5;2025-11-14;13;0
5;2025-11-14;14;0
5;2025-11-14;15;0
5;2025-11-14;16;0
5;2025-11-14;17;0
5;2025-11-14;18;0
5;2025-11-14;19;0
5;2025-11-14;20;0
5;2025-11-14;21;0
5;2025-11-14;22;0
5;2025-11-14;23;0
5;2025-11-15;0;0
5;2025-11-15;1;0
5;2025-11-15;2;0
5;2025-11-15;3;0
5;2025-11-15;4;0
5;2025-11-15;5;0
5;2025-11-15;6;0
5;2025-11-15;7;0
5;2025-11-15;8;0
5;2025-11-15;9;0
5;2025-11-15;10;0
5;2025-11-15;11;0
5;2025-11-15;12;0
5;2025-11-15;13;0
5;2025-11-15;14;0
5;2025-11-15;15;0
5;2025-11-15;16;0
5;2025-11-15;17;0
5;2025-11-15;18;0
5;2025-11-15;19;0
5;2025-11-15;20;0
5;2025-11-15;21;0
5;2025-11-15;22;0
5;2025-11-15;23;0
5;2025-11-16;0;0
5;2025-11-16;1;0
5;2025-11-16;2;0
5;2025-11-16;3;0
5;2025-11-16;4;0
5;2025-11-16;5;0
5;2025-11-16;6;0
5;2025-11-16;7;0
5;2025-11-16;8;0
5;2025-11-16;9;0
5;2025-11-16;10;0
5;2025-11-16;11;0
5;2025-11-16;12;0
5;2025-11-16;13;0
5;2025-11-16;14;0
5;2025-11-16;15;0
5;2025-11-16;16;0
5;2025-11-16;17;0
5;2025-11-16;18;0
5;2025-11-16;19;0
5;2025-11-16;20;0
5;2025-11-16;21;0
5;2025-11-16;22;0
5;2025-11-16;23;0
5;2025-11-17;0;0
5;2025-11-17;1;0
5;2025-11-17;2;0
5;2025-11-17;3;0
5;2025-11-17;4;0
5;2025-11-17;5;0
5;2025-11-17;6;0
5;2025-11-17;7;0
5;2025-11-17;8;0
5;2025-11-17;9;0
5;2025-11-17;10;0
5;2025-11-17;11;0
5;2025-11-17;12;0
5;2025-11-17;13;0
5;2025-11-17;14;0
5;2025-11-17;15;0
5;2025-11-17;16;0
5;2025-11-17;17;0
5;2025-11-17;18;0
5;2025-11-17;19;0
5;2025-11-17;20;0
5;2025-11-17;21;0
5;2025-11-17;22;0
5;2025-11-17;23;0
5;2025-11-18;0;0
5;2025-11-18;1;0
5;2025-11-18;2;0
5;2025-11-18;3;0
5;2025-11-18;4;0
5;2025-11-18;5;0
5;2025-11-18;6;0
5;2025-11-18;7;0
5;2025-11-18;8;0
5;2025-11-18;9;0
5;2025-11-18;10;0
5;2025-11-18;11;0
5;2025-11-18;12;0
5;2025-11-18;13;0
5;2025-11-18;14;0
5;2025-11-18;15;0
5;2025-11-18;16;0
5;2025-11-18;17;0
5;2025-11-18;18;0
5;2025-11-18;19;0
5;2025-11-18;20;0
5;2025-11-18;21;0
5;2025-11-18;22;0
5;2025-11-18;23;0
5;2025-11-19;0;0
5;2025-11-19;1;0
5;2025-11-19;2;0
5;2025-11-19;3;0
5;2025-11-19;4;0
5;2025-11-19;5;0
5;2025-11-19;6;0
5;2025-11-19;7;0
5;2025-11-19;8;0
5;2025-11-19;9;0
5;2025-11-19;10;0
5;2025-11-19;11;0
5;2025-11-19;12;0
5;2025-11-19;13;0
5;2025-11-19;14;0
5;2025-11-19;15;0
5;2025-11-19;16;0
5;2025-11-19;17;0
5;2025-11-19;18;0
5;2025-11-19;19;0
5;2025-11-19;20;0
5;2025-11-19;21;0
5;2025-11-19;22;0
5;2025-11-19;23;0
5;2025-11-20;0;0
5;2025-11-20;1;0
5;2025-11-20;2;0
5;2025-11-20;3;0
5;2025-11-20;4;0
5;2025-11-20;5;0
5;2025-11-20;6;0
5;2025-11-20;7;0
5;2025-11-20;8;0
5;2025-11-20;9;0
5;2025-11-20;10;0
5;2025-11-20;11;0
5;2025-11-20;12;0
5;2025-11-20;13;0
5;2025-11-20;14;0
5;2025-11-20;15;0
5;2025-11-20;16;0
5;2025-11-20;17;0
5;2025-11-20;18;0
5;2025-11-20;19;0
5;2025-11-20;20;0
5;2025-11-20;21;0
5;2025-11-20;22;0
5;2025-11-20;23;0
5;2025-11-21;0;0
5;2025-11-21;1;0
5;2025-11-21;2;0
5;2025-11-21;3;0
5;2025-11-21;4;0
5;2025-11-21;5;0
5;2025-11-21;6;0
5;2025-11-21;7;0
5;2025-11-21;8;0
5;2025-11-21;9;0
5;2025-11-21;10;0
5;2025-11-21;11;0
5;2025-11-21;12;0
5;2025-11-21;13;0
5;2025-11-21;14;0
5;2025-11-21;15;0
5;2025-11-21;16;0
5;2025-11-21;17;0
5;2025-11-21;18;0
5;2025-11-21;19;0
5;2025-11-21;20;0
5;2025-11-21;21;0
5;2025-11-21;22;0
5;2025-11-21;23;0
5;2025-11-22;0;0
5;2025-11-22;1;0
5;2025-11-22;2;0
5;2025-11-22;3;0
5;2025-11-22;4;0
5;2025-11-22;5;0
5;2025-11-22;6;0
5;2025-11-22;7;0
5;2025-11-22;8;0
5;2025-11-22;9;0
5;2025-11-22;10;0
5;2025-11-22;11;0
5;2025-11-22;12;0
5;2025-11-22;13;0
5;2025-11-22;14;0
5;2025-11-22;15;0
5;2025-11-22;16;0
5;2025-11-22;17;0
5;2025-11-22;18;0
5;2025-11-22;19;0
5;2025-11-22;20;0
5;2025-11-22;21;0
5;2025-11-22;22;0
5;2025-11-22;23;0
5;2025-11-23;0;0
5;2025-11-23;1;0
5;2025-11-23;2;0
5;2025-11-23;3;0
5;2025-11-23;4;0
5;2025-11-23;5;0
5;2025-11-23;6;0
5;2025-11-23;7;0
5;2025-11-23;8;0
5;2025-11-23;9;0
5;2025-11-23;10;0
5;2025-11-23;11;0
5;2025-11-23;12;0
5;2025-11-23;13;0
5;2025-11-23;14;0
5;2025-11-23;15;0
5;2025-11-23;16;0
5;2025-11-23;17;0
5;2025-11-23;18;0
5;2025-11-23;19;0
5;2025-11-23;20;0
5;2025-11-23;21;0
5;2025-11-23;22;0
5;2025-11-23;23;0
5;2025-11-24;0;0
5;2025-11-24;1;0
5;2025-11-24;2;0
5;2025-11-24;3;0
5;2025-11-24;4;0
5;2025-11-24;5;0
5;2025-11-24;6;0
5;2025-11-24;7;0
5;2025-11-24;8;0
5;2025-11-24;9;0
5;2025-11-24;10;0
5;2025-11-24;11;0
5;2025-11-24;12;0
5;2025-11-24;13;0
5;2025-11-24;14;0
5;2025-11-24;15;0
5;2025-11-24;16;0
5;2025-11-24;17;0
5;2025-11-24;18;0
5;2025-11-24;19;0
5;2025-11-24;20;0
5;2025-11-24;21;0
5;2025-11-24;22;0
5;2025-11-24;23;0
5;2025-11-25;0;0
5;2025-11-25;1;0
5;2025-11-25;2;0
5;2025-11-25;3;0
5;2025-11-25;4;0
5;2025-11-25;5;0
5;2025-11-25;6;0
5;2025-11-25;7;0
5;2025-11-25;8;0
5;2025-11-25;9;0
5;2025-11-25;10;0
5;2025-11-25;11;0
5;2025-11-25;12;0
5;2025-11-25;13;0
5;2025-11-25;14;0
5;2025-11-25;15;0
5;2025-11-25;16;0
5;2025-11-25;17;0
5;2025-11-25;18;0
5;2025-11-25;19;0
5;2025-11-25;20;0
5;2025-11-25;21;0
5;2025-11-25;22;0
5;2025-11-25;23;0
5;2025-11-26;0;0
5;2025-11-26;1;0
5;2025-11-26;2;0
5;2025-11-26;3;0
5;2025-11-26;4;0
5;2025-11-26;5;0
5;2025-11-26;6;0
5;2025-11-26;7;0
5;2025-11-26;8;0
5;2025-11-26;9;0
5;2025-11-26;10;0
5;2025-11-26;11;0
5;2025-11-26;12;0
5;2025-11-26;13;0
5;2025-11-26;14;0
5;2025-11-26;15;0
5;2025-11-26;16;0
5;2025-11-26;17;0
5;2025-11-26;18;0
5;2025-11-26;19;0
5;2025-11-26;20;0
5;2025-11-26;21;0
5;2025-11-26;22;0
5;2025-11-26;23;0
5;2025-11-27;0;0
5;2025-11-27;1;0
5;2025-11-27;2;0
5;2025-11-27;3;0
5;2025-11-27;4;0
5;2025-11-27;5;0
5;2025-11-27;6;0
5;2025-11-27;7;0
5;2025-11-27;8;0
5;2025-11-27;9;0
5;2025-11-27;10;0
5;2025-11-27;11;0
5;2025-11-27;12;0
5;2025-11-27;13;0
5;2025-11-27;14;0
5;2025-11-27;15;0
5;2025-11-27;16;0
5;2025-11-27;17;0
5;2025-11-27;18;0
5;2025-11-27;19;0
5;2025-11-27;20;0
5;2025-11-27;21;0
5;2025-11-27;22;0
5;2025-11-27;23;0
5;2025-11-28;0;0
5;2025-11-28;1;0
5;2025-11-28;2;0
5;2025-11-28;3;0
5;2025-11-28;4;0
5;2025-11-28;5;0
5;2025-11-28;6;0
5;2025-11-28;7;0
5;2025-11-28;8;0
5;2025-11-28;9;0
5;2025-11-28;10;0
5;2025-11-28;11;0
5;2025-11-28;12;0
5;2025-11-28;13;0
5;2025-11-28;14;0
5;2025-11-28;15;0
5;2025-11-28;16;0
5;2025-11-28;17;0
5;2025-11-28;18;0
5;2025-11-28;19;0
5;2025-11-28;20;0
5;2025-11-28;21;0
5;2025-11-28;22;0
5;2025-11-28;23;0
5;2025-11-29;0;0
5;2025-11-29;1;0
5;2025-11-29;2;0
5;2025-11-29;3;0
5;2025-11-29;4;0
5;2025-11-29;5;0
5;2025-11-29;6;0
5;2025-11-29;7;0
5;2025-11-29;8;0
5;2025-11-29;9;0
5;2025-11-29;10;0
5;2025-11-29;11;0
5;2025-11-29;12;0
5;2025-11-29;13;0
5;2025-11-29;14;0
5;2025-11-29;15;0
5;2025-11-29;16;0
5;2025-11-29;17;0
5;2025-11-29;18;0
5;2025-11-29;19;0
5;2025-11-29;20;0
5;2025-11-29;21;0
5;2025-11-29;22;0
5;2025-11-29;23;0
5;2025-11-30;0;0
5;2025-11-30;1;0
5;2025-11-30;2;0
5;2025-11-30;3;0
5;2025-11-30;4;0
5;2025-11-30;5;0
5;2025-11-30;6;0
5;2025-11-30;7;0
5;2025-11-30;8;0
5;2025-11-30;9;0
5;2025-11-30;10;0
5;2025-11-30;11;0
5;2025-11-30;12;0
5;2025-11-30;13;0
5;2025-11-30;14;0
5;2025-11-30;15;0
5;2025-11-30;16;0
5;2025-11-30;17;0
5;2025-11-30;18;0
5;2025-11-30;19;0
5;2025-11-30;20;0
5;2025-11-30;21;0
5;2025-11-30;22;0
5;2025-11-30;23;0
5;2025-12-01;0;0
5;2025-12-01;1;0
5;2025-12-01;2;0
5;2025-12-01;3;0
5;2025-12-01;4;0
5;2025-12-01;5;0
5;2025-12-01;6;0
5;2025-12-01;7;0
5;2025-12-01;8;0
5;2025-12-01;9;0
5;2025-12-01;10;0
5;2025-12-01;11;0
5;2025-12-01;12;0
5;2025-12-01;13;0
5;2025-12-01;14;0
5;2025-12-01;15;0
5;2025-12-01;16;0
5;2025-12-01;17;0
5;2025-12-01;18;0
5;2025-12-01;19;0
5;2025-12-01;20;0
5;2025-12-01;21;0
5;2025-12-01;22;0
5;2025-12-01;23;0
5;2025-12-02;0;0
5;2025-12-02;1;0
5;2025-12-02;2;0
5;2025-12-02;3;0
5;2025-12-02;4;0
5;2025-12-02;5;0
5;2025-12-02;6;0
5;2025-12-02;7;0
5;2025-12-02;8;0
5;2025-12-02;9;0
5;2025-12-02;10;0
5;2025-12-02;11;0
5;2025-12-02;12;0
5;2025-12-02;13;0
5;2025-12-02;14;0
5;2025-12-02;15;0
5;2025-12-02;16;0
5;2025-12-02;17;0
5;2025-12-02;18;0
5;2025-12-02;19;0
5;2025-12-02;20;0
5;2025-12-02;21;0
5;2025-12-02;22;0
5;2025-12-02;23;0
5;2025-12-03;0;0
5;2025-12-03;1;0
5;2025-12-03;2;0
5;2025-12-03;3;0
5;2025-12-03;4;0
5;2025-12-03;5;0
5;2025-12-03;6;0
5;2025-12-03;7;0
5;2025-12-03;8;0
5;2025-12-03;9;0
5;2025-12-03;10;0
5;2025-12-03;11;0
5;2025-12-03;12;0
5;2025-12-03;13;0
5;2025-12-03;14;0
5;2025-12-03;15;0
5;2025-12-03;16;0
5;2025-12-03;17;0
5;2025-12-03;18;0
5;2025-12-03;19;0
5;2025-12-03;20;0
5;2025-12-03;21;0
5;2025-12-03;22;0
5;2025-12-03;23;0
5;2025-12-04;0;0
5;2025-12-04;1;0
5;2025-12-04;2;0
5;2025-12-04;3;0
5;2025-12-04;4;0
5;2025-12-04;5;0
5;2025-12-04;6;0
5;2025-12-04;7;0
5;2025-12-04;8;0
5;2025-12-04;9;0
5;2025-12-04;10;0
5;2025-12-04;11;0
5;2025-12-04;12;0
5;2025-12-04;13;0
5;2025-12-04;14;0
5;2025-12-04;15;0
5;2025-12-04;16;0
5;2025-12-04;17;0
5;2025-12-04;18;0
5;2025-12-04;19;0
5;2025-12-04;20;0
5;2025-12-04;21;0
5;2025-12-04;22;0
5;2025-12-04;23;0
5;2025-12-05;0;0
5;2025-12-05;1;0
5;2025-12-05;2;0
5;2025-12-05;3;0
5;2025-12-05;4;0
5;2025-12-05;5;0
5;2025-12-05;6;0
5;2025-12-05;7;0
5;2025-12-05;8;0
5;2025-12-05;9;0
5;2025-12-05;10;0
5;2025-12-05;11;0
5;2025-12-05;12;0
5;2025-12-05;13;0
5;2025-12-05;14;0
5;2025-12-05;15;0
5;2025-12-05;16;0
5;2025-12-05;17;0
5;2025-12-05;18;0
5;2025-12-05;19;0
5;2025-12-05;20;0
5;2025-12-05;21;0
5;2025-12-05;22;0
5;2025-12-05;23;0
5;2025-12-06;0;0
5;2025-12-06;1;0
5;2025-12-06;2;0
5;2025-12-06;3;0
5;2025-12-06;4;0
5;2025-12-06;5;0
5;2025-12-06;6;0
5;2025-12-06;7;0
5;2025-12-06;8;0
5;2025-12-06;9;0
5;2025-12-06;10;0
5;2025-12-06;11;0
5;2025-12-06;12;0
5;2025-12-06;13;0
5;2025-12-06;14;0
5;2025-12-06;15;0
5;2025-12-06;16;0
5;2025-12-06;17;0
5;2025-12-06;18;0
5;2025-12-06;19;0
5;2025-12-06;20;0
5;2025-12-06;21;0
5;2025-12-06;22;0
5;2025-12-06;23;0
5;2025-12-07;0;0
5;2025-12-07;1;0
5;2025-12-07;2;0
5;2025-12-07;3;0
5;2025-12-07;4;0
5;2025-12-07;5;0
5;2025-12-07;6;0
5;2025-12-07;7;0
5;2025-12-07;8;0
5;2025-12-07;9;0
5;2025-12-07;10;0
5;2025-12-07;11;0
5;2025-12-07;12;0
5;2025-12-07;13;0
5;2025-12-07;14;0
5;2025-12-07;15;0
5;2025-12-07;16;0
5;2025-12-07;17;0
5;2025-12-07;18;0
5;2025-12-07;19;0
5;2025-12-07;20;0
5;2025-12-07;21;0
5;2025-12-07;22;0
5;2025-12-07;23;0
5;2025-12-08;0;0
5;2025-12-08;1;0
5;2025-12-08;2;0
5;2025-12-08;3;0
5;2025-12-08;4;0
5;2025-12-08;5;0
5;2025-12-08;6;0
5;2025-12-08;7;0
5;2025-12-08;8;0
5;2025-12-08;9;0
5;2025-12-08;10;0
5;2025-12-08;11;0
5;2025-12-08;12;0
5;2025-12-08;13;0
5;2025-12-08;14;0
5;2025-12-08;15;0
5;2025-12-08;16;0
5;2025-12-08;17;0
5;2025-12-08;18;0
5;2025-12-08;19;0
5;2025-12-08;20;0
5;2025-12-08;21;0
5;2025-12-08;22;0
5;2025-12-08;23;0
5;2025-12-09;0;0
5;2025-12-09;1;0
5;2025-12-09;2;0
5;2025-12-09;3;0
5;2025-12-09;4;0
5;2025-12-09;5;0
5;2025-12-09;6;0
5;2025-12-09;7;0
5;2025-12-09;8;0
5;2025-12-09;9;0
5;2025-12-09;10;0
5;2025-12-09;11;0
5;2025-12-09;12;0
5;2025-12-09;13;0
5;2025-12-09;14;0
5;2025-12-09;15;0
5;2025-12-09;16;0
5;2025-12-09;17;0
5;2025-12-09;18;0
5;2025-12-09;19;0
5;2025-12-09;20;0
5;2025-12-09;21;0
5;2025-12-09;22;0
5;2025-12-09;23;0
5;2025-12-10;0;0
5;2025-12-10;1;0
5;2025-12-10;2;0
5;2025-12-10;3;0
5;2025-12-10;4;0
5;2025-12-10;5;0
5;2025-12-10;6;0
5;2025-12-10;7;0
5;2025-12-10;8;0
5;2025-12-10;9;0
5;2025-12-10;10;0
5;2025-12-10;11;0
5;2025-12-10;12;0
5;2025-12-10;13;0
5;2025-12-10;14;0
5;2025-12-10;15;0
5;2025-12-10;16;0
5;2025-12-10;17;0
5;2025-12-10;18;0
5;2025-12-10;19;0
5;2025-12-10;20;0
5;2025-12-10;21;0
5;2025-12-10;22;0
5;2025-12-10;23;0
5;2025-12-11;0;0
5;2025-12-11;1;0
5;2025-12-11;2;0
5;2025-12-11;3;0
5;2025-12-11;4;0
5;2025-12-11;5;0
5;2025-12-11;6;0
5;2025-12-11;7;0
5;2025-12-11;8;0
5;2025-12-11;9;0
5;2025-12-11;10;0
5;2025-12-11;11;0
5;2025-12-11;12;0
5;2025-12-11;13;0
5;2025-12-11;14;0
5;2025-12-11;15;0
5;2025-12-11;16;0
5;2025-12-11;17;0
5;2025-12-11;18;0
5;2025-12-11;19;0
5;2025-12-11;20;0
5;2025-12-11;21;0
5;2025-12-11;22;0
5;2025-12-11;23;0
5;2025-12-12;0;0
5;2025-12-12;1;0
5;2025-12-12;2;0
5;2025-12-12;3;0
5;2025-12-12;4;0
5;2025-12-12;5;0
5;2025-12-12;6;0
5;2025-12-12;7;0
5;2025-12-12;8;0
5;2025-12-12;9;0
5;2025-12-12;10;0
5;2025-12-12;11;0
5;2025-12-12;12;0
5;2025-12-12;13;0
5;2025-12-12;14;0
5;2025-12-12;15;0
5;2025-12-12;16;0
5;2025-12-12;17;0
5;2025-12-12;18;0
5;2025-12-12;19;0
5;2025-12-12;20;0
5;2025-12-12;21;0
5;2025-12-12;22;0
5;2025-12-12;23;0
5;2025-12-13;0;0
5;2025-12-13;1;0
5;2025-12-13;2;0
5;2025-12-13;3;0
5;2025-12-13;4;0
5;2025-12-13;5;0
5;2025-12-13;6;0
5;2025-12-13;7;0
5;2025-12-13;8;0
5;2025-12-13;9;0
5;2025-12-13;10;0
5;2025-12-13;11;0
5;2025-12-13;12;0
5;2025-12-13;13;0
5;2025-12-13;14;0
5;2025-12-13;15;0
5;2025-12-13;16;0
5;2025-12-13;17;0
5;2025-12-13;18;0
5;2025-12-13;19;0
5;2025-12-13;20;0
5;2025-12-13;21;0
5;2025-12-13;22;0
5;2025-12-13;23;0
5;2025-12-14;0;0
5;2025-12-14;1;0
5;2025-12-14;2;0
5;2025-12-14;3;0
5;2025-12-14;4;0
5;2025-12-14;5;0
5;2025-12-14;6;0
5;2025-12-14;7;0
5;2025-12-14;8;0
5;2025-12-14;9;0
5;2025-12-14;10;0
5;2025-12-14;11;0
5;2025-12-14;12;0
5;2025-12-14;13;0
5;2025-12-14;14;0
5;2025-12-14;15;0
5;2025-12-14;16;0
5;2025-12-14;17;0
5;2025-12-14;18;0
5;2025-12-14;19;0
5;2025-12-14;20;0
5;2025-12-14;21;0
5;2025-12-14;22;0
5;2025-12-14;23;0
5;2025-12-15;0;0
5;2025-12-15;1;0
5;2025-12-15;2;0
5;2025-12-15;3;0
5;2025-12-15;4;0
5;2025-12-15;5;0
5;2025-12-15;6;0
5;2025-12-15;7;0
5;2025-12-15;8;0
5;2025-12-15;9;0
5;2025-12-15;10;0
5;2025-12-15;11;0
5;2025-12-15;12;0
5;2025-12-15;13;0
5;2025-12-15;14;0
5;2025-12-15;15;0
5;2025-12-15;16;0
5;2025-12-15;17;0
5;2025-12-15;18;0
5;2025-12-15;19;0
5;2025-12-15;20;0
5;2025-12-15;21;0
5;2025-12-15;22;0
5;2025-12-15;23;0
5;2025-12-16;0;6
5;2025-12-16;1;1
5;2025-12-16;2;0
5;2025-12-16;3;0
5;2025-12-16;4;0
5;2025-12-16;5;17
5;2025-12-16;6;96
5;2025-12-16;7;298
5;2025-12-16;8;455
5;2025-12-16;9;357
5;2025-12-16;10;282
5;2025-12-16;11;256
5;2025-12-16;12;251
5;2025-12-16;13;255
5;2025-12-16;14;246
5;2025-12-16;15;285
5;2025-12-16;16;295
5;2025-12-16;17;402
5;2025-12-16;18;424
5;2025-12-16;19;262
5;2025-12-16;20;169
5;2025-12-16;21;107
5;2025-12-16;22;46
5;2025-12-16;23;28
5;2025-12-17;0;8
5;2025-12-17;1;1
5;2025-12-17;2;0
5;2025-12-17;3;0
5;2025-12-17;4;1
5;2025-12-17;5;26
5;2025-12-17;6;132
5;2025-12-17;7;406
5;2025-12-17;8;667
5;2025-12-17;9;504
5;2025-12-17;10;403
5;2025-12-17;11;370
5;2025-12-17;12;378
5;2025-12-17;13;363
5;2025-12-17;14;359
5;2025-12-17;15;403
5;2025-12-17;16;423
5;2025-12-17;17;574
5;2025-12-17;18;598
5;2025-12-17;19;368
5;2025-12-17;20;231
5;2025-12-17;21;155
5;2025-12-17;22;69
5;2025-12-17;23;41
5;2025-12-18;0;11
5;2025-12-18;1;1
5;2025-12-18;2;0
5;2025-12-18;3;0
5;2025-12-18;4;1
5;2025-12-18;5;23
5;2025-12-18;6;130
5;2025-12-18;7;405
5;2025-12-18;8;642
5;2025-12-18;9;503
5;2025-12-18;10;401
5;2025-12-18;11;366
5;2025-12-18;12;378
5;2025-12-18;13;364
5;2025-12-18;14;370
5;2025-12-18;15;405
5;2025-12-18;16;422
5;2025-12-18;17;560
5;2025-12-18;18;609
5;2025-12-18;19;371
5;2025-12-18;20;243
5;2025-12-18;21;162
5;2025-12-18;22;69
5;2025-12-18;23;43
5;2025-12-19;0;12
5;2025-12-19;1;1
5;2025-12-19;2;0
5;2025-12-19;3;0
5;2025-12-19;4;1
5;2025-12-19;5;24
5;2025-12-19;6;136
5;2025-12-19;7;421
5;2025-12-19;8;657
5;2025-12-19;9;510
5;2025-12-19;10;398
5;2025-12-19;11;378
5;2025-12-19;12;378
5;2025-12-19;13;386
5;2025-12-19;14;385
5;2025-12-19;15;442
5;2025-12-19;16;521
5;2025-12-19;17;549
5;2025-12-19;18;451
5;2025-12-19;19;329
5;2025-12-19;20;231
5;2025-12-19;21;148
5;2025-12-19;22;73
5;2025-12-19;23;49
5;2025-12-20;0;21
5;2025-12-20;1;2
5;2025-12-20;2;0
5;2025-12-20;3;0
5;2025-12-20;4;0
5;2025-12-20;5;11
5;2025-12-20;6;63
5;2025-12-20;7;127
5;2025-12-20;8;195
5;2025-12-20;9;204
5;2025-12-20;10;217
5;2025-12-20;11;259
5;2025-12-20;12;273
5;2025-12-20;13;286
5;2025-12-20;14;300
5;2025-12-20;15;275
5;2025-12-20;16;272
5;2025-12-20;17;283
5;2025-12-20;18;259
5;2025-12-20;19;232
5;2025-12-20;20;180
5;2025-12-20;21;139
5;2025-12-20;22;79
5;2025-12-20;23;49
5;2025-12-21;0;20
5;2025-12-21;1;3
5;2025-12-21;2;1
5;2025-12-21;3;1
5;2025-12-21;4;0
5;2025-12-21;5;10
5;2025-12-21;6;51
5;2025-12-21;7;89
5;2025-12-21;8;141
5;2025-12-21;9;171
5;2025-12-21;10;186
5;2025-12-21;11;235
5;2025-12-21;12;256
5;2025-12-21;13;270
5;2025-12-21;14;290
5;2025-12-21;15;269
5;2025-12-21;16;261
5;2025-12-21;17;275
5;2025-12-21;18;243
5;2025-12-21;19;207
5;2025-12-21;20;171
5;2025-12-21;21;135
5;2025-12-21;22;76
5;2025-12-21;23;43
5;2025-12-22;0;7
5;2025-12-22;1;1
5;2025-12-22;2;0
5;2025-12-22;3;0
5;2025-12-22;4;1
5;2025-12-22;5;24
5;2025-12-22;6;136
5;2025-12-22;7;420
5;2025-12-22;8;673
5;2025-12-22;9;520
5;2025-12-22;10;399
5;2025-12-22;11;362
5;2025-12-22;12;350
5;2025-12-22;13;363
5;2025-12-22;14;359
5;2025-12-22;15;408
5;2025-12-22;16;420
5;2025-12-22;17;569
5;2025-12-22;18;619
5;2025-12-22;19;365
5;2025-12-22;20;231
5;2025-12-22;21;153
5;2025-12-22;22;64
5;2025-12-22;23;36
5;2025-12-23;0;8
5;2025-12-23;1;1
5;2025-12-23;2;0
5;2025-12-23;3;0
5;2025-12-23;4;1
5;2025-12-23;5;24
5;2025-12-23;6;137
5;2025-12-23;7;426
5;2025-12-23;8;649
5;2025-12-23;9;509
5;2025-12-23;10;404
5;2025-12-23;11;365
5;2025-12-23;12;358
5;2025-12-23;13;364
5;2025-12-23;14;352
5;2025-12-23;15;407
5;2025-12-23;16;422
5;2025-12-23;17;574
5;2025-12-23;18;605
5;2025-12-23;19;373
5;2025-12-23;20;241
5;2025-12-23;21;153
5;2025-12-23;22;65
5;2025-12-23;23;40
5;2025-12-24;0;8
5;2025-12-24;1;1
5;2025-12-24;2;0
5;2025-12-24;3;0
5;2025-12-24;4;1
5;2025-12-24;5;26
5;2025-12-24;6;132
5;2025-12-24;7;406
5;2025-12-24;8;667
5;2025-12-24;9;504
5;2025-12-24;10;403
5;2025-12-24;11;370
5;2025-12-24;12;378
5;2025-12-24;13;363
5;2025-12-24;14;359
5;2025-12-24;15;403
5;2025-12-24;16;423
5;2025-12-24;17;574
5;2025-12-24;18;598
5;2025-12-24;19;368
5;2025-12-24;20;231
5;2025-12-24;21;155
5;2025-12-24;22;69
5;2025-12-24;23;41
5;2025-12-25;0;11
5;2025-12-25;1;1
5;2025-12-25;2;0
5;2025-12-25;3;0
5;2025-12-25;4;1
5;2025-12-25;5;23
5;2025-12-25;6;130
5;2025-12-25;7;405
5;2025-12-25;8;642
5;2025-12-25;9;503
5;2025-12-25;10;401
5;2025-12-25;11;366
5;2025-12-25;12;378
5;2025-12-25;13;364
5;2025-12-25;14;370
5;2025-12-25;15;405
5;2025-12-25;16;422
5;2025-12-25;17;560
5;2025-12-25;18;609
5;2025-12-25;19;371
5;2025-12-25;20;243
5;2025-12-25;21;162
5;2025-12-25;22;69
5;2025-12-25;23;43
5;2025-12-26;0;12
5;2025-12-26;1;1
5;2025-12-26;2;0
5;2025-12-26;3;0
5;2025-12-26;4;1
5;2025-12-26;5;24
5;2025-12-26;6;136
5;2025-12-26;7;421
5;2025-12-26;8;657
5;2025-12-26;9;510
5;2025-12-26;10;398
5;2025-12-26;11;378
5;2025-12-26;12;378
5;2025-12-26;13;386
5;2025-12-26;14;385
5;2025-12-26;15;442
5;2025-12-26;16;521
5;2025-12-26;17;549
5;2025-12-26;18;451
5;2025-12-26;19;329
5;2025-12-26;20;231
5;2025-12-26;21;148
5;2025-12-26;22;73
5;2025-12-26;23;49
5;2025-12-27;0;21
5;2025-12-27;1;2
5;2025-12-27;2;0
5;2025-12-27;3;0
5;2025-12-27;4;0
5;2025-12-27;5;11
5;2025-12-27;6;63
5;2025-12-27;7;127
5;2025-12-27;8;195
5;2025-12-27;9;204
5;2025-12-27;10;217
5;2025-12-27;11;259
5;2025-12-27;12;273
5;2025-12-27;13;286
5;2025-12-27;14;300
5;2025-12-27;15;275
5;2025-12-27;16;272
5;2025-12-27;17;283
5;2025-12-27;18;259
5;2025-12-27;19;232
5;2025-12-27;20;180
5;2025-12-27;21;139
5;2025-12-27;22;79
5;2025-12-27;23;49
5;2025-12-28;0;20
5;2025-12-28;1;3
5;2025-12-28;2;1
5;2025-12-28;3;1
5;2025-12-28;4;0
5;2025-12-28;5;10
5;2025-12-28;6;51
5;2025-12-28;7;89
5;2025-12-28;8;141
5;2025-12-28;9;171
5;2025-12-28;10;186
5;2025-12-28;11;235
5;2025-12-28;12;256
5;2025-12-28;13;270
5;2025-12-28;14;290
5;2025-12-28;15;269
5;2025-12-28;16;261
5;2025-12-28;17;275
5;2025-12-28;18;243
5;2025-12-28;19;207
5;2025-12-28;20;171
5;2025-12-28;21;135
5;2025-12-28;22;76
5;2025-12-28;23;43
5;2025-12-29;0;7
5;2025-12-29;1;1
5;2025-12-29;2;0
5;2025-12-29;3;0
5;2025-12-29;4;1
5;2025-12-29;5;24
5;2025-12-29;6;133
5;2025-12-29;7;412
5;2025-12-29;8;660
5;2025-12-29;9;510
5;2025-12-29;10;391
5;2025-12-29;11;355
5;2025-12-29;12;343
5;2025-12-29;13;356
5;2025-12-29;14;351
5;2025-12-29;15;400
5;2025-12-29;16;412
5;2025-12-29;17;558
5;2025-12-29;18;607
5;2025-12-29;19;358
5;2025-12-29;20;226
5;2025-12-29;21;150
5;2025-12-29;22;63
5;2025-12-29;23;35
5;2025-12-30;0;7
5;2025-12-30;1;1
5;2025-12-30;2;0
5;2025-12-30;3;0
5;2025-12-30;4;0
5;2025-12-30;5;22
5;2025-12-30;6;125
5;2025-12-30;7;391
5;2025-12-30;8;597
5;2025-12-30;9;469
5;2025-12-30;10;370
5;2025-12-30;11;336
5;2025-12-30;12;329
5;2025-12-30;13;335
5;2025-12-30;14;325
5;2025-12-30;15;376
5;2025-12-30;16;390
5;2025-12-30;17;519
5;2025-12-30;18;544
5;2025-12-30;19;334
5;2025-12-30;20;218
5;2025-12-30;21;139
5;2025-12-30;22;59
5;2025-12-30;23;36
5;2025-12-31;0;10
5;2025-12-31;1;1
5;2025-12-31;2;0
5;2025-12-31;3;0
5;2025-12-31;4;0
5;2025-12-31;5;12
5;2025-12-31;6;56
5;2025-12-31;7;139
5;2025-12-31;8;225
5;2025-12-31;9;202
5;2025-12-31;10;179
5;2025-12-31;11;190
5;2025-12-31;12;202
5;2025-12-31;13;200
5;2025-12-31;14;207
5;2025-12-31;15;214
5;2025-12-31;16;218
5;2025-12-31;17;261
5;2025-12-31;18;254
5;2025-12-31;19;184
5;2025-12-31;20;136
5;2025-12-31;21;99
5;2025-12-31;22;50
5;2025-12-31;23;29
7;2025-11-01;0;97
7;2025-11-01;1;22
7;2025-11-01;2;0
7;2025-11-01;3;0
7;2025-11-01;4;1
7;2025-11-01;5;135
7;2025-11-01;6;504
7;2025-11-01;7;1119
7;2025-11-01;8;1766
7;2025-11-01;9;1368
7;2025-11-01;10;1363
7;2025-11-01;11;1291
7;2025-11-01;12;1424
7;2025-11-01;13;1430
7;2025-11-01;14;1470
7;2025-11-01;15;1565
7;2025-11-01;16;1715
7;2025-11-01;17;1848
7;2025-11-01;18;1611
7;2025-11-01;19;1177
7;2025-11-01;20;855
7;2025-11-01;21;538
7;2025-11-01;22;297
7;2025-11-01;23;216
7;2025-11-02;0;88
7;2025-11-02;1;21
7;2025-11-02;2;0
7;2025-11-02;3;0
7;2025-11-02;4;1
7;2025-11-02;5;28
7;2025-11-02;6;125
7;2025-11-02;7;167
7;2025-11-02;8;357
7;2025-11-02;9;470
7;2025-11-02;10;387
7;2025-11-02;11;559
7;2025-11-02;12;613
7;2025-11-02;13;608
7;2025-11-02;14;650
7;2025-11-02;15;669
7;2025-11-02;16;590
7;2025-11-02;17;608
7;2025-11-02;18;608
7;2025-11-02;19;458
7;2025-11-02;20;383
7;2025-11-02;21;287
7;2025-11-02;22;151
7;2025-11-02;23;112
7;2025-11-03;0;92
7;2025-11-03;1;22
7;2025-11-03;2;0
7;2025-11-03;3;0
7;2025-11-03;4;1
7;2025-11-03;5;32
7;2025-11-03;6;155
7;2025-11-03;7;197
7;2025-11-03;8;426
7;2025-11-03;9;489
7;2025-11-03;10;440
7;2025-11-03;11;581
7;2025-11-03;12;677
7;2025-11-03;13;661
7;2025-11-03;14;690
7;2025-11-03;15;699
7;2025-11-03;16;640
7;2025-11-03;17;651
7;2025-11-03;18;635
7;2025-11-03;19;494
7;2025-11-03;20;412
7;2025-11-03;21;306
7;2025-11-03;22;163
7;2025-11-03;23;124
7;2025-11-04;0;82
7;2025-11-04;1;20
7;2025-11-04;2;0
7;2025-11-04;3;0
7;2025-11-04;4;1
7;2025-11-04;5;27
7;2025-11-04;6;129
7;2025-11-04;7;167
7;2025-11-04;8;360
7;2025-11-04;9;435
7;2025-11-04;10;379
7;2025-11-04;11;517
7;2025-11-04;12;589
7;2025-11-04;13;578
7;2025-11-04;14;609
7;2025-11-04;15;621
7;2025-11-04;16;560
7;2025-11-04;17;573
7;2025-11-04;18;564
7;2025-11-04;19;433
7;2025-11-04;20;362
7;2025-11-04;21;270
7;2025-11-04;22;143
7;2025-11-04;23;108
7;2025-11-05;0;57
7;2025-11-05;1;10
7;2025-11-05;2;0
7;2025-11-05;3;0
7;2025-11-05;4;2
7;2025-11-05;5;196
7;2025-11-05;6;643
7;2025-11-05;7;1563
7;2025-11-05;8;2471
7;2025-11-05;9;1896
7;2025-11-05;10;1701
7;2025-11-05;11;1556
7;2025-11-05;12;1715
7;2025-11-05;13;1572
7;2025-11-05;14;1608
7;2025-11-05;15;1761
7;2025-11-05;16;1875
7;2025-11-05;17;2438
7;2025-11-05;18;2511
7;2025-11-05;19;1669
7;2025-11-05;20;1061
7;2025-11-05;21;624
7;2025-11-05;22;292
7;2025-11-05;23;181
7;2025-11-06;0;64
7;2025-11-06;1;17
7;2025-11-06;2;0
7;2025-11-06;3;0
7;2025-11-06;4;1
7;2025-11-06;5;184
7;2025-11-06;6;637
7;2025-11-06;7;1590
7;2025-11-06;8;2453
7;2025-11-06;9;1823
7;2025-11-06;10;1600
7;2025-11-06;11;1538
7;2025-11-06;12;1666
7;2025-11-06;13;1572
7;2025-11-06;14;1692
7;2025-11-06;15;1739
7;2025-11-06;16;1854
7;2025-11-06;17;2301
7;2025-11-06;18;2592
7;2025-11-06;19;1654
7;2025-11-06;20;1060
7;2025-11-06;21;628
7;2025-11-06;22;301
7;2025-11-06;23;206
7;2025-11-07;0;74
7;2025-11-07;1;15
7;2025-11-07;2;0
7;2025-11-07;3;0
7;2025-11-07;4;2
7;2025-11-07;5;177
7;2025-11-07;6;617
7;2025-11-07;7;1486
7;2025-11-07;8;2277
7;2025-11-07;9;1737
7;2025-11-07;10;1643
7;2025-11-07;11;1542
7;2025-11-07;12;1611
7;2025-11-07;13;1640
7;2025-11-07;14;1669
7;2025-11-07;15;1817
7;2025-11-07;16;2015
7;2025-11-07;17;2280
7;2025-11-07;18;1980
7;2025-11-07;19;1417
7;2025-11-07;20;988
7;2025-11-07;21;599
7;2025-11-07;22;310
7;2025-11-07;23;232
7;2025-11-08;0;94
7;2025-11-08;1;25
7;2025-11-08;2;0
7;2025-11-08;3;0
7;2025-11-08;4;1
7;2025-11-08;5;46
7;2025-11-08;6;222
7;2025-11-08;7;307
7;2025-11-08;8;576
7;2025-11-08;9;551
7;2025-11-08;10;582
7;2025-11-08;11;655
7;2025-11-08;12;810
7;2025-11-08;13;812
7;2025-11-08;14;815
7;2025-11-08;15;785
7;2025-11-08;16;776
7;2025-11-08;17;742
7;2025-11-08;18;731
7;2025-11-08;19;628
7;2025-11-08;20;484
7;2025-11-08;21;365
7;2025-11-08;22;192
7;2025-11-08;23;150
7;2025-11-09;0;83
7;2025-11-09;1;22
7;2025-11-09;2;0
7;2025-11-09;3;1
7;2025-11-09;4;1
7;2025-11-09;5;27
7;2025-11-09;6;124
7;2025-11-09;7;188
7;2025-11-09;8;359
7;2025-11-09;9;446
7;2025-11-09;10;413
7;2025-11-09;11;592
7;2025-11-09;12;622
7;2025-11-09;13;640
7;2025-11-09;14;689
7;2025-11-09;15;700
7;2025-11-09;16;623
7;2025-11-09;17;634
7;2025-11-09;18;618
7;2025-11-09;19;501
7;2025-11-09;20;394
7;2025-11-09;21;293
7;2025-11-09;22;153
7;2025-11-09;23;111
7;2025-11-10;0;62
7;2025-11-10;1;11
7;2025-11-10;2;0
7;2025-11-10;3;0
7;2025-11-10;4;1
7;2025-11-10;5;193
7;2025-11-10;6;631
7;2025-11-10;7;1613
7;2025-11-10;8;2510
7;2025-11-10;9;1813
7;2025-11-10;10;1606
7;2025-11-10;11;1512
7;2025-11-10;12;1530
7;2025-11-10;13;1557
7;2025-11-10;14;1570
7;2025-11-10;15;1715
7;2025-11-10;16;1808
7;2025-11-10;17;2384
7;2025-11-10;18;2545
7;2025-11-10;19;1708
7;2025-11-10;20;1063
7;2025-11-10;21;603
7;2025-11-10;22;285
7;2025-11-10;23;155
7;2025-11-11;0;57
7;2025-11-11;1;13
7;2025-11-11;2;0
7;2025-11-11;3;0
7;2025-11-11;4;2
7;2025-11-11;5;193
7;2025-11-11;6;641
7;2025-11-11;7;1679
7;2025-11-11;8;2460
7;2025-11-11;9;1904
7;2025-11-11;10;1672
7;2025-11-11;11;1595
7;2025-11-11;12;1655
7;2025-11-11;13;1620
7;2025-11-11;14;1574
7;2025-11-11;15;1796
7;2025-11-11;16;1846
7;2025-11-11;17;2383
7;2025-11-11;18;2635
7;2025-11-11;19;1771
7;2025-11-11;20;1131
7;2025-11-11;21;678
7;2025-11-11;22;316
7;2025-11-11;23;196
7;2025-11-12;0;57
7;2025-11-12;1;10
7;2025-11-12;2;0
7;2025-11-12;3;0
7;2025-11-12;4;2
7;2025-11-12;5;196
7;2025-11-12;6;644
7;2025-11-12;7;1565
7;2025-11-12;8;2473
7;2025-11-12;9;1897
7;2025-11-12;10;1700
7;2025-11-12;11;1555
7;2025-11-12;12;1714
7;2025-11-12;13;1571
7;2025-11-12;14;1607
7;2025-11-12;15;1761
7;2025-11-12;16;1874
7;2025-11-12;17;2439
7;2025-11-12;18;2510
7;2025-11-12;19;1669
7;2025-11-12;20;1061
7;2025-11-12;21;624
7;2025-11-12;22;292
7;2025-11-12;23;181
7;2025-11-13;0;63
7;2025-11-13;1;17
7;2025-11-13;2;0
7;2025-11-13;3;0
7;2025-11-13;4;1
7;2025-11-13;5;185
7;2025-11-13;6;639
7;2025-11-13;7;1591
7;2025-11-13;8;2455
7;2025-11-13;9;1824
7;2025-11-13;10;1600
7;2025-11-13;11;1538
7;2025-11-13;12;1666
7;2025-11-13;13;1572
7;2025-11-13;14;1691
7;2025-11-13;15;1739
7;2025-11-13;16;1853
7;2025-11-13;17;2301
7;2025-11-13;18;2591
7;2025-11-13;19;1653
7;2025-11-13;20;1060
7;2025-11-13;21;628
7;2025-11-13;22;301
7;2025-11-13;23;206
7;2025-11-14;0;74
7;2025-11-14;1;15
7;2025-11-14;2;0
7;2025-11-14;3;0
7;2025-11-14;4;2
7;2025-11-14;5;177
7;2025-11-14;6;619
7;2025-11-14;7;1487
7;2025-11-14;8;2278
7;2025-11-14;9;1738
7;2025-11-14;10;1642
7;2025-11-14;11;1541
7;2025-11-14;12;1611
7;2025-11-14;13;1639
7;2025-11-14;14;1669
7;2025-11-14;15;1817
7;2025-11-14;16;2014
7;2025-11-14;17;2279
7;2025-11-14;18;1979
7;2025-11-14;19;1416
7;2025-11-14;20;988
7;2025-11-14;21;598
7;2025-11-14;22;310
7;2025-11-14;23;232
7;2025-11-15;0;101
7;2025-11-15;1;26
7;2025-11-15;2;0
7;2025-11-15;3;0
7;2025-11-15;4;1
7;2025-11-15;5;64
7;2025-11-15;6;291
7;2025-11-15;7;497
7;2025-11-15;8;742
7;2025-11-15;9;832
7;2025-11-15;10;878
7;2025-11-15;11;1033
7;2025-11-15;12;1149
7;2025-11-15;13;1212
7;2025-11-15;14;1268
7;2025-11-15;15;1184
7;2025-11-15;16;1133
7;2025-11-15;17;1087
7;2025-11-15;18;1071
7;2025-11-15;19;1009
7;2025-11-15;20;747
7;2025-11-15;21;596
7;2025-11-15;22;319
7;2025-11-15;23;207
7;2025-11-16;0;100
7;2025-11-16;1;22
7;2025-11-16;2;2
7;2025-11-16;3;4
7;2025-11-16;4;1
7;2025-11-16;5;44
7;2025-11-16;6;201
7;2025-11-16;7;342
7;2025-11-16;8;533
7;2025-11-16;9;660
7;2025-11-16;10;722
7;2025-11-16;11;937
7;2025-11-16;12;997
7;2025-11-16;13;1049
7;2025-11-16;14;1143
7;2025-11-16;15;1096
7;2025-11-16;16;1010
7;2025-11-16;17;1038
7;2025-11-16;18;942
7;2025-11-16;19;824
7;2025-11-16;20;656
7;2025-11-16;21;508
7;2025-11-16;22;284
7;2025-11-16;23;173
7;2025-11-17;0;62
7;2025-11-17;1;11
7;2025-11-17;2;0
7;2025-11-17;3;0
7;2025-11-17;4;1
7;2025-11-17;5;193
7;2025-11-17;6;631
7;2025-11-17;7;1614
7;2025-11-17;8;2513
7;2025-11-17;9;1815
7;2025-11-17;10;1607
7;2025-11-17;11;1513
7;2025-11-17;12;1532
7;2025-11-17;13;1559
7;2025-11-17;14;1572
7;2025-11-17;15;1717
7;2025-11-17;16;1810
7;2025-11-17;17;2387
7;2025-11-17;18;2547
7;2025-11-17;19;1710
7;2025-11-17;20;1064
7;2025-11-17;21;603
7;2025-11-17;22;285
7;2025-11-17;23;155
7;2025-11-18;0;57
7;2025-11-18;1;13
7;2025-11-18;2;0
7;2025-11-18;3;0
7;2025-11-18;4;2
7;2025-11-18;5;193
7;2025-11-18;6;642
7;2025-11-18;7;1681
7;2025-11-18;8;2464
7;2025-11-18;9;1907
7;2025-11-18;10;1675
7;2025-11-18;11;1598
7;2025-11-18;12;1658
7;2025-11-18;13;1623
7;2025-11-18;14;1577
7;2025-11-18;15;1799
7;2025-11-18;16;1848
7;2025-11-18;17;2386
7;2025-11-18;18;2639
7;2025-11-18;19;1774
7;2025-11-18;20;1132
7;2025-11-18;21;679
7;2025-11-18;22;315
7;2025-11-18;23;196
7;2025-11-19;0;57
7;2025-11-19;1;10
7;2025-11-19;2;0
7;2025-11-19;3;0
7;2025-11-19;4;2
7;2025-11-19;5;196
7;2025-11-19;6;646
7;2025-11-19;7;1568
7;2025-11-19;8;2477
7;2025-11-19;9;1901
7;2025-11-19;10;1704
7;2025-11-19;11;1559
7;2025-11-19;12;1718
7;2025-11-19;13;1574
7;2025-11-19;14;1610
7;2025-11-19;15;1764
7;2025-11-19;16;1878
7;2025-11-19;17;2443
7;2025-11-19;18;2515
7;2025-11-19;19;1672
7;2025-11-19;20;1063
7;2025-11-19;21;625
7;2025-11-19;22;292
7;2025-11-19;23;182
7;2025-11-20;0;63
7;2025-11-20;1;17
7;2025-11-20;2;0
7;2025-11-20;3;0
7;2025-11-20;4;1
7;2025-11-20;5;185
7;2025-11-20;6;640
7;2025-11-20;7;1595
7;2025-11-20;8;2461
7;2025-11-20;9;1829
7;2025-11-20;10;1604
7;2025-11-20;11;1542
7;2025-11-20;12;1670
7;2025-11-20;13;1576
7;2025-11-20;14;1696
7;2025-11-20;15;1744
7;2025-11-20;16;1858
7;2025-11-20;17;2306
7;2025-11-20;18;2597
7;2025-11-20;19;1657
7;2025-11-20;20;1062
7;2025-11-20;21;629
7;2025-11-20;22;301
7;2025-11-20;23;206
7;2025-11-21;0;74
7;2025-11-21;1;15
7;2025-11-21;2;0
7;2025-11-21;3;0
7;2025-11-21;4;2
7;2025-11-21;5;178
7;2025-11-21;6;621
7;2025-11-21;7;1492
7;2025-11-21;8;2285
7;2025-11-21;9;1743
7;2025-11-21;10;1648
7;2025-11-21;11;1546
7;2025-11-21;12;1616
7;2025-11-21;13;1645
7;2025-11-21;14;1674
7;2025-11-21;15;1822
7;2025-11-21;16;2020
7;2025-11-21;17;2286
7;2025-11-21;18;1985
7;2025-11-21;19;1420
7;2025-11-21;20;991
7;2025-11-21;21;600
7;2025-11-21;22;311
7;2025-11-21;23;232
7;2025-11-22;0;101
7;2025-11-22;1;26
7;2025-11-22;2;0
7;2025-11-22;3;0
7;2025-11-22;4;1
7;2025-11-22;5;64
7;2025-11-22;6;292
7;2025-11-22;7;498
7;2025-11-22;8;745
7;2025-11-22;9;835
7;2025-11-22;10;880
7;2025-11-22;11;1036
7;2025-11-22;12;1153
7;2025-11-22;13;1216
7;2025-11-22;14;1272
7;2025-11-22;15;1188
7;2025-11-22;16;1136
7;2025-11-22;17;1091
7;2025-11-22;18;1074
7;2025-11-22;19;1012
7;2025-11-22;20;749
7;2025-11-22;21;598
7;2025-11-22;22;319
7;2025-11-22;23;207
7;2025-11-23;0;101
7;2025-11-23;1;22
7;2025-11-23;2;2
7;2025-11-23;3;4
7;2025-11-23;4;1
7;2025-11-23;5;44
7;2025-11-23;6;202
7;2025-11-23;7;344
7;2025-11-23;8;535
7;2025-11-23;9;662
7;2025-11-23;10;724
7;2025-11-23;11;940
7;2025-11-23;12;1000
7;2025-11-23;13;1052
7;2025-11-23;14;1147
7;2025-11-23;15;1100
7;2025-11-23;16;1013
7;2025-11-23;17;1041
7;2025-11-23;18;945
7;2025-11-23;19;827
7;2025-11-23;20;658
7;2025-11-23;21;510
7;2025-11-23;22;285
7;2025-11-23;23;174
7;2025-11-24;0;62
7;2025-11-24;1;11
7;2025-11-24;2;0
7;2025-11-24;3;0
7;2025-11-24;4;1
7;2025-11-24;5;194
7;2025-11-24;6;634
7;2025-11-24;7;1620
7;2025-11-24;8;2521
7;2025-11-24;9;1821
7;2025-11-24;10;1613
7;2025-11-24;11;1518
7;2025-11-24;12;1537
7;2025-11-24;13;1564
7;2025-11-24;14;1577
7;2025-11-24;15;1723
7;2025-11-24;16;1816
7;2025-11-24;17;2395
7;2025-11-24;18;2556
7;2025-11-24;19;1716
7;2025-11-24;20;1067
7;2025-11-24;21;605
7;2025-11-24;22;286
7;2025-11-24;23;155
7;2025-11-25;0;57
7;2025-11-25;1;13
7;2025-11-25;2;0
7;2025-11-25;3;0
7;2025-11-25;4;2
7;2025-11-25;5;194
7;2025-11-25;6;644
7;2025-11-25;7;1687
7;2025-11-25;8;2473
7;2025-11-25;9;1914
7;2025-11-25;10;1680
7;2025-11-25;11;1604
7;2025-11-25;12;1663
7;2025-11-25;13;1628
7;2025-11-25;14;1582
7;2025-11-25;15;1805
7;2025-11-25;16;1855
7;2025-11-25;17;2395
7;2025-11-25;18;2648
7;2025-11-25;19;1780
7;2025-11-25;20;1136
7;2025-11-25;21;681
7;2025-11-25;22;316
7;2025-11-25;23;196
7;2025-11-26;0;57
7;2025-11-26;1;10
7;2025-11-26;2;0
7;2025-11-26;3;0
7;2025-11-26;4;2
7;2025-11-26;5;197
7;2025-11-26;6;648
7;2025-11-26;7;1573
7;2025-11-26;8;2485
7;2025-11-26;9;1907
7;2025-11-26;10;1709
7;2025-11-26;11;1564
7;2025-11-26;12;1723
7;2025-11-26;13;1579
7;2025-11-26;14;1616
7;2025-11-26;15;1770
7;2025-11-26;16;1884
7;2025-11-26;17;2451
7;2025-11-26;18;2524
7;2025-11-26;19;1678
7;2025-11-26;20;1066
7;2025-11-26;21;627
7;2025-11-26;22;293
7;2025-11-26;23;182
7;2025-11-27;0;64
7;2025-11-27;1;17
7;2025-11-27;2;0
7;2025-11-27;3;0
7;2025-11-27;4;1
7;2025-11-27;5;186
7;2025-11-27;6;643
7;2025-11-27;7;1600
7;2025-11-27;8;2469
7;2025-11-27;9;1835
7;2025-11-27;10;1610
7;2025-11-27;11;1547
7;2025-11-27;12;1676
7;2025-11-27;13;1581
7;2025-11-27;14;1701
7;2025-11-27;15;1749
7;2025-11-27;16;1864
7;2025-11-27;17;2315
7;2025-11-27;18;2606
7;2025-11-27;19;1663
7;2025-11-27;20;1066
7;2025-11-27;21;631
7;2025-11-27;22;302
7;2025-11-27;23;206
7;2025-11-28;0;74
7;2025-11-28;1;15
7;2025-11-28;2;0
7;2025-11-28;3;0
7;2025-11-28;4;2
7;2025-11-28;5;178
7;2025-11-28;6;623
7;2025-11-28;7;1497
7;2025-11-28;8;2293
7;2025-11-28;9;1750
7;2025-11-28;10;1653
7;2025-11-28;11;1552
7;2025-11-28;12;1621
7;2025-11-28;13;1650
7;2025-11-28;14;1679
7;2025-11-28;15;1828
7;2025-11-28;16;2027
7;2025-11-28;17;2294
7;2025-11-28;18;1992
7;2025-11-28;19;1425
7;2025-11-28;20;995
7;2025-11-28;21;602
7;2025-11-28;22;312
7;2025-11-28;23;233
7;2025-11-29;0;101
7;2025-11-29;1;26
7;2025-11-29;2;0
7;2025-11-29;3;0
7;2025-11-29;4;1
7;2025-11-29;5;65
7;2025-11-29;6;292
7;2025-11-29;7;500
7;2025-11-29;8;747
7;2025-11-29;9;838
7;2025-11-29;10;883
7;2025-11-29;11;1040
7;2025-11-29;12;1156
7;2025-11-29;13;1220
7;2025-11-29;14;1276
7;2025-11-29;15;1192
7;2025-11-29;16;1140
7;2025-11-29;17;1094
7;2025-11-29;18;1077
7;2025-11-29;19;1015
7;2025-11-29;20;751
7;2025-11-29;21;600
7;2025-11-29;22;321
7;2025-11-29;23;208
7;2025-11-30;0;100
7;2025-11-30;1;22
7;2025-11-30;2;2
7;2025-11-30;3;4
7;2025-11-30;4;1
7;2025-11-30;5;45
7;2025-11-30;6;203
7;2025-11-30;7;345
7;2025-11-30;8;537
7;2025-11-30;9;664
7;2025-11-30;10;727
7;2025-11-30;11;943
7;2025-11-30;12;1003
7;2025-11-30;13;1055
7;2025-11-30;14;1150
7;2025-11-30;15;1103
7;2025-11-30;16;1016
7;2025-11-30;17;1044
7;2025-11-30;18;948
7;2025-11-30;19;830
7;2025-11-30;20;660
7;2025-11-30;21;511
7;2025-11-30;22;286
7;2025-11-30;23;175
7;2025-12-01;0;62
7;2025-12-01;1;11
7;2025-12-01;2;0
7;2025-12-01;3;0
7;2025-12-01;4;1
7;2025-12-01;5;194
7;2025-12-01;6;636
7;2025-12-01;7;1625
7;2025-12-01;8;2530
7;2025-12-01;9;1828
7;2025-12-01;10;1618
7;2025-12-01;11;1524
7;2025-12-01;12;1542
7;2025-12-01;13;1570
7;2025-12-01;14;1583
7;2025-12-01;15;1729
7;2025-12-01;16;1822
7;2025-12-01;17;2403
7;2025-12-01;18;2565
7;2025-12-01;19;1722
7;2025-12-01;20;1071
7;2025-12-01;21;608
7;2025-12-01;22;287
7;2025-12-01;23;156
7;2025-12-02;0;57
7;2025-12-02;1;13
7;2025-12-02;2;0
7;2025-12-02;3;0
7;2025-12-02;4;2
7;2025-12-02;5;194
7;2025-12-02;6;647
7;2025-12-02;7;1693
7;2025-12-02;8;2481
7;2025-12-02;9;1920
7;2025-12-02;10;1686
7;2025-12-02;11;1609
7;2025-12-02;12;1669
7;2025-12-02;13;1634
7;2025-12-02;14;1587
7;2025-12-02;15;1811
7;2025-12-02;16;1861
7;2025-12-02;17;2403
7;2025-12-02;18;2657
7;2025-12-02;19;1786
7;2025-12-02;20;1140
7;2025-12-02;21;683
7;2025-12-02;22;317
7;2025-12-02;23;197
7;2025-12-03;0;57
7;2025-12-03;1;10
7;2025-12-03;2;0
7;2025-12-03;3;0
7;2025-12-03;4;2
7;2025-12-03;5;197
7;2025-12-03;6;650
7;2025-12-03;7;1578
7;2025-12-03;8;2494
7;2025-12-03;9;1914
7;2025-12-03;10;1714
7;2025-12-03;11;1569
7;2025-12-03;12;1728
7;2025-12-03;13;1585
7;2025-12-03;14;1621
7;2025-12-03;15;1776
7;2025-12-03;16;1891
7;2025-12-03;17;2459
7;2025-12-03;18;2533
7;2025-12-03;19;1684
7;2025-12-03;20;1070
7;2025-12-03;21;630
7;2025-12-03;22;295
7;2025-12-03;23;183
7;2025-12-04;0;63
7;2025-12-04;1;17
7;2025-12-04;2;0
7;2025-12-04;3;0
7;2025-12-04;4;1
7;2025-12-04;5;185
7;2025-12-04;6;643
7;2025-12-04;7;1603
7;2025-12-04;8;2472
7;2025-12-04;9;1837
7;2025-12-04;10;1611
7;2025-12-04;11;1549
7;2025-12-04;12;1678
7;2025-12-04;13;1584
7;2025-12-04;14;1704
7;2025-12-04;15;1755
7;2025-12-04;16;1870
7;2025-12-04;17;2322
7;2025-12-04;18;2615
7;2025-12-04;19;1671
7;2025-12-04;20;1073
7;2025-12-04;21;642
7;2025-12-04;22;313
7;2025-12-04;23;217
7;2025-12-05;0;74
7;2025-12-05;1;15
7;2025-12-05;2;0
7;2025-12-05;3;0
7;2025-12-05;4;2
7;2025-12-05;5;179
7;2025-12-05;6;623
7;2025-12-05;7;1498
7;2025-12-05;8;2295
7;2025-12-05;9;1751
7;2025-12-05;10;1654
7;2025-12-05;11;1552
7;2025-12-05;12;1623
7;2025-12-05;13;1652
7;2025-12-05;14;1681
7;2025-12-05;15;1833
7;2025-12-05;16;2031
7;2025-12-05;17;2299
7;2025-12-05;18;2001
7;2025-12-05;19;1434
7;2025-12-05;20;1004
7;2025-12-05;21;615
7;2025-12-05;22;324
7;2025-12-05;23;245
7;2025-12-06;0;101
7;2025-12-06;1;27
7;2025-12-06;2;0
7;2025-12-06;3;0
7;2025-12-06;4;1
7;2025-12-06;5;63
7;2025-12-06;6;291
7;2025-12-06;7;499
7;2025-12-06;8;747
7;2025-12-06;9;837
7;2025-12-06;10;883
7;2025-12-06;11;1040
7;2025-12-06;12;1156
7;2025-12-06;13;1220
7;2025-12-06;14;1277
7;2025-12-06;15;1196
7;2025-12-06;16;1145
7;2025-12-06;17;1098
7;2025-12-06;18;1084
7;2025-12-06;19;1021
7;2025-12-06;20;757
7;2025-12-06;21;607
7;2025-12-06;22;327
7;2025-12-06;23;215
7;2025-12-07;0;101
7;2025-12-07;1;22
7;2025-12-07;2;2
7;2025-12-07;3;4
7;2025-12-07;4;1
7;2025-12-07;5;43
7;2025-12-07;6;201
7;2025-12-07;7;344
7;2025-12-07;8;536
7;2025-12-07;9;663
7;2025-12-07;10;726
7;2025-12-07;11;943
7;2025-12-07;12;1003
7;2025-12-07;13;1055
7;2025-12-07;14;1151
7;2025-12-07;15;1108
7;2025-12-07;16;1020
7;2025-12-07;17;1048
7;2025-12-07;18;955
7;2025-12-07;19;836
7;2025-12-07;20;665
7;2025-12-07;21;518
7;2025-12-07;22;293
7;2025-12-07;23;181
7;2025-12-08;0;62
7;2025-12-08;1;11
7;2025-12-08;2;0
7;2025-12-08;3;0
7;2025-12-08;4;1
7;2025-12-08;5;191
7;2025-12-08;6;633
7;2025-12-08;7;1624
7;2025-12-08;8;2530
7;2025-12-08;9;1827
7;2025-12-08;10;1618
7;2025-12-08;11;1523
7;2025-12-08;12;1542
7;2025-12-08;13;1570
7;2025-12-08;14;1583
7;2025-12-08;15;1738
7;2025-12-08;16;1830
7;2025-12-08;17;2413
7;2025-12-08;18;2578
7;2025-12-08;19;1733
7;2025-12-08;20;1081
7;2025-12-08;21;621
7;2025-12-08;22;300
7;2025-12-08;23;169
7;2025-12-09;0;57
7;2025-12-09;1;13
7;2025-12-09;2;0
7;2025-12-09;3;0
7;2025-12-09;4;2
7;2025-12-09;5;190
7;2025-12-09;6;644
7;2025-12-09;7;1693
7;2025-12-09;8;2484
7;2025-12-09;9;1920
7;2025-12-09;10;1685
7;2025-12-09;11;1609
7;2025-12-09;12;1669
7;2025-12-09;13;1635
7;2025-12-09;14;1589
7;2025-12-09;15;1819
7;2025-12-09;16;1870
7;2025-12-09;17;2414
7;2025-12-09;18;2670
7;2025-12-09;19;1797
7;2025-12-09;20;1149
7;2025-12-09;21;695
7;2025-12-09;22;329
7;2025-12-09;23;209
7;2025-12-10;0;57
7;2025-12-10;1;10
7;2025-12-10;2;0
7;2025-12-10;3;0
7;2025-12-10;4;2
7;2025-12-10;5;194
7;2025-12-10;6;648
7;2025-12-10;7;1577
7;2025-12-10;8;2495
7;2025-12-10;9;1914
7;2025-12-10;10;1714
7;2025-12-10;11;1568
7;2025-12-10;12;1727
7;2025-12-10;13;1584
7;2025-12-10;14;1621
7;2025-12-10;15;1784
7;2025-12-10;16;1900
7;2025-12-10;17;2470
7;2025-12-10;18;2546
7;2025-12-10;19;1696
7;2025-12-10;20;1081
7;2025-12-10;21;643
7;2025-12-10;22;307
7;2025-12-10;23;196
7;2025-12-11;0;64
7;2025-12-11;1;17
7;2025-12-11;2;0
7;2025-12-11;3;0
7;2025-12-11;4;1
7;2025-12-11;5;183
7;2025-12-11;6;642
7;2025-12-11;7;1607
7;2025-12-11;8;2480
7;2025-12-11;9;1841
7;2025-12-11;10;1615
7;2025-12-11;11;1552
7;2025-12-11;12;1681
7;2025-12-11;13;1588
7;2025-12-11;14;1708
7;2025-12-11;15;1764
7;2025-12-11;16;1879
7;2025-12-11;17;2333
7;2025-12-11;18;2628
7;2025-12-11;19;1680
7;2025-12-11;20;1078
7;2025-12-11;21;645
7;2025-12-11;22;314
7;2025-12-11;23;218
7;2025-12-12;0;74
7;2025-12-12;1;15
7;2025-12-12;2;0
7;2025-12-12;3;0
7;2025-12-12;4;2
7;2025-12-12;5;176
7;2025-12-12;6;623
7;2025-12-12;7;1502
7;2025-12-12;8;2302
7;2025-12-12;9;1755
7;2025-12-12;10;1658
7;2025-12-12;11;1556
7;2025-12-12;12;1626
7;2025-12-12;13;1656
7;2025-12-12;14;1685
7;2025-12-12;15;1842
7;2025-12-12;16;2041
7;2025-12-12;17;2310
7;2025-12-12;18;2011
7;2025-12-12;19;1441
7;2025-12-12;20;1008
7;2025-12-12;21;618
7;2025-12-12;22;326
7;2025-12-12;23;246
7;2025-12-13;0;102
7;2025-12-13;1;27
7;2025-12-13;2;0
7;2025-12-13;3;0
7;2025-12-13;4;1
7;2025-12-13;5;63
7;2025-12-13;6;292
7;2025-12-13;7;501
7;2025-12-13;8;750
7;2025-12-13;9;840
7;2025-12-13;10;886
7;2025-12-13;11;1043
7;2025-12-13;12;1159
7;2025-12-13;13;1224
7;2025-12-13;14;1281
7;2025-12-13;15;1199
7;2025-12-13;16;1148
7;2025-12-13;17;1102
7;2025-12-13;18;1087
7;2025-12-13;19;1024
7;2025-12-13;20;759
7;2025-12-13;21;609
7;2025-12-13;22;328
7;2025-12-13;23;216
7;2025-12-14;0;101
7;2025-12-14;1;23
7;2025-12-14;2;2
7;2025-12-14;3;4
7;2025-12-14;4;1
7;2025-12-14;5;43
7;2025-12-14;6;202
7;2025-12-14;7;345
7;2025-12-14;8;538
7;2025-12-14;9;665
7;2025-12-14;10;728
7;2025-12-14;11;946
7;2025-12-14;12;1006
7;2025-12-14;13;1058
7;2025-12-14;14;1154
7;2025-12-14;15;1111
7;2025-12-14;16;1023
7;2025-12-14;17;1051
7;2025-12-14;18;958
7;2025-12-14;19;839
7;2025-12-14;20;668
7;2025-12-14;21;520
7;2025-12-14;22;294
7;2025-12-14;23;182
7;2025-12-15;0;62
7;2025-12-15;1;11
7;2025-12-15;2;0
7;2025-12-15;3;0
7;2025-12-15;4;1
7;2025-12-15;5;191
7;2025-12-15;6;636
7;2025-12-15;7;1630
7;2025-12-15;8;2539
7;2025-12-15;9;1833
7;2025-12-15;10;1623
7;2025-12-15;11;1528
7;2025-12-15;12;1548
7;2025-12-15;13;1575
7;2025-12-15;14;1588
7;2025-12-15;15;1744
7;2025-12-15;16;1837
7;2025-12-15;17;2421
7;2025-12-15;18;2586
7;2025-12-15;19;1739
7;2025-12-15;20;1085
7;2025-12-15;21;624
7;2025-12-15;22;301
7;2025-12-15;23;169
7;2025-12-16;0;58
7;2025-12-16;1;13
7;2025-12-16;2;0
7;2025-12-16;3;0
7;2025-12-16;4;2
7;2025-12-16;5;191
7;2025-12-16;6;647
7;2025-12-16;7;1699
7;2025-12-16;8;2492
7;2025-12-16;9;1927
7;2025-12-16;10;1691
7;2025-12-16;11;1614
7;2025-12-16;12;1675
7;2025-12-16;13;1641
7;2025-12-16;14;1594
7;2025-12-16;15;1825
7;2025-12-16;16;1877
7;2025-12-16;17;2422
7;2025-12-16;18;2679
7;2025-12-16;19;1803
7;2025-12-16;20;1153
7;2025-12-16;21;698
7;2025-12-16;22;330
7;2025-12-16;23;209
7;2025-12-17;0;58
7;2025-12-17;1;10
7;2025-12-17;2;0
7;2025-12-17;3;0
7;2025-12-17;4;2
7;2025-12-17;5;194
7;2025-12-17;6;650
7;2025-12-17;7;1583
7;2025-12-17;8;2503
7;2025-12-17;9;1920
7;2025-12-17;10;1720
7;2025-12-17;11;1573
7;2025-12-17;12;1733
7;2025-12-17;13;1589
7;2025-12-17;14;1627
7;2025-12-17;15;1790
7;2025-12-17;16;1907
7;2025-12-17;17;2478
7;2025-12-17;18;2555
7;2025-12-17;19;1701
7;2025-12-17;20;1084
7;2025-12-17;21;645
7;2025-12-17;22;308
7;2025-12-17;23;196
7;2025-12-18;0;64
7;2025-12-18;1;18
7;2025-12-18;2;0
7;2025-12-18;3;0
7;2025-12-18;4;1
7;2025-12-18;5;184
7;2025-12-18;6;644
7;2025-12-18;7;1612
7;2025-12-18;8;2489
7;2025-12-18;9;1848
7;2025-12-18;10;1620
7;2025-12-18;11;1558
7;2025-12-18;12;1687
7;2025-12-18;13;1593
7;2025-12-18;14;1713
7;2025-12-18;15;1770
7;2025-12-18;16;1886
7;2025-12-18;17;2341
7;2025-12-18;18;2637
7;2025-12-18;19;1685
7;2025-12-18;20;1082
7;2025-12-18;21;647
7;2025-12-18;22;315
7;2025-12-18;23;219
7;2025-12-19;0;74
7;2025-12-19;1;15
7;2025-12-19;2;0
7;2025-12-19;3;0
7;2025-12-19;4;2
7;2025-12-19;5;177
7;2025-12-19;6;625
7;2025-12-19;7;1507
7;2025-12-19;8;2310
7;2025-12-19;9;1761
7;2025-12-19;10;1664
7;2025-12-19;11;1561
7;2025-12-19;12;1632
7;2025-12-19;13;1662
7;2025-12-19;14;1691
7;2025-12-19;15;1848
7;2025-12-19;16;2048
7;2025-12-19;17;2318
7;2025-12-19;18;2018
7;2025-12-19;19;1446
7;2025-12-19;20;1011
7;2025-12-19;21;620
7;2025-12-19;22;327
7;2025-12-19;23;247
7;2025-12-20;0;102
7;2025-12-20;1;27
7;2025-12-20;2;0
7;2025-12-20;3;0
7;2025-12-20;4;1
7;2025-12-20;5;63
7;2025-12-20;6;293
7;2025-12-20;7;503
7;2025-12-20;8;752
7;2025-12-20;9;843
7;2025-12-20;10;888
7;2025-12-20;11;1046
7;2025-12-20;12;1163
7;2025-12-20;13;1228
7;2025-12-20;14;1285
7;2025-12-20;15;1203
7;2025-12-20;16;1152
7;2025-12-20;17;1105
7;2025-12-20;18;1091
7;2025-12-20;19;1028
7;2025-12-20;20;761
7;2025-12-20;21;611
7;2025-12-20;22;329
7;2025-12-20;23;216
7;2025-12-21;0;101
7;2025-12-21;1;23
7;2025-12-21;2;2
7;2025-12-21;3;4
7;2025-12-21;4;1
7;2025-12-21;5;43
7;2025-12-21;6;202
7;2025-12-21;7;346
7;2025-12-21;8;540
7;2025-12-21;9;667
7;2025-12-21;10;730
7;2025-12-21;11;949
7;2025-12-21;12;1009
7;2025-12-21;13;1062
7;2025-12-21;14;1158
7;2025-12-21;15;1115
7;2025-12-21;16;1027
7;2025-12-21;17;1055
7;2025-12-21;18;961
7;2025-12-21;19;842
7;2025-12-21;20;670
7;2025-12-21;21;522
7;2025-12-21;22;294
7;2025-12-21;23;182
7;2025-12-22;0;62
7;2025-12-22;1;11
7;2025-12-22;2;0
7;2025-12-22;3;0
7;2025-12-22;4;1
7;2025-12-22;5;192
7;2025-12-22;6;638
7;2025-12-22;7;1635
7;2025-12-22;8;2547
7;2025-12-22;9;1839
7;2025-12-22;10;1629
7;2025-12-22;11;1533
7;2025-12-22;12;1553
7;2025-12-22;13;1581
7;2025-12-22;14;1594
7;2025-12-22;15;1750
7;2025-12-22;16;1843
7;2025-12-22;17;2429
7;2025-12-22;18;2595
7;2025-12-22;19;1745
7;2025-12-22;20;1089
7;2025-12-22;21;626
7;2025-12-22;22;302
7;2025-12-22;23;170
7;2025-12-23;0;58
7;2025-12-23;1;13
7;2025-12-23;2;0
7;2025-12-23;3;0
7;2025-12-23;4;2
7;2025-12-23;5;192
7;2025-12-23;6;649
7;2025-12-23;7;1704
7;2025-12-23;8;2501
7;2025-12-23;9;1933
7;2025-12-23;10;1697
7;2025-12-23;11;1620
7;2025-12-23;12;1680
7;2025-12-23;13;1646
7;2025-12-23;14;1599
7;2025-12-23;15;1832
7;2025-12-23;16;1883
7;2025-12-23;17;2430
7;2025-12-23;18;2688
7;2025-12-23;19;1809
7;2025-12-23;20;1157
7;2025-12-23;21;700
7;2025-12-23;22;331
7;2025-12-23;23;210
7;2025-12-24;0;58
7;2025-12-24;1;10
7;2025-12-24;2;0
7;2025-12-24;3;0
7;2025-12-24;4;2
7;2025-12-24;5;195
7;2025-12-24;6;652
7;2025-12-24;7;1588
7;2025-12-24;8;2511
7;2025-12-24;9;1926
7;2025-12-24;10;1725
7;2025-12-24;11;1578
7;2025-12-24;12;1739
7;2025-12-24;13;1595
7;2025-12-24;14;1632
7;2025-12-24;15;1796
7;2025-12-24;16;1913
7;2025-12-24;17;2486
7;2025-12-24;18;2563
7;2025-12-24;19;1707
7;2025-12-24;20;1088
7;2025-12-24;21;647
7;2025-12-24;22;309
7;2025-12-24;23;197
7;2025-12-25;0;64
7;2025-12-25;1;18
7;2025-12-25;2;0
7;2025-12-25;3;0
7;2025-12-25;4;1
7;2025-12-25;5;184
7;2025-12-25;6;647
7;2025-12-25;7;1617
7;2025-12-25;8;2497
7;2025-12-25;9;1854
7;2025-12-25;10;1626
7;2025-12-25;11;1563
7;2025-12-25;12;1693
7;2025-12-25;13;1598
7;2025-12-25;14;1719
7;2025-12-25;15;1776
7;2025-12-25;16;1892
7;2025-12-25;17;2349
7;2025-12-25;18;2645
7;2025-12-25;19;1691
7;2025-12-25;20;1086
7;2025-12-25;21;649
7;2025-12-25;22;316
7;2025-12-25;23;220
7;2025-12-26;0;75
7;2025-12-26;1;16
7;2025-12-26;2;0
7;2025-12-26;3;0
7;2025-12-26;4;2
7;2025-12-26;5;177
7;2025-12-26;6;627
7;2025-12-26;7;1512
7;2025-12-26;8;2318
7;2025-12-26;9;1767
7;2025-12-26;10;1669
7;2025-12-26;11;1567
7;2025-12-26;12;1637
7;2025-12-26;13;1667
7;2025-12-26;14;1696
7;2025-12-26;15;1854
7;2025-12-26;16;2055
7;2025-12-26;17;2326
7;2025-12-26;18;2025
7;2025-12-26;19;1451
7;2025-12-26;20;1015
7;2025-12-26;21;622
7;2025-12-26;22;328
7;2025-12-26;23;248
7;2025-12-27;0;102
7;2025-12-27;1;27
7;2025-12-27;2;0
7;2025-12-27;3;0
7;2025-12-27;4;1
7;2025-12-27;5;64
7;2025-12-27;6;293
7;2025-12-27;7;504
7;2025-12-27;8;754
7;2025-12-27;9;845
7;2025-12-27;10;891
7;2025-12-27;11;1049
7;2025-12-27;12;1165
7;2025-12-27;13;1231
7;2025-12-27;14;1288
7;2025-12-27;15;1206
7;2025-12-27;16;1155
7;2025-12-27;17;1108
7;2025-12-27;18;1094
7;2025-12-27;19;1030
7;2025-12-27;20;763
7;2025-12-27;21;612
7;2025-12-27;22;330
7;2025-12-27;23;217
7;2025-12-28;0;102
7;2025-12-28;1;23
7;2025-12-28;2;2
7;2025-12-28;3;4
7;2025-12-28;4;1
7;2025-12-28;5;43
7;2025-12-28;6;203
7;2025-12-28;7;347
7;2025-12-28;8;541
7;2025-12-28;9;668
7;2025-12-28;10;732
7;2025-12-28;11;951
7;2025-12-28;12;1011
7;2025-12-28;13;1064
7;2025-12-28;14;1160
7;2025-12-28;15;1117
7;2025-12-28;16;1029
7;2025-12-28;17;1057
7;2025-12-28;18;963
7;2025-12-28;19;844
7;2025-12-28;20;671
7;2025-12-28;21;523
7;2025-12-28;22;295
7;2025-12-28;23;183
7;2025-12-29;0;61
7;2025-12-29;1;11
7;2025-12-29;2;0
7;2025-12-29;3;0
7;2025-12-29;4;1
7;2025-12-29;5;184
7;2025-12-29;6;594
7;2025-12-29;7;1555
7;2025-12-29;8;2444
7;2025-12-29;9;1730
7;2025-12-29;10;1532
7;2025-12-29;11;1434
7;2025-12-29;12;1437
7;2025-12-29;13;1475
7;2025-12-29;14;1501
7;2025-12-29;15;1636
7;2025-12-29;16;1709
7;2025-12-29;17;2263
7;2025-12-29;18;2436
7;2025-12-29;19;1642
7;2025-12-29;20;1016
7;2025-12-29;21;570
7;2025-12-29;22;280
7;2025-12-29;23;153
7;2025-12-30;0;52
7;2025-12-30;1;12
7;2025-12-30;2;0
7;2025-12-30;3;0
7;2025-12-30;4;2
7;2025-12-30;5;176
7;2025-12-30;6;568
7;2025-12-30;7;1559
7;2025-12-30;8;2238
7;2025-12-30;9;1747
7;2025-12-30;10;1525
7;2025-12-30;11;1448
7;2025-12-30;12;1521
7;2025-12-30;13;1477
7;2025-12-30;14;1441
7;2025-12-30;15;1680
7;2025-12-30;16;1667
7;2025-12-30;17;2149
7;2025-12-30;18;2456
7;2025-12-30;19;1656
7;2025-12-30;20;1042
7;2025-12-30;21;633
7;2025-12-30;22;299
7;2025-12-30;23;186
7;2025-12-31;0;90
7;2025-12-31;1;20
7;2025-12-31;2;1
7;2025-12-31;3;2
7;2025-12-31;4;1
7;2025-12-31;5;45
7;2025-12-31;6;227
7;2025-12-31;7;337
7;2025-12-31;8;536
7;2025-12-31;9;657
7;2025-12-31;10;737
7;2025-12-31;11;895
7;2025-12-31;12;1003
7;2025-12-31;13;1050
7;2025-12-31;14;1137
7;2025-12-31;15;1047
7;2025-12-31;16;976
7;2025-12-31;17;1003
7;2025-12-31;18;894
7;2025-12-31;19;817
7;2025-12-31;20;647
7;2025-12-31;21;523
7;2025-12-31;22;288
7;2025-12-31;23;167
11;2025-11-01;0;97
11;2025-11-01;1;1
11;2025-11-01;2;0
11;2025-11-01;3;0
11;2025-11-01;4;1
11;2025-11-01;5;230
11;2025-11-01;6;1103
11;2025-11-01;7;1709
11;2025-11-01;8;2332
11;2025-11-01;9;1814
11;2025-11-01;10;1670
11;2025-11-01;11;1758
11;2025-11-01;12;1911
11;2025-11-01;13;1865
11;2025-11-01;14;2033
11;2025-11-01;15;2016
11;2025-11-01;16;2120
11;2025-11-01;17;2444
11;2025-11-01;18;2074
11;2025-11-01;19;1690
11;2025-11-01;20;1219
11;2025-11-01;21;803
11;2025-11-01;22;409
11;2025-11-01;23;310
11;2025-11-02;0;107
11;2025-11-02;1;14
11;2025-11-02;2;0
11;2025-11-02;3;1
11;2025-11-02;4;1
11;2025-11-02;5;110
11;2025-11-02;6;470
11;2025-11-02;7;472
11;2025-11-02;8;647
11;2025-11-02;9;902
11;2025-11-02;10;987
11;2025-11-02;11;1448
11;2025-11-02;12;1510
11;2025-11-02;13;1492
11;2025-11-02;14;1550
11;2025-11-02;15;1535
11;2025-11-02;16;1445
11;2025-11-02;17;1609
11;2025-11-02;18;1212
11;2025-11-02;19;970
11;2025-11-02;20;778
11;2025-11-02;21;583
11;2025-11-02;22;337
11;2025-11-02;23;234
11;2025-11-03;0;106
11;2025-11-03;1;11
11;2025-11-03;2;0
11;2025-11-03;3;1
11;2025-11-03;4;1
11;2025-11-03;5;125
11;2025-11-03;6;548
11;2025-11-03;7;532
11;2025-11-03;8;731
11;2025-11-03;9;952
11;2025-11-03;10;1064
11;2025-11-03;11;1495
11;2025-11-03;12;1591
11;2025-11-03;13;1549
11;2025-11-03;14;1636
11;2025-11-03;15;1596
11;2025-11-03;16;1507
11;2025-11-03;17;1653
11;2025-11-03;18;1272
11;2025-11-03;19;1073
11;2025-11-03;20;825
11;2025-11-03;21;610
11;2025-11-03;22;353
11;2025-11-03;23;244
11;2025-11-04;0;96
11;2025-11-04;1;11
11;2025-11-04;2;0
11;2025-11-04;3;1
11;2025-11-04;4;1
11;2025-11-04;5;108
11;2025-11-04;6;468
11;2025-11-04;7;459
11;2025-11-04;8;631
11;2025-11-04;9;843
11;2025-11-04;10;934
11;2025-11-04;11;1334
11;2025-11-04;12;1409
11;2025-11-04;13;1380
11;2025-11-04;14;1448
11;2025-11-04;15;1421
11;2025-11-04;16;1339
11;2025-11-04;17;1478
11;2025-11-04;18;1128
11;2025-11-04;19;933
11;2025-11-04;20;729
11;2025-11-04;21;541
11;2025-11-04;22;314
11;2025-11-04;23;217
11;2025-11-05;0;67
11;2025-11-05;1;0
11;2025-11-05;2;0
11;2025-11-05;3;0
11;2025-11-05;4;1
11;2025-11-05;5;262
11;2025-11-05;6;1239
11;2025-11-05;7;2429
11;2025-11-05;8;3106
11;2025-11-05;9;2346
11;2025-11-05;10;1898
11;2025-11-05;11;1907
11;2025-11-05;12;1907
11;2025-11-05;13;2013
11;2025-11-05;14;1988
11;2025-11-05;15;1950
11;2025-11-05;16;2106
11;2025-11-05;17;2681
11;2025-11-05;18;3004
11;2025-11-05;19;2165
11;2025-11-05;20;1375
11;2025-11-05;21;804
11;2025-11-05;22;398
11;2025-11-05;23;235
11;2025-11-06;0;60
11;2025-11-06;1;0
11;2025-11-06;2;0
11;2025-11-06;3;0
11;2025-11-06;4;1
11;2025-11-06;5;253
11;2025-11-06;6;1298
11;2025-11-06;7;2396
11;2025-11-06;8;3152
11;2025-11-06;9;2421
11;2025-11-06;10;2034
11;2025-11-06;11;1873
11;2025-11-06;12;2006
11;2025-11-06;13;2075
11;2025-11-06;14;2054
11;2025-11-06;15;1916
11;2025-11-06;16;2269
11;2025-11-06;17;2762
11;2025-11-06;18;3184
11;2025-11-06;19;2261
11;2025-11-06;20;1452
11;2025-11-06;21;868
11;2025-11-06;22;408
11;2025-11-06;23;249
11;2025-11-07;0;72
11;2025-11-07;1;2
11;2025-11-07;2;0
11;2025-11-07;3;0
11;2025-11-07;4;1
11;2025-11-07;5;261
11;2025-11-07;6;1261
11;2025-11-07;7;2328
11;2025-11-07;8;3126
11;2025-11-07;9;2247
11;2025-11-07;10;1845
11;2025-11-07;11;1792
11;2025-11-07;12;1867
11;2025-11-07;13;1893
11;2025-11-07;14;2000
11;2025-11-07;15;2051
11;2025-11-07;16;2316
11;2025-11-07;17;2759
11;2025-11-07;18;2440
11;2025-11-07;19;1910
11;2025-11-07;20;1328
11;2025-11-07;21;837
11;2025-11-07;22;392
11;2025-11-07;23;308
11;2025-11-08;0;109
11;2025-11-08;1;2
11;2025-11-08;2;0
11;2025-11-08;3;0
11;2025-11-08;4;1
11;2025-11-08;5;174
11;2025-11-08;6;818
11;2025-11-08;7;762
11;2025-11-08;8;1036
11;2025-11-08;9;1186
11;2025-11-08;10;1382
11;2025-11-08;11;1729
11;2025-11-08;12;1917
11;2025-11-08;13;1863
11;2025-11-08;14;2003
11;2025-11-08;15;1887
11;2025-11-08;16;1828
11;2025-11-08;17;1893
11;2025-11-08;18;1555
11;2025-11-08;19;1456
11;2025-11-08;20;1005
11;2025-11-08;21;730
11;2025-11-08;22;417
11;2025-11-08;23;285
11;2025-11-09;0;112
11;2025-11-09;1;15
11;2025-11-09;2;0
11;2025-11-09;3;1
11;2025-11-09;4;1
11;2025-11-09;5;109
11;2025-11-09;6;483
11;2025-11-09;7;490
11;2025-11-09;8;675
11;2025-11-09;9;920
11;2025-11-09;10;1025
11;2025-11-09;11;1464
11;2025-11-09;12;1566
11;2025-11-09;13;1560
11;2025-11-09;14;1622
11;2025-11-09;15;1582
11;2025-11-09;16;1540
11;2025-11-09;17;1661
11;2025-11-09;18;1262
11;2025-11-09;19;1025
11;2025-11-09;20;793
11;2025-11-09;21;597
11;2025-11-09;22;349
11;2025-11-09;23;240
11;2025-11-10;0;74
11;2025-11-10;1;11
11;2025-11-10;2;0
11;2025-11-10;3;0
11;2025-11-10;4;1
11;2025-11-10;5;248
11;2025-11-10;6;1306
11;2025-11-10;7;2330
11;2025-11-10;8;3087
11;2025-11-10;9;2302
11;2025-11-10;10;1822
11;2025-11-10;11;1824
11;2025-11-10;12;1791
11;2025-11-10;13;1854
11;2025-11-10;14;1907
11;2025-11-10;15;1986
11;2025-11-10;16;2180
11;2025-11-10;17;2722
11;2025-11-10;18;2905
11;2025-11-10;19;2157
11;2025-11-10;20;1248
11;2025-11-10;21;777
11;2025-11-10;22;341
11;2025-11-10;23;201
11;2025-11-11;0;55
11;2025-11-11;1;1
11;2025-11-11;2;0
11;2025-11-11;3;0
11;2025-11-11;4;1
11;2025-11-11;5;244
11;2025-11-11;6;1315
11;2025-11-11;7;2435
11;2025-11-11;8;3245
11;2025-11-11;9;2433
11;2025-11-11;10;1976
11;2025-11-11;11;1843
11;2025-11-11;12;1902
11;2025-11-11;13;2026
11;2025-11-11;14;1941
11;2025-11-11;15;1961
11;2025-11-11;16;2184
11;2025-11-11;17;2817
11;2025-11-11;18;3003
11;2025-11-11;19;2284
11;2025-11-11;20;1489
11;2025-11-11;21;824
11;2025-11-11;22;373
11;2025-11-11;23;230
11;2025-11-12;0;67
11;2025-11-12;1;0
11;2025-11-12;2;0
11;2025-11-12;3;0
11;2025-11-12;4;1
11;2025-11-12;5;262
11;2025-11-12;6;1239
11;2025-11-12;7;2429
11;2025-11-12;8;3106
11;2025-11-12;9;2346
11;2025-11-12;10;1898
11;2025-11-12;11;1907
11;2025-11-12;12;1907
11;2025-11-12;13;2013
11;2025-11-12;14;1988
11;2025-11-12;15;1950
11;2025-11-12;16;2106
11;2025-11-12;17;2681
11;2025-11-12;18;3004
11;2025-11-12;19;2165
11;2025-11-12;20;1375
11;2025-11-12;21;804
11;2025-11-12;22;398
11;2025-11-12;23;234
11;2025-11-13;0;60
11;2025-11-13;1;0
11;2025-11-13;2;0
11;2025-11-13;3;0
11;2025-11-13;4;1
11;2025-11-13;5;253
11;2025-11-13;6;1298
11;2025-11-13;7;2396
11;2025-11-13;8;3152
11;2025-11-13;9;2421
11;2025-11-13;10;2034
11;2025-11-13;11;1873
11;2025-11-13;12;2006
11;2025-11-13;13;2075
11;2025-11-13;14;2054
11;2025-11-13;15;1916
11;2025-11-13;16;2269
11;2025-11-13;17;2762
11;2025-11-13;18;3184
11;2025-11-13;19;2261
11;2025-11-13;20;1452
11;2025-11-13;21;868
11;2025-11-13;22;408
11;2025-11-13;23;249
11;2025-11-14;0;72
11;2025-11-14;1;2
11;2025-11-14;2;0
11;2025-11-14;3;0
11;2025-11-14;4;1
11;2025-11-14;5;261
11;2025-11-14;6;1261
11;2025-11-14;7;2328
11;2025-11-14;8;3126
11;2025-11-14;9;2247
11;2025-11-14;10;1845
11;2025-11-14;11;1792
11;2025-11-14;12;1868
11;2025-11-14;13;1893
11;2025-11-14;14;2000
11;2025-11-14;15;2051
11;2025-11-14;16;2316
11;2025-11-14;17;2759
11;2025-11-14;18;2440
11;2025-11-14;19;1910
11;2025-11-14;20;1328
11;2025-11-14;21;837
11;2025-11-14;22;392
11;2025-11-14;23;308
11;2025-11-15;0;109
11;2025-11-15;1;2
11;2025-11-15;2;0
11;2025-11-15;3;0
11;2025-11-15;4;1
11;2025-11-15;5;174
11;2025-11-15;6;818
11;2025-11-15;7;762
11;2025-11-15;8;1036
11;2025-11-15;9;1186
11;2025-11-15;10;1382
11;2025-11-15;11;1729
11;2025-11-15;12;1917
11;2025-11-15;13;1863
11;2025-11-15;14;2003
11;2025-11-15;15;1887
11;2025-11-15;16;1828
11;2025-11-15;17;1893
11;2025-11-15;18;1555
11;2025-11-15;19;1456
11;2025-11-15;20;1005
11;2025-11-15;21;730
11;2025-11-15;22;417
11;2025-11-15;23;285
11;2025-11-16;0;112
11;2025-11-16;1;15
11;2025-11-16;2;0
11;2025-11-16;3;1
11;2025-11-16;4;1
11;2025-11-16;5;109
11;2025-11-16;6;483
11;2025-11-16;7;490
11;2025-11-16;8;676
11;2025-11-16;9;921
11;2025-11-16;10;1026
11;2025-11-16;11;1464
11;2025-11-16;12;1567
11;2025-11-16;13;1561
11;2025-11-16;14;1623
11;2025-11-16;15;1583
11;2025-11-16;16;1542
11;2025-11-16;17;1662
11;2025-11-16;18;1263
11;2025-11-16;19;1025
11;2025-11-16;20;794
11;2025-11-16;21;597
11;2025-11-16;22;349
11;2025-11-16;23;240
11;2025-11-17;0;74
11;2025-11-17;1;11
11;2025-11-17;2;0
11;2025-11-17;3;0
11;2025-11-17;4;1
11;2025-11-17;5;248
11;2025-11-17;6;1307
11;2025-11-17;7;2333
11;2025-11-17;8;3090
11;2025-11-17;9;2304
11;2025-11-17;10;1824
11;2025-11-17;11;1826
11;2025-11-17;12;1793
11;2025-11-17;13;1856
11;2025-11-17;14;1909
11;2025-11-17;15;1988
11;2025-11-17;16;2182
11;2025-11-17;17;2725
11;2025-11-17;18;2908
11;2025-11-17;19;2159
11;2025-11-17;20;1250
11;2025-11-17;21;778
11;2025-11-17;22;341
11;2025-11-17;23;201
11;2025-11-18;0;55
11;2025-11-18;1;1
11;2025-11-18;2;0
11;2025-11-18;3;0
11;2025-11-18;4;1
11;2025-11-18;5;245
11;2025-11-18;6;1317
11;2025-11-18;7;2439
11;2025-11-18;8;3250
11;2025-11-18;9;2437
11;2025-11-18;10;1980
11;2025-11-18;11;1847
11;2025-11-18;12;1905
11;2025-11-18;13;2029
11;2025-11-18;14;1944
11;2025-11-18;15;1964
11;2025-11-18;16;2186
11;2025-11-18;17;2821
11;2025-11-18;18;3007
11;2025-11-18;19;2287
11;2025-11-18;20;1491
11;2025-11-18;21;825
11;2025-11-18;22;373
11;2025-11-18;23;230
11;2025-11-19;0;67
11;2025-11-19;1;0
11;2025-11-19;2;0
11;2025-11-19;3;0
11;2025-11-19;4;1
11;2025-11-19;5;263
11;2025-11-19;6;1241
11;2025-11-19;7;2433
11;2025-11-19;8;3111
11;2025-11-19;9;2350
11;2025-11-19;10;1902
11;2025-11-19;11;1911
11;2025-11-19;12;1910
11;2025-11-19;13;2017
11;2025-11-19;14;1993
11;2025-11-19;15;1954
11;2025-11-19;16;2110
11;2025-11-19;17;2686
11;2025-11-19;18;3010
11;2025-11-19;19;2169
11;2025-11-19;20;1378
11;2025-11-19;21;805
11;2025-11-19;22;399
11;2025-11-19;23;234
11;2025-11-20;0;59
11;2025-11-20;1;0
11;2025-11-20;2;0
11;2025-11-20;3;0
11;2025-11-20;4;1
11;2025-11-20;5;253
11;2025-11-20;6;1301
11;2025-11-20;7;2403
11;2025-11-20;8;3160
11;2025-11-20;9;2427
11;2025-11-20;10;2040
11;2025-11-20;11;1878
11;2025-11-20;12;2012
11;2025-11-20;13;2081
11;2025-11-20;14;2059
11;2025-11-20;15;1922
11;2025-11-20;16;2275
11;2025-11-20;17;2769
11;2025-11-20;18;3191
11;2025-11-20;19;2266
11;2025-11-20;20;1455
11;2025-11-20;21;869
11;2025-11-20;22;409
11;2025-11-20;23;248
11;2025-11-21;0;72
11;2025-11-21;1;2
11;2025-11-21;2;0
11;2025-11-21;3;0
11;2025-11-21;4;1
11;2025-11-21;5;262
11;2025-11-21;6;1264
11;2025-11-21;7;2335
11;2025-11-21;8;3135
11;2025-11-21;9;2254
11;2025-11-21;10;1851
11;2025-11-21;11;1798
11;2025-11-21;12;1873
11;2025-11-21;13;1899
11;2025-11-21;14;2006
11;2025-11-21;15;2057
11;2025-11-21;16;2322
11;2025-11-21;17;2767
11;2025-11-21;18;2447
11;2025-11-21;19;1916
11;2025-11-21;20;1332
11;2025-11-21;21;839
11;2025-11-21;22;392
11;2025-11-21;23;309
11;2025-11-22;0;109
11;2025-11-22;1;2
11;2025-11-22;2;0
11;2025-11-22;3;0
11;2025-11-22;4;1
11;2025-11-22;5;175
11;2025-11-22;6;821
11;2025-11-22;7;765
11;2025-11-22;8;1039
11;2025-11-22;9;1190
11;2025-11-22;10;1387
11;2025-11-22;11;1735
11;2025-11-22;12;1923
11;2025-11-22;13;1870
11;2025-11-22;14;2010
11;2025-11-22;15;1894
11;2025-11-22;16;1834
11;2025-11-22;17;1899
11;2025-11-22;18;1561
11;2025-11-22;19;1460
11;2025-11-22;20;1008
11;2025-11-22;21;732
11;2025-11-22;22;418
11;2025-11-22;23;285
11;2025-11-23;0;112
11;2025-11-23;1;15
11;2025-11-23;2;0
11;2025-11-23;3;1
11;2025-11-23;4;1
11;2025-11-23;5;110
11;2025-11-23;6;485
11;2025-11-23;7;492
11;2025-11-23;8;678
11;2025-11-23;9;924
11;2025-11-23;10;1029
11;2025-11-23;11;1469
11;2025-11-23;12;1572
11;2025-11-23;13;1566
11;2025-11-23;14;1628
11;2025-11-23;15;1588
11;2025-11-23;16;1547
11;2025-11-23;17;1667
11;2025-11-23;18;1267
11;2025-11-23;19;1029
11;2025-11-23;20;796
11;2025-11-23;21;599
11;2025-11-23;22;350
11;2025-11-23;23;241
11;2025-11-24;0;75
11;2025-11-24;1;11
11;2025-11-24;2;0
11;2025-11-24;3;0
11;2025-11-24;4;1
11;2025-11-24;5;249
11;2025-11-24;6;1311
11;2025-11-24;7;2340
11;2025-11-24;8;3101
11;2025-11-24;9;2312
11;2025-11-24;10;1830
11;2025-11-24;11;1832
11;2025-11-24;12;1799
11;2025-11-24;13;1862
11;2025-11-24;14;1916
11;2025-11-24;15;1995
11;2025-11-24;16;2189
11;2025-11-24;17;2734
11;2025-11-24;18;2918
11;2025-11-24;19;2167
11;2025-11-24;20;1254
11;2025-11-24;21;781
11;2025-11-24;22;342
11;2025-11-24;23;202
11;2025-11-25;0;54
11;2025-11-25;1;1
11;2025-11-25;2;0
11;2025-11-25;3;0
11;2025-11-25;4;1
11;2025-11-25;5;245
11;2025-11-25;6;1322
11;2025-11-25;7;2447
11;2025-11-25;8;3261
11;2025-11-25;9;2445
11;2025-11-25;10;1987
11;2025-11-25;11;1853
11;2025-11-25;12;1912
11;2025-11-25;13;2036
11;2025-11-25;14;1951
11;2025-11-25;15;1971
11;2025-11-25;16;2195
11;2025-11-25;17;2831
11;2025-11-25;18;3017
11;2025-11-25;19;2295
11;2025-11-25;20;1496
11;2025-11-25;21;828
11;2025-11-25;22;375
11;2025-11-25;23;230
11;2025-11-26;0;67
11;2025-11-26;1;0
11;2025-11-26;2;0
11;2025-11-26;3;0
11;2025-11-26;4;1
11;2025-11-26;5;264
11;2025-11-26;6;1245
11;2025-11-26;7;2442
11;2025-11-26;8;3123
11;2025-11-26;9;2358
11;2025-11-26;10;1908
11;2025-11-26;11;1918
11;2025-11-26;12;1917
11;2025-11-26;13;2024
11;2025-11-26;14;1999
11;2025-11-26;15;1961
11;2025-11-26;16;2118
11;2025-11-26;17;2695
11;2025-11-26;18;3020
11;2025-11-26;19;2177
11;2025-11-26;20;1383
11;2025-11-26;21;808
11;2025-11-26;22;400
11;2025-11-26;23;235
11;2025-11-27;0;60
11;2025-11-27;1;0
11;2025-11-27;2;0
11;2025-11-27;3;0
11;2025-11-27;4;1
11;2025-11-27;5;254
11;2025-11-27;6;1306
11;2025-11-27;7;2411
11;2025-11-27;8;3171
11;2025-11-27;9;2435
11;2025-11-27;10;2047
11;2025-11-27;11;1885
11;2025-11-27;12;2018
11;2025-11-27;13;2088
11;2025-11-27;14;2066
11;2025-11-27;15;1928
11;2025-11-27;16;2283
11;2025-11-27;17;2779
11;2025-11-27;18;3202
11;2025-11-27;19;2274
11;2025-11-27;20;1460
11;2025-11-27;21;872
11;2025-11-27;22;410
11;2025-11-27;23;249
11;2025-11-28;0;72
11;2025-11-28;1;2
11;2025-11-28;2;0
11;2025-11-28;3;0
11;2025-11-28;4;1
11;2025-11-28;5;262
11;2025-11-28;6;1269
11;2025-11-28;7;2343
11;2025-11-28;8;3146
11;2025-11-28;9;2261
11;2025-11-28;10;1857
11;2025-11-28;11;1804
11;2025-11-28;12;1880
11;2025-11-28;13;1905
11;2025-11-28;14;2013
11;2025-11-28;15;2065
11;2025-11-28;16;2330
11;2025-11-28;17;2776
11;2025-11-28;18;2456
11;2025-11-28;19;1922
11;2025-11-28;20;1337
11;2025-11-28;21;842
11;2025-11-28;22;394
11;2025-11-28;23;310
11;2025-11-29;0;109
11;2025-11-29;1;2
11;2025-11-29;2;0
11;2025-11-29;3;0
11;2025-11-29;4;1
11;2025-11-29;5;175
11;2025-11-29;6;823
11;2025-11-29;7;768
11;2025-11-29;8;1043
11;2025-11-29;9;1194
11;2025-11-29;10;1392
11;2025-11-29;11;1741
11;2025-11-29;12;1930
11;2025-11-29;13;1877
11;2025-11-29;14;2016
11;2025-11-29;15;1901
11;2025-11-29;16;1840
11;2025-11-29;17;1906
11;2025-11-29;18;1566
11;2025-11-29;19;1465
11;2025-11-29;20;1011
11;2025-11-29;21;735
11;2025-11-29;22;419
11;2025-11-29;23;286
11;2025-11-30;0;113
11;2025-11-30;1;15
11;2025-11-30;2;0
11;2025-11-30;3;1
11;2025-11-30;4;1
11;2025-11-30;5;110
11;2025-11-30;6;487
11;2025-11-30;7;493
11;2025-11-30;8;680
11;2025-11-30;9;927
11;2025-11-30;10;1033
11;2025-11-30;11;1474
11;2025-11-30;12;1578
11;2025-11-30;13;1571
11;2025-11-30;14;1634
11;2025-11-30;15;1593
11;2025-11-30;16;1552
11;2025-11-30;17;1673
11;2025-11-30;18;1271
11;2025-11-30;19;1032
11;2025-11-30;20;799
11;2025-11-30;21;601
11;2025-11-30;22;351
11;2025-11-30;23;241
11;2025-12-01;0;74
11;2025-12-01;1;11
11;2025-12-01;2;0
11;2025-12-01;3;0
11;2025-12-01;4;1
11;2025-12-01;5;250
11;2025-12-01;6;1316
11;2025-12-01;7;2348
11;2025-12-01;8;3112
11;2025-12-01;9;2320
11;2025-12-01;10;1837
11;2025-12-01;11;1839
11;2025-12-01;12;1806
11;2025-12-01;13;1868
11;2025-12-01;14;1922
11;2025-12-01;15;2002
11;2025-12-01;16;2197
11;2025-12-01;17;2743
11;2025-12-01;18;2928
11;2025-12-01;19;2174
11;2025-12-01;20;1258
11;2025-12-01;21;783
11;2025-12-01;22;343
11;2025-12-01;23;203
11;2025-12-02;0;54
11;2025-12-02;1;1
11;2025-12-02;2;0
11;2025-12-02;3;0
11;2025-12-02;4;1
11;2025-12-02;5;246
11;2025-12-02;6;1326
11;2025-12-02;7;2456
11;2025-12-02;8;3272
11;2025-12-02;9;2454
11;2025-12-02;10;1993
11;2025-12-02;11;1859
11;2025-12-02;12;1918
11;2025-12-02;13;2043
11;2025-12-02;14;1958
11;2025-12-02;15;1977
11;2025-12-02;16;2202
11;2025-12-02;17;2841
11;2025-12-02;18;3027
11;2025-12-02;19;2303
11;2025-12-02;20;1501
11;2025-12-02;21;831
11;2025-12-02;22;376
11;2025-12-02;23;231
11;2025-12-03;0;67
11;2025-12-03;1;0
11;2025-12-03;2;0
11;2025-12-03;3;0
11;2025-12-03;4;1
11;2025-12-03;5;264
11;2025-12-03;6;1249
11;2025-12-03;7;2449
11;2025-12-03;8;3133
11;2025-12-03;9;2366
11;2025-12-03;10;1914
11;2025-12-03;11;1924
11;2025-12-03;12;1924
11;2025-12-03;13;2030
11;2025-12-03;14;2005
11;2025-12-03;15;1967
11;2025-12-03;16;2125
11;2025-12-03;17;2704
11;2025-12-03;18;3030
11;2025-12-03;19;2185
11;2025-12-03;20;1388
11;2025-12-03;21;811
11;2025-12-03;22;402
11;2025-12-03;23;236
11;2025-12-04;0;59
11;2025-12-04;1;0
11;2025-12-04;2;0
11;2025-12-04;3;0
11;2025-12-04;4;1
11;2025-12-04;5;254
11;2025-12-04;6;1305
11;2025-12-04;7;2409
11;2025-12-04;8;3168
11;2025-12-04;9;2433
11;2025-12-04;10;2045
11;2025-12-04;11;1883
11;2025-12-04;12;2017
11;2025-12-04;13;2088
11;2025-12-04;14;2066
11;2025-12-04;15;1941
11;2025-12-04;16;2295
11;2025-12-04;17;2791
11;2025-12-04;18;3217
11;2025-12-04;19;2290
11;2025-12-04;20;1476
11;2025-12-04;21;890
11;2025-12-04;22;425
11;2025-12-04;23;265
11;2025-12-05;0;71
11;2025-12-05;1;2
11;2025-12-05;2;0
11;2025-12-05;3;0
11;2025-12-05;4;1
11;2025-12-05;5;262
11;2025-12-05;6;1267
11;2025-12-05;7;2340
11;2025-12-05;8;3142
11;2025-12-05;9;2258
11;2025-12-05;10;1855
11;2025-12-05;11;1801
11;2025-12-05;12;1877
11;2025-12-05;13;1904
11;2025-12-05;14;2012
11;2025-12-05;15;2075
11;2025-12-05;16;2340
11;2025-12-05;17;2786
11;2025-12-05;18;2472
11;2025-12-05;19;1939
11;2025-12-05;20;1354
11;2025-12-05;21;860
11;2025-12-05;22;411
11;2025-12-05;23;327
11;2025-12-06;0;109
11;2025-12-06;1;2
11;2025-12-06;2;0
11;2025-12-06;3;0
11;2025-12-06;4;1
11;2025-12-06;5;170
11;2025-12-06;6;819
11;2025-12-06;7;761
11;2025-12-06;8;1037
11;2025-12-06;9;1188
11;2025-12-06;10;1386
11;2025-12-06;11;1736
11;2025-12-06;12;1925
11;2025-12-06;13;1873
11;2025-12-06;14;2013
11;2025-12-06;15;1914
11;2025-12-06;16;1855
11;2025-12-06;17;1919
11;2025-12-06;18;1582
11;2025-12-06;19;1481
11;2025-12-06;20;1027
11;2025-12-06;21;749
11;2025-12-06;22;432
11;2025-12-06;23;299
11;2025-12-07;0;112
11;2025-12-07;1;15
11;2025-12-07;2;0
11;2025-12-07;3;1
11;2025-12-07;4;1
11;2025-12-07;5;106
11;2025-12-07;6;483
11;2025-12-07;7;488
11;2025-12-07;8;675
11;2025-12-07;9;922
11;2025-12-07;10;1028
11;2025-12-07;11;1470
11;2025-12-07;12;1573
11;2025-12-07;13;1568
11;2025-12-07;14;1630
11;2025-12-07;15;1604
11;2025-12-07;16;1563
11;2025-12-07;17;1684
11;2025-12-07;18;1285
11;2025-12-07;19;1046
11;2025-12-07;20;812
11;2025-12-07;21;614
11;2025-12-07;22;363
11;2025-12-07;23;252
11;2025-12-08;0;75
11;2025-12-08;1;11
11;2025-12-08;2;0
11;2025-12-08;3;0
11;2025-12-08;4;1
11;2025-12-08;5;242
11;2025-12-08;6;1310
11;2025-12-08;7;2341
11;2025-12-08;8;3106
11;2025-12-08;9;2313
11;2025-12-08;10;1829
11;2025-12-08;11;1831
11;2025-12-08;12;1798
11;2025-12-08;13;1862
11;2025-12-08;14;1916
11;2025-12-08;15;2021
11;2025-12-08;16;2215
11;2025-12-08;17;2763
11;2025-12-08;18;2952
11;2025-12-08;19;2198
11;2025-12-08;20;1280
11;2025-12-08;21;805
11;2025-12-08;22;362
11;2025-12-08;23;221
11;2025-12-09;0;54
11;2025-12-09;1;1
11;2025-12-09;2;0
11;2025-12-09;3;0
11;2025-12-09;4;1
11;2025-12-09;5;238
11;2025-12-09;6;1321
11;2025-12-09;7;2450
11;2025-12-09;8;3268
11;2025-12-09;9;2447
11;2025-12-09;10;1986
11;2025-12-09;11;1852
11;2025-12-09;12;1911
11;2025-12-09;13;2038
11;2025-12-09;14;1952
11;2025-12-09;15;1997
11;2025-12-09;16;2222
11;2025-12-09;17;2861
11;2025-12-09;18;3052
11;2025-12-09;19;2325
11;2025-12-09;20;1522
11;2025-12-09;21;850
11;2025-12-09;22;392
11;2025-12-09;23;247
11;2025-12-10;0;67
11;2025-12-10;1;0
11;2025-12-10;2;0
11;2025-12-10;3;0
11;2025-12-10;4;1
11;2025-12-10;5;257
11;2025-12-10;6;1243
11;2025-12-10;7;2442
11;2025-12-10;8;3127
11;2025-12-10;9;2358
11;2025-12-10;10;1907
11;2025-12-10;11;1917
11;2025-12-10;12;1916
11;2025-12-10;13;2024
11;2025-12-10;14;1999
11;2025-12-10;15;1987
11;2025-12-10;16;2144
11;2025-12-10;17;2724
11;2025-12-10;18;3054
11;2025-12-10;19;2208
11;2025-12-10;20;1410
11;2025-12-10;21;832
11;2025-12-10;22;420
11;2025-12-10;23;254
11;2025-12-11;0;60
11;2025-12-11;1;0
11;2025-12-11;2;0
11;2025-12-11;3;0
11;2025-12-11;4;1
11;2025-12-11;5;247
11;2025-12-11;6;1305
11;2025-12-11;7;2413
11;2025-12-11;8;3177
11;2025-12-11;9;2437
11;2025-12-11;10;2046
11;2025-12-11;11;1884
11;2025-12-11;12;2018
11;2025-12-11;13;2089
11;2025-12-11;14;2067
11;2025-12-11;15;1955
11;2025-12-11;16;2310
11;2025-12-11;17;2810
11;2025-12-11;18;3238
11;2025-12-11;19;2305
11;2025-12-11;20;1487
11;2025-12-11;21;896
11;2025-12-11;22;428
11;2025-12-11;23;267
11;2025-12-12;0;72
11;2025-12-12;1;2
11;2025-12-12;2;0
11;2025-12-12;3;0
11;2025-12-12;4;1
11;2025-12-12;5;255
11;2025-12-12;6;1267
11;2025-12-12;7;2344
11;2025-12-12;8;3151
11;2025-12-12;9;2262
11;2025-12-12;10;1856
11;2025-12-12;11;1803
11;2025-12-12;12;1878
11;2025-12-12;13;1906
11;2025-12-12;14;2013
11;2025-12-12;15;2089
11;2025-12-12;16;2356
11;2025-12-12;17;2804
11;2025-12-12;18;2488
11;2025-12-12;19;1953
11;2025-12-12;20;1363
11;2025-12-12;21;866
11;2025-12-12;22;414
11;2025-12-12;23;329
11;2025-12-13;0;110
11;2025-12-13;1;2
11;2025-12-13;2;0
11;2025-12-13;3;0
11;2025-12-13;4;1
11;2025-12-13;5;170
11;2025-12-13;6;822
11;2025-12-13;7;764
11;2025-12-13;8;1041
11;2025-12-13;9;1192
11;2025-12-13;10;1391
11;2025-12-13;11;1742
11;2025-12-13;12;1931
11;2025-12-13;13;1880
11;2025-12-13;14;2020
11;2025-12-13;15;1921
11;2025-12-13;16;1861
11;2025-12-13;17;1926
11;2025-12-13;18;1588
11;2025-12-13;19;1486
11;2025-12-13;20;1030
11;2025-12-13;21;752
11;2025-12-13;22;433
11;2025-12-13;23;300
11;2025-12-14;0;113
11;2025-12-14;1;15
11;2025-12-14;2;0
11;2025-12-14;3;1
11;2025-12-14;4;1
11;2025-12-14;5;106
11;2025-12-14;6;484
11;2025-12-14;7;490
11;2025-12-14;8;678
11;2025-12-14;9;925
11;2025-12-14;10;1031
11;2025-12-14;11;1474
11;2025-12-14;12;1578
11;2025-12-14;13;1573
11;2025-12-14;14;1636
11;2025-12-14;15;1609
11;2025-12-14;16;1568
11;2025-12-14;17;1690
11;2025-12-14;18;1289
11;2025-12-14;19;1049
11;2025-12-14;20;815
11;2025-12-14;21;616
11;2025-12-14;22;364
11;2025-12-14;23;253
11;2025-12-15;0;75
11;2025-12-15;1;11
11;2025-12-15;2;0
11;2025-12-15;3;0
11;2025-12-15;4;1
11;2025-12-15;5;243
11;2025-12-15;6;1314
11;2025-12-15;7;2348
11;2025-12-15;8;3116
11;2025-12-15;9;2321
11;2025-12-15;10;1835
11;2025-12-15;11;1837
11;2025-12-15;12;1804
11;2025-12-15;13;1868
11;2025-12-15;14;1923
11;2025-12-15;15;2027
11;2025-12-15;16;2223
11;2025-12-15;17;2772
11;2025-12-15;18;2962
11;2025-12-15;19;2205
11;2025-12-15;20;1285
11;2025-12-15;21;807
11;2025-12-15;22;363
11;2025-12-15;23;222
11;2025-12-16;0;55
11;2025-12-16;1;1
11;2025-12-16;2;0
11;2025-12-16;3;0
11;2025-12-16;4;1
11;2025-12-16;5;239
11;2025-12-16;6;1325
11;2025-12-16;7;2458
11;2025-12-16;8;3279
11;2025-12-16;9;2456
11;2025-12-16;10;1993
11;2025-12-16;11;1858
11;2025-12-16;12;1918
11;2025-12-16;13;2044
11;2025-12-16;14;1959
11;2025-12-16;15;2004
11;2025-12-16;16;2230
11;2025-12-16;17;2871
11;2025-12-16;18;3062
11;2025-12-16;19;2333
11;2025-12-16;20;1527
11;2025-12-16;21;853
11;2025-12-16;22;393
11;2025-12-16;23;248
11;2025-12-17;0;67
11;2025-12-17;1;0
11;2025-12-17;2;0
11;2025-12-17;3;0
11;2025-12-17;4;1
11;2025-12-17;5;258
11;2025-12-17;6;1247
11;2025-12-17;7;2450
11;2025-12-17;8;3137
11;2025-12-17;9;2366
11;2025-12-17;10;1913
11;2025-12-17;11;1924
11;2025-12-17;12;1922
11;2025-12-17;13;2031
11;2025-12-17;14;2006
11;2025-12-17;15;1993
11;2025-12-17;16;2152
11;2025-12-17;17;2734
11;2025-12-17;18;3065
11;2025-12-17;19;2215
11;2025-12-17;20;1415
11;2025-12-17;21;835
11;2025-12-17;22;421
11;2025-12-17;23;255
11;2025-12-18;0;60
11;2025-12-18;1;0
11;2025-12-18;2;0
11;2025-12-18;3;0
11;2025-12-18;4;1
11;2025-12-18;5;247
11;2025-12-18;6;1309
11;2025-12-18;7;2421
11;2025-12-18;8;3188
11;2025-12-18;9;2445
11;2025-12-18;10;2053
11;2025-12-18;11;1891
11;2025-12-18;12;2025
11;2025-12-18;13;2096
11;2025-12-18;14;2074
11;2025-12-18;15;1962
11;2025-12-18;16;2318
11;2025-12-18;17;2820
11;2025-12-18;18;3249
11;2025-12-18;19;2313
11;2025-12-18;20;1492
11;2025-12-18;21;899
11;2025-12-18;22;430
11;2025-12-18;23;268
11;2025-12-19;0;72
11;2025-12-19;1;2
11;2025-12-19;2;0
11;2025-12-19;3;0
11;2025-12-19;4;1
11;2025-12-19;5;256
11;2025-12-19;6;1272
11;2025-12-19;7;2352
11;2025-12-19;8;3161
11;2025-12-19;9;2269
11;2025-12-19;10;1862
11;2025-12-19;11;1809
11;2025-12-19;12;1884
11;2025-12-19;13;1912
11;2025-12-19;14;2020
11;2025-12-19;15;2096
11;2025-12-19;16;2364
11;2025-12-19;17;2813
11;2025-12-19;18;2496
11;2025-12-19;19;1959
11;2025-12-19;20;1367
11;2025-12-19;21;869
11;2025-12-19;22;416
11;2025-12-19;23;330
11;2025-12-20;0;110
11;2025-12-20;1;2
11;2025-12-20;2;0
11;2025-12-20;3;0
11;2025-12-20;4;1
11;2025-12-20;5;171
11;2025-12-20;6;825
11;2025-12-20;7;766
11;2025-12-20;8;1044
11;2025-12-20;9;1197
11;2025-12-20;10;1396
11;2025-12-20;11;1748
11;2025-12-20;12;1938
11;2025-12-20;13;1886
11;2025-12-20;14;2027
11;2025-12-20;15;1927
11;2025-12-20;16;1867
11;2025-12-20;17;1932
11;2025-12-20;18;1593
11;2025-12-20;19;1491
11;2025-12-20;20;1034
11;2025-12-20;21;755
11;2025-12-20;22;435
11;2025-12-20;23;301
11;2025-12-21;0;113
11;2025-12-21;1;16
11;2025-12-21;2;0
11;2025-12-21;3;1
11;2025-12-21;4;1
11;2025-12-21;5;106
11;2025-12-21;6;486
11;2025-12-21;7;492
11;2025-12-21;8;680
11;2025-12-21;9;928
11;2025-12-21;10;1035
11;2025-12-21;11;1479
11;2025-12-21;12;1584
11;2025-12-21;13;1578
11;2025-12-21;14;1641
11;2025-12-21;15;1615
11;2025-12-21;16;1574
11;2025-12-21;17;1695
11;2025-12-21;18;1294
11;2025-12-21;19;1053
11;2025-12-21;20;818
11;2025-12-21;21;618
11;2025-12-21;22;365
11;2025-12-21;23;254
11;2025-12-22;0;75
11;2025-12-22;1;11
11;2025-12-22;2;0
11;2025-12-22;3;0
11;2025-12-22;4;1
11;2025-12-22;5;244
11;2025-12-22;6;1318
11;2025-12-22;7;2356
11;2025-12-22;8;3127
11;2025-12-22;9;2329
11;2025-12-22;10;1841
11;2025-12-22;11;1843
11;2025-12-22;12;1810
11;2025-12-22;13;1874
11;2025-12-22;14;1929
11;2025-12-22;15;2034
11;2025-12-22;16;2231
11;2025-12-22;17;2782
11;2025-12-22;18;2972
11;2025-12-22;19;2213
11;2025-12-22;20;1289
11;2025-12-22;21;810
11;2025-12-22;22;364
11;2025-12-22;23;222
11;2025-12-23;0;55
11;2025-12-23;1;1
11;2025-12-23;2;0
11;2025-12-23;3;0
11;2025-12-23;4;1
11;2025-12-23;5;240
11;2025-12-23;6;1329
11;2025-12-23;7;2466
11;2025-12-23;8;3290
11;2025-12-23;9;2464
11;2025-12-23;10;1999
11;2025-12-23;11;1865
11;2025-12-23;12;1924
11;2025-12-23;13;2051
11;2025-12-23;14;1965
11;2025-12-23;15;2010
11;2025-12-23;16;2237
11;2025-12-23;17;2881
11;2025-12-23;18;3073
11;2025-12-23;19;2341
11;2025-12-23;20;1532
11;2025-12-23;21;856
11;2025-12-23;22;395
11;2025-12-23;23;249
11;2025-12-24;0;68
11;2025-12-24;1;0
11;2025-12-24;2;0
11;2025-12-24;3;0
11;2025-12-24;4;1
11;2025-12-24;5;259
11;2025-12-24;6;1251
11;2025-12-24;7;2459
11;2025-12-24;8;3148
11;2025-12-24;9;2374
11;2025-12-24;10;1920
11;2025-12-24;11;1930
11;2025-12-24;12;1929
11;2025-12-24;13;2037
11;2025-12-24;14;2012
11;2025-12-24;15;2000
11;2025-12-24;16;2159
11;2025-12-24;17;2743
11;2025-12-24;18;3075
11;2025-12-24;19;2223
11;2025-12-24;20;1420
11;2025-12-24;21;838
11;2025-12-24;22;423
11;2025-12-24;23;256
11;2025-12-25;0;60
11;2025-12-25;1;0
11;2025-12-25;2;0
11;2025-12-25;3;0
11;2025-12-25;4;1
11;2025-12-25;5;248
11;2025-12-25;6;1314
11;2025-12-25;7;2429
11;2025-12-25;8;3199
11;2025-12-25;9;2453
11;2025-12-25;10;2060
11;2025-12-25;11;1897
11;2025-12-25;12;2031
11;2025-12-25;13;2103
11;2025-12-25;14;2081
11;2025-12-25;15;1969
11;2025-12-25;16;2326
11;2025-12-25;17;2829
11;2025-12-25;18;3260
11;2025-12-25;19;2321
11;2025-12-25;20;1497
11;2025-12-25;21;902
11;2025-12-25;22;431
11;2025-12-25;23;269
11;2025-12-26;0;72
11;2025-12-26;1;2
11;2025-12-26;2;0
11;2025-12-26;3;0
11;2025-12-26;4;1
11;2025-12-26;5;257
11;2025-12-26;6;1276
11;2025-12-26;7;2360
11;2025-12-26;8;3172
11;2025-12-26;9;2277
11;2025-12-26;10;1868
11;2025-12-26;11;1815
11;2025-12-26;12;1890
11;2025-12-26;13;1919
11;2025-12-26;14;2027
11;2025-12-26;15;2103
11;2025-12-26;16;2372
11;2025-12-26;17;2823
11;2025-12-26;18;2505
11;2025-12-26;19;1966
11;2025-12-26;20;1372
11;2025-12-26;21;872
11;2025-12-26;22;417
11;2025-12-26;23;331
11;2025-12-27;0;110
11;2025-12-27;1;2
11;2025-12-27;2;0
11;2025-12-27;3;0
11;2025-12-27;4;1
11;2025-12-27;5;171
11;2025-12-27;6;827
11;2025-12-27;7;768
11;2025-12-27;8;1047
11;2025-12-27;9;1200
11;2025-12-27;10;1400
11;2025-12-27;11;1753
11;2025-12-27;12;1943
11;2025-12-27;13;1891
11;2025-12-27;14;2032
11;2025-12-27;15;1933
11;2025-12-27;16;1873
11;2025-12-27;17;1938
11;2025-12-27;18;1598
11;2025-12-27;19;1496
11;2025-12-27;20;1037
11;2025-12-27;21;757
11;2025-12-27;22;436
11;2025-12-27;23;302
11;2025-12-28;0;113
11;2025-12-28;1;16
11;2025-12-28;2;0
11;2025-12-28;3;1
11;2025-12-28;4;1
11;2025-12-28;5;107
11;2025-12-28;6;487
11;2025-12-28;7;493
11;2025-12-28;8;681
11;2025-12-28;9;930
11;2025-12-28;10;1037
11;2025-12-28;11;1483
11;2025-12-28;12;1587
11;2025-12-28;13;1582
11;2025-12-28;14;1645
11;2025-12-28;15;1619
11;2025-12-28;16;1577
11;2025-12-28;17;1699
11;2025-12-28;18;1297
11;2025-12-28;19;1055
11;2025-12-28;20;820
11;2025-12-28;21;620
11;2025-12-28;22;366
11;2025-12-28;23;255
11;2025-12-29;0;69
11;2025-12-29;1;10
11;2025-12-29;2;0
11;2025-12-29;3;0
11;2025-12-29;4;1
11;2025-12-29;5;236
11;2025-12-29;6;1268
11;2025-12-29;7;2243
11;2025-12-29;8;2955
11;2025-12-29;9;2221
11;2025-12-29;10;1739
11;2025-12-29;11;1749
11;2025-12-29;12;1680
11;2025-12-29;13;1770
11;2025-12-29;14;1844
11;2025-12-29;15;1932
11;2025-12-29;16;2094
11;2025-12-29;17;2624
11;2025-12-29;18;2794
11;2025-12-29;19;2037
11;2025-12-29;20;1166
11;2025-12-29;21;730
11;2025-12-29;22;329
11;2025-12-29;23;196
11;2025-12-30;0;50
11;2025-12-30;1;1
11;2025-12-30;2;0
11;2025-12-30;3;0
11;2025-12-30;4;1
11;2025-12-30;5;223
11;2025-12-30;6;1222
11;2025-12-30;7;2224
11;2025-12-30;8;2995
11;2025-12-30;9;2267
11;2025-12-30;10;1838
11;2025-12-30;11;1654
11;2025-12-30;12;1716
11;2025-12-30;13;1864
11;2025-12-30;14;1759
11;2025-12-30;15;1804
11;2025-12-30;16;1975
11;2025-12-30;17;2598
11;2025-12-30;18;2736
11;2025-12-30;19;2088
11;2025-12-30;20;1366
11;2025-12-30;21;743
11;2025-12-30;22;338
11;2025-12-30;23;210
11;2025-12-31;0;97
11;2025-12-31;1;9
11;2025-12-31;2;0
11;2025-12-31;3;0
11;2025-12-31;4;1
11;2025-12-31;5;122
11;2025-12-31;6;535
11;2025-12-31;7;513
11;2025-12-31;8;705
11;2025-12-31;9;897
11;2025-12-31;10;1011
11;2025-12-31;11;1398
11;2025-12-31;12;1498
11;2025-12-31;13;1452
11;2025-12-31;14;1542
11;2025-12-31;15;1496
11;2025-12-31;16;1414
11;2025-12-31;17;1542
11;2025-12-31;18;1196
11;2025-12-31;19;1029
11;2025-12-31;20;779
11;2025-12-31;21;572
11;2025-12-31;22;332
11;2025-12-31;23;230
12;2025-11-01;0;47
12;2025-11-01;1;3
12;2025-11-01;2;0
12;2025-11-01;3;0
12;2025-11-01;4;4
12;2025-11-01;5;288
12;2025-11-01;6;1159
12;2025-11-01;7;1948
12;2025-11-01;8;2382
12;2025-11-01;9;1969
12;2025-11-01;10;1725
12;2025-11-01;11;1739
12;2025-11-01;12;1787
12;2025-11-01;13;1984
12;2025-11-01;14;1841
12;2025-11-01;15;1983
12;2025-11-01;16;2400
12;2025-11-01;17;2377
12;2025-11-01;18;2165
12;2025-11-01;19;1842
12;2025-11-01;20;1229
12;2025-11-01;21;906
12;2025-11-01;22;479
12;2025-11-01;23;316
12;2025-11-02;0;80
12;2025-11-02;1;4
12;2025-11-02;2;0
12;2025-11-02;3;0
12;2025-11-02;4;3
12;2025-11-02;5;133
12;2025-11-02;6;493
12;2025-11-02;7;659
12;2025-11-02;8;695
12;2025-11-02;9;886
12;2025-11-02;10;1094
12;2025-11-02;11;1193
12;2025-11-02;12;1300
12;2025-11-02;13;1512
12;2025-11-02;14;1381
12;2025-11-02;15;1397
12;2025-11-02;16;1394
12;2025-11-02;17;1472
12;2025-11-02;18;1234
12;2025-11-02;19;949
12;2025-11-02;20;736
12;2025-11-02;21;573
12;2025-11-02;22;363
12;2025-11-02;23;192
12;2025-11-03;0;78
12;2025-11-03;1;4
12;2025-11-03;2;0
12;2025-11-03;3;0
12;2025-11-03;4;2
12;2025-11-03;5;154
12;2025-11-03;6;558
12;2025-11-03;7;706
12;2025-11-03;8;764
12;2025-11-03;9;956
12;2025-11-03;10;1166
12;2025-11-03;11;1249
12;2025-11-03;12;1337
12;2025-11-03;13;1549
12;2025-11-03;14;1413
12;2025-11-03;15;1412
12;2025-11-03;16;1439
12;2025-11-03;17;1481
12;2025-11-03;18;1292
12;2025-11-03;19;1038
12;2025-11-03;20;776
12;2025-11-03;21;611
12;2025-11-03;22;369
12;2025-11-03;23;214
12;2025-11-04;0;71
12;2025-11-04;1;3
12;2025-11-04;2;0
12;2025-11-04;3;0
12;2025-11-04;4;2
12;2025-11-04;5;132
12;2025-11-04;6;481
12;2025-11-04;7;621
12;2025-11-04;8;666
12;2025-11-04;9;839
12;2025-11-04;10;1028
12;2025-11-04;11;1109
12;2025-11-04;12;1195
12;2025-11-04;13;1387
12;2025-11-04;14;1266
12;2025-11-04;15;1271
12;2025-11-04;16;1285
12;2025-11-04;17;1335
12;2025-11-04;18;1147
12;2025-11-04;19;906
12;2025-11-04;20;687
12;2025-11-04;21;538
12;2025-11-04;22;332
12;2025-11-04;23;186
12;2025-11-05;0;60
12;2025-11-05;1;1
12;2025-11-05;2;0
12;2025-11-05;3;0
12;2025-11-05;4;7
12;2025-11-05;5;326
12;2025-11-05;6;1418
12;2025-11-05;7;2657
12;2025-11-05;8;3552
12;2025-11-05;9;2564
12;2025-11-05;10;2142
12;2025-11-05;11;2042
12;2025-11-05;12;2060
12;2025-11-05;13;2089
12;2025-11-05;14;1981
12;2025-11-05;15;2269
12;2025-11-05;16;2748
12;2025-11-05;17;3027
12;2025-11-05;18;3100
12;2025-11-05;19;2373
12;2025-11-05;20;1561
12;2025-11-05;21;990
12;2025-11-05;22;490
12;2025-11-05;23;255
12;2025-11-06;0;52
12;2025-11-06;1;2
12;2025-11-06;2;0
12;2025-11-06;3;0
12;2025-11-06;4;7
12;2025-11-06;5;303
12;2025-11-06;6;1374
12;2025-11-06;7;2668
12;2025-11-06;8;3544
12;2025-11-06;9;2520
12;2025-11-06;10;2086
12;2025-11-06;11;1952
12;2025-11-06;12;2032
12;2025-11-06;13;2076
12;2025-11-06;14;1989
12;2025-11-06;15;2246
12;2025-11-06;16;2676
12;2025-11-06;17;2999
12;2025-11-06;18;3163
12;2025-11-06;19;2401
12;2025-11-06;20;1550
12;2025-11-06;21;952
12;2025-11-06;22;485
12;2025-11-06;23;262
12;2025-11-07;0;57
12;2025-11-07;1;1
12;2025-11-07;2;0
12;2025-11-07;3;0
12;2025-11-07;4;4
12;2025-11-07;5;318
12;2025-11-07;6;1368
12;2025-11-07;7;2619
12;2025-11-07;8;3286
12;2025-11-07;9;2417
12;2025-11-07;10;1927
12;2025-11-07;11;1911
12;2025-11-07;12;1956
12;2025-11-07;13;2081
12;2025-11-07;14;1985
12;2025-11-07;15;2280
12;2025-11-07;16;2836
12;2025-11-07;17;2906
12;2025-11-07;18;2569
12;2025-11-07;19;2080
12;2025-11-07;20;1381
12;2025-11-07;21;948
12;2025-11-07;22;487
12;2025-11-07;23;315
12;2025-11-08;0;74
12;2025-11-08;1;3
12;2025-11-08;2;0
12;2025-11-08;3;0
12;2025-11-08;4;2
12;2025-11-08;5;223
12;2025-11-08;6;788
12;2025-11-08;7;891
12;2025-11-08;8;1026
12;2025-11-08;9;1228
12;2025-11-08;10;1451
12;2025-11-08;11;1523
12;2025-11-08;12;1567
12;2025-11-08;13;1766
12;2025-11-08;14;1641
12;2025-11-08;15;1588
12;2025-11-08;16;1707
12;2025-11-08;17;1633
12;2025-11-08;18;1533
12;2025-11-08;19;1350
12;2025-11-08;20;934
12;2025-11-08;21;746
12;2025-11-08;22;399
12;2025-11-08;23;288
12;2025-11-09;0;82
12;2025-11-09;1;4
12;2025-11-09;2;0
12;2025-11-09;3;0
12;2025-11-09;4;3
12;2025-11-09;5;134
12;2025-11-09;6;516
12;2025-11-09;7;684
12;2025-11-09;8;720
12;2025-11-09;9;922
12;2025-11-09;10;1148
12;2025-11-09;11;1261
12;2025-11-09;12;1349
12;2025-11-09;13;1557
12;2025-11-09;14;1473
12;2025-11-09;15;1486
12;2025-11-09;16;1501
12;2025-11-09;17;1518
12;2025-11-09;18;1301
12;2025-11-09;19;1011
12;2025-11-09;20;763
12;2025-11-09;21;592
12;2025-11-09;22;371
12;2025-11-09;23;204
12;2025-11-10;0;54
12;2025-11-10;1;3
12;2025-11-10;2;0
12;2025-11-10;3;0
12;2025-11-10;4;6
12;2025-11-10;5;307
12;2025-11-10;6;1395
12;2025-11-10;7;2629
12;2025-11-10;8;3456
12;2025-11-10;9;2453
12;2025-11-10;10;1944
12;2025-11-10;11;1879
12;2025-11-10;12;2005
12;2025-11-10;13;1959
12;2025-11-10;14;1950
12;2025-11-10;15;2190
12;2025-11-10;16;2659
12;2025-11-10;17;2956
12;2025-11-10;18;3147
12;2025-11-10;19;2306
12;2025-11-10;20;1544
12;2025-11-10;21;923
12;2025-11-10;22;443
12;2025-11-10;23;227
12;2025-11-11;0;48
12;2025-11-11;1;1
12;2025-11-11;2;0
12;2025-11-11;3;0
12;2025-11-11;4;6
12;2025-11-11;5;328
12;2025-11-11;6;1424
12;2025-11-11;7;2770
12;2025-11-11;8;3627
12;2025-11-11;9;2536
12;2025-11-11;10;2085
12;2025-11-11;11;2015
12;2025-11-11;12;2046
12;2025-11-11;13;2096
12;2025-11-11;14;2013
12;2025-11-11;15;2250
12;2025-11-11;16;2671
12;2025-11-11;17;3028
12;2025-11-11;18;3217
12;2025-11-11;19;2370
12;2025-11-11;20;1511
12;2025-11-11;21;919
12;2025-11-11;22;471
12;2025-11-11;23;247
12;2025-11-12;0;60
12;2025-11-12;1;1
12;2025-11-12;2;0
12;2025-11-12;3;0
12;2025-11-12;4;7
12;2025-11-12;5;326
12;2025-11-12;6;1418
12;2025-11-12;7;2657
12;2025-11-12;8;3552
12;2025-11-12;9;2564
12;2025-11-12;10;2142
12;2025-11-12;11;2042
12;2025-11-12;12;2060
12;2025-11-12;13;2089
12;2025-11-12;14;1981
12;2025-11-12;15;2269
12;2025-11-12;16;2748
12;2025-11-12;17;3027
12;2025-11-12;18;3100
12;2025-11-12;19;2373
12;2025-11-12;20;1561
12;2025-11-12;21;990
12;2025-11-12;22;490
12;2025-11-12;23;254
12;2025-11-13;0;52
12;2025-11-13;1;2
12;2025-11-13;2;0
12;2025-11-13;3;0
12;2025-11-13;4;7
12;2025-11-13;5;303
12;2025-11-13;6;1374
12;2025-11-13;7;2669
12;2025-11-13;8;3545
12;2025-11-13;9;2520
12;2025-11-13;10;2086
12;2025-11-13;11;1952
12;2025-11-13;12;2033
12;2025-11-13;13;2077
12;2025-11-13;14;1990
12;2025-11-13;15;2247
12;2025-11-13;16;2676
12;2025-11-13;17;2999
12;2025-11-13;18;3163
12;2025-11-13;19;2400
12;2025-11-13;20;1548
12;2025-11-13;21;951
12;2025-11-13;22;485
12;2025-11-13;23;262
12;2025-11-14;0;57
12;2025-11-14;1;1
12;2025-11-14;2;0
12;2025-11-14;3;0
12;2025-11-14;4;4
12;2025-11-14;5;318
12;2025-11-14;6;1368
12;2025-11-14;7;2619
12;2025-11-14;8;3286
12;2025-11-14;9;2417
12;2025-11-14;10;1927
12;2025-11-14;11;1911
12;2025-11-14;12;1956
12;2025-11-14;13;2081
12;2025-11-14;14;1985
12;2025-11-14;15;2280
12;2025-11-14;16;2836
12;2025-11-14;17;2906
12;2025-11-14;18;2569
12;2025-11-14;19;2080
12;2025-11-14;20;1381
12;2025-11-14;21;948
12;2025-11-14;22;487
12;2025-11-14;23;315
12;2025-11-15;0;74
12;2025-11-15;1;3
12;2025-11-15;2;0
12;2025-11-15;3;0
12;2025-11-15;4;2
12;2025-11-15;5;223
12;2025-11-15;6;788
12;2025-11-15;7;891
12;2025-11-15;8;1027
12;2025-11-15;9;1228
12;2025-11-15;10;1452
12;2025-11-15;11;1523
12;2025-11-15;12;1567
12;2025-11-15;13;1766
12;2025-11-15;14;1642
12;2025-11-15;15;1589
12;2025-11-15;16;1707
12;2025-11-15;17;1632
12;2025-11-15;18;1532
12;2025-11-15;19;1349
12;2025-11-15;20;933
12;2025-11-15;21;746
12;2025-11-15;22;399
12;2025-11-15;23;288
12;2025-11-16;0;82
12;2025-11-16;1;4
12;2025-11-16;2;0
12;2025-11-16;3;0
12;2025-11-16;4;3
12;2025-11-16;5;135
12;2025-11-16;6;516
12;2025-11-16;7;684
12;2025-11-16;8;720
12;2025-11-16;9;923
12;2025-11-16;10;1150
12;2025-11-16;11;1262
12;2025-11-16;12;1350
12;2025-11-16;13;1558
12;2025-11-16;14;1474
12;2025-11-16;15;1487
12;2025-11-16;16;1502
12;2025-11-16;17;1519
12;2025-11-16;18;1301
12;2025-11-16;19;1010
12;2025-11-16;20;763
12;2025-11-16;21;592
12;2025-11-16;22;371
12;2025-11-16;23;204
12;2025-11-17;0;54
12;2025-11-17;1;3
12;2025-11-17;2;0
12;2025-11-17;3;0
12;2025-11-17;4;6
12;2025-11-17;5;308
12;2025-11-17;6;1397
12;2025-11-17;7;2632
12;2025-11-17;8;3459
12;2025-11-17;9;2456
12;2025-11-17;10;1946
12;2025-11-17;11;1881
12;2025-11-17;12;2007
12;2025-11-17;13;1961
12;2025-11-17;14;1952
12;2025-11-17;15;2192
12;2025-11-17;16;2661
12;2025-11-17;17;2959
12;2025-11-17;18;3150
12;2025-11-17;19;2308
12;2025-11-17;20;1546
12;2025-11-17;21;924
12;2025-11-17;22;443
12;2025-11-17;23;227
12;2025-11-18;0;48
12;2025-11-18;1;1
12;2025-11-18;2;0
12;2025-11-18;3;0
12;2025-11-18;4;6
12;2025-11-18;5;328
12;2025-11-18;6;1427
12;2025-11-18;7;2775
12;2025-11-18;8;3633
12;2025-11-18;9;2540
12;2025-11-18;10;2088
12;2025-11-18;11;2019
12;2025-11-18;12;2049
12;2025-11-18;13;2099
12;2025-11-18;14;2016
12;2025-11-18;15;2253
12;2025-11-18;16;2675
12;2025-11-18;17;3032
12;2025-11-18;18;3221
12;2025-11-18;19;2373
12;2025-11-18;20;1513
12;2025-11-18;21;920
12;2025-11-18;22;471
12;2025-11-18;23;246
12;2025-11-19;0;60
12;2025-11-19;1;1
12;2025-11-19;2;0
12;2025-11-19;3;0
12;2025-11-19;4;7
12;2025-11-19;5;327
12;2025-11-19;6;1421
12;2025-11-19;7;2662
12;2025-11-19;8;3559
12;2025-11-19;9;2569
12;2025-11-19;10;2146
12;2025-11-19;11;2046
12;2025-11-19;12;2064
12;2025-11-19;13;2093
12;2025-11-19;14;1985
12;2025-11-19;15;2273
12;2025-11-19;16;2754
12;2025-11-19;17;3033
12;2025-11-19;18;3106
12;2025-11-19;19;2377
12;2025-11-19;20;1564
12;2025-11-19;21;992
12;2025-11-19;22;491
12;2025-11-19;23;254
12;2025-11-20;0;51
12;2025-11-20;1;2
12;2025-11-20;2;0
12;2025-11-20;3;0
12;2025-11-20;4;7
12;2025-11-20;5;304
12;2025-11-20;6;1378
12;2025-11-20;7;2675
12;2025-11-20;8;3554
12;2025-11-20;9;2527
12;2025-11-20;10;2092
12;2025-11-20;11;1957
12;2025-11-20;12;2038
12;2025-11-20;13;2082
12;2025-11-20;14;1995
12;2025-11-20;15;2253
12;2025-11-20;16;2682
12;2025-11-20;17;3007
12;2025-11-20;18;3170
12;2025-11-20;19;2405
12;2025-11-20;20;1551
12;2025-11-20;21;953
12;2025-11-20;22;485
12;2025-11-20;23;261
12;2025-11-21;0;56
12;2025-11-21;1;1
12;2025-11-21;2;0
12;2025-11-21;3;0
12;2025-11-21;4;4
12;2025-11-21;5;319
12;2025-11-21;6;1372
12;2025-11-21;7;2627
12;2025-11-21;8;3295
12;2025-11-21;9;2424
12;2025-11-21;10;1933
12;2025-11-21;11;1917
12;2025-11-21;12;1962
12;2025-11-21;13;2087
12;2025-11-21;14;1992
12;2025-11-21;15;2287
12;2025-11-21;16;2844
12;2025-11-21;17;2914
12;2025-11-21;18;2576
12;2025-11-21;19;2086
12;2025-11-21;20;1385
12;2025-11-21;21;950
12;2025-11-21;22;488
12;2025-11-21;23;315
12;2025-11-22;0;74
12;2025-11-22;1;3
12;2025-11-22;2;0
12;2025-11-22;3;0
12;2025-11-22;4;2
12;2025-11-22;5;223
12;2025-11-22;6;791
12;2025-11-22;7;895
12;2025-11-22;8;1030
12;2025-11-22;9;1233
12;2025-11-22;10;1457
12;2025-11-22;11;1529
12;2025-11-22;12;1573
12;2025-11-22;13;1773
12;2025-11-22;14;1648
12;2025-11-22;15;1594
12;2025-11-22;16;1713
12;2025-11-22;17;1638
12;2025-11-22;18;1537
12;2025-11-22;19;1353
12;2025-11-22;20;935
12;2025-11-22;21;748
12;2025-11-22;22;400
12;2025-11-22;23;289
12;2025-11-23;0;82
12;2025-11-23;1;4
12;2025-11-23;2;0
12;2025-11-23;3;0
12;2025-11-23;4;3
12;2025-11-23;5;135
12;2025-11-23;6;518
12;2025-11-23;7;686
12;2025-11-23;8;723
12;2025-11-23;9;926
12;2025-11-23;10;1154
12;2025-11-23;11;1266
12;2025-11-23;12;1355
12;2025-11-23;13;1564
12;2025-11-23;14;1479
12;2025-11-23;15;1493
12;2025-11-23;16;1507
12;2025-11-23;17;1524
12;2025-11-23;18;1305
12;2025-11-23;19;1014
12;2025-11-23;20;765
12;2025-11-23;21;594
12;2025-11-23;22;373
12;2025-11-23;23;205
12;2025-11-24;0;54
12;2025-11-24;1;3
12;2025-11-24;2;0
12;2025-11-24;3;0
12;2025-11-24;4;6
12;2025-11-24;5;309
12;2025-11-24;6;1401
12;2025-11-24;7;2641
12;2025-11-24;8;3471
12;2025-11-24;9;2464
12;2025-11-24;10;1953
12;2025-11-24;11;1888
12;2025-11-24;12;2014
12;2025-11-24;13;1968
12;2025-11-24;14;1959
12;2025-11-24;15;2200
12;2025-11-24;16;2670
12;2025-11-24;17;2969
12;2025-11-24;18;3161
12;2025-11-24;19;2316
12;2025-11-24;20;1551
12;2025-11-24;21;927
12;2025-11-24;22;445
12;2025-11-24;23;228
12;2025-11-25;0;48
12;2025-11-25;1;1
12;2025-11-25;2;0
12;2025-11-25;3;0
12;2025-11-25;4;6
12;2025-11-25;5;329
12;2025-11-25;6;1432
12;2025-11-25;7;2784
12;2025-11-25;8;3645
12;2025-11-25;9;2549
12;2025-11-25;10;2096
12;2025-11-25;11;2026
12;2025-11-25;12;2056
12;2025-11-25;13;2107
12;2025-11-25;14;2023
12;2025-11-25;15;2261
12;2025-11-25;16;2684
12;2025-11-25;17;3043
12;2025-11-25;18;3233
12;2025-11-25;19;2381
12;2025-11-25;20;1518
12;2025-11-25;21;923
12;2025-11-25;22;473
12;2025-11-25;23;247
12;2025-11-26;0;60
12;2025-11-26;1;1
12;2025-11-26;2;0
12;2025-11-26;3;0
12;2025-11-26;4;7
12;2025-11-26;5;328
12;2025-11-26;6;1426
12;2025-11-26;7;2671
12;2025-11-26;8;3571
12;2025-11-26;9;2577
12;2025-11-26;10;2154
12;2025-11-26;11;2053
12;2025-11-26;12;2071
12;2025-11-26;13;2101
12;2025-11-26;14;1992
12;2025-11-26;15;2281
12;2025-11-26;16;2763
12;2025-11-26;17;3043
12;2025-11-26;18;3116
12;2025-11-26;19;2386
12;2025-11-26;20;1570
12;2025-11-26;21;996
12;2025-11-26;22;492
12;2025-11-26;23;255
12;2025-11-27;0;52
12;2025-11-27;1;2
12;2025-11-27;2;0
12;2025-11-27;3;0
12;2025-11-27;4;7
12;2025-11-27;5;305
12;2025-11-27;6;1383
12;2025-11-27;7;2684
12;2025-11-27;8;3566
12;2025-11-27;9;2535
12;2025-11-27;10;2099
12;2025-11-27;11;1964
12;2025-11-27;12;2045
12;2025-11-27;13;2089
12;2025-11-27;14;2002
12;2025-11-27;15;2261
12;2025-11-27;16;2691
12;2025-11-27;17;3017
12;2025-11-27;18;3181
12;2025-11-27;19;2413
12;2025-11-27;20;1557
12;2025-11-27;21;956
12;2025-11-27;22;487
12;2025-11-27;23;262
12;2025-11-28;0;57
12;2025-11-28;1;1
12;2025-11-28;2;0
12;2025-11-28;3;0
12;2025-11-28;4;4
12;2025-11-28;5;320
12;2025-11-28;6;1377
12;2025-11-28;7;2636
12;2025-11-28;8;3307
12;2025-11-28;9;2432
12;2025-11-28;10;1940
12;2025-11-28;11;1924
12;2025-11-28;12;1968
12;2025-11-28;13;2094
12;2025-11-28;14;1998
12;2025-11-28;15;2295
12;2025-11-28;16;2854
12;2025-11-28;17;2924
12;2025-11-28;18;2585
12;2025-11-28;19;2093
12;2025-11-28;20;1389
12;2025-11-28;21;954
12;2025-11-28;22;490
12;2025-11-28;23;316
12;2025-11-29;0;74
12;2025-11-29;1;3
12;2025-11-29;2;0
12;2025-11-29;3;0
12;2025-11-29;4;2
12;2025-11-29;5;224
12;2025-11-29;6;794
12;2025-11-29;7;898
12;2025-11-29;8;1034
12;2025-11-29;9;1237
12;2025-11-29;10;1462
12;2025-11-29;11;1534
12;2025-11-29;12;1578
12;2025-11-29;13;1779
12;2025-11-29;14;1653
12;2025-11-29;15;1600
12;2025-11-29;16;1719
12;2025-11-29;17;1644
12;2025-11-29;18;1543
12;2025-11-29;19;1358
12;2025-11-29;20;939
12;2025-11-29;21;750
12;2025-11-29;22;401
12;2025-11-29;23;290
12;2025-11-30;0;82
12;2025-11-30;1;4
12;2025-11-30;2;0
12;2025-11-30;3;0
12;2025-11-30;4;3
12;2025-11-30;5;136
12;2025-11-30;6;520
12;2025-11-30;7;689
12;2025-11-30;8;725
12;2025-11-30;9;929
12;2025-11-30;10;1158
12;2025-11-30;11;1271
12;2025-11-30;12;1360
12;2025-11-30;13;1569
12;2025-11-30;14;1484
12;2025-11-30;15;1498
12;2025-11-30;16;1513
12;2025-11-30;17;1529
12;2025-11-30;18;1310
12;2025-11-30;19;1017
12;2025-11-30;20;768
12;2025-11-30;21;596
12;2025-11-30;22;374
12;2025-11-30;23;206
12;2025-12-01;0;55
12;2025-12-01;1;3
12;2025-12-01;2;0
12;2025-12-01;3;0
12;2025-12-01;4;6
12;2025-12-01;5;310
12;2025-12-01;6;1406
12;2025-12-01;7;2650
12;2025-12-01;8;3482
12;2025-12-01;9;2472
12;2025-12-01;10;1960
12;2025-12-01;11;1894
12;2025-12-01;12;2021
12;2025-12-01;13;1975
12;2025-12-01;14;1966
12;2025-12-01;15;2207
12;2025-12-01;16;2680
12;2025-12-01;17;2980
12;2025-12-01;18;3172
12;2025-12-01;19;2324
12;2025-12-01;20;1556
12;2025-12-01;21;930
12;2025-12-01;22;446
12;2025-12-01;23;228
12;2025-12-02;0;49
12;2025-12-02;1;1
12;2025-12-02;2;0
12;2025-12-02;3;0
12;2025-12-02;4;6
12;2025-12-02;5;330
12;2025-12-02;6;1437
12;2025-12-02;7;2794
12;2025-12-02;8;3658
12;2025-12-02;9;2558
12;2025-12-02;10;2103
12;2025-12-02;11;2032
12;2025-12-02;12;2063
12;2025-12-02;13;2114
12;2025-12-02;14;2030
12;2025-12-02;15;2269
12;2025-12-02;16;2693
12;2025-12-02;17;3053
12;2025-12-02;18;3244
12;2025-12-02;19;2389
12;2025-12-02;20;1523
12;2025-12-02;21;926
12;2025-12-02;22;475
12;2025-12-02;23;248
12;2025-12-03;0;60
12;2025-12-03;1;1
12;2025-12-03;2;0
12;2025-12-03;3;0
12;2025-12-03;4;7
12;2025-12-03;5;329
12;2025-12-03;6;1430
12;2025-12-03;7;2680
12;2025-12-03;8;3582
12;2025-12-03;9;2585
12;2025-12-03;10;2161
12;2025-12-03;11;2059
12;2025-12-03;12;2078
12;2025-12-03;13;2107
12;2025-12-03;14;2000
12;2025-12-03;15;2289
12;2025-12-03;16;2772
12;2025-12-03;17;3053
12;2025-12-03;18;3128
12;2025-12-03;19;2394
12;2025-12-03;20;1575
12;2025-12-03;21;999
12;2025-12-03;22;494
12;2025-12-03;23;257
12;2025-12-04;0;52
12;2025-12-04;1;2
12;2025-12-04;2;0
12;2025-12-04;3;0
12;2025-12-04;4;7
12;2025-12-04;5;305
12;2025-12-04;6;1384
12;2025-12-04;7;2687
12;2025-12-04;8;3570
12;2025-12-04;9;2538
12;2025-12-04;10;2101
12;2025-12-04;11;1966
12;2025-12-04;12;2047
12;2025-12-04;13;2094
12;2025-12-04;14;2006
12;2025-12-04;15;2268
12;2025-12-04;16;2700
12;2025-12-04;17;3025
12;2025-12-04;18;3193
12;2025-12-04;19;2424
12;2025-12-04;20;1566
12;2025-12-04;21;971
12;2025-12-04;22;501
12;2025-12-04;23;276
12;2025-12-05;0;57
12;2025-12-05;1;1
12;2025-12-05;2;0
12;2025-12-05;3;0
12;2025-12-05;4;4
12;2025-12-05;5;320
12;2025-12-05;6;1377
12;2025-12-05;7;2637
12;2025-12-05;8;3308
12;2025-12-05;9;2434
12;2025-12-05;10;1941
12;2025-12-05;11;1925
12;2025-12-05;12;1969
12;2025-12-05;13;2097
12;2025-12-05;14;2001
12;2025-12-05;15;2300
12;2025-12-05;16;2858
12;2025-12-05;17;2930
12;2025-12-05;18;2599
12;2025-12-05;19;2107
12;2025-12-05;20;1403
12;2025-12-05;21;972
12;2025-12-05;22;507
12;2025-12-05;23;333
12;2025-12-06;0;75
12;2025-12-06;1;3
12;2025-12-06;2;0
12;2025-12-06;3;0
12;2025-12-06;4;2
12;2025-12-06;5;221
12;2025-12-06;6;792
12;2025-12-06;7;896
12;2025-12-06;8;1033
12;2025-12-06;9;1236
12;2025-12-06;10;1462
12;2025-12-06;11;1535
12;2025-12-06;12;1579
12;2025-12-06;13;1780
12;2025-12-06;14;1655
12;2025-12-06;15;1606
12;2025-12-06;16;1726
12;2025-12-06;17;1651
12;2025-12-06;18;1552
12;2025-12-06;19;1367
12;2025-12-06;20;947
12;2025-12-06;21;761
12;2025-12-06;22;411
12;2025-12-06;23;300
12;2025-12-07;0;83
12;2025-12-07;1;4
12;2025-12-07;2;0
12;2025-12-07;3;0
12;2025-12-07;4;3
12;2025-12-07;5;133
12;2025-12-07;6;518
12;2025-12-07;7;687
12;2025-12-07;8;724
12;2025-12-07;9;928
12;2025-12-07;10;1157
12;2025-12-07;11;1270
12;2025-12-07;12;1359
12;2025-12-07;13;1570
12;2025-12-07;14;1485
12;2025-12-07;15;1504
12;2025-12-07;16;1517
12;2025-12-07;17;1535
12;2025-12-07;18;1319
12;2025-12-07;19;1026
12;2025-12-07;20;776
12;2025-12-07;21;606
12;2025-12-07;22;384
12;2025-12-07;23;216
12;2025-12-08;0;55
12;2025-12-08;1;3
12;2025-12-08;2;0
12;2025-12-08;3;0
12;2025-12-08;4;6
12;2025-12-08;5;306
12;2025-12-08;6;1403
12;2025-12-08;7;2649
12;2025-12-08;8;3483
12;2025-12-08;9;2472
12;2025-12-08;10;1958
12;2025-12-08;11;1893
12;2025-12-08;12;2020
12;2025-12-08;13;1975
12;2025-12-08;14;1967
12;2025-12-08;15;2219
12;2025-12-08;16;2692
12;2025-12-08;17;2992
12;2025-12-08;18;3189
12;2025-12-08;19;2340
12;2025-12-08;20;1571
12;2025-12-08;21;949
12;2025-12-08;22;463
12;2025-12-08;23;246
12;2025-12-09;0;49
12;2025-12-09;1;1
12;2025-12-09;2;0
12;2025-12-09;3;0
12;2025-12-09;4;6
12;2025-12-09;5;326
12;2025-12-09;6;1435
12;2025-12-09;7;2795
12;2025-12-09;8;3661
12;2025-12-09;9;2559
12;2025-12-09;10;2102
12;2025-12-09;11;2032
12;2025-12-09;12;2062
12;2025-12-09;13;2115
12;2025-12-09;14;2032
12;2025-12-09;15;2280
12;2025-12-09;16;2706
12;2025-12-09;17;3067
12;2025-12-09;18;3260
12;2025-12-09;19;2403
12;2025-12-09;20;1536
12;2025-12-09;21;942
12;2025-12-09;22;490
12;2025-12-09;23;263
12;2025-12-10;0;60
12;2025-12-10;1;1
12;2025-12-10;2;0
12;2025-12-10;3;0
12;2025-12-10;4;7
12;2025-12-10;5;325
12;2025-12-10;6;1428
12;2025-12-10;7;2680
12;2025-12-10;8;3584
12;2025-12-10;9;2585
12;2025-12-10;10;2160
12;2025-12-10;11;2058
12;2025-12-10;12;2077
12;2025-12-10;13;2108
12;2025-12-10;14;2000
12;2025-12-10;15;2301
12;2025-12-10;16;2785
12;2025-12-10;17;3067
12;2025-12-10;18;3144
12;2025-12-10;19;2410
12;2025-12-10;20;1589
12;2025-12-10;21;1018
12;2025-12-10;22;512
12;2025-12-10;23;274
12;2025-12-11;0;52
12;2025-12-11;1;2
12;2025-12-11;2;0
12;2025-12-11;3;0
12;2025-12-11;4;7
12;2025-12-11;5;301
12;2025-12-11;6;1385
12;2025-12-11;7;2695
12;2025-12-11;8;3581
12;2025-12-11;9;2545
12;2025-12-11;10;2106
12;2025-12-11;11;1970
12;2025-12-11;12;2052
12;2025-12-11;13;2098
12;2025-12-11;14;2011
12;2025-12-11;15;2279
12;2025-12-11;16;2713
12;2025-12-11;17;3039
12;2025-12-11;18;3208
12;2025-12-11;19;2435
12;2025-12-11;20;1574
12;2025-12-11;21;976
12;2025-12-11;22;504
12;2025-12-11;23;277
12;2025-12-12;0;57
12;2025-12-12;1;1
12;2025-12-12;2;0
12;2025-12-12;3;0
12;2025-12-12;4;4
12;2025-12-12;5;317
12;2025-12-12;6;1379
12;2025-12-12;7;2644
12;2025-12-12;8;3319
12;2025-12-12;9;2440
12;2025-12-12;10;1945
12;2025-12-12;11;1929
12;2025-12-12;12;1974
12;2025-12-12;13;2101
12;2025-12-12;14;2006
12;2025-12-12;15;2312
12;2025-12-12;16;2871
12;2025-12-12;17;2944
12;2025-12-12;18;2612
12;2025-12-12;19;2117
12;2025-12-12;20;1409
12;2025-12-12;21;976
12;2025-12-12;22;509
12;2025-12-12;23;335
12;2025-12-13;0;75
12;2025-12-13;1;3
12;2025-12-13;2;0
12;2025-12-13;3;0
12;2025-12-13;4;2
12;2025-12-13;5;222
12;2025-12-13;6;795
12;2025-12-13;7;899
12;2025-12-13;8;1036
12;2025-12-13;9;1240
12;2025-12-13;10;1467
12;2025-12-13;11;1540
12;2025-12-13;12;1584
12;2025-12-13;13;1786
12;2025-12-13;14;1661
12;2025-12-13;15;1612
12;2025-12-13;16;1732
12;2025-12-13;17;1657
12;2025-12-13;18;1558
12;2025-12-13;19;1371
12;2025-12-13;20;950
12;2025-12-13;21;764
12;2025-12-13;22;413
12;2025-12-13;23;301
12;2025-12-14;0;83
12;2025-12-14;1;4
12;2025-12-14;2;0
12;2025-12-14;3;0
12;2025-12-14;4;3
12;2025-12-14;5;133
12;2025-12-14;6;519
12;2025-12-14;7;690
12;2025-12-14;8;726
12;2025-12-14;9;931
12;2025-12-14;10;1160
12;2025-12-14;11;1275
12;2025-12-14;12;1364
12;2025-12-14;13;1575
12;2025-12-14;14;1490
12;2025-12-14;15;1509
12;2025-12-14;16;1523
12;2025-12-14;17;1540
12;2025-12-14;18;1323
12;2025-12-14;19;1029
12;2025-12-14;20;779
12;2025-12-14;21;608
12;2025-12-14;22;385
12;2025-12-14;23;216
12;2025-12-15;0;55
12;2025-12-15;1;3
12;2025-12-15;2;0
12;2025-12-15;3;0
12;2025-12-15;4;6
12;2025-12-15;5;307
12;2025-12-15;6;1408
12;2025-12-15;7;2658
12;2025-12-15;8;3495
12;2025-12-15;9;2480
12;2025-12-15;10;1965
12;2025-12-15;11;1899
12;2025-12-15;12;2027
12;2025-12-15;13;1982
12;2025-12-15;14;1973
12;2025-12-15;15;2226
12;2025-12-15;16;2701
12;2025-12-15;17;3002
12;2025-12-15;18;3200
12;2025-12-15;19;2348
12;2025-12-15;20;1576
12;2025-12-15;21;952
12;2025-12-15;22;465
12;2025-12-15;23;247
12;2025-12-16;0;49
12;2025-12-16;1;1
12;2025-12-16;2;0
12;2025-12-16;3;0
12;2025-12-16;4;6
12;2025-12-16;5;327
12;2025-12-16;6;1440
12;2025-12-16;7;2804
12;2025-12-16;8;3673
12;2025-12-16;9;2567
12;2025-12-16;10;2109
12;2025-12-16;11;2039
12;2025-12-16;12;2069
12;2025-12-16;13;2122
12;2025-12-16;14;2039
12;2025-12-16;15;2288
12;2025-12-16;16;2715
12;2025-12-16;17;3077
12;2025-12-16;18;3271
12;2025-12-16;19;2411
12;2025-12-16;20;1541
12;2025-12-16;21;946
12;2025-12-16;22;492
12;2025-12-16;23;264
12;2025-12-17;0;61
12;2025-12-17;1;1
12;2025-12-17;2;0
12;2025-12-17;3;0
12;2025-12-17;4;7
12;2025-12-17;5;326
12;2025-12-17;6;1433
12;2025-12-17;7;2689
12;2025-12-17;8;3596
12;2025-12-17;9;2594
12;2025-12-17;10;2167
12;2025-12-17;11;2065
12;2025-12-17;12;2084
12;2025-12-17;13;2115
12;2025-12-17;14;2007
12;2025-12-17;15;2309
12;2025-12-17;16;2794
12;2025-12-17;17;3078
12;2025-12-17;18;3155
12;2025-12-17;19;2418
12;2025-12-17;20;1594
12;2025-12-17;21;1021
12;2025-12-17;22;514
12;2025-12-17;23;275
12;2025-12-18;0;52
12;2025-12-18;1;2
12;2025-12-18;2;0
12;2025-12-18;3;0
12;2025-12-18;4;7
12;2025-12-18;5;302
12;2025-12-18;6;1390
12;2025-12-18;7;2704
12;2025-12-18;8;3593
12;2025-12-18;9;2553
12;2025-12-18;10;2113
12;2025-12-18;11;1976
12;2025-12-18;12;2059
12;2025-12-18;13;2105
12;2025-12-18;14;2018
12;2025-12-18;15;2287
12;2025-12-18;16;2722
12;2025-12-18;17;3050
12;2025-12-18;18;3219
12;2025-12-18;19;2444
12;2025-12-18;20;1580
12;2025-12-18;21;979
12;2025-12-18;22;506
12;2025-12-18;23;278
12;2025-12-19;0;57
12;2025-12-19;1;1
12;2025-12-19;2;0
12;2025-12-19;3;0
12;2025-12-19;4;4
12;2025-12-19;5;318
12;2025-12-19;6;1383
12;2025-12-19;7;2653
12;2025-12-19;8;3330
12;2025-12-19;9;2448
12;2025-12-19;10;1952
12;2025-12-19;11;1936
12;2025-12-19;12;1980
12;2025-12-19;13;2108
12;2025-12-19;14;2013
12;2025-12-19;15;2320
12;2025-12-19;16;2881
12;2025-12-19;17;2955
12;2025-12-19;18;2620
12;2025-12-19;19;2124
12;2025-12-19;20;1414
12;2025-12-19;21;979
12;2025-12-19;22;511
12;2025-12-19;23;336
12;2025-12-20;0;75
12;2025-12-20;1;3
12;2025-12-20;2;0
12;2025-12-20;3;0
12;2025-12-20;4;2
12;2025-12-20;5;223
12;2025-12-20;6;797
12;2025-12-20;7;902
12;2025-12-20;8;1040
12;2025-12-20;9;1244
12;2025-12-20;10;1472
12;2025-12-20;11;1545
12;2025-12-20;12;1589
12;2025-12-20;13;1792
12;2025-12-20;14;1666
12;2025-12-20;15;1618
12;2025-12-20;16;1738
12;2025-12-20;17;1662
12;2025-12-20;18;1563
12;2025-12-20;19;1376
12;2025-12-20;20;953
12;2025-12-20;21;766
12;2025-12-20;22;414
12;2025-12-20;23;302
12;2025-12-21;0;83
12;2025-12-21;1;4
12;2025-12-21;2;0
12;2025-12-21;3;0
12;2025-12-21;4;3
12;2025-12-21;5;133
12;2025-12-21;6;521
12;2025-12-21;7;692
12;2025-12-21;8;729
12;2025-12-21;9;934
12;2025-12-21;10;1164
12;2025-12-21;11;1279
12;2025-12-21;12;1368
12;2025-12-21;13;1580
12;2025-12-21;14;1495
12;2025-12-21;15;1514
12;2025-12-21;16;1528
12;2025-12-21;17;1545
12;2025-12-21;18;1328
12;2025-12-21;19;1033
12;2025-12-21;20;781
12;2025-12-21;21;610
12;2025-12-21;22;386
12;2025-12-21;23;217
12;2025-12-22;0;55
12;2025-12-22;1;3
12;2025-12-22;2;0
12;2025-12-22;3;0
12;2025-12-22;4;6
12;2025-12-22;5;308
12;2025-12-22;6;1413
12;2025-12-22;7;2667
12;2025-12-22;8;3506
12;2025-12-22;9;2488
12;2025-12-22;10;1972
12;2025-12-22;11;1906
12;2025-12-22;12;2033
12;2025-12-22;13;1988
12;2025-12-22;14;1980
12;2025-12-22;15;2234
12;2025-12-22;16;2710
12;2025-12-22;17;3012
12;2025-12-22;18;3211
12;2025-12-22;19;2355
12;2025-12-22;20;1581
12;2025-12-22;21;955
12;2025-12-22;22;467
12;2025-12-22;23;248
12;2025-12-23;0;49
12;2025-12-23;1;1
12;2025-12-23;2;0
12;2025-12-23;3;0
12;2025-12-23;4;6
12;2025-12-23;5;328
12;2025-12-23;6;1445
12;2025-12-23;7;2814
12;2025-12-23;8;3685
12;2025-12-23;9;2576
12;2025-12-23;10;2117
12;2025-12-23;11;2046
12;2025-12-23;12;2076
12;2025-12-23;13;2130
12;2025-12-23;14;2046
12;2025-12-23;15;2296
12;2025-12-23;16;2724
12;2025-12-23;17;3087
12;2025-12-23;18;3283
12;2025-12-23;19;2419
12;2025-12-23;20;1546
12;2025-12-23;21;949
12;2025-12-23;22;493
12;2025-12-23;23;265
12;2025-12-24;0;61
12;2025-12-24;1;1
12;2025-12-24;2;0
12;2025-12-24;3;0
12;2025-12-24;4;7
12;2025-12-24;5;327
12;2025-12-24;6;1437
12;2025-12-24;7;2698
12;2025-12-24;8;3608
12;2025-12-24;9;2603
12;2025-12-24;10;2174
12;2025-12-24;11;2072
12;2025-12-24;12;2091
12;2025-12-24;13;2122
12;2025-12-24;14;2014
12;2025-12-24;15;2317
12;2025-12-24;16;2804
12;2025-12-24;17;3088
12;2025-12-24;18;3166
12;2025-12-24;19;2426
12;2025-12-24;20;1600
12;2025-12-24;21;1024
12;2025-12-24;22;515
12;2025-12-24;23;276
12;2025-12-25;0;52
12;2025-12-25;1;2
12;2025-12-25;2;0
12;2025-12-25;3;0
12;2025-12-25;4;7
12;2025-12-25;5;303
12;2025-12-25;6;1395
12;2025-12-25;7;2713
12;2025-12-25;8;3605
12;2025-12-25;9;2561
12;2025-12-25;10;2120
12;2025-12-25;11;1983
12;2025-12-25;12;2065
12;2025-12-25;13;2112
12;2025-12-25;14;2025
12;2025-12-25;15;2295
12;2025-12-25;16;2731
12;2025-12-25;17;3060
12;2025-12-25;18;3230
12;2025-12-25;19;2452
12;2025-12-25;20;1585
12;2025-12-25;21;982
12;2025-12-25;22;507
12;2025-12-25;23;279
12;2025-12-26;0;57
12;2025-12-26;1;1
12;2025-12-26;2;0
12;2025-12-26;3;0
12;2025-12-26;4;4
12;2025-12-26;5;319
12;2025-12-26;6;1388
12;2025-12-26;7;2662
12;2025-12-26;8;3341
12;2025-12-26;9;2456
12;2025-12-26;10;1958
12;2025-12-26;11;1942
12;2025-12-26;12;1987
12;2025-12-26;13;2115
12;2025-12-26;14;2019
12;2025-12-26;15;2328
12;2025-12-26;16;2890
12;2025-12-26;17;2965
12;2025-12-26;18;2629
12;2025-12-26;19;2131
12;2025-12-26;20;1419
12;2025-12-26;21;983
12;2025-12-26;22;512
12;2025-12-26;23;337
12;2025-12-27;0;75
12;2025-12-27;1;3
12;2025-12-27;2;0
12;2025-12-27;3;0
12;2025-12-27;4;2
12;2025-12-27;5;223
12;2025-12-27;6;800
12;2025-12-27;7;905
12;2025-12-27;8;1043
12;2025-12-27;9;1248
12;2025-12-27;10;1476
12;2025-12-27;11;1550
12;2025-12-27;12;1594
12;2025-12-27;13;1798
12;2025-12-27;14;1671
12;2025-12-27;15;1622
12;2025-12-27;16;1743
12;2025-12-27;17;1667
12;2025-12-27;18;1567
12;2025-12-27;19;1380
12;2025-12-27;20;956
12;2025-12-27;21;769
12;2025-12-27;22;415
12;2025-12-27;23;303
12;2025-12-28;0;83
12;2025-12-28;1;4
12;2025-12-28;2;0
12;2025-12-28;3;0
12;2025-12-28;4;3
12;2025-12-28;5;134
12;2025-12-28;6;522
12;2025-12-28;7;694
12;2025-12-28;8;730
12;2025-12-28;9;936
12;2025-12-28;10;1167
12;2025-12-28;11;1282
12;2025-12-28;12;1371
12;2025-12-28;13;1584
12;2025-12-28;14;1499
12;2025-12-28;15;1518
12;2025-12-28;16;1532
12;2025-12-28;17;1549
12;2025-12-28;18;1331
12;2025-12-28;19;1036
12;2025-12-28;20;783
12;2025-12-28;21;612
12;2025-12-28;22;387
12;2025-12-28;23;218
12;2025-12-29;0;53
12;2025-12-29;1;3
12;2025-12-29;2;0
12;2025-12-29;3;0
12;2025-12-29;4;6
12;2025-12-29;5;298
12;2025-12-29;6;1362
12;2025-12-29;7;2519
12;2025-12-29;8;3370
12;2025-12-29;9;2361
12;2025-12-29;10;1812
12;2025-12-29;11;1748
12;2025-12-29;12;1919
12;2025-12-29;13;1824
12;2025-12-29;14;1859
12;2025-12-29;15;2042
12;2025-12-29;16;2544
12;2025-12-29;17;2815
12;2025-12-29;18;3015
12;2025-12-29;19;2226
12;2025-12-29;20;1508
12;2025-12-29;21;896
12;2025-12-29;22;434
12;2025-12-29;23;222
12;2025-12-30;0;43
12;2025-12-30;1;1
12;2025-12-30;2;0
12;2025-12-30;3;0
12;2025-12-30;4;5
12;2025-12-30;5;307
12;2025-12-30;6;1304
12;2025-12-30;7;2552
12;2025-12-30;8;3352
12;2025-12-30;9;2323
12;2025-12-30;10;1892
12;2025-12-30;11;1859
12;2025-12-30;12;1884
12;2025-12-30;13;1917
12;2025-12-30;14;1841
12;2025-12-30;15;2009
12;2025-12-30;16;2415
12;2025-12-30;17;2759
12;2025-12-30;18;2932
12;2025-12-30;19;2173
12;2025-12-30;20;1384
12;2025-12-30;21;836
12;2025-12-30;22;445
12;2025-12-30;23;230
12;2025-12-31;0;71
12;2025-12-31;1;3
12;2025-12-31;2;0
12;2025-12-31;3;0
12;2025-12-31;4;2
12;2025-12-31;5;151
12;2025-12-31;6;539
12;2025-12-31;7;669
12;2025-12-31;8;731
12;2025-12-31;9;908
12;2025-12-31;10;1102
12;2025-12-31;11;1174
12;2025-12-31;12;1249
12;2025-12-31;13;1444
12;2025-12-31;14;1317
12;2025-12-31;15;1310
12;2025-12-31;16;1345
12;2025-12-31;17;1370
12;2025-12-31;18;1215
12;2025-12-31;19;991
12;2025-12-31;20;731
12;2025-12-31;21;577
12;2025-12-31;22;344
12;2025-12-31;23;206
17;2025-11-01;0;163
17;2025-11-01;1;26
17;2025-11-01;2;0
17;2025-11-01;3;0
17;2025-11-01;4;17
17;2025-11-01;5;244
17;2025-11-01;6;1154
17;2025-11-01;7;2996
17;2025-11-01;8;3879
17;2025-11-01;9;3203
17;2025-11-01;10;2832
17;2025-11-01;11;3054
17;2025-11-01;12;3200
17;2025-11-01;13;3370
17;2025-11-01;14;3453
17;2025-11-01;15;3623
17;2025-11-01;16;4051
17;2025-11-01;17;4250
17;2025-11-01;18;3905
17;2025-11-01;19;2946
17;2025-11-01;20;2220
17;2025-11-01;21;1534
17;2025-11-01;22;835
17;2025-11-01;23;472
17;2025-11-02;0;181
17;2025-11-02;1;24
17;2025-11-02;2;0
17;2025-11-02;3;0
17;2025-11-02;4;3
17;2025-11-02;5;104
17;2025-11-02;6;418
17;2025-11-02;7;807
17;2025-11-02;8;1193
17;2025-11-02;9;1634
17;2025-11-02;10;1938
17;2025-11-02;11;2460
17;2025-11-02;12;2805
17;2025-11-02;13;3044
17;2025-11-02;14;3140
17;2025-11-02;15;3095
17;2025-11-02;16;3011
17;2025-11-02;17;2836
17;2025-11-02;18;2469
17;2025-11-02;19;1995
17;2025-11-02;20;1499
17;2025-11-02;21;1088
17;2025-11-02;22;676
17;2025-11-02;23;306
17;2025-11-03;0;186
17;2025-11-03;1;24
17;2025-11-03;2;0
17;2025-11-03;3;0
17;2025-11-03;4;3
17;2025-11-03;5;110
17;2025-11-03;6;450
17;2025-11-03;7;901
17;2025-11-03;8;1315
17;2025-11-03;9;1762
17;2025-11-03;10;2049
17;2025-11-03;11;2555
17;2025-11-03;12;2893
17;2025-11-03;13;3136
17;2025-11-03;14;3221
17;2025-11-03;15;3186
17;2025-11-03;16;3124
17;2025-11-03;17;2930
17;2025-11-03;18;2577
17;2025-11-03;19;2071
17;2025-11-03;20;1575
17;2025-11-03;21;1145
17;2025-11-03;22;710
17;2025-11-03;23;338
17;2025-11-04;0;166
17;2025-11-04;1;22
17;2025-11-04;2;0
17;2025-11-04;3;0
17;2025-11-04;4;3
17;2025-11-04;5;97
17;2025-11-04;6;396
17;2025-11-04;7;781
17;2025-11-04;8;1145
17;2025-11-04;9;1547
17;2025-11-04;10;1812
17;2025-11-04;11;2275
17;2025-11-04;12;2583
17;2025-11-04;13;2801
17;2025-11-04;14;2882
17;2025-11-04;15;2847
17;2025-11-04;16;2783
17;2025-11-04;17;2614
17;2025-11-04;18;2291
17;2025-11-04;19;1844
17;2025-11-04;20;1396
17;2025-11-04;21;1015
17;2025-11-04;22;630
17;2025-11-04;23;294
17;2025-11-05;0;123
17;2025-11-05;1;11
17;2025-11-05;2;0
17;2025-11-05;3;0
17;2025-11-05;4;26
17;2025-11-05;5;309
17;2025-11-05;6;1515
17;2025-11-05;7;4112
17;2025-11-05;8;5400
17;2025-11-05;9;3864
17;2025-11-05;10;3082
17;2025-11-05;11;3051
17;2025-11-05;12;3066
17;2025-11-05;13;3142
17;2025-11-05;14;3252
17;2025-11-05;15;3357
17;2025-11-05;16;3718
17;2025-11-05;17;4552
17;2025-11-05;18;4786
17;2025-11-05;19;3334
17;2025-11-05;20;2323
17;2025-11-05;21;1473
17;2025-11-05;22;747
17;2025-11-05;23;389
17;2025-11-06;0;135
17;2025-11-06;1;12
17;2025-11-06;2;0
17;2025-11-06;3;0
17;2025-11-06;4;26
17;2025-11-06;5;325
17;2025-11-06;6;1530
17;2025-11-06;7;4095
17;2025-11-06;8;5330
17;2025-11-06;9;3877
17;2025-11-06;10;3114
17;2025-11-06;11;3086
17;2025-11-06;12;3107
17;2025-11-06;13;3187
17;2025-11-06;14;3252
17;2025-11-06;15;3338
17;2025-11-06;16;3806
17;2025-11-06;17;4517
17;2025-11-06;18;4723
17;2025-11-06;19;3415
17;2025-11-06;20;2437
17;2025-11-06;21;1500
17;2025-11-06;22;757
17;2025-11-06;23;396
17;2025-11-07;0;148
17;2025-11-07;1;17
17;2025-11-07;2;0
17;2025-11-07;3;0
17;2025-11-07;4;24
17;2025-11-07;5;317
17;2025-11-07;6;1535
17;2025-11-07;7;4105
17;2025-11-07;8;5287
17;2025-11-07;9;3840
17;2025-11-07;10;3041
17;2025-11-07;11;3065
17;2025-11-07;12;3074
17;2025-11-07;13;3208
17;2025-11-07;14;3284
17;2025-11-07;15;3586
17;2025-11-07;16;4208
17;2025-11-07;17;4755
17;2025-11-07;18;4412
17;2025-11-07;19;3251
17;2025-11-07;20;2398
17;2025-11-07;21;1596
17;2025-11-07;22;806
17;2025-11-07;23;476
17;2025-11-08;0;212
17;2025-11-08;1;27
17;2025-11-08;2;0
17;2025-11-08;3;0
17;2025-11-08;4;5
17;2025-11-08;5;134
17;2025-11-08;6;584
17;2025-11-08;7;1271
17;2025-11-08;8;1814
17;2025-11-08;9;2295
17;2025-11-08;10;2549
17;2025-11-08;11;3038
17;2025-11-08;12;3371
17;2025-11-08;13;3632
17;2025-11-08;14;3663
17;2025-11-08;15;3612
17;2025-11-08;16;3653
17;2025-11-08;17;3402
17;2025-11-08;18;3057
17;2025-11-08;19;2432
17;2025-11-08;20;1885
17;2025-11-08;21;1379
17;2025-11-08;22;835
17;2025-11-08;23;462
17;2025-11-09;0;190
17;2025-11-09;1;25
17;2025-11-09;2;0
17;2025-11-09;3;0
17;2025-11-09;4;3
17;2025-11-09;5;102
17;2025-11-09;6;432
17;2025-11-09;7;848
17;2025-11-09;8;1231
17;2025-11-09;9;1691
17;2025-11-09;10;2008
17;2025-11-09;11;2565
17;2025-11-09;12;2945
17;2025-11-09;13;3195
17;2025-11-09;14;3297
17;2025-11-09;15;3234
17;2025-11-09;16;3173
17;2025-11-09;17;3019
17;2025-11-09;18;2610
17;2025-11-09;19;2067
17;2025-11-09;20;1550
17;2025-11-09;21;1138
17;2025-11-09;22;699
17;2025-11-09;23;332
17;2025-11-10;0;117
17;2025-11-10;1;13
17;2025-11-10;2;0
17;2025-11-10;3;0
17;2025-11-10;4;26
17;2025-11-10;5;301
17;2025-11-10;6;1501
17;2025-11-10;7;4002
17;2025-11-10;8;5289
17;2025-11-10;9;3771
17;2025-11-10;10;2897
17;2025-11-10;11;2867
17;2025-11-10;12;2876
17;2025-11-10;13;2982
17;2025-11-10;14;3022
17;2025-11-10;15;3151
17;2025-11-10;16;3575
17;2025-11-10;17;4312
17;2025-11-10;18;4629
17;2025-11-10;19;3115
17;2025-11-10;20;2183
17;2025-11-10;21;1360
17;2025-11-10;22;645
17;2025-11-10;23;318
17;2025-11-11;0;108
17;2025-11-11;1;10
17;2025-11-11;2;0
17;2025-11-11;3;0
17;2025-11-11;4;25
17;2025-11-11;5;329
17;2025-11-11;6;1548
17;2025-11-11;7;4147
17;2025-11-11;8;5393
17;2025-11-11;9;3865
17;2025-11-11;10;3010
17;2025-11-11;11;2985
17;2025-11-11;12;3003
17;2025-11-11;13;3074
17;2025-11-11;14;3155
17;2025-11-11;15;3254
17;2025-11-11;16;3618
17;2025-11-11;17;4574
17;2025-11-11;18;4848
17;2025-11-11;19;3378
17;2025-11-11;20;2339
17;2025-11-11;21;1450
17;2025-11-11;22;693
17;2025-11-11;23;364
17;2025-11-12;0;124
17;2025-11-12;1;11
17;2025-11-12;2;0
17;2025-11-12;3;0
17;2025-11-12;4;26
17;2025-11-12;5;309
17;2025-11-12;6;1516
17;2025-11-12;7;4113
17;2025-11-12;8;5401
17;2025-11-12;9;3864
17;2025-11-12;10;3081
17;2025-11-12;11;3050
17;2025-11-12;12;3064
17;2025-11-12;13;3141
17;2025-11-12;14;3251
17;2025-11-12;15;3357
17;2025-11-12;16;3718
17;2025-11-12;17;4553
17;2025-11-12;18;4787
17;2025-11-12;19;3335
17;2025-11-12;20;2323
17;2025-11-12;21;1473
17;2025-11-12;22;748
17;2025-11-12;23;388
17;2025-11-13;0;135
17;2025-11-13;1;12
17;2025-11-13;2;0
17;2025-11-13;3;0
17;2025-11-13;4;26
17;2025-11-13;5;325
17;2025-11-13;6;1530
17;2025-11-13;7;4095
17;2025-11-13;8;5330
17;2025-11-13;9;3877
17;2025-11-13;10;3114
17;2025-11-13;11;3086
17;2025-11-13;12;3107
17;2025-11-13;13;3187
17;2025-11-13;14;3252
17;2025-11-13;15;3338
17;2025-11-13;16;3806
17;2025-11-13;17;4517
17;2025-11-13;18;4723
17;2025-11-13;19;3415
17;2025-11-13;20;2437
17;2025-11-13;21;1500
17;2025-11-13;22;757
17;2025-11-13;23;396
17;2025-11-14;0;148
17;2025-11-14;1;17
17;2025-11-14;2;0
17;2025-11-14;3;0
17;2025-11-14;4;24
17;2025-11-14;5;317
17;2025-11-14;6;1535
17;2025-11-14;7;4105
17;2025-11-14;8;5287
17;2025-11-14;9;3840
17;2025-11-14;10;3041
17;2025-11-14;11;3066
17;2025-11-14;12;3075
17;2025-11-14;13;3208
17;2025-11-14;14;3284
17;2025-11-14;15;3586
17;2025-11-14;16;4208
17;2025-11-14;17;4755
17;2025-11-14;18;4412
17;2025-11-14;19;3251
17;2025-11-14;20;2398
17;2025-11-14;21;1595
17;2025-11-14;22;806
17;2025-11-14;23;476
17;2025-11-15;0;212
17;2025-11-15;1;27
17;2025-11-15;2;0
17;2025-11-15;3;0
17;2025-11-15;4;5
17;2025-11-15;5;134
17;2025-11-15;6;584
17;2025-11-15;7;1271
17;2025-11-15;8;1814
17;2025-11-15;9;2295
17;2025-11-15;10;2549
17;2025-11-15;11;3038
17;2025-11-15;12;3371
17;2025-11-15;13;3632
17;2025-11-15;14;3663
17;2025-11-15;15;3612
17;2025-11-15;16;3653
17;2025-11-15;17;3402
17;2025-11-15;18;3057
17;2025-11-15;19;2432
17;2025-11-15;20;1885
17;2025-11-15;21;1379
17;2025-11-15;22;835
17;2025-11-15;23;462
17;2025-11-16;0;190
17;2025-11-16;1;25
17;2025-11-16;2;0
17;2025-11-16;3;0
17;2025-11-16;4;3
17;2025-11-16;5;102
17;2025-11-16;6;432
17;2025-11-16;7;849
17;2025-11-16;8;1232
17;2025-11-16;9;1692
17;2025-11-16;10;2009
17;2025-11-16;11;2566
17;2025-11-16;12;2947
17;2025-11-16;13;3197
17;2025-11-16;14;3299
17;2025-11-16;15;3236
17;2025-11-16;16;3174
17;2025-11-16;17;3021
17;2025-11-16;18;2612
17;2025-11-16;19;2068
17;2025-11-16;20;1551
17;2025-11-16;21;1139
17;2025-11-16;22;700
17;2025-11-16;23;332
17;2025-11-17;0;117
17;2025-11-17;1;13
17;2025-11-17;2;0
17;2025-11-17;3;0
17;2025-11-17;4;26
17;2025-11-17;5;302
17;2025-11-17;6;1503
17;2025-11-17;7;4006
17;2025-11-17;8;5294
17;2025-11-17;9;3775
17;2025-11-17;10;2900
17;2025-11-17;11;2870
17;2025-11-17;12;2879
17;2025-11-17;13;2985
17;2025-11-17;14;3025
17;2025-11-17;15;3154
17;2025-11-17;16;3578
17;2025-11-17;17;4316
17;2025-11-17;18;4633
17;2025-11-17;19;3118
17;2025-11-17;20;2185
17;2025-11-17;21;1362
17;2025-11-17;22;646
17;2025-11-17;23;318
17;2025-11-18;0;108
17;2025-11-18;1;10
17;2025-11-18;2;0
17;2025-11-18;3;0
17;2025-11-18;4;24
17;2025-11-18;5;329
17;2025-11-18;6;1550
17;2025-11-18;7;4154
17;2025-11-18;8;5402
17;2025-11-18;9;3871
17;2025-11-18;10;3016
17;2025-11-18;11;2991
17;2025-11-18;12;3008
17;2025-11-18;13;3079
17;2025-11-18;14;3160
17;2025-11-18;15;3260
17;2025-11-18;16;3623
17;2025-11-18;17;4580
17;2025-11-18;18;4854
17;2025-11-18;19;3383
17;2025-11-18;20;2342
17;2025-11-18;21;1451
17;2025-11-18;22;693
17;2025-11-18;23;363
17;2025-11-19;0;124
17;2025-11-19;1;11
17;2025-11-19;2;0
17;2025-11-19;3;0
17;2025-11-19;4;26
17;2025-11-19;5;309
17;2025-11-19;6;1519
17;2025-11-19;7;4121
17;2025-11-19;8;5411
17;2025-11-19;9;3871
17;2025-11-19;10;3088
17;2025-11-19;11;3057
17;2025-11-19;12;3071
17;2025-11-19;13;3147
17;2025-11-19;14;3258
17;2025-11-19;15;3364
17;2025-11-19;16;3725
17;2025-11-19;17;4561
17;2025-11-19;18;4796
17;2025-11-19;19;3341
17;2025-11-19;20;2327
17;2025-11-19;21;1476
17;2025-11-19;22;749
17;2025-11-19;23;388
17;2025-11-20;0;135
17;2025-11-20;1;12
17;2025-11-20;2;0
17;2025-11-20;3;0
17;2025-11-20;4;26
17;2025-11-20;5;326
17;2025-11-20;6;1533
17;2025-11-20;7;4106
17;2025-11-20;8;5344
17;2025-11-20;9;3887
17;2025-11-20;10;3123
17;2025-11-20;11;3095
17;2025-11-20;12;3115
17;2025-11-20;13;3196
17;2025-11-20;14;3261
17;2025-11-20;15;3347
17;2025-11-20;16;3815
17;2025-11-20;17;4528
17;2025-11-20;18;4734
17;2025-11-20;19;3423
17;2025-11-20;20;2442
17;2025-11-20;21;1502
17;2025-11-20;22;757
17;2025-11-20;23;395
17;2025-11-21;0;148
17;2025-11-21;1;17
17;2025-11-21;2;0
17;2025-11-21;3;0
17;2025-11-21;4;24
17;2025-11-21;5;318
17;2025-11-21;6;1540
17;2025-11-21;7;4118
17;2025-11-21;8;5302
17;2025-11-21;9;3852
17;2025-11-21;10;3051
17;2025-11-21;11;3075
17;2025-11-21;12;3084
17;2025-11-21;13;3218
17;2025-11-21;14;3294
17;2025-11-21;15;3597
17;2025-11-21;16;4220
17;2025-11-21;17;4769
17;2025-11-21;18;4425
17;2025-11-21;19;3260
17;2025-11-21;20;2405
17;2025-11-21;21;1600
17;2025-11-21;22;809
17;2025-11-21;23;477
17;2025-11-22;0;212
17;2025-11-22;1;27
17;2025-11-22;2;0
17;2025-11-22;3;0
17;2025-11-22;4;5
17;2025-11-22;5;135
17;2025-11-22;6;586
17;2025-11-22;7;1276
17;2025-11-22;8;1821
17;2025-11-22;9;2303
17;2025-11-22;10;2558
17;2025-11-22;11;3049
17;2025-11-22;12;3383
17;2025-11-22;13;3645
17;2025-11-22;14;3677
17;2025-11-22;15;3625
17;2025-11-22;16;3666
17;2025-11-22;17;3413
17;2025-11-22;18;3068
17;2025-11-22;19;2440
17;2025-11-22;20;1891
17;2025-11-22;21;1382
17;2025-11-22;22;837
17;2025-11-22;23;462
17;2025-11-23;0;190
17;2025-11-23;1;25
17;2025-11-23;2;0
17;2025-11-23;3;0
17;2025-11-23;4;3
17;2025-11-23;5;103
17;2025-11-23;6;434
17;2025-11-23;7;852
17;2025-11-23;8;1236
17;2025-11-23;9;1698
17;2025-11-23;10;2015
17;2025-11-23;11;2575
17;2025-11-23;12;2957
17;2025-11-23;13;3208
17;2025-11-23;14;3310
17;2025-11-23;15;3247
17;2025-11-23;16;3185
17;2025-11-23;17;3031
17;2025-11-23;18;2621
17;2025-11-23;19;2075
17;2025-11-23;20;1557
17;2025-11-23;21;1143
17;2025-11-23;22;702
17;2025-11-23;23;334
17;2025-11-24;0;117
17;2025-11-24;1;13
17;2025-11-24;2;0
17;2025-11-24;3;0
17;2025-11-24;4;26
17;2025-11-24;5;303
17;2025-11-24;6;1508
17;2025-11-24;7;4019
17;2025-11-24;8;5312
17;2025-11-24;9;3787
17;2025-11-24;10;2910
17;2025-11-24;11;2880
17;2025-11-24;12;2889
17;2025-11-24;13;2996
17;2025-11-24;14;3035
17;2025-11-24;15;3166
17;2025-11-24;16;3590
17;2025-11-24;17;4332
17;2025-11-24;18;4649
17;2025-11-24;19;3129
17;2025-11-24;20;2194
17;2025-11-24;21;1366
17;2025-11-24;22;648
17;2025-11-24;23;319
17;2025-11-25;0;108
17;2025-11-25;1;10
17;2025-11-25;2;0
17;2025-11-25;3;0
17;2025-11-25;4;25
17;2025-11-25;5;330
17;2025-11-25;6;1555
17;2025-11-25;7;4168
17;2025-11-25;8;5420
17;2025-11-25;9;3884
17;2025-11-25;10;3027
17;2025-11-25;11;3001
17;2025-11-25;12;3018
17;2025-11-25;13;3090
17;2025-11-25;14;3171
17;2025-11-25;15;3272
17;2025-11-25;16;3636
17;2025-11-25;17;4596
17;2025-11-25;18;4871
17;2025-11-25;19;3394
17;2025-11-25;20;2350
17;2025-11-25;21;1456
17;2025-11-25;22;696
17;2025-11-25;23;364
17;2025-11-26;0;123
17;2025-11-26;1;11
17;2025-11-26;2;0
17;2025-11-26;3;0
17;2025-11-26;4;26
17;2025-11-26;5;310
17;2025-11-26;6;1524
17;2025-11-26;7;4134
17;2025-11-26;8;5429
17;2025-11-26;9;3885
17;2025-11-26;10;3098
17;2025-11-26;11;3067
17;2025-11-26;12;3082
17;2025-11-26;13;3158
17;2025-11-26;14;3269
17;2025-11-26;15;3376
17;2025-11-26;16;3738
17;2025-11-26;17;4577
17;2025-11-26;18;4812
17;2025-11-26;19;3353
17;2025-11-26;20;2335
17;2025-11-26;21;1481
17;2025-11-26;22;751
17;2025-11-26;23;389
17;2025-11-27;0;135
17;2025-11-27;1;12
17;2025-11-27;2;0
17;2025-11-27;3;0
17;2025-11-27;4;26
17;2025-11-27;5;327
17;2025-11-27;6;1539
17;2025-11-27;7;4119
17;2025-11-27;8;5362
17;2025-11-27;9;3900
17;2025-11-27;10;3133
17;2025-11-27;11;3105
17;2025-11-27;12;3126
17;2025-11-27;13;3206
17;2025-11-27;14;3272
17;2025-11-27;15;3359
17;2025-11-27;16;3828
17;2025-11-27;17;4543
17;2025-11-27;18;4750
17;2025-11-27;19;3434
17;2025-11-27;20;2450
17;2025-11-27;21;1507
17;2025-11-27;22;760
17;2025-11-27;23;396
17;2025-11-28;0;148
17;2025-11-28;1;17
17;2025-11-28;2;0
17;2025-11-28;3;0
17;2025-11-28;4;24
17;2025-11-28;5;319
17;2025-11-28;6;1545
17;2025-11-28;7;4132
17;2025-11-28;8;5321
17;2025-11-28;9;3865
17;2025-11-28;10;3061
17;2025-11-28;11;3086
17;2025-11-28;12;3094
17;2025-11-28;13;3229
17;2025-11-28;14;3305
17;2025-11-28;15;3609
17;2025-11-28;16;4234
17;2025-11-28;17;4785
17;2025-11-28;18;4440
17;2025-11-28;19;3271
17;2025-11-28;20;2413
17;2025-11-28;21;1605
17;2025-11-28;22;811
17;2025-11-28;23;478
17;2025-11-29;0;213
17;2025-11-29;1;27
17;2025-11-29;2;0
17;2025-11-29;3;0
17;2025-11-29;4;5
17;2025-11-29;5;135
17;2025-11-29;6;588
17;2025-11-29;7;1280
17;2025-11-29;8;1827
17;2025-11-29;9;2312
17;2025-11-29;10;2567
17;2025-11-29;11;3060
17;2025-11-29;12;3394
17;2025-11-29;13;3657
17;2025-11-29;14;3689
17;2025-11-29;15;3637
17;2025-11-29;16;3678
17;2025-11-29;17;3426
17;2025-11-29;18;3078
17;2025-11-29;19;2448
17;2025-11-29;20;1897
17;2025-11-29;21;1387
17;2025-11-29;22;840
17;2025-11-29;23;464
17;2025-11-30;0;191
17;2025-11-30;1;25
17;2025-11-30;2;0
17;2025-11-30;3;0
17;2025-11-30;4;3
17;2025-11-30;5;103
17;2025-11-30;6;435
17;2025-11-30;7;854
17;2025-11-30;8;1240
17;2025-11-30;9;1704
17;2025-11-30;10;2022
17;2025-11-30;11;2584
17;2025-11-30;12;2967
17;2025-11-30;13;3219
17;2025-11-30;14;3321
17;2025-11-30;15;3258
17;2025-11-30;16;3196
17;2025-11-30;17;3042
17;2025-11-30;18;2630
17;2025-11-30;19;2082
17;2025-11-30;20;1562
17;2025-11-30;21;1147
17;2025-11-30;22;704
17;2025-11-30;23;335
17;2025-12-01;0;117
17;2025-12-01;1;13
17;2025-12-01;2;0
17;2025-12-01;3;0
17;2025-12-01;4;26
17;2025-12-01;5;304
17;2025-12-01;6;1513
17;2025-12-01;7;4033
17;2025-12-01;8;5330
17;2025-12-01;9;3800
17;2025-12-01;10;2920
17;2025-12-01;11;2889
17;2025-12-01;12;2899
17;2025-12-01;13;3006
17;2025-12-01;14;3046
17;2025-12-01;15;3177
17;2025-12-01;16;3603
17;2025-12-01;17;4347
17;2025-12-01;18;4665
17;2025-12-01;19;3140
17;2025-12-01;20;2201
17;2025-12-01;21;1371
17;2025-12-01;22;650
17;2025-12-01;23;320
17;2025-12-02;0;108
17;2025-12-02;1;10
17;2025-12-02;2;0
17;2025-12-02;3;0
17;2025-12-02;4;25
17;2025-12-02;5;331
17;2025-12-02;6;1561
17;2025-12-02;7;4181
17;2025-12-02;8;5438
17;2025-12-02;9;3897
17;2025-12-02;10;3037
17;2025-12-02;11;3012
17;2025-12-02;12;3029
17;2025-12-02;13;3101
17;2025-12-02;14;3182
17;2025-12-02;15;3283
17;2025-12-02;16;3648
17;2025-12-02;17;4612
17;2025-12-02;18;4887
17;2025-12-02;19;3406
17;2025-12-02;20;2358
17;2025-12-02;21;1461
17;2025-12-02;22;698
17;2025-12-02;23;365
17;2025-12-03;0;124
17;2025-12-03;1;11
17;2025-12-03;2;0
17;2025-12-03;3;0
17;2025-12-03;4;26
17;2025-12-03;5;312
17;2025-12-03;6;1528
17;2025-12-03;7;4148
17;2025-12-03;8;5447
17;2025-12-03;9;3897
17;2025-12-03;10;3108
17;2025-12-03;11;3077
17;2025-12-03;12;3092
17;2025-12-03;13;3169
17;2025-12-03;14;3279
17;2025-12-03;15;3387
17;2025-12-03;16;3750
17;2025-12-03;17;4592
17;2025-12-03;18;4829
17;2025-12-03;19;3365
17;2025-12-03;20;2345
17;2025-12-03;21;1487
17;2025-12-03;22;755
17;2025-12-03;23;392
17;2025-12-04;0;135
17;2025-12-04;1;12
17;2025-12-04;2;0
17;2025-12-04;3;0
17;2025-12-04;4;26
17;2025-12-04;5;325
17;2025-12-04;6;1536
17;2025-12-04;7;4115
17;2025-12-04;8;5357
17;2025-12-04;9;3896
17;2025-12-04;10;3130
17;2025-12-04;11;3102
17;2025-12-04;12;3123
17;2025-12-04;13;3206
17;2025-12-04;14;3271
17;2025-12-04;15;3380
17;2025-12-04;16;3850
17;2025-12-04;17;4565
17;2025-12-04;18;4775
17;2025-12-04;19;3461
17;2025-12-04;20;2476
17;2025-12-04;21;1535
17;2025-12-04;22;784
17;2025-12-04;23;420
17;2025-12-05;0;148
17;2025-12-05;1;17
17;2025-12-05;2;0
17;2025-12-05;3;0
17;2025-12-05;4;24
17;2025-12-05;5;319
17;2025-12-05;6;1543
17;2025-12-05;7;4126
17;2025-12-05;8;5314
17;2025-12-05;9;3860
17;2025-12-05;10;3057
17;2025-12-05;11;3082
17;2025-12-05;12;3091
17;2025-12-05;13;3227
17;2025-12-05;14;3303
17;2025-12-05;15;3628
17;2025-12-05;16;4252
17;2025-12-05;17;4802
17;2025-12-05;18;4468
17;2025-12-05;19;3301
17;2025-12-05;20;2443
17;2025-12-05;21;1636
17;2025-12-05;22;840
17;2025-12-05;23;507
17;2025-12-06;0;213
17;2025-12-06;1;28
17;2025-12-06;2;0
17;2025-12-06;3;0
17;2025-12-06;4;5
17;2025-12-06;5;124
17;2025-12-06;6;579
17;2025-12-06;7;1268
17;2025-12-06;8;1817
17;2025-12-06;9;2301
17;2025-12-06;10;2556
17;2025-12-06;11;3051
17;2025-12-06;12;3386
17;2025-12-06;13;3651
17;2025-12-06;14;3683
17;2025-12-06;15;3662
17;2025-12-06;16;3705
17;2025-12-06;17;3451
17;2025-12-06;18;3109
17;2025-12-06;19;2478
17;2025-12-06;20;1926
17;2025-12-06;21;1414
17;2025-12-06;22;864
17;2025-12-06;23;487
17;2025-12-07;0;191
17;2025-12-07;1;26
17;2025-12-07;2;0
17;2025-12-07;3;0
17;2025-12-07;4;3
17;2025-12-07;5;94
17;2025-12-07;6;427
17;2025-12-07;7;844
17;2025-12-07;8;1229
17;2025-12-07;9;1694
17;2025-12-07;10;2012
17;2025-12-07;11;2575
17;2025-12-07;12;2958
17;2025-12-07;13;3212
17;2025-12-07;14;3315
17;2025-12-07;15;3279
17;2025-12-07;16;3218
17;2025-12-07;17;3063
17;2025-12-07;18;2657
17;2025-12-07;19;2109
17;2025-12-07;20;1588
17;2025-12-07;21;1172
17;2025-12-07;22;727
17;2025-12-07;23;356
17;2025-12-08;0;117
17;2025-12-08;1;13
17;2025-12-08;2;0
17;2025-12-08;3;0
17;2025-12-08;4;27
17;2025-12-08;5;291
17;2025-12-08;6;1502
17;2025-12-08;7;4021
17;2025-12-08;8;5321
17;2025-12-08;9;3789
17;2025-12-08;10;2906
17;2025-12-08;11;2877
17;2025-12-08;12;2886
17;2025-12-08;13;2996
17;2025-12-08;14;3036
17;2025-12-08;15;3207
17;2025-12-08;16;3633
17;2025-12-08;17;4378
17;2025-12-08;18;4703
17;2025-12-08;19;3176
17;2025-12-08;20;2237
17;2025-12-08;21;1405
17;2025-12-08;22;680
17;2025-12-08;23;348
17;2025-12-09;0;107
17;2025-12-09;1;10
17;2025-12-09;2;0
17;2025-12-09;3;0
17;2025-12-09;4;25
17;2025-12-09;5;318
17;2025-12-09;6;1549
17;2025-12-09;7;4172
17;2025-12-09;8;5432
17;2025-12-09;9;3886
17;2025-12-09;10;3024
17;2025-12-09;11;3001
17;2025-12-09;12;3018
17;2025-12-09;13;3093
17;2025-12-09;14;3173
17;2025-12-09;15;3314
17;2025-12-09;16;3680
17;2025-12-09;17;4646
17;2025-12-09;18;4927
17;2025-12-09;19;3442
17;2025-12-09;20;2392
17;2025-12-09;21;1493
17;2025-12-09;22;724
17;2025-12-09;23;391
17;2025-12-10;0;124
17;2025-12-10;1;11
17;2025-12-10;2;0
17;2025-12-10;3;0
17;2025-12-10;4;27
17;2025-12-10;5;298
17;2025-12-10;6;1517
17;2025-12-10;7;4137
17;2025-12-10;8;5439
17;2025-12-10;9;3885
17;2025-12-10;10;3094
17;2025-12-10;11;3064
17;2025-12-10;12;3078
17;2025-12-10;13;3157
17;2025-12-10;14;3268
17;2025-12-10;15;3418
17;2025-12-10;16;3784
17;2025-12-10;17;4627
17;2025-12-10;18;4870
17;2025-12-10;19;3404
17;2025-12-10;20;2381
17;2025-12-10;21;1522
17;2025-12-10;22;785
17;2025-12-10;23;422
17;2025-12-11;0;136
17;2025-12-11;1;12
17;2025-12-11;2;0
17;2025-12-11;3;0
17;2025-12-11;4;27
17;2025-12-11;5;313
17;2025-12-11;6;1533
17;2025-12-11;7;4124
17;2025-12-11;8;5373
17;2025-12-11;9;3903
17;2025-12-11;10;3132
17;2025-12-11;11;3105
17;2025-12-11;12;3124
17;2025-12-11;13;3208
17;2025-12-11;14;3274
17;2025-12-11;15;3403
17;2025-12-11;16;3874
17;2025-12-11;17;4594
17;2025-12-11;18;4806
17;2025-12-11;19;3484
17;2025-12-11;20;2492
17;2025-12-11;21;1545
17;2025-12-11;22;789
17;2025-12-11;23;423
17;2025-12-12;0;148
17;2025-12-12;1;17
17;2025-12-12;2;0
17;2025-12-12;3;0
17;2025-12-12;4;25
17;2025-12-12;5;307
17;2025-12-12;6;1539
17;2025-12-12;7;4133
17;2025-12-12;8;5329
17;2025-12-12;9;3866
17;2025-12-12;10;3059
17;2025-12-12;11;3084
17;2025-12-12;12;3092
17;2025-12-12;13;3229
17;2025-12-12;14;3306
17;2025-12-12;15;3652
17;2025-12-12;16;4279
17;2025-12-12;17;4833
17;2025-12-12;18;4496
17;2025-12-12;19;3322
17;2025-12-12;20;2459
17;2025-12-12;21;1646
17;2025-12-12;22;845
17;2025-12-12;23;511
17;2025-12-13;0;214
17;2025-12-13;1;28
17;2025-12-13;2;0
17;2025-12-13;3;0
17;2025-12-13;4;5
17;2025-12-13;5;125
17;2025-12-13;6;581
17;2025-12-13;7;1273
17;2025-12-13;8;1823
17;2025-12-13;9;2309
17;2025-12-13;10;2565
17;2025-12-13;11;3061
17;2025-12-13;12;3398
17;2025-12-13;13;3664
17;2025-12-13;14;3695
17;2025-12-13;15;3674
17;2025-12-13;16;3717
17;2025-12-13;17;3463
17;2025-12-13;18;3120
17;2025-12-13;19;2487
17;2025-12-13;20;1932
17;2025-12-13;21;1419
17;2025-12-13;22;866
17;2025-12-13;23;489
17;2025-12-14;0;191
17;2025-12-14;1;26
17;2025-12-14;2;0
17;2025-12-14;3;0
17;2025-12-14;4;3
17;2025-12-14;5;94
17;2025-12-14;6;428
17;2025-12-14;7;847
17;2025-12-14;8;1234
17;2025-12-14;9;1700
17;2025-12-14;10;2018
17;2025-12-14;11;2584
17;2025-12-14;12;2968
17;2025-12-14;13;3223
17;2025-12-14;14;3326
17;2025-12-14;15;3290
17;2025-12-14;16;3229
17;2025-12-14;17;3074
17;2025-12-14;18;2666
17;2025-12-14;19;2116
17;2025-12-14;20;1593
17;2025-12-14;21;1176
17;2025-12-14;22;729
17;2025-12-14;23;358
17;2025-12-15;0;117
17;2025-12-15;1;13
17;2025-12-15;2;0
17;2025-12-15;3;0
17;2025-12-15;4;27
17;2025-12-15;5;292
17;2025-12-15;6;1507
17;2025-12-15;7;4035
17;2025-12-15;8;5339
17;2025-12-15;9;3801
17;2025-12-15;10;2916
17;2025-12-15;11;2887
17;2025-12-15;12;2896
17;2025-12-15;13;3006
17;2025-12-15;14;3046
17;2025-12-15;15;3218
17;2025-12-15;16;3646
17;2025-12-15;17;4393
17;2025-12-15;18;4719
17;2025-12-15;19;3187
17;2025-12-15;20;2244
17;2025-12-15;21;1410
17;2025-12-15;22;682
17;2025-12-15;23;350
17;2025-12-16;0;108
17;2025-12-16;1;10
17;2025-12-16;2;0
17;2025-12-16;3;0
17;2025-12-16;4;25
17;2025-12-16;5;319
17;2025-12-16;6;1555
17;2025-12-16;7;4185
17;2025-12-16;8;5450
17;2025-12-16;9;3899
17;2025-12-16;10;3034
17;2025-12-16;11;3011
17;2025-12-16;12;3028
17;2025-12-16;13;3103
17;2025-12-16;14;3184
17;2025-12-16;15;3326
17;2025-12-16;16;3693
17;2025-12-16;17;4662
17;2025-12-16;18;4944
17;2025-12-16;19;3454
17;2025-12-16;20;2400
17;2025-12-16;21;1498
17;2025-12-16;22;727
17;2025-12-16;23;392
17;2025-12-17;0;125
17;2025-12-17;1;11
17;2025-12-17;2;0
17;2025-12-17;3;0
17;2025-12-17;4;27
17;2025-12-17;5;299
17;2025-12-17;6;1522
17;2025-12-17;7;4150
17;2025-12-17;8;5457
17;2025-12-17;9;3898
17;2025-12-17;10;3104
17;2025-12-17;11;3074
17;2025-12-17;12;3088
17;2025-12-17;13;3168
17;2025-12-17;14;3279
17;2025-12-17;15;3430
17;2025-12-17;16;3797
17;2025-12-17;17;4643
17;2025-12-17;18;4886
17;2025-12-17;19;3415
17;2025-12-17;20;2390
17;2025-12-17;21;1528
17;2025-12-17;22;787
17;2025-12-17;23;423
17;2025-12-18;0;136
17;2025-12-18;1;12
17;2025-12-18;2;0
17;2025-12-18;3;0
17;2025-12-18;4;27
17;2025-12-18;5;315
17;2025-12-18;6;1538
17;2025-12-18;7;4137
17;2025-12-18;8;5391
17;2025-12-18;9;3916
17;2025-12-18;10;3142
17;2025-12-18;11;3115
17;2025-12-18;12;3135
17;2025-12-18;13;3219
17;2025-12-18;14;3285
17;2025-12-18;15;3414
17;2025-12-18;16;3887
17;2025-12-18;17;4610
17;2025-12-18;18;4823
17;2025-12-18;19;3495
17;2025-12-18;20;2501
17;2025-12-18;21;1550
17;2025-12-18;22;792
17;2025-12-18;23;425
17;2025-12-19;0;149
17;2025-12-19;1;18
17;2025-12-19;2;0
17;2025-12-19;3;0
17;2025-12-19;4;25
17;2025-12-19;5;308
17;2025-12-19;6;1544
17;2025-12-19;7;4147
17;2025-12-19;8;5347
17;2025-12-19;9;3880
17;2025-12-19;10;3069
17;2025-12-19;11;3094
17;2025-12-19;12;3102
17;2025-12-19;13;3240
17;2025-12-19;14;3317
17;2025-12-19;15;3664
17;2025-12-19;16;4294
17;2025-12-19;17;4849
17;2025-12-19;18;4511
17;2025-12-19;19;3334
17;2025-12-19;20;2467
17;2025-12-19;21;1652
17;2025-12-19;22;848
17;2025-12-19;23;513
17;2025-12-20;0;215
17;2025-12-20;1;28
17;2025-12-20;2;0
17;2025-12-20;3;0
17;2025-12-20;4;5
17;2025-12-20;5;125
17;2025-12-20;6;582
17;2025-12-20;7;1277
17;2025-12-20;8;1829
17;2025-12-20;9;2317
17;2025-12-20;10;2574
17;2025-12-20;11;3072
17;2025-12-20;12;3409
17;2025-12-20;13;3676
17;2025-12-20;14;3708
17;2025-12-20;15;3687
17;2025-12-20;16;3730
17;2025-12-20;17;3475
17;2025-12-20;18;3130
17;2025-12-20;19;2495
17;2025-12-20;20;1939
17;2025-12-20;21;1424
17;2025-12-20;22;869
17;2025-12-20;23;490
17;2025-12-21;0;192
17;2025-12-21;1;26
17;2025-12-21;2;0
17;2025-12-21;3;0
17;2025-12-21;4;3
17;2025-12-21;5;94
17;2025-12-21;6;429
17;2025-12-21;7;850
17;2025-12-21;8;1238
17;2025-12-21;9;1705
17;2025-12-21;10;2025
17;2025-12-21;11;2593
17;2025-12-21;12;2978
17;2025-12-21;13;3234
17;2025-12-21;14;3337
17;2025-12-21;15;3301
17;2025-12-21;16;3240
17;2025-12-21;17;3085
17;2025-12-21;18;2675
17;2025-12-21;19;2123
17;2025-12-21;20;1598
17;2025-12-21;21;1180
17;2025-12-21;22;732
17;2025-12-21;23;359
17;2025-12-22;0;118
17;2025-12-22;1;13
17;2025-12-22;2;0
17;2025-12-22;3;0
17;2025-12-22;4;27
17;2025-12-22;5;293
17;2025-12-22;6;1512
17;2025-12-22;7;4048
17;2025-12-22;8;5357
17;2025-12-22;9;3814
17;2025-12-22;10;2926
17;2025-12-22;11;2897
17;2025-12-22;12;2906
17;2025-12-22;13;3017
17;2025-12-22;14;3056
17;2025-12-22;15;3229
17;2025-12-22;16;3658
17;2025-12-22;17;4408
17;2025-12-22;18;4735
17;2025-12-22;19;3199
17;2025-12-22;20;2252
17;2025-12-22;21;1415
17;2025-12-22;22;684
17;2025-12-22;23;351
17;2025-12-23;0;108
17;2025-12-23;1;10
17;2025-12-23;2;0
17;2025-12-23;3;0
17;2025-12-23;4;25
17;2025-12-23;5;320
17;2025-12-23;6;1560
17;2025-12-23;7;4199
17;2025-12-23;8;5468
17;2025-12-23;9;3912
17;2025-12-23;10;3045
17;2025-12-23;11;3021
17;2025-12-23;12;3038
17;2025-12-23;13;3114
17;2025-12-23;14;3194
17;2025-12-23;15;3337
17;2025-12-23;16;3705
17;2025-12-23;17;4678
17;2025-12-23;18;4961
17;2025-12-23;19;3465
17;2025-12-23;20;2408
17;2025-12-23;21;1503
17;2025-12-23;22;729
17;2025-12-23;23;393
17;2025-12-24;0;125
17;2025-12-24;1;11
17;2025-12-24;2;0
17;2025-12-24;3;0
17;2025-12-24;4;27
17;2025-12-24;5;300
17;2025-12-24;6;1527
17;2025-12-24;7;4164
17;2025-12-24;8;5475
17;2025-12-24;9;3911
17;2025-12-24;10;3115
17;2025-12-24;11;3084
17;2025-12-24;12;3098
17;2025-12-24;13;3178
17;2025-12-24;14;3290
17;2025-12-24;15;3441
17;2025-12-24;16;3810
17;2025-12-24;17;4659
17;2025-12-24;18;4902
17;2025-12-24;19;3427
17;2025-12-24;20;2398
17;2025-12-24;21;1533
17;2025-12-24;22;790
17;2025-12-24;23;425
17;2025-12-25;0;137
17;2025-12-25;1;12
17;2025-12-25;2;0
17;2025-12-25;3;0
17;2025-12-25;4;27
17;2025-12-25;5;316
17;2025-12-25;6;1543
17;2025-12-25;7;4151
17;2025-12-25;8;5409
17;2025-12-25;9;3929
17;2025-12-25;10;3153
17;2025-12-25;11;3125
17;2025-12-25;12;3145
17;2025-12-25;13;3230
17;2025-12-25;14;3295
17;2025-12-25;15;3426
17;2025-12-25;16;3901
17;2025-12-25;17;4625
17;2025-12-25;18;4839
17;2025-12-25;19;3507
17;2025-12-25;20;2509
17;2025-12-25;21;1555
17;2025-12-25;22;794
17;2025-12-25;23;426
17;2025-12-26;0;149
17;2025-12-26;1;18
17;2025-12-26;2;0
17;2025-12-26;3;0
17;2025-12-26;4;25
17;2025-12-26;5;309
17;2025-12-26;6;1550
17;2025-12-26;7;4161
17;2025-12-26;8;5366
17;2025-12-26;9;3893
17;2025-12-26;10;3079
17;2025-12-26;11;3105
17;2025-12-26;12;3112
17;2025-12-26;13;3251
17;2025-12-26;14;3328
17;2025-12-26;15;3677
17;2025-12-26;16;4308
17;2025-12-26;17;4866
17;2025-12-26;18;4526
17;2025-12-26;19;3345
17;2025-12-26;20;2475
17;2025-12-26;21;1658
17;2025-12-26;22;851
17;2025-12-26;23;515
17;2025-12-27;0;215
17;2025-12-27;1;28
17;2025-12-27;2;0
17;2025-12-27;3;0
17;2025-12-27;4;5
17;2025-12-27;5;125
17;2025-12-27;6;584
17;2025-12-27;7;1281
17;2025-12-27;8;1835
17;2025-12-27;9;2323
17;2025-12-27;10;2581
17;2025-12-27;11;3080
17;2025-12-27;12;3419
17;2025-12-27;13;3687
17;2025-12-27;14;3718
17;2025-12-27;15;3697
17;2025-12-27;16;3741
17;2025-12-27;17;3485
17;2025-12-27;18;3140
17;2025-12-27;19;2502
17;2025-12-27;20;1944
17;2025-12-27;21;1428
17;2025-12-27;22;872
17;2025-12-27;23;492
17;2025-12-28;0;193
17;2025-12-28;1;26
17;2025-12-28;2;0
17;2025-12-28;3;0
17;2025-12-28;4;3
17;2025-12-28;5;94
17;2025-12-28;6;430
17;2025-12-28;7;852
17;2025-12-28;8;1240
17;2025-12-28;9;1709
17;2025-12-28;10;2030
17;2025-12-28;11;2599
17;2025-12-28;12;2985
17;2025-12-28;13;3242
17;2025-12-28;14;3345
17;2025-12-28;15;3309
17;2025-12-28;16;3248
17;2025-12-28;17;3092
17;2025-12-28;18;2682
17;2025-12-28;19;2128
17;2025-12-28;20;1602
17;2025-12-28;21;1183
17;2025-12-28;22;733
17;2025-12-28;23;360
17;2025-12-29;0;111
17;2025-12-29;1;13
17;2025-12-29;2;0
17;2025-12-29;3;0
17;2025-12-29;4;25
17;2025-12-29;5;287
17;2025-12-29;6;1458
17;2025-12-29;7;3877
17;2025-12-29;8;5121
17;2025-12-29;9;3620
17;2025-12-29;10;2767
17;2025-12-29;11;2710
17;2025-12-29;12;2735
17;2025-12-29;13;2823
17;2025-12-29;14;2876
17;2025-12-29;15;2987
17;2025-12-29;16;3437
17;2025-12-29;17;4112
17;2025-12-29;18;4453
17;2025-12-29;19;2903
17;2025-12-29;20;2041
17;2025-12-29;21;1296
17;2025-12-29;22;619
17;2025-12-29;23;305
17;2025-12-30;0;98
17;2025-12-30;1;9
17;2025-12-30;2;0
17;2025-12-30;3;0
17;2025-12-30;4;23
17;2025-12-30;5;299
17;2025-12-30;6;1430
17;2025-12-30;7;3884
17;2025-12-30;8;4955
17;2025-12-30;9;3553
17;2025-12-30;10;2749
17;2025-12-30;11;2731
17;2025-12-30;12;2742
17;2025-12-30;13;2763
17;2025-12-30;14;2873
17;2025-12-30;15;2915
17;2025-12-30;16;3281
17;2025-12-30;17;4201
17;2025-12-30;18;4493
17;2025-12-30;19;3115
17;2025-12-30;20;2145
17;2025-12-30;21;1330
17;2025-12-30;22;632
17;2025-12-30;23;331
17;2025-12-31;0;175
17;2025-12-31;1;23
17;2025-12-31;2;0
17;2025-12-31;3;0
17;2025-12-31;4;3
17;2025-12-31;5;105
17;2025-12-31;6;427
17;2025-12-31;7;866
17;2025-12-31;8;1259
17;2025-12-31;9;1675
17;2025-12-31;10;1933
17;2025-12-31;11;2394
17;2025-12-31;12;2703
17;2025-12-31;13;2929
17;2025-12-31;14;3004
17;2025-12-31;15;2976
17;2025-12-31;16;2925
17;2025-12-31;17;2740
17;2025-12-31;18;2419
17;2025-12-31;19;1939
17;2025-12-31;20;1482
17;2025-12-31;21;1079
17;2025-12-31;22;668
17;2025-12-31;23;326
25;2025-11-01;0;1
25;2025-11-01;1;0
25;2025-11-01;2;0
25;2025-11-01;3;0
25;2025-11-01;4;0
25;2025-11-01;5;15
25;2025-11-01;6;204
25;2025-11-01;7;395
25;2025-11-01;8;653
25;2025-11-01;9;392
25;2025-11-01;10;369
25;2025-11-01;11;437
25;2025-11-01;12;434
25;2025-11-01;13;609
25;2025-11-01;14;574
25;2025-11-01;15;705
25;2025-11-01;16;779
25;2025-11-01;17;708
25;2025-11-01;18;633
25;2025-11-01;19;541
25;2025-11-01;20;308
25;2025-11-01;21;225
25;2025-11-01;22;125
25;2025-11-01;23;30
25;2025-11-02;0;16
25;2025-11-02;1;0
25;2025-11-02;2;0
25;2025-11-02;3;0
25;2025-11-02;4;0
25;2025-11-02;5;9
25;2025-11-02;6;95
25;2025-11-02;7;102
25;2025-11-02;8;194
25;2025-11-02;9;218
25;2025-11-02;10;221
25;2025-11-02;11;313
25;2025-11-02;12;369
25;2025-11-02;13;484
25;2025-11-02;14;552
25;2025-11-02;15;638
25;2025-11-02;16;535
25;2025-11-02;17;519
25;2025-11-02;18;418
25;2025-11-02;19;309
25;2025-11-02;20;237
25;2025-11-02;21;157
25;2025-11-02;22;99
25;2025-11-02;23;37
25;2025-11-03;0;13
25;2025-11-03;1;0
25;2025-11-03;2;0
25;2025-11-03;3;0
25;2025-11-03;4;0
25;2025-11-03;5;10
25;2025-11-03;6;101
25;2025-11-03;7;109
25;2025-11-03;8;221
25;2025-11-03;9;232
25;2025-11-03;10;236
25;2025-11-03;11;331
25;2025-11-03;12;375
25;2025-11-03;13;519
25;2025-11-03;14;574
25;2025-11-03;15;664
25;2025-11-03;16;570
25;2025-11-03;17;527
25;2025-11-03;18;439
25;2025-11-03;19;341
25;2025-11-03;20;241
25;2025-11-03;21;167
25;2025-11-03;22;103
25;2025-11-03;23;39
25;2025-11-04;0;13
25;2025-11-04;1;0
25;2025-11-04;2;0
25;2025-11-04;3;0
25;2025-11-04;4;0
25;2025-11-04;5;9
25;2025-11-04;6;89
25;2025-11-04;7;96
25;2025-11-04;8;190
25;2025-11-04;9;204
25;2025-11-04;10;208
25;2025-11-04;11;293
25;2025-11-04;12;337
25;2025-11-04;13;457
25;2025-11-04;14;511
25;2025-11-04;15;591
25;2025-11-04;16;502
25;2025-11-04;17;474
25;2025-11-04;18;389
25;2025-11-04;19;297
25;2025-11-04;20;216
25;2025-11-04;21;147
25;2025-11-04;22;92
25;2025-11-04;23;34
25;2025-11-05;0;1
25;2025-11-05;1;0
25;2025-11-05;2;0
25;2025-11-05;3;0
25;2025-11-05;4;0
25;2025-11-05;5;20
25;2025-11-05;6;257
25;2025-11-05;7;546
25;2025-11-05;8;923
25;2025-11-05;9;499
25;2025-11-05;10;408
25;2025-11-05;11;465
25;2025-11-05;12;467
25;2025-11-05;13;581
25;2025-11-05;14;449
25;2025-11-05;15;601
25;2025-11-05;16;684
25;2025-11-05;17;860
25;2025-11-05;18;875
25;2025-11-05;19;642
25;2025-11-05;20;358
25;2025-11-05;21;268
25;2025-11-05;22;113
25;2025-11-05;23;13
25;2025-11-06;0;2
25;2025-11-06;1;0
25;2025-11-06;2;0
25;2025-11-06;3;0
25;2025-11-06;4;0
25;2025-11-06;5;22
25;2025-11-06;6;249
25;2025-11-06;7;536
25;2025-11-06;8;883
25;2025-11-06;9;479
25;2025-11-06;10;417
25;2025-11-06;11;450
25;2025-11-06;12;438
25;2025-11-06;13;529
25;2025-11-06;14;520
25;2025-11-06;15;618
25;2025-11-06;16;703
25;2025-11-06;17;765
25;2025-11-06;18;794
25;2025-11-06;19;602
25;2025-11-06;20;319
25;2025-11-06;21;217
25;2025-11-06;22;100
25;2025-11-06;23;11
25;2025-11-07;0;1
25;2025-11-07;1;0
25;2025-11-07;2;0
25;2025-11-07;3;0
25;2025-11-07;4;0
25;2025-11-07;5;16
25;2025-11-07;6;253
25;2025-11-07;7;557
25;2025-11-07;8;877
25;2025-11-07;9;473
25;2025-11-07;10;410
25;2025-11-07;11;449
25;2025-11-07;12;445
25;2025-11-07;13;557
25;2025-11-07;14;494
25;2025-11-07;15;634
25;2025-11-07;16;783
25;2025-11-07;17;780
25;2025-11-07;18;715
25;2025-11-07;19;582
25;2025-11-07;20;343
25;2025-11-07;21;230
25;2025-11-07;22;118
25;2025-11-07;23;20
25;2025-11-08;0;7
25;2025-11-08;1;0
25;2025-11-08;2;0
25;2025-11-08;3;0
25;2025-11-08;4;0
25;2025-11-08;5;17
25;2025-11-08;6;129
25;2025-11-08;7;163
25;2025-11-08;8;323
25;2025-11-08;9;300
25;2025-11-08;10;305
25;2025-11-08;11;405
25;2025-11-08;12;433
25;2025-11-08;13;642
25;2025-11-08;14;646
25;2025-11-08;15;731
25;2025-11-08;16;697
25;2025-11-08;17;590
25;2025-11-08;18;531
25;2025-11-08;19;457
25;2025-11-08;20;274
25;2025-11-08;21;214
25;2025-11-08;22;123
25;2025-11-08;23;46
25;2025-11-09;0;17
25;2025-11-09;1;0
25;2025-11-09;2;0
25;2025-11-09;3;0
25;2025-11-09;4;0
25;2025-11-09;5;9
25;2025-11-09;6;99
25;2025-11-09;7;116
25;2025-11-09;8;199
25;2025-11-09;9;229
25;2025-11-09;10;237
25;2025-11-09;11;330
25;2025-11-09;12;392
25;2025-11-09;13;504
25;2025-11-09;14;561
25;2025-11-09;15;623
25;2025-11-09;16;557
25;2025-11-09;17;544
25;2025-11-09;18;446
25;2025-11-09;19;323
25;2025-11-09;20;241
25;2025-11-09;21;166
25;2025-11-09;22;104
25;2025-11-09;23;36
25;2025-11-10;0;8
25;2025-11-10;1;0
25;2025-11-10;2;0
25;2025-11-10;3;0
25;2025-11-10;4;0
25;2025-11-10;5;20
25;2025-11-10;6;243
25;2025-11-10;7;542
25;2025-11-10;8;941
25;2025-11-10;9;527
25;2025-11-10;10;361
25;2025-11-10;11;420
25;2025-11-10;12;423
25;2025-11-10;13;548
25;2025-11-10;14;471
25;2025-11-10;15;519
25;2025-11-10;16;684
25;2025-11-10;17;760
25;2025-11-10;18;767
25;2025-11-10;19;578
25;2025-11-10;20;329
25;2025-11-10;21;205
25;2025-11-10;22;92
25;2025-11-10;23;13
25;2025-11-11;0;3
25;2025-11-11;1;0
25;2025-11-11;2;0
25;2025-11-11;3;0
25;2025-11-11;4;0
25;2025-11-11;5;17
25;2025-11-11;6;245
25;2025-11-11;7;537
25;2025-11-11;8;926
25;2025-11-11;9;481
25;2025-11-11;10;381
25;2025-11-11;11;424
25;2025-11-11;12;427
25;2025-11-11;13;489
25;2025-11-11;14;463
25;2025-11-11;15;566
25;2025-11-11;16;659
25;2025-11-11;17;742
25;2025-11-11;18;760
25;2025-11-11;19;573
25;2025-11-11;20;330
25;2025-11-11;21;216
25;2025-11-11;22;93
25;2025-11-11;23;10
25;2025-11-12;0;1
25;2025-11-12;1;0
25;2025-11-12;2;0
25;2025-11-12;3;0
25;2025-11-12;4;0
25;2025-11-12;5;20
25;2025-11-12;6;257
25;2025-11-12;7;547
25;2025-11-12;8;923
25;2025-11-12;9;499
25;2025-11-12;10;408
25;2025-11-12;11;464
25;2025-11-12;12;467
25;2025-11-12;13;581
25;2025-11-12;14;449
25;2025-11-12;15;601
25;2025-11-12;16;684
25;2025-11-12;17;860
25;2025-11-12;18;875
25;2025-11-12;19;642
25;2025-11-12;20;358
25;2025-11-12;21;268
25;2025-11-12;22;113
25;2025-11-12;23;13
25;2025-11-13;0;2
25;2025-11-13;1;0
25;2025-11-13;2;0
25;2025-11-13;3;0
25;2025-11-13;4;0
25;2025-11-13;5;22
25;2025-11-13;6;250
25;2025-11-13;7;537
25;2025-11-13;8;884
25;2025-11-13;9;479
25;2025-11-13;10;417
25;2025-11-13;11;449
25;2025-11-13;12;438
25;2025-11-13;13;529
25;2025-11-13;14;520
25;2025-11-13;15;618
25;2025-11-13;16;703
25;2025-11-13;17;764
25;2025-11-13;18;793
25;2025-11-13;19;601
25;2025-11-13;20;319
25;2025-11-13;21;217
25;2025-11-13;22;100
25;2025-11-13;23;11
25;2025-11-14;0;1
25;2025-11-14;1;0
25;2025-11-14;2;0
25;2025-11-14;3;0
25;2025-11-14;4;0
25;2025-11-14;5;16
25;2025-11-14;6;254
25;2025-11-14;7;557
25;2025-11-14;8;877
25;2025-11-14;9;474
25;2025-11-14;10;410
25;2025-11-14;11;449
25;2025-11-14;12;445
25;2025-11-14;13;557
25;2025-11-14;14;494
25;2025-11-14;15;634
25;2025-11-14;16;783
25;2025-11-14;17;780
25;2025-11-14;18;715
25;2025-11-14;19;582
25;2025-11-14;20;343
25;2025-11-14;21;230
25;2025-11-14;22;118
25;2025-11-14;23;20
25;2025-11-15;0;7
25;2025-11-15;1;0
25;2025-11-15;2;0
25;2025-11-15;3;0
25;2025-11-15;4;0
25;2025-11-15;5;17
25;2025-11-15;6;129
25;2025-11-15;7;163
25;2025-11-15;8;323
25;2025-11-15;9;300
25;2025-11-15;10;305
25;2025-11-15;11;405
25;2025-11-15;12;433
25;2025-11-15;13;642
25;2025-11-15;14;646
25;2025-11-15;15;731
25;2025-11-15;16;697
25;2025-11-15;17;590
25;2025-11-15;18;531
25;2025-11-15;19;457
25;2025-11-15;20;274
25;2025-11-15;21;214
25;2025-11-15;22;123
25;2025-11-15;23;46
25;2025-11-16;0;17
25;2025-11-16;1;0
25;2025-11-16;2;0
25;2025-11-16;3;0
25;2025-11-16;4;0
25;2025-11-16;5;9
25;2025-11-16;6;99
25;2025-11-16;7;116
25;2025-11-16;8;199
25;2025-11-16;9;229
25;2025-11-16;10;237
25;2025-11-16;11;330
25;2025-11-16;12;392
25;2025-11-16;13;504
25;2025-11-16;14;561
25;2025-11-16;15;624
25;2025-11-16;16;558
25;2025-11-16;17;545
25;2025-11-16;18;446
25;2025-11-16;19;323
25;2025-11-16;20;241
25;2025-11-16;21;166
25;2025-11-16;22;104
25;2025-11-16;23;36
25;2025-11-17;0;8
25;2025-11-17;1;0
25;2025-11-17;2;0
25;2025-11-17;3;0
25;2025-11-17;4;0
25;2025-11-17;5;20
25;2025-11-17;6;243
25;2025-11-17;7;543
25;2025-11-17;8;942
25;2025-11-17;9;528
25;2025-11-17;10;362
25;2025-11-17;11;420
25;2025-11-17;12;424
25;2025-11-17;13;549
25;2025-11-17;14;472
25;2025-11-17;15;520
25;2025-11-17;16;684
25;2025-11-17;17;761
25;2025-11-17;18;768
25;2025-11-17;19;578
25;2025-11-17;20;329
25;2025-11-17;21;205
25;2025-11-17;22;92
25;2025-11-17;23;13
25;2025-11-18;0;3
25;2025-11-18;1;0
25;2025-11-18;2;0
25;2025-11-18;3;0
25;2025-11-18;4;0
25;2025-11-18;5;17
25;2025-11-18;6;246
25;2025-11-18;7;538
25;2025-11-18;8;927
25;2025-11-18;9;482
25;2025-11-18;10;381
25;2025-11-18;11;425
25;2025-11-18;12;427
25;2025-11-18;13;489
25;2025-11-18;14;464
25;2025-11-18;15;567
25;2025-11-18;16;660
25;2025-11-18;17;743
25;2025-11-18;18;761
25;2025-11-18;19;574
25;2025-11-18;20;331
25;2025-11-18;21;216
25;2025-11-18;22;93
25;2025-11-18;23;10
25;2025-11-19;0;1
25;2025-11-19;1;0
25;2025-11-19;2;0
25;2025-11-19;3;0
25;2025-11-19;4;0
25;2025-11-19;5;20
25;2025-11-19;6;257
25;2025-11-19;7;548
25;2025-11-19;8;925
25;2025-11-19;9;500
25;2025-11-19;10;409
25;2025-11-19;11;466
25;2025-11-19;12;468
25;2025-11-19;13;582
25;2025-11-19;14;450
25;2025-11-19;15;602
25;2025-11-19;16;686
25;2025-11-19;17;861
25;2025-11-19;18;876
25;2025-11-19;19;643
25;2025-11-19;20;359
25;2025-11-19;21;269
25;2025-11-19;22;113
25;2025-11-19;23;13
25;2025-11-20;0;2
25;2025-11-20;1;0
25;2025-11-20;2;0
25;2025-11-20;3;0
25;2025-11-20;4;0
25;2025-11-20;5;22
25;2025-11-20;6;250
25;2025-11-20;7;538
25;2025-11-20;8;886
25;2025-11-20;9;480
25;2025-11-20;10;418
25;2025-11-20;11;451
25;2025-11-20;12;439
25;2025-11-20;13;530
25;2025-11-20;14;521
25;2025-11-20;15;619
25;2025-11-20;16;704
25;2025-11-20;17;766
25;2025-11-20;18;795
25;2025-11-20;19;603
25;2025-11-20;20;320
25;2025-11-20;21;217
25;2025-11-20;22;100
25;2025-11-20;23;11
25;2025-11-21;0;1
25;2025-11-21;1;0
25;2025-11-21;2;0
25;2025-11-21;3;0
25;2025-11-21;4;0
25;2025-11-21;5;16
25;2025-11-21;6;254
25;2025-11-21;7;559
25;2025-11-21;8;879
25;2025-11-21;9;475
25;2025-11-21;10;411
25;2025-11-21;11;451
25;2025-11-21;12;447
25;2025-11-21;13;559
25;2025-11-21;14;496
25;2025-11-21;15;636
25;2025-11-21;16;785
25;2025-11-21;17;783
25;2025-11-21;18;717
25;2025-11-21;19;584
25;2025-11-21;20;344
25;2025-11-21;21;230
25;2025-11-21;22;118
25;2025-11-21;23;19
25;2025-11-22;0;7
25;2025-11-22;1;0
25;2025-11-22;2;0
25;2025-11-22;3;0
25;2025-11-22;4;0
25;2025-11-22;5;17
25;2025-11-22;6;129
25;2025-11-22;7;163
25;2025-11-22;8;324
25;2025-11-22;9;302
25;2025-11-22;10;306
25;2025-11-22;11;407
25;2025-11-22;12;434
25;2025-11-22;13;644
25;2025-11-22;14;648
25;2025-11-22;15;734
25;2025-11-22;16;699
25;2025-11-22;17;592
25;2025-11-22;18;533
25;2025-11-22;19;458
25;2025-11-22;20;275
25;2025-11-22;21;214
25;2025-11-22;22;124
25;2025-11-22;23;46
25;2025-11-23;0;17
25;2025-11-23;1;0
25;2025-11-23;2;0
25;2025-11-23;3;0
25;2025-11-23;4;0
25;2025-11-23;5;9
25;2025-11-23;6;99
25;2025-11-23;7;116
25;2025-11-23;8;200
25;2025-11-23;9;230
25;2025-11-23;10;238
25;2025-11-23;11;332
25;2025-11-23;12;393
25;2025-11-23;13;506
25;2025-11-23;14;563
25;2025-11-23;15;626
25;2025-11-23;16;559
25;2025-11-23;17;546
25;2025-11-23;18;448
25;2025-11-23;19;324
25;2025-11-23;20;242
25;2025-11-23;21;166
25;2025-11-23;22;104
25;2025-11-23;23;36
25;2025-11-24;0;8
25;2025-11-24;1;0
25;2025-11-24;2;0
25;2025-11-24;3;0
25;2025-11-24;4;0
25;2025-11-24;5;20
25;2025-11-24;6;244
25;2025-11-24;7;545
25;2025-11-24;8;945
25;2025-11-24;9;530
25;2025-11-24;10;363
25;2025-11-24;11;422
25;2025-11-24;12;425
25;2025-11-24;13;551
25;2025-11-24;14;473
25;2025-11-24;15;522
25;2025-11-24;16;687
25;2025-11-24;17;764
25;2025-11-24;18;771
25;2025-11-24;19;580
25;2025-11-24;20;330
25;2025-11-24;21;206
25;2025-11-24;22;92
25;2025-11-24;23;13
25;2025-11-25;0;3
25;2025-11-25;1;0
25;2025-11-25;2;0
25;2025-11-25;3;0
25;2025-11-25;4;0
25;2025-11-25;5;17
25;2025-11-25;6;246
25;2025-11-25;7;540
25;2025-11-25;8;930
25;2025-11-25;9;484
25;2025-11-25;10;383
25;2025-11-25;11;426
25;2025-11-25;12;429
25;2025-11-25;13;491
25;2025-11-25;14;466
25;2025-11-25;15;569
25;2025-11-25;16;662
25;2025-11-25;17;745
25;2025-11-25;18;763
25;2025-11-25;19;576
25;2025-11-25;20;332
25;2025-11-25;21;217
25;2025-11-25;22;94
25;2025-11-25;23;10
25;2025-11-26;0;1
25;2025-11-26;1;0
25;2025-11-26;2;0
25;2025-11-26;3;0
25;2025-11-26;4;0
25;2025-11-26;5;20
25;2025-11-26;6;258
25;2025-11-26;7;550
25;2025-11-26;8;928
25;2025-11-26;9;501
25;2025-11-26;10;411
25;2025-11-26;11;467
25;2025-11-26;12;469
25;2025-11-26;13;584
25;2025-11-26;14;452
25;2025-11-26;15;604
25;2025-11-26;16;688
25;2025-11-26;17;864
25;2025-11-26;18;879
25;2025-11-26;19;645
25;2025-11-26;20;360
25;2025-11-26;21;270
25;2025-11-26;22;114
25;2025-11-26;23;13
25;2025-11-27;0;2
25;2025-11-27;1;0
25;2025-11-27;2;0
25;2025-11-27;3;0
25;2025-11-27;4;0
25;2025-11-27;5;22
25;2025-11-27;6;251
25;2025-11-27;7;540
25;2025-11-27;8;889
25;2025-11-27;9;482
25;2025-11-27;10;419
25;2025-11-27;11;452
25;2025-11-27;12;440
25;2025-11-27;13;532
25;2025-11-27;14;523
25;2025-11-27;15;621
25;2025-11-27;16;707
25;2025-11-27;17;769
25;2025-11-27;18;798
25;2025-11-27;19;605
25;2025-11-27;20;321
25;2025-11-27;21;218
25;2025-11-27;22;101
25;2025-11-27;23;11
25;2025-11-28;0;1
25;2025-11-28;1;0
25;2025-11-28;2;0
25;2025-11-28;3;0
25;2025-11-28;4;0
25;2025-11-28;5;16
25;2025-11-28;6;255
25;2025-11-28;7;561
25;2025-11-28;8;882
25;2025-11-28;9;477
25;2025-11-28;10;412
25;2025-11-28;11;452
25;2025-11-28;12;449
25;2025-11-28;13;561
25;2025-11-28;14;497
25;2025-11-28;15;638
25;2025-11-28;16;788
25;2025-11-28;17;785
25;2025-11-28;18;719
25;2025-11-28;19;586
25;2025-11-28;20;345
25;2025-11-28;21;231
25;2025-11-28;22;118
25;2025-11-28;23;19
25;2025-11-29;0;6
25;2025-11-29;1;0
25;2025-11-29;2;0
25;2025-11-29;3;0
25;2025-11-29;4;0
25;2025-11-29;5;17
25;2025-11-29;6;130
25;2025-11-29;7;164
25;2025-11-29;8;325
25;2025-11-29;9;303
25;2025-11-29;10;307
25;2025-11-29;11;408
25;2025-11-29;12;436
25;2025-11-29;13;647
25;2025-11-29;14;650
25;2025-11-29;15;736
25;2025-11-29;16;701
25;2025-11-29;17;594
25;2025-11-29;18;535
25;2025-11-29;19;460
25;2025-11-29;20;276
25;2025-11-29;21;215
25;2025-11-29;22;124
25;2025-11-29;23;46
25;2025-11-30;0;17
25;2025-11-30;1;0
25;2025-11-30;2;0
25;2025-11-30;3;0
25;2025-11-30;4;0
25;2025-11-30;5;9
25;2025-11-30;6;99
25;2025-11-30;7;117
25;2025-11-30;8;201
25;2025-11-30;9;231
25;2025-11-30;10;239
25;2025-11-30;11;333
25;2025-11-30;12;395
25;2025-11-30;13;507
25;2025-11-30;14;565
25;2025-11-30;15;627
25;2025-11-30;16;561
25;2025-11-30;17;548
25;2025-11-30;18;450
25;2025-11-30;19;325
25;2025-11-30;20;242
25;2025-11-30;21;167
25;2025-11-30;22;105
25;2025-11-30;23;36
25;2025-12-01;0;8
25;2025-12-01;1;0
25;2025-12-01;2;0
25;2025-12-01;3;0
25;2025-12-01;4;0
25;2025-12-01;5;20
25;2025-12-01;6;245
25;2025-12-01;7;546
25;2025-12-01;8;949
25;2025-12-01;9;531
25;2025-12-01;10;364
25;2025-12-01;11;423
25;2025-12-01;12;426
25;2025-12-01;13;552
25;2025-12-01;14;475
25;2025-12-01;15;523
25;2025-12-01;16;689
25;2025-12-01;17;766
25;2025-12-01;18;773
25;2025-12-01;19;582
25;2025-12-01;20;331
25;2025-12-01;21;206
25;2025-12-01;22;92
25;2025-12-01;23;13
25;2025-12-02;0;3
25;2025-12-02;1;0
25;2025-12-02;2;0
25;2025-12-02;3;0
25;2025-12-02;4;0
25;2025-12-02;5;17
25;2025-12-02;6;247
25;2025-12-02;7;542
25;2025-12-02;8;933
25;2025-12-02;9;485
25;2025-12-02;10;384
25;2025-12-02;11;428
25;2025-12-02;12;430
25;2025-12-02;13;493
25;2025-12-02;14;467
25;2025-12-02;15;571
25;2025-12-02;16;664
25;2025-12-02;17;748
25;2025-12-02;18;766
25;2025-12-02;19;578
25;2025-12-02;20;333
25;2025-12-02;21;218
25;2025-12-02;22;94
25;2025-12-02;23;10
25;2025-12-03;0;1
25;2025-12-03;1;0
25;2025-12-03;2;0
25;2025-12-03;3;0
25;2025-12-03;4;0
25;2025-12-03;5;20
25;2025-12-03;6;259
25;2025-12-03;7;552
25;2025-12-03;8;931
25;2025-12-03;9;503
25;2025-12-03;10;412
25;2025-12-03;11;469
25;2025-12-03;12;471
25;2025-12-03;13;586
25;2025-12-03;14;453
25;2025-12-03;15;606
25;2025-12-03;16;690
25;2025-12-03;17;867
25;2025-12-03;18;882
25;2025-12-03;19;647
25;2025-12-03;20;361
25;2025-12-03;21;271
25;2025-12-03;22;115
25;2025-12-03;23;13
25;2025-12-04;0;2
25;2025-12-04;1;0
25;2025-12-04;2;0
25;2025-12-04;3;0
25;2025-12-04;4;0
25;2025-12-04;5;22
25;2025-12-04;6;251
25;2025-12-04;7;539
25;2025-12-04;8;888
25;2025-12-04;9;481
25;2025-12-04;10;419
25;2025-12-04;11;452
25;2025-12-04;12;440
25;2025-12-04;13;532
25;2025-12-04;14;522
25;2025-12-04;15;625
25;2025-12-04;16;710
25;2025-12-04;17;772
25;2025-12-04;18;802
25;2025-12-04;19;609
25;2025-12-04;20;325
25;2025-12-04;21;222
25;2025-12-04;22;105
25;2025-12-04;23;14
25;2025-12-05;0;1
25;2025-12-05;1;0
25;2025-12-05;2;0
25;2025-12-05;3;0
25;2025-12-05;4;0
25;2025-12-05;5;16
25;2025-12-05;6;255
25;2025-12-05;7;560
25;2025-12-05;8;881
25;2025-12-05;9;477
25;2025-12-05;10;412
25;2025-12-05;11;452
25;2025-12-05;12;448
25;2025-12-05;13;560
25;2025-12-05;14;496
25;2025-12-05;15;641
25;2025-12-05;16;790
25;2025-12-05;17;788
25;2025-12-05;18;724
25;2025-12-05;19;590
25;2025-12-05;20;350
25;2025-12-05;21;237
25;2025-12-05;22;122
25;2025-12-05;23;24
25;2025-12-06;0;6
25;2025-12-06;1;0
25;2025-12-06;2;0
25;2025-12-06;3;0
25;2025-12-06;4;0
25;2025-12-06;5;16
25;2025-12-06;6;129
25;2025-12-06;7;162
25;2025-12-06;8;323
25;2025-12-06;9;301
25;2025-12-06;10;305
25;2025-12-06;11;407
25;2025-12-06;12;435
25;2025-12-06;13;645
25;2025-12-06;14;649
25;2025-12-06;15;740
25;2025-12-06;16;706
25;2025-12-06;17;598
25;2025-12-06;18;540
25;2025-12-06;19;464
25;2025-12-06;20;280
25;2025-12-06;21;220
25;2025-12-06;22;128
25;2025-12-06;23;50
25;2025-12-07;0;17
25;2025-12-07;1;0
25;2025-12-07;2;0
25;2025-12-07;3;0
25;2025-12-07;4;0
25;2025-12-07;5;8
25;2025-12-07;6;99
25;2025-12-07;7;116
25;2025-12-07;8;199
25;2025-12-07;9;230
25;2025-12-07;10;237
25;2025-12-07;11;331
25;2025-12-07;12;393
25;2025-12-07;13;506
25;2025-12-07;14;564
25;2025-12-07;15;631
25;2025-12-07;16;564
25;2025-12-07;17;552
25;2025-12-07;18;454
25;2025-12-07;19;329
25;2025-12-07;20;246
25;2025-12-07;21;171
25;2025-12-07;22;108
25;2025-12-07;23;40
25;2025-12-08;0;8
25;2025-12-08;1;0
25;2025-12-08;2;0
25;2025-12-08;3;0
25;2025-12-08;4;0
25;2025-12-08;5;18
25;2025-12-08;6;243
25;2025-12-08;7;544
25;2025-12-08;8;947
25;2025-12-08;9;530
25;2025-12-08;10;363
25;2025-12-08;11;421
25;2025-12-08;12;425
25;2025-12-08;13;550
25;2025-12-08;14;473
25;2025-12-08;15;528
25;2025-12-08;16;694
25;2025-12-08;17;771
25;2025-12-08;18;780
25;2025-12-08;19;588
25;2025-12-08;20;337
25;2025-12-08;21;212
25;2025-12-08;22;97
25;2025-12-08;23;18
25;2025-12-09;0;3
25;2025-12-09;1;0
25;2025-12-09;2;0
25;2025-12-09;3;0
25;2025-12-09;4;0
25;2025-12-09;5;15
25;2025-12-09;6;246
25;2025-12-09;7;540
25;2025-12-09;8;932
25;2025-12-09;9;484
25;2025-12-09;10;383
25;2025-12-09;11;427
25;2025-12-09;12;429
25;2025-12-09;13;490
25;2025-12-09;14;466
25;2025-12-09;15;576
25;2025-12-09;16;669
25;2025-12-09;17;753
25;2025-12-09;18;772
25;2025-12-09;19;583
25;2025-12-09;20;338
25;2025-12-09;21;222
25;2025-12-09;22;98
25;2025-12-09;23;14
25;2025-12-10;0;1
25;2025-12-10;1;0
25;2025-12-10;2;0
25;2025-12-10;3;0
25;2025-12-10;4;0
25;2025-12-10;5;18
25;2025-12-10;6;257
25;2025-12-10;7;549
25;2025-12-10;8;929
25;2025-12-10;9;502
25;2025-12-10;10;410
25;2025-12-10;11;467
25;2025-12-10;12;469
25;2025-12-10;13;584
25;2025-12-10;14;451
25;2025-12-10;15;611
25;2025-12-10;16;696
25;2025-12-10;17;873
25;2025-12-10;18;888
25;2025-12-10;19;653
25;2025-12-10;20;367
25;2025-12-10;21;277
25;2025-12-10;22;119
25;2025-12-10;23;18
25;2025-12-11;0;2
25;2025-12-11;1;0
25;2025-12-11;2;0
25;2025-12-11;3;0
25;2025-12-11;4;0
25;2025-12-11;5;20
25;2025-12-11;6;250
25;2025-12-11;7;540
25;2025-12-11;8;890
25;2025-12-11;9;482
25;2025-12-11;10;419
25;2025-12-11;11;453
25;2025-12-11;12;441
25;2025-12-11;13;531
25;2025-12-11;14;522
25;2025-12-11;15;629
25;2025-12-11;16;715
25;2025-12-11;17;776
25;2025-12-11;18;807
25;2025-12-11;19;612
25;2025-12-11;20;327
25;2025-12-11;21;224
25;2025-12-11;22;105
25;2025-12-11;23;15
25;2025-12-12;0;1
25;2025-12-12;1;0
25;2025-12-12;2;0
25;2025-12-12;3;0
25;2025-12-12;4;0
25;2025-12-12;5;14
25;2025-12-12;6;255
25;2025-12-12;7;560
25;2025-12-12;8;884
25;2025-12-12;9;477
25;2025-12-12;10;413
25;2025-12-12;11;453
25;2025-12-12;12;448
25;2025-12-12;13;559
25;2025-12-12;14;496
25;2025-12-12;15;645
25;2025-12-12;16;795
25;2025-12-12;17;793
25;2025-12-12;18;729
25;2025-12-12;19;594
25;2025-12-12;20;353
25;2025-12-12;21;238
25;2025-12-12;22;123
25;2025-12-12;23;24
25;2025-12-13;0;6
25;2025-12-13;1;0
25;2025-12-13;2;0
25;2025-12-13;3;0
25;2025-12-13;4;0
25;2025-12-13;5;16
25;2025-12-13;6;129
25;2025-12-13;7;162
25;2025-12-13;8;324
25;2025-12-13;9;302
25;2025-12-13;10;306
25;2025-12-13;11;408
25;2025-12-13;12;436
25;2025-12-13;13;647
25;2025-12-13;14;651
25;2025-12-13;15;743
25;2025-12-13;16;708
25;2025-12-13;17;600
25;2025-12-13;18;542
25;2025-12-13;19;466
25;2025-12-13;20;281
25;2025-12-13;21;221
25;2025-12-13;22;129
25;2025-12-13;23;50
25;2025-12-14;0;17
25;2025-12-14;1;0
25;2025-12-14;2;0
25;2025-12-14;3;0
25;2025-12-14;4;0
25;2025-12-14;5;8
25;2025-12-14;6;99
25;2025-12-14;7;116
25;2025-12-14;8;199
25;2025-12-14;9;230
25;2025-12-14;10;238
25;2025-12-14;11;332
25;2025-12-14;12;395
25;2025-12-14;13;507
25;2025-12-14;14;565
25;2025-12-14;15;633
25;2025-12-14;16;566
25;2025-12-14;17;554
25;2025-12-14;18;455
25;2025-12-14;19;330
25;2025-12-14;20;247
25;2025-12-14;21;171
25;2025-12-14;22;108
25;2025-12-14;23;40
25;2025-12-15;0;8
25;2025-12-15;1;0
25;2025-12-15;2;0
25;2025-12-15;3;0
25;2025-12-15;4;0
25;2025-12-15;5;18
25;2025-12-15;6;244
25;2025-12-15;7;546
25;2025-12-15;8;950
25;2025-12-15;9;532
25;2025-12-15;10;364
25;2025-12-15;11;423
25;2025-12-15;12;427
25;2025-12-15;13;551
25;2025-12-15;14;475
25;2025-12-15;15;530
25;2025-12-15;16;696
25;2025-12-15;17;774
25;2025-12-15;18;782
25;2025-12-15;19;590
25;2025-12-15;20;338
25;2025-12-15;21;213
25;2025-12-15;22;97
25;2025-12-15;23;18
25;2025-12-16;0;3
25;2025-12-16;1;0
25;2025-12-16;2;0
25;2025-12-16;3;0
25;2025-12-16;4;0
25;2025-12-16;5;15
25;2025-12-16;6;246
25;2025-12-16;7;542
25;2025-12-16;8;935
25;2025-12-16;9;486
25;2025-12-16;10;384
25;2025-12-16;11;428
25;2025-12-16;12;430
25;2025-12-16;13;492
25;2025-12-16;14;467
25;2025-12-16;15;578
25;2025-12-16;16;671
25;2025-12-16;17;756
25;2025-12-16;18;774
25;2025-12-16;19;585
25;2025-12-16;20;339
25;2025-12-16;21;223
25;2025-12-16;22;99
25;2025-12-16;23;14
25;2025-12-17;0;1
25;2025-12-17;1;0
25;2025-12-17;2;0
25;2025-12-17;3;0
25;2025-12-17;4;0
25;2025-12-17;5;18
25;2025-12-17;6;258
25;2025-12-17;7;551
25;2025-12-17;8;933
25;2025-12-17;9;504
25;2025-12-17;10;412
25;2025-12-17;11;469
25;2025-12-17;12;471
25;2025-12-17;13;585
25;2025-12-17;14;453
25;2025-12-17;15;613
25;2025-12-17;16;698
25;2025-12-17;17;876
25;2025-12-17;18;891
25;2025-12-17;19;655
25;2025-12-17;20;369
25;2025-12-17;21;277
25;2025-12-17;22;120
25;2025-12-17;23;18
25;2025-12-18;0;2
25;2025-12-18;1;0
25;2025-12-18;2;0
25;2025-12-18;3;0
25;2025-12-18;4;0
25;2025-12-18;5;20
25;2025-12-18;6;251
25;2025-12-18;7;542
25;2025-12-18;8;893
25;2025-12-18;9;484
25;2025-12-18;10;421
25;2025-12-18;11;454
25;2025-12-18;12;443
25;2025-12-18;13;533
25;2025-12-18;14;524
25;2025-12-18;15;631
25;2025-12-18;16;717
25;2025-12-18;17;779
25;2025-12-18;18;810
25;2025-12-18;19;614
25;2025-12-18;20;328
25;2025-12-18;21;224
25;2025-12-18;22;105
25;2025-12-18;23;15
25;2025-12-19;0;1
25;2025-12-19;1;0
25;2025-12-19;2;0
25;2025-12-19;3;0
25;2025-12-19;4;0
25;2025-12-19;5;14
25;2025-12-19;6;255
25;2025-12-19;7;562
25;2025-12-19;8;887
25;2025-12-19;9;479
25;2025-12-19;10;414
25;2025-12-19;11;454
25;2025-12-19;12;450
25;2025-12-19;13;561
25;2025-12-19;14;498
25;2025-12-19;15;647
25;2025-12-19;16;797
25;2025-12-19;17;795
25;2025-12-19;18;732
25;2025-12-19;19;596
25;2025-12-19;20;354
25;2025-12-19;21;239
25;2025-12-19;22;124
25;2025-12-19;23;24
25;2025-12-20;0;6
25;2025-12-20;1;0
25;2025-12-20;2;0
25;2025-12-20;3;0
25;2025-12-20;4;0
25;2025-12-20;5;16
25;2025-12-20;6;129
25;2025-12-20;7;163
25;2025-12-20;8;325
25;2025-12-20;9;303
25;2025-12-20;10;307
25;2025-12-20;11;410
25;2025-12-20;12;438
25;2025-12-20;13;649
25;2025-12-20;14;653
25;2025-12-20;15;745
25;2025-12-20;16;710
25;2025-12-20;17;602
25;2025-12-20;18;543
25;2025-12-20;19;468
25;2025-12-20;20;282
25;2025-12-20;21;222
25;2025-12-20;22;129
25;2025-12-20;23;50
25;2025-12-21;0;18
25;2025-12-21;1;0
25;2025-12-21;2;0
25;2025-12-21;3;0
25;2025-12-21;4;0
25;2025-12-21;5;8
25;2025-12-21;6;99
25;2025-12-21;7;116
25;2025-12-21;8;200
25;2025-12-21;9;231
25;2025-12-21;10;239
25;2025-12-21;11;334
25;2025-12-21;12;396
25;2025-12-21;13;509
25;2025-12-21;14;567
25;2025-12-21;15;635
25;2025-12-21;16;568
25;2025-12-21;17;555
25;2025-12-21;18;457
25;2025-12-21;19;332
25;2025-12-21;20;248
25;2025-12-21;21;172
25;2025-12-21;22;109
25;2025-12-21;23;40
25;2025-12-22;0;8
25;2025-12-22;1;0
25;2025-12-22;2;0
25;2025-12-22;3;0
25;2025-12-22;4;0
25;2025-12-22;5;18
25;2025-12-22;6;245
25;2025-12-22;7;548
25;2025-12-22;8;953
25;2025-12-22;9;533
25;2025-12-22;10;365
25;2025-12-22;11;424
25;2025-12-22;12;428
25;2025-12-22;13;553
25;2025-12-22;14;476
25;2025-12-22;15;532
25;2025-12-22;16;699
25;2025-12-22;17;776
25;2025-12-22;18;785
25;2025-12-22;19;593
25;2025-12-22;20;339
25;2025-12-22;21;213
25;2025-12-22;22;98
25;2025-12-22;23;18
25;2025-12-23;0;3
25;2025-12-23;1;0
25;2025-12-23;2;0
25;2025-12-23;3;0
25;2025-12-23;4;0
25;2025-12-23;5;16
25;2025-12-23;6;247
25;2025-12-23;7;544
25;2025-12-23;8;939
25;2025-12-23;9;487
25;2025-12-23;10;385
25;2025-12-23;11;429
25;2025-12-23;12;432
25;2025-12-23;13;493
25;2025-12-23;14;469
25;2025-12-23;15;580
25;2025-12-23;16;674
25;2025-12-23;17;758
25;2025-12-23;18;777
25;2025-12-23;19;587
25;2025-12-23;20;341
25;2025-12-23;21;224
25;2025-12-23;22;99
25;2025-12-23;23;14
25;2025-12-24;0;1
25;2025-12-24;1;0
25;2025-12-24;2;0
25;2025-12-24;3;0
25;2025-12-24;4;0
25;2025-12-24;5;18
25;2025-12-24;6;259
25;2025-12-24;7;553
25;2025-12-24;8;936
25;2025-12-24;9;505
25;2025-12-24;10;413
25;2025-12-24;11;470
25;2025-12-24;12;473
25;2025-12-24;13;587
25;2025-12-24;14;455
25;2025-12-24;15;615
25;2025-12-24;16;701
25;2025-12-24;17;879
25;2025-12-24;18;894
25;2025-12-24;19;657
25;2025-12-24;20;370
25;2025-12-24;21;278
25;2025-12-24;22;120
25;2025-12-24;23;18
25;2025-12-25;0;2
25;2025-12-25;1;0
25;2025-12-25;2;0
25;2025-12-25;3;0
25;2025-12-25;4;0
25;2025-12-25;5;20
25;2025-12-25;6;252
25;2025-12-25;7;544
25;2025-12-25;8;896
25;2025-12-25;9;486
25;2025-12-25;10;422
25;2025-12-25;11;456
25;2025-12-25;12;444
25;2025-12-25;13;534
25;2025-12-25;14;525
25;2025-12-25;15;633
25;2025-12-25;16;719
25;2025-12-25;17;782
25;2025-12-25;18;813
25;2025-12-25;19;617
25;2025-12-25;20;329
25;2025-12-25;21;225
25;2025-12-25;22;106
25;2025-12-25;23;15
25;2025-12-26;0;1
25;2025-12-26;1;0
25;2025-12-26;2;0
25;2025-12-26;3;0
25;2025-12-26;4;0
25;2025-12-26;5;14
25;2025-12-26;6;256
25;2025-12-26;7;564
25;2025-12-26;8;890
25;2025-12-26;9;480
25;2025-12-26;10;415
25;2025-12-26;11;456
25;2025-12-26;12;451
25;2025-12-26;13;563
25;2025-12-26;14;499
25;2025-12-26;15;649
25;2025-12-26;16;800
25;2025-12-26;17;798
25;2025-12-26;18;734
25;2025-12-26;19;598
25;2025-12-26;20;355
25;2025-12-26;21;240
25;2025-12-26;22;124
25;2025-12-26;23;24
25;2025-12-27;0;6
25;2025-12-27;1;0
25;2025-12-27;2;0
25;2025-12-27;3;0
25;2025-12-27;4;0
25;2025-12-27;5;16
25;2025-12-27;6;130
25;2025-12-27;7;163
25;2025-12-27;8;326
25;2025-12-27;9;304
25;2025-12-27;10;308
25;2025-12-27;11;411
25;2025-12-27;12;439
25;2025-12-27;13;651
25;2025-12-27;14;655
25;2025-12-27;15;747
25;2025-12-27;16;712
25;2025-12-27;17;604
25;2025-12-27;18;545
25;2025-12-27;19;469
25;2025-12-27;20;283
25;2025-12-27;21;222
25;2025-12-27;22;129
25;2025-12-27;23;50
25;2025-12-28;0;18
25;2025-12-28;1;0
25;2025-12-28;2;0
25;2025-12-28;3;0
25;2025-12-28;4;0
25;2025-12-28;5;8
25;2025-12-28;6;100
25;2025-12-28;7;117
25;2025-12-28;8;201
25;2025-12-28;9;232
25;2025-12-28;10;240
25;2025-12-28;11;334
25;2025-12-28;12;397
25;2025-12-28;13;510
25;2025-12-28;14;569
25;2025-12-28;15;636
25;2025-12-28;16;569
25;2025-12-28;17;557
25;2025-12-28;18;458
25;2025-12-28;19;332
25;2025-12-28;20;249
25;2025-12-28;21;172
25;2025-12-28;22;109
25;2025-12-28;23;40
25;2025-12-29;0;9
25;2025-12-29;1;0
25;2025-12-29;2;0
25;2025-12-29;3;0
25;2025-12-29;4;0
25;2025-12-29;5;18
25;2025-12-29;6;232
25;2025-12-29;7;527
25;2025-12-29;8;923
25;2025-12-29;9;515
25;2025-12-29;10;338
25;2025-12-29;11;398
25;2025-12-29;12;392
25;2025-12-29;13;545
25;2025-12-29;14;452
25;2025-12-29;15;479
25;2025-12-29;16;665
25;2025-12-29;17;717
25;2025-12-29;18;718
25;2025-12-29;19;546
25;2025-12-29;20;302
25;2025-12-29;21;188
25;2025-12-29;22;86
25;2025-12-29;23;9
25;2025-12-30;0;2
25;2025-12-30;1;0
25;2025-12-30;2;0
25;2025-12-30;3;0
25;2025-12-30;4;0
25;2025-12-30;5;15
25;2025-12-30;6;227
25;2025-12-30;7;493
25;2025-12-30;8;862
25;2025-12-30;9;435
25;2025-12-30;10;345
25;2025-12-30;11;391
25;2025-12-30;12;385
25;2025-12-30;13;445
25;2025-12-30;14;417
25;2025-12-30;15;512
25;2025-12-30;16;606
25;2025-12-30;17;672
25;2025-12-30;18;690
25;2025-12-30;19;519
25;2025-12-30;20;304
25;2025-12-30;21;200
25;2025-12-30;22;86
25;2025-12-30;23;7
25;2025-12-31;0;11
25;2025-12-31;1;0
25;2025-12-31;2;0
25;2025-12-31;3;0
25;2025-12-31;4;0
25;2025-12-31;5;10
25;2025-12-31;6;96
25;2025-12-31;7;104
25;2025-12-31;8;214
25;2025-12-31;9;219
25;2025-12-31;10;224
25;2025-12-31;11;312
25;2025-12-31;12;348
25;2025-12-31;13;492
25;2025-12-31;14;538
25;2025-12-31;15;623
25;2025-12-31;16;539
25;2025-12-31;17;490
25;2025-12-31;18;412
25;2025-12-31;19;326
25;2025-12-31;20;224
25;2025-12-31;21;158
25;2025-12-31;22;97
25;2025-12-31;23;37
26;2025-11-01;0;39
26;2025-11-01;1;2
26;2025-11-01;2;0
26;2025-11-01;3;0
26;2025-11-01;4;2
26;2025-11-01;5;70
26;2025-11-01;6;395
26;2025-11-01;7;766
26;2025-11-01;8;1542
26;2025-11-01;9;1103
26;2025-11-01;10;1069
26;2025-11-01;11;1069
26;2025-11-01;12;1096
26;2025-11-01;13;1122
26;2025-11-01;14;1232
26;2025-11-01;15;1209
26;2025-11-01;16;1400
26;2025-11-01;17;1435
26;2025-11-01;18;1147
26;2025-11-01;19;938
26;2025-11-01;20;622
26;2025-11-01;21;423
26;2025-11-01;22;213
26;2025-11-01;23;156
26;2025-11-02;0;46
26;2025-11-02;1;4
26;2025-11-02;2;0
26;2025-11-02;3;0
26;2025-11-02;4;2
26;2025-11-02;5;23
26;2025-11-02;6;149
26;2025-11-02;7;242
26;2025-11-02;8;369
26;2025-11-02;9;496
26;2025-11-02;10;560
26;2025-11-02;11;781
26;2025-11-02;12;773
26;2025-11-02;13;821
26;2025-11-02;14;815
26;2025-11-02;15;742
26;2025-11-02;16;704
26;2025-11-02;17;722
26;2025-11-02;18;653
26;2025-11-02;19;492
26;2025-11-02;20;380
26;2025-11-02;21;264
26;2025-11-02;22;160
26;2025-11-02;23;97
26;2025-11-03;0;46
26;2025-11-03;1;3
26;2025-11-03;2;0
26;2025-11-03;3;0
26;2025-11-03;4;2
26;2025-11-03;5;29
26;2025-11-03;6;169
26;2025-11-03;7;267
26;2025-11-03;8;421
26;2025-11-03;9;531
26;2025-11-03;10;615
26;2025-11-03;11;819
26;2025-11-03;12;831
26;2025-11-03;13;861
26;2025-11-03;14;866
26;2025-11-03;15;787
26;2025-11-03;16;769
26;2025-11-03;17;763
26;2025-11-03;18;697
26;2025-11-03;19;550
26;2025-11-03;20;411
26;2025-11-03;21;281
26;2025-11-03;22;169
26;2025-11-03;23;109
26;2025-11-04;0;42
26;2025-11-04;1;3
26;2025-11-04;2;0
26;2025-11-04;3;0
26;2025-11-04;4;1
26;2025-11-04;5;24
26;2025-11-04;6;146
26;2025-11-04;7;232
26;2025-11-04;8;362
26;2025-11-04;9;467
26;2025-11-04;10;536
26;2025-11-04;11;727
26;2025-11-04;12;731
26;2025-11-04;13;764
26;2025-11-04;14;765
26;2025-11-04;15;695
26;2025-11-04;16;672
26;2025-11-04;17;675
26;2025-11-04;18;614
26;2025-11-04;19;476
26;2025-11-04;20;360
26;2025-11-04;21;248
26;2025-11-04;22;150
26;2025-11-04;23;94
26;2025-11-05;0;31
26;2025-11-05;1;2
26;2025-11-05;2;0
26;2025-11-05;3;0
26;2025-11-05;4;6
26;2025-11-05;5;104
26;2025-11-05;6;480
26;2025-11-05;7;1100
26;2025-11-05;8;2264
26;2025-11-05;9;1474
26;2025-11-05;10;1241
26;2025-11-05;11;1104
26;2025-11-05;12;1213
26;2025-11-05;13;1225
26;2025-11-05;14;1352
26;2025-11-05;15;1403
26;2025-11-05;16;1514
26;2025-11-05;17;1728
26;2025-11-05;18;1845
26;2025-11-05;19;1269
26;2025-11-05;20;791
26;2025-11-05;21;540
26;2025-11-05;22;225
26;2025-11-05;23;133
26;2025-11-06;0;42
26;2025-11-06;1;1
26;2025-11-06;2;0
26;2025-11-06;3;0
26;2025-11-06;4;2
26;2025-11-06;5;96
26;2025-11-06;6;486
26;2025-11-06;7;1076
26;2025-11-06;8;2192
26;2025-11-06;9;1473
26;2025-11-06;10;1212
26;2025-11-06;11;1143
26;2025-11-06;12;1186
26;2025-11-06;13;1203
26;2025-11-06;14;1338
26;2025-11-06;15;1370
26;2025-11-06;16;1505
26;2025-11-06;17;1704
26;2025-11-06;18;1857
26;2025-11-06;19;1217
26;2025-11-06;20;745
26;2025-11-06;21;491
26;2025-11-06;22;209
26;2025-11-06;23;131
26;2025-11-07;0;34
26;2025-11-07;1;1
26;2025-11-07;2;0
26;2025-11-07;3;0
26;2025-11-07;4;1
26;2025-11-07;5;86
26;2025-11-07;6;490
26;2025-11-07;7;1040
26;2025-11-07;8;2132
26;2025-11-07;9;1383
26;2025-11-07;10;1212
26;2025-11-07;11;1116
26;2025-11-07;12;1120
26;2025-11-07;13;1183
26;2025-11-07;14;1312
26;2025-11-07;15;1361
26;2025-11-07;16;1600
26;2025-11-07;17;1737
26;2025-11-07;18;1385
26;2025-11-07;19;1063
26;2025-11-07;20;678
26;2025-11-07;21;462
26;2025-11-07;22;207
26;2025-11-07;23;155
26;2025-11-08;0;51
26;2025-11-08;1;2
26;2025-11-08;2;0
26;2025-11-08;3;0
26;2025-11-08;4;2
26;2025-11-08;5;49
26;2025-11-08;6;238
26;2025-11-08;7;368
26;2025-11-08;8;612
26;2025-11-08;9;679
26;2025-11-08;10;825
26;2025-11-08;11;984
26;2025-11-08;12;1058
26;2025-11-08;13;1057
26;2025-11-08;14;1084
26;2025-11-08;15;984
26;2025-11-08;16;1036
26;2025-11-08;17;962
26;2025-11-08;18;876
26;2025-11-08;19;753
26;2025-11-08;20;528
26;2025-11-08;21;357
26;2025-11-08;22;209
26;2025-11-08;23;153
26;2025-11-09;0;49
26;2025-11-09;1;4
26;2025-11-09;2;0
26;2025-11-09;3;0
26;2025-11-09;4;2
26;2025-11-09;5;24
26;2025-11-09;6;152
26;2025-11-09;7;254
26;2025-11-09;8;382
26;2025-11-09;9;511
26;2025-11-09;10;581
26;2025-11-09;11;795
26;2025-11-09;12;816
26;2025-11-09;13;860
26;2025-11-09;14;862
26;2025-11-09;15;786
26;2025-11-09;16;763
26;2025-11-09;17;776
26;2025-11-09;18;683
26;2025-11-09;19;516
26;2025-11-09;20;391
26;2025-11-09;21;279
26;2025-11-09;22;166
26;2025-11-09;23;107
26;2025-11-10;0;28
26;2025-11-10;1;2
26;2025-11-10;2;0
26;2025-11-10;3;0
26;2025-11-10;4;2
26;2025-11-10;5;92
26;2025-11-10;6;483
26;2025-11-10;7;1100
26;2025-11-10;8;2170
26;2025-11-10;9;1424
26;2025-11-10;10;1206
26;2025-11-10;11;1066
26;2025-11-10;12;1098
26;2025-11-10;13;1164
26;2025-11-10;14;1249
26;2025-11-10;15;1304
26;2025-11-10;16;1439
26;2025-11-10;17;1690
26;2025-11-10;18;1844
26;2025-11-10;19;1206
26;2025-11-10;20;742
26;2025-11-10;21;463
26;2025-11-10;22;199
26;2025-11-10;23;106
26;2025-11-11;0;31
26;2025-11-11;1;1
26;2025-11-11;2;0
26;2025-11-11;3;1
26;2025-11-11;4;2
26;2025-11-11;5;92
26;2025-11-11;6;495
26;2025-11-11;7;1118
26;2025-11-11;8;2262
26;2025-11-11;9;1451
26;2025-11-11;10;1260
26;2025-11-11;11;1159
26;2025-11-11;12;1177
26;2025-11-11;13;1183
26;2025-11-11;14;1260
26;2025-11-11;15;1352
26;2025-11-11;16;1493
26;2025-11-11;17;1765
26;2025-11-11;18;1919
26;2025-11-11;19;1286
26;2025-11-11;20;747
26;2025-11-11;21;474
26;2025-11-11;22;210
26;2025-11-11;23;116
26;2025-11-12;0;31
26;2025-11-12;1;2
26;2025-11-12;2;0
26;2025-11-12;3;0
26;2025-11-12;4;6
26;2025-11-12;5;104
26;2025-11-12;6;481
26;2025-11-12;7;1101
26;2025-11-12;8;2265
26;2025-11-12;9;1475
26;2025-11-12;10;1240
26;2025-11-12;11;1103
26;2025-11-12;12;1212
26;2025-11-12;13;1224
26;2025-11-12;14;1352
26;2025-11-12;15;1402
26;2025-11-12;16;1514
26;2025-11-12;17;1728
26;2025-11-12;18;1845
26;2025-11-12;19;1269
26;2025-11-12;20;791
26;2025-11-12;21;540
26;2025-11-12;22;225
26;2025-11-12;23;133
26;2025-11-13;0;42
26;2025-11-13;1;1
26;2025-11-13;2;0
26;2025-11-13;3;0
26;2025-11-13;4;2
26;2025-11-13;5;96
26;2025-11-13;6;487
26;2025-11-13;7;1077
26;2025-11-13;8;2193
26;2025-11-13;9;1474
26;2025-11-13;10;1212
26;2025-11-13;11;1143
26;2025-11-13;12;1186
26;2025-11-13;13;1203
26;2025-11-13;14;1338
26;2025-11-13;15;1369
26;2025-11-13;16;1505
26;2025-11-13;17;1703
26;2025-11-13;18;1857
26;2025-11-13;19;1216
26;2025-11-13;20;744
26;2025-11-13;21;490
26;2025-11-13;22;209
26;2025-11-13;23;131
26;2025-11-14;0;34
26;2025-11-14;1;1
26;2025-11-14;2;0
26;2025-11-14;3;0
26;2025-11-14;4;1
26;2025-11-14;5;86
26;2025-11-14;6;491
26;2025-11-14;7;1041
26;2025-11-14;8;2132
26;2025-11-14;9;1383
26;2025-11-14;10;1211
26;2025-11-14;11;1115
26;2025-11-14;12;1120
26;2025-11-14;13;1182
26;2025-11-14;14;1313
26;2025-11-14;15;1361
26;2025-11-14;16;1600
26;2025-11-14;17;1737
26;2025-11-14;18;1385
26;2025-11-14;19;1063
26;2025-11-14;20;677
26;2025-11-14;21;462
26;2025-11-14;22;207
26;2025-11-14;23;155
26;2025-11-15;0;51
26;2025-11-15;1;2
26;2025-11-15;2;0
26;2025-11-15;3;0
26;2025-11-15;4;2
26;2025-11-15;5;49
26;2025-11-15;6;238
26;2025-11-15;7;368
26;2025-11-15;8;612
26;2025-11-15;9;679
26;2025-11-15;10;825
26;2025-11-15;11;984
26;2025-11-15;12;1058
26;2025-11-15;13;1057
26;2025-11-15;14;1084
26;2025-11-15;15;984
26;2025-11-15;16;1036
26;2025-11-15;17;962
26;2025-11-15;18;876
26;2025-11-15;19;753
26;2025-11-15;20;528
26;2025-11-15;21;357
26;2025-11-15;22;209
26;2025-11-15;23;153
26;2025-11-16;0;49
26;2025-11-16;1;4
26;2025-11-16;2;0
26;2025-11-16;3;0
26;2025-11-16;4;2
26;2025-11-16;5;24
26;2025-11-16;6;152
26;2025-11-16;7;254
26;2025-11-16;8;382
26;2025-11-16;9;511
26;2025-11-16;10;582
26;2025-11-16;11;795
26;2025-11-16;12;816
26;2025-11-16;13;861
26;2025-11-16;14;863
26;2025-11-16;15;787
26;2025-11-16;16;764
26;2025-11-16;17;776
26;2025-11-16;18;684
26;2025-11-16;19;517
26;2025-11-16;20;391
26;2025-11-16;21;279
26;2025-11-16;22;166
26;2025-11-16;23;107
26;2025-11-17;0;28
26;2025-11-17;1;2
26;2025-11-17;2;0
26;2025-11-17;3;0
26;2025-11-17;4;2
26;2025-11-17;5;92
26;2025-11-17;6;483
26;2025-11-17;7;1101
26;2025-11-17;8;2172
26;2025-11-17;9;1425
26;2025-11-17;10;1207
26;2025-11-17;11;1067
26;2025-11-17;12;1099
26;2025-11-17;13;1165
26;2025-11-17;14;1250
26;2025-11-17;15;1306
26;2025-11-17;16;1440
26;2025-11-17;17;1692
26;2025-11-17;18;1846
26;2025-11-17;19;1207
26;2025-11-17;20;743
26;2025-11-17;21;463
26;2025-11-17;22;199
26;2025-11-17;23;106
26;2025-11-18;0;31
26;2025-11-18;1;1
26;2025-11-18;2;0
26;2025-11-18;3;1
26;2025-11-18;4;2
26;2025-11-18;5;92
26;2025-11-18;6;496
26;2025-11-18;7;1119
26;2025-11-18;8;2266
26;2025-11-18;9;1453
26;2025-11-18;10;1263
26;2025-11-18;11;1161
26;2025-11-18;12;1179
26;2025-11-18;13;1185
26;2025-11-18;14;1262
26;2025-11-18;15;1354
26;2025-11-18;16;1494
26;2025-11-18;17;1767
26;2025-11-18;18;1922
26;2025-11-18;19;1288
26;2025-11-18;20;748
26;2025-11-18;21;474
26;2025-11-18;22;211
26;2025-11-18;23;116
26;2025-11-19;0;31
26;2025-11-19;1;2
26;2025-11-19;2;0
26;2025-11-19;3;0
26;2025-11-19;4;6
26;2025-11-19;5;104
26;2025-11-19;6;481
26;2025-11-19;7;1103
26;2025-11-19;8;2270
26;2025-11-19;9;1478
26;2025-11-19;10;1243
26;2025-11-19;11;1106
26;2025-11-19;12;1215
26;2025-11-19;13;1227
26;2025-11-19;14;1354
26;2025-11-19;15;1405
26;2025-11-19;16;1517
26;2025-11-19;17;1732
26;2025-11-19;18;1848
26;2025-11-19;19;1271
26;2025-11-19;20;792
26;2025-11-19;21;541
26;2025-11-19;22;226
26;2025-11-19;23;133
26;2025-11-20;0;42
26;2025-11-20;1;1
26;2025-11-20;2;0
26;2025-11-20;3;0
26;2025-11-20;4;2
26;2025-11-20;5;96
26;2025-11-20;6;488
26;2025-11-20;7;1080
26;2025-11-20;8;2198
26;2025-11-20;9;1477
26;2025-11-20;10;1216
26;2025-11-20;11;1147
26;2025-11-20;12;1189
26;2025-11-20;13;1206
26;2025-11-20;14;1341
26;2025-11-20;15;1373
26;2025-11-20;16;1508
26;2025-11-20;17;1707
26;2025-11-20;18;1861
26;2025-11-20;19;1219
26;2025-11-20;20;745
26;2025-11-20;21;490
26;2025-11-20;22;210
26;2025-11-20;23;131
26;2025-11-21;0;34
26;2025-11-21;1;1
26;2025-11-21;2;0
26;2025-11-21;3;0
26;2025-11-21;4;1
26;2025-11-21;5;87
26;2025-11-21;6;492
26;2025-11-21;7;1044
26;2025-11-21;8;2138
26;2025-11-21;9;1388
26;2025-11-21;10;1214
26;2025-11-21;11;1119
26;2025-11-21;12;1124
26;2025-11-21;13;1186
26;2025-11-21;14;1317
26;2025-11-21;15;1365
26;2025-11-21;16;1604
26;2025-11-21;17;1742
26;2025-11-21;18;1389
26;2025-11-21;19;1065
26;2025-11-21;20;679
26;2025-11-21;21;463
26;2025-11-21;22;208
26;2025-11-21;23;155
26;2025-11-22;0;51
26;2025-11-22;1;2
26;2025-11-22;2;0
26;2025-11-22;3;0
26;2025-11-22;4;2
26;2025-11-22;5;49
26;2025-11-22;6;239
26;2025-11-22;7;370
26;2025-11-22;8;614
26;2025-11-22;9;682
26;2025-11-22;10;828
26;2025-11-22;11;987
26;2025-11-22;12;1061
26;2025-11-22;13;1060
26;2025-11-22;14;1088
26;2025-11-22;15;988
26;2025-11-22;16;1039
26;2025-11-22;17;965
26;2025-11-22;18;879
26;2025-11-22;19;755
26;2025-11-22;20;530
26;2025-11-22;21;358
26;2025-11-22;22;209
26;2025-11-22;23;154
26;2025-11-23;0;49
26;2025-11-23;1;4
26;2025-11-23;2;0
26;2025-11-23;3;0
26;2025-11-23;4;2
26;2025-11-23;5;24
26;2025-11-23;6;152
26;2025-11-23;7;255
26;2025-11-23;8;383
26;2025-11-23;9;513
26;2025-11-23;10;584
26;2025-11-23;11;798
26;2025-11-23;12;819
26;2025-11-23;13;864
26;2025-11-23;14;866
26;2025-11-23;15;790
26;2025-11-23;16;766
26;2025-11-23;17;779
26;2025-11-23;18;686
26;2025-11-23;19;518
26;2025-11-23;20;392
26;2025-11-23;21;280
26;2025-11-23;22;166
26;2025-11-23;23;107
26;2025-11-24;0;28
26;2025-11-24;1;2
26;2025-11-24;2;0
26;2025-11-24;3;0
26;2025-11-24;4;2
26;2025-11-24;5;93
26;2025-11-24;6;485
26;2025-11-24;7;1105
26;2025-11-24;8;2179
26;2025-11-24;9;1430
26;2025-11-24;10;1212
26;2025-11-24;11;1071
26;2025-11-24;12;1103
26;2025-11-24;13;1169
26;2025-11-24;14;1254
26;2025-11-24;15;1310
26;2025-11-24;16;1445
26;2025-11-24;17;1698
26;2025-11-24;18;1852
26;2025-11-24;19;1211
26;2025-11-24;20;746
26;2025-11-24;21;465
26;2025-11-24;22;200
26;2025-11-24;23;107
26;2025-11-25;0;31
26;2025-11-25;1;1
26;2025-11-25;2;0
26;2025-11-25;3;1
26;2025-11-25;4;2
26;2025-11-25;5;92
26;2025-11-25;6;498
26;2025-11-25;7;1123
26;2025-11-25;8;2273
26;2025-11-25;9;1458
26;2025-11-25;10;1267
26;2025-11-25;11;1165
26;2025-11-25;12;1183
26;2025-11-25;13;1189
26;2025-11-25;14;1267
26;2025-11-25;15;1359
26;2025-11-25;16;1500
26;2025-11-25;17;1773
26;2025-11-25;18;1928
26;2025-11-25;19;1292
26;2025-11-25;20;751
26;2025-11-25;21;476
26;2025-11-25;22;211
26;2025-11-25;23;116
26;2025-11-26;0;31
26;2025-11-26;1;2
26;2025-11-26;2;0
26;2025-11-26;3;0
26;2025-11-26;4;6
26;2025-11-26;5;105
26;2025-11-26;6;483
26;2025-11-26;7;1107
26;2025-11-26;8;2277
26;2025-11-26;9;1483
26;2025-11-26;10;1247
26;2025-11-26;11;1110
26;2025-11-26;12;1219
26;2025-11-26;13;1231
26;2025-11-26;14;1359
26;2025-11-26;15;1410
26;2025-11-26;16;1522
26;2025-11-26;17;1738
26;2025-11-26;18;1855
26;2025-11-26;19;1275
26;2025-11-26;20;795
26;2025-11-26;21;543
26;2025-11-26;22;226
26;2025-11-26;23;133
26;2025-11-27;0;42
26;2025-11-27;1;1
26;2025-11-27;2;0
26;2025-11-27;3;0
26;2025-11-27;4;2
26;2025-11-27;5;97
26;2025-11-27;6;490
26;2025-11-27;7;1084
26;2025-11-27;8;2206
26;2025-11-27;9;1482
26;2025-11-27;10;1220
26;2025-11-27;11;1150
26;2025-11-27;12;1193
26;2025-11-27;13;1210
26;2025-11-27;14;1346
26;2025-11-27;15;1378
26;2025-11-27;16;1514
26;2025-11-27;17;1713
26;2025-11-27;18;1868
26;2025-11-27;19;1223
26;2025-11-27;20;748
26;2025-11-27;21;492
26;2025-11-27;22;210
26;2025-11-27;23;132
26;2025-11-28;0;33
26;2025-11-28;1;1
26;2025-11-28;2;0
26;2025-11-28;3;0
26;2025-11-28;4;1
26;2025-11-28;5;87
26;2025-11-28;6;494
26;2025-11-28;7;1048
26;2025-11-28;8;2146
26;2025-11-28;9;1393
26;2025-11-28;10;1218
26;2025-11-28;11;1122
26;2025-11-28;12;1127
26;2025-11-28;13;1190
26;2025-11-28;14;1321
26;2025-11-28;15;1370
26;2025-11-28;16;1610
26;2025-11-28;17;1748
26;2025-11-28;18;1394
26;2025-11-28;19;1069
26;2025-11-28;20;682
26;2025-11-28;21;465
26;2025-11-28;22;209
26;2025-11-28;23;156
26;2025-11-29;0;51
26;2025-11-29;1;2
26;2025-11-29;2;0
26;2025-11-29;3;0
26;2025-11-29;4;2
26;2025-11-29;5;49
26;2025-11-29;6;240
26;2025-11-29;7;371
26;2025-11-29;8;616
26;2025-11-29;9;684
26;2025-11-29;10;830
26;2025-11-29;11;990
26;2025-11-29;12;1065
26;2025-11-29;13;1064
26;2025-11-29;14;1092
26;2025-11-29;15;991
26;2025-11-29;16;1043
26;2025-11-29;17;969
26;2025-11-29;18;882
26;2025-11-29;19;757
26;2025-11-29;20;531
26;2025-11-29;21;359
26;2025-11-29;22;210
26;2025-11-29;23;154
26;2025-11-30;0;50
26;2025-11-30;1;4
26;2025-11-30;2;0
26;2025-11-30;3;0
26;2025-11-30;4;2
26;2025-11-30;5;24
26;2025-11-30;6;153
26;2025-11-30;7;256
26;2025-11-30;8;385
26;2025-11-30;9;515
26;2025-11-30;10;585
26;2025-11-30;11;800
26;2025-11-30;12;822
26;2025-11-30;13;867
26;2025-11-30;14;869
26;2025-11-30;15;793
26;2025-11-30;16;769
26;2025-11-30;17;782
26;2025-11-30;18;688
26;2025-11-30;19;520
26;2025-11-30;20;394
26;2025-11-30;21;281
26;2025-11-30;22;167
26;2025-11-30;23;108
26;2025-12-01;0;28
26;2025-12-01;1;2
26;2025-12-01;2;0
26;2025-12-01;3;0
26;2025-12-01;4;2
26;2025-12-01;5;93
26;2025-12-01;6;487
26;2025-12-01;7;1109
26;2025-12-01;8;2187
26;2025-12-01;9;1435
26;2025-12-01;10;1216
26;2025-12-01;11;1074
26;2025-12-01;12;1107
26;2025-12-01;13;1174
26;2025-12-01;14;1259
26;2025-12-01;15;1315
26;2025-12-01;16;1450
26;2025-12-01;17;1704
26;2025-12-01;18;1858
26;2025-12-01;19;1215
26;2025-12-01;20;748
26;2025-12-01;21;466
26;2025-12-01;22;200
26;2025-12-01;23;107
26;2025-12-02;0;32
26;2025-12-02;1;1
26;2025-12-02;2;0
26;2025-12-02;3;1
26;2025-12-02;4;2
26;2025-12-02;5;93
26;2025-12-02;6;499
26;2025-12-02;7;1127
26;2025-12-02;8;2281
26;2025-12-02;9;1463
26;2025-12-02;10;1271
26;2025-12-02;11;1169
26;2025-12-02;12;1187
26;2025-12-02;13;1193
26;2025-12-02;14;1271
26;2025-12-02;15;1363
26;2025-12-02;16;1505
26;2025-12-02;17;1779
26;2025-12-02;18;1934
26;2025-12-02;19;1297
26;2025-12-02;20;753
26;2025-12-02;21;478
26;2025-12-02;22;212
26;2025-12-02;23;117
26;2025-12-03;0;32
26;2025-12-03;1;2
26;2025-12-03;2;0
26;2025-12-03;3;0
26;2025-12-03;4;6
26;2025-12-03;5;105
26;2025-12-03;6;485
26;2025-12-03;7;1110
26;2025-12-03;8;2284
26;2025-12-03;9;1488
26;2025-12-03;10;1252
26;2025-12-03;11;1113
26;2025-12-03;12;1223
26;2025-12-03;13;1235
26;2025-12-03;14;1363
26;2025-12-03;15;1414
26;2025-12-03;16;1527
26;2025-12-03;17;1743
26;2025-12-03;18;1861
26;2025-12-03;19;1280
26;2025-12-03;20;798
26;2025-12-03;21;545
26;2025-12-03;22;228
26;2025-12-03;23;134
26;2025-12-04;0;43
26;2025-12-04;1;1
26;2025-12-04;2;0
26;2025-12-04;3;0
26;2025-12-04;4;2
26;2025-12-04;5;96
26;2025-12-04;6;489
26;2025-12-04;7;1083
26;2025-12-04;8;2204
26;2025-12-04;9;1481
26;2025-12-04;10;1219
26;2025-12-04;11;1149
26;2025-12-04;12;1192
26;2025-12-04;13;1210
26;2025-12-04;14;1345
26;2025-12-04;15;1385
26;2025-12-04;16;1522
26;2025-12-04;17;1721
26;2025-12-04;18;1877
26;2025-12-04;19;1233
26;2025-12-04;20;758
26;2025-12-04;21;503
26;2025-12-04;22;219
26;2025-12-04;23;141
26;2025-12-05;0;34
26;2025-12-05;1;1
26;2025-12-05;2;0
26;2025-12-05;3;0
26;2025-12-05;4;1
26;2025-12-05;5;87
26;2025-12-05;6;493
26;2025-12-05;7;1046
26;2025-12-05;8;2143
26;2025-12-05;9;1390
26;2025-12-05;10;1217
26;2025-12-05;11;1121
26;2025-12-05;12;1126
26;2025-12-05;13;1190
26;2025-12-05;14;1320
26;2025-12-05;15;1376
26;2025-12-05;16;1616
26;2025-12-05;17;1755
26;2025-12-05;18;1404
26;2025-12-05;19;1080
26;2025-12-05;20;693
26;2025-12-05;21;476
26;2025-12-05;22;218
26;2025-12-05;23;166
26;2025-12-06;0;51
26;2025-12-06;1;2
26;2025-12-06;2;0
26;2025-12-06;3;0
26;2025-12-06;4;2
26;2025-12-06;5;47
26;2025-12-06;6;238
26;2025-12-06;7;367
26;2025-12-06;8;613
26;2025-12-06;9;681
26;2025-12-06;10;828
26;2025-12-06;11;988
26;2025-12-06;12;1063
26;2025-12-06;13;1062
26;2025-12-06;14;1090
26;2025-12-06;15;998
26;2025-12-06;16;1050
26;2025-12-06;17;976
26;2025-12-06;18;891
26;2025-12-06;19;766
26;2025-12-06;20;540
26;2025-12-06;21;368
26;2025-12-06;22;217
26;2025-12-06;23;161
26;2025-12-07;0;50
26;2025-12-07;1;4
26;2025-12-07;2;0
26;2025-12-07;3;0
26;2025-12-07;4;2
26;2025-12-07;5;22
26;2025-12-07;6;151
26;2025-12-07;7;254
26;2025-12-07;8;382
26;2025-12-07;9;513
26;2025-12-07;10;583
26;2025-12-07;11;798
26;2025-12-07;12;819
26;2025-12-07;13;864
26;2025-12-07;14;867
26;2025-12-07;15;797
26;2025-12-07;16;774
26;2025-12-07;17;787
26;2025-12-07;18;696
26;2025-12-07;19;527
26;2025-12-07;20;400
26;2025-12-07;21;288
26;2025-12-07;22;173
26;2025-12-07;23;114
26;2025-12-08;0;29
26;2025-12-08;1;2
26;2025-12-08;2;0
26;2025-12-08;3;0
26;2025-12-08;4;2
26;2025-12-08;5;89
26;2025-12-08;6;483
26;2025-12-08;7;1104
26;2025-12-08;8;2184
26;2025-12-08;9;1431
26;2025-12-08;10;1211
26;2025-12-08;11;1070
26;2025-12-08;12;1103
26;2025-12-08;13;1170
26;2025-12-08;14;1256
26;2025-12-08;15;1326
26;2025-12-08;16;1461
26;2025-12-08;17;1715
26;2025-12-08;18;1872
26;2025-12-08;19;1228
26;2025-12-08;20;761
26;2025-12-08;21;479
26;2025-12-08;22;211
26;2025-12-08;23;118
26;2025-12-09;0;32
26;2025-12-09;1;1
26;2025-12-09;2;0
26;2025-12-09;3;1
26;2025-12-09;4;2
26;2025-12-09;5;88
26;2025-12-09;6;496
26;2025-12-09;7;1123
26;2025-12-09;8;2280
26;2025-12-09;9;1459
26;2025-12-09;10;1267
26;2025-12-09;11;1166
26;2025-12-09;12;1183
26;2025-12-09;13;1190
26;2025-12-09;14;1268
26;2025-12-09;15;1375
26;2025-12-09;16;1517
26;2025-12-09;17;1792
26;2025-12-09;18;1948
26;2025-12-09;19;1310
26;2025-12-09;20;766
26;2025-12-09;21;490
26;2025-12-09;22;222
26;2025-12-09;23;126
26;2025-12-10;0;32
26;2025-12-10;1;2
26;2025-12-10;2;0
26;2025-12-10;3;0
26;2025-12-10;4;6
26;2025-12-10;5;101
26;2025-12-10;6;481
26;2025-12-10;7;1106
26;2025-12-10;8;2282
26;2025-12-10;9;1483
26;2025-12-10;10;1247
26;2025-12-10;11;1109
26;2025-12-10;12;1218
26;2025-12-10;13;1231
26;2025-12-10;14;1360
26;2025-12-10;15;1426
26;2025-12-10;16;1539
26;2025-12-10;17;1756
26;2025-12-10;18;1876
26;2025-12-10;19;1294
26;2025-12-10;20;811
26;2025-12-10;21;557
26;2025-12-10;22;239
26;2025-12-10;23;145
26;2025-12-11;0;43
26;2025-12-11;1;1
26;2025-12-11;2;0
26;2025-12-11;3;0
26;2025-12-11;4;2
26;2025-12-11;5;93
26;2025-12-11;6;488
26;2025-12-11;7;1084
26;2025-12-11;8;2211
26;2025-12-11;9;1483
26;2025-12-11;10;1220
26;2025-12-11;11;1150
26;2025-12-11;12;1193
26;2025-12-11;13;1211
26;2025-12-11;14;1348
26;2025-12-11;15;1393
26;2025-12-11;16;1531
26;2025-12-11;17;1732
26;2025-12-11;18;1888
26;2025-12-11;19;1240
26;2025-12-11;20;763
26;2025-12-11;21;506
26;2025-12-11;22;221
26;2025-12-11;23;142
26;2025-12-12;0;34
26;2025-12-12;1;1
26;2025-12-12;2;0
26;2025-12-12;3;0
26;2025-12-12;4;1
26;2025-12-12;5;83
26;2025-12-12;6;492
26;2025-12-12;7;1047
26;2025-12-12;8;2150
26;2025-12-12;9;1393
26;2025-12-12;10;1218
26;2025-12-12;11;1122
26;2025-12-12;12;1127
26;2025-12-12;13;1191
26;2025-12-12;14;1322
26;2025-12-12;15;1384
26;2025-12-12;16;1625
26;2025-12-12;17;1765
26;2025-12-12;18;1413
26;2025-12-12;19;1087
26;2025-12-12;20;697
26;2025-12-12;21;479
26;2025-12-12;22;220
26;2025-12-12;23;168
26;2025-12-13;0;51
26;2025-12-13;1;2
26;2025-12-13;2;0
26;2025-12-13;3;0
26;2025-12-13;4;2
26;2025-12-13;5;47
26;2025-12-13;6;238
26;2025-12-13;7;369
26;2025-12-13;8;616
26;2025-12-13;9;683
26;2025-12-13;10;830
26;2025-12-13;11;992
26;2025-12-13;12;1066
26;2025-12-13;13;1066
26;2025-12-13;14;1094
26;2025-12-13;15;1001
26;2025-12-13;16;1054
26;2025-12-13;17;979
26;2025-12-13;18;894
26;2025-12-13;19;769
26;2025-12-13;20;542
26;2025-12-13;21;369
26;2025-12-13;22;218
26;2025-12-13;23;162
26;2025-12-14;0;50
26;2025-12-14;1;4
26;2025-12-14;2;0
26;2025-12-14;3;0
26;2025-12-14;4;2
26;2025-12-14;5;22
26;2025-12-14;6;152
26;2025-12-14;7;255
26;2025-12-14;8;383
26;2025-12-14;9;514
26;2025-12-14;10;585
26;2025-12-14;11;801
26;2025-12-14;12;822
26;2025-12-14;13;867
26;2025-12-14;14;870
26;2025-12-14;15;800
26;2025-12-14;16;777
26;2025-12-14;17;790
26;2025-12-14;18;698
26;2025-12-14;19;529
26;2025-12-14;20;402
26;2025-12-14;21;289
26;2025-12-14;22;173
26;2025-12-14;23;114
26;2025-12-15;0;29
26;2025-12-15;1;2
26;2025-12-15;2;0
26;2025-12-15;3;0
26;2025-12-15;4;2
26;2025-12-15;5;90
26;2025-12-15;6;485
26;2025-12-15;7;1108
26;2025-12-15;8;2191
26;2025-12-15;9;1435
26;2025-12-15;10;1215
26;2025-12-15;11;1074
26;2025-12-15;12;1106
26;2025-12-15;13;1174
26;2025-12-15;14;1260
26;2025-12-15;15;1330
26;2025-12-15;16;1466
26;2025-12-15;17;1721
26;2025-12-15;18;1878
26;2025-12-15;19;1233
26;2025-12-15;20;763
26;2025-12-15;21;480
26;2025-12-15;22;211
26;2025-12-15;23;119
26;2025-12-16;0;32
26;2025-12-16;1;1
26;2025-12-16;2;0
26;2025-12-16;3;1
26;2025-12-16;4;2
26;2025-12-16;5;89
26;2025-12-16;6;498
26;2025-12-16;7;1127
26;2025-12-16;8;2288
26;2025-12-16;9;1464
26;2025-12-16;10;1272
26;2025-12-16;11;1170
26;2025-12-16;12;1187
26;2025-12-16;13;1194
26;2025-12-16;14;1272
26;2025-12-16;15;1379
26;2025-12-16;16;1522
26;2025-12-16;17;1798
26;2025-12-16;18;1955
26;2025-12-16;19;1314
26;2025-12-16;20;768
26;2025-12-16;21;491
26;2025-12-16;22;223
26;2025-12-16;23;127
26;2025-12-17;0;32
26;2025-12-17;1;2
26;2025-12-17;2;0
26;2025-12-17;3;0
26;2025-12-17;4;6
26;2025-12-17;5;101
26;2025-12-17;6;483
26;2025-12-17;7;1110
26;2025-12-17;8;2289
26;2025-12-17;9;1488
26;2025-12-17;10;1251
26;2025-12-17;11;1113
26;2025-12-17;12;1222
26;2025-12-17;13;1235
26;2025-12-17;14;1364
26;2025-12-17;15;1430
26;2025-12-17;16;1544
26;2025-12-17;17;1762
26;2025-12-17;18;1882
26;2025-12-17;19;1298
26;2025-12-17;20;814
26;2025-12-17;21;559
26;2025-12-17;22;239
26;2025-12-17;23;145
26;2025-12-18;0;43
26;2025-12-18;1;1
26;2025-12-18;2;0
26;2025-12-18;3;0
26;2025-12-18;4;2
26;2025-12-18;5;93
26;2025-12-18;6;490
26;2025-12-18;7;1088
26;2025-12-18;8;2218
26;2025-12-18;9;1488
26;2025-12-18;10;1224
26;2025-12-18;11;1154
26;2025-12-18;12;1197
26;2025-12-18;13;1215
26;2025-12-18;14;1352
26;2025-12-18;15;1398
26;2025-12-18;16;1536
26;2025-12-18;17;1738
26;2025-12-18;18;1895
26;2025-12-18;19;1245
26;2025-12-18;20;765
26;2025-12-18;21;507
26;2025-12-18;22;221
26;2025-12-18;23;143
26;2025-12-19;0;34
26;2025-12-19;1;1
26;2025-12-19;2;0
26;2025-12-19;3;0
26;2025-12-19;4;1
26;2025-12-19;5;84
26;2025-12-19;6;494
26;2025-12-19;7;1051
26;2025-12-19;8;2157
26;2025-12-19;9;1398
26;2025-12-19;10;1222
26;2025-12-19;11;1126
26;2025-12-19;12;1131
26;2025-12-19;13;1195
26;2025-12-19;14;1327
26;2025-12-19;15;1389
26;2025-12-19;16;1631
26;2025-12-19;17;1771
26;2025-12-19;18;1418
26;2025-12-19;19;1091
26;2025-12-19;20;699
26;2025-12-19;21;481
26;2025-12-19;22;221
26;2025-12-19;23;168
26;2025-12-20;0;52
26;2025-12-20;1;2
26;2025-12-20;2;0
26;2025-12-20;3;0
26;2025-12-20;4;2
26;2025-12-20;5;47
26;2025-12-20;6;239
26;2025-12-20;7;370
26;2025-12-20;8;618
26;2025-12-20;9;685
26;2025-12-20;10;833
26;2025-12-20;11;995
26;2025-12-20;12;1070
26;2025-12-20;13;1069
26;2025-12-20;14;1097
26;2025-12-20;15;1004
26;2025-12-20;16;1057
26;2025-12-20;17;983
26;2025-12-20;18;897
26;2025-12-20;19;772
26;2025-12-20;20;543
26;2025-12-20;21;370
26;2025-12-20;22;219
26;2025-12-20;23;162
26;2025-12-21;0;50
26;2025-12-21;1;4
26;2025-12-21;2;0
26;2025-12-21;3;0
26;2025-12-21;4;2
26;2025-12-21;5;22
26;2025-12-21;6;152
26;2025-12-21;7;256
26;2025-12-21;8;384
26;2025-12-21;9;516
26;2025-12-21;10;587
26;2025-12-21;11;803
26;2025-12-21;12;825
26;2025-12-21;13;870
26;2025-12-21;14;873
26;2025-12-21;15;803
26;2025-12-21;16;780
26;2025-12-21;17;792
26;2025-12-21;18;700
26;2025-12-21;19;531
26;2025-12-21;20;403
26;2025-12-21;21;290
26;2025-12-21;22;174
26;2025-12-21;23;114
26;2025-12-22;0;29
26;2025-12-22;1;2
26;2025-12-22;2;0
26;2025-12-22;3;0
26;2025-12-22;4;2
26;2025-12-22;5;90
26;2025-12-22;6;486
26;2025-12-22;7;1111
26;2025-12-22;8;2198
26;2025-12-22;9;1440
26;2025-12-22;10;1219
26;2025-12-22;11;1077
26;2025-12-22;12;1110
26;2025-12-22;13;1178
26;2025-12-22;14;1264
26;2025-12-22;15;1335
26;2025-12-22;16;1471
26;2025-12-22;17;1727
26;2025-12-22;18;1885
26;2025-12-22;19;1237
26;2025-12-22;20;766
26;2025-12-22;21;482
26;2025-12-22;22;212
26;2025-12-22;23;119
26;2025-12-23;0;32
26;2025-12-23;1;1
26;2025-12-23;2;0
26;2025-12-23;3;1
26;2025-12-23;4;2
26;2025-12-23;5;89
26;2025-12-23;6;499
26;2025-12-23;7;1131
26;2025-12-23;8;2295
26;2025-12-23;9;1469
26;2025-12-23;10;1276
26;2025-12-23;11;1174
26;2025-12-23;12;1191
26;2025-12-23;13;1198
26;2025-12-23;14;1277
26;2025-12-23;15;1384
26;2025-12-23;16;1527
26;2025-12-23;17;1804
26;2025-12-23;18;1961
26;2025-12-23;19;1318
26;2025-12-23;20;771
26;2025-12-23;21;493
26;2025-12-23;22;223
26;2025-12-23;23;127
26;2025-12-24;0;32
26;2025-12-24;1;2
26;2025-12-24;2;0
26;2025-12-24;3;0
26;2025-12-24;4;6
26;2025-12-24;5;102
26;2025-12-24;6;484
26;2025-12-24;7;1114
26;2025-12-24;8;2297
26;2025-12-24;9;1493
26;2025-12-24;10;1255
26;2025-12-24;11;1116
26;2025-12-24;12;1226
26;2025-12-24;13;1239
26;2025-12-24;14;1369
26;2025-12-24;15;1435
26;2025-12-24;16;1550
26;2025-12-24;17;1767
26;2025-12-24;18;1889
26;2025-12-24;19;1302
26;2025-12-24;20;816
26;2025-12-24;21;561
26;2025-12-24;22;240
26;2025-12-24;23;146
26;2025-12-25;0;43
26;2025-12-25;1;1
26;2025-12-25;2;0
26;2025-12-25;3;0
26;2025-12-25;4;2
26;2025-12-25;5;93
26;2025-12-25;6;491
26;2025-12-25;7;1091
26;2025-12-25;8;2226
26;2025-12-25;9;1493
26;2025-12-25;10;1228
26;2025-12-25;11;1158
26;2025-12-25;12;1201
26;2025-12-25;13;1220
26;2025-12-25;14;1357
26;2025-12-25;15;1403
26;2025-12-25;16;1541
26;2025-12-25;17;1744
26;2025-12-25;18;1901
26;2025-12-25;19;1249
26;2025-12-25;20;768
26;2025-12-25;21;509
26;2025-12-25;22;222
26;2025-12-25;23;143
26;2025-12-26;0;34
26;2025-12-26;1;1
26;2025-12-26;2;0
26;2025-12-26;3;0
26;2025-12-26;4;1
26;2025-12-26;5;84
26;2025-12-26;6;495
26;2025-12-26;7;1054
26;2025-12-26;8;2164
26;2025-12-26;9;1402
26;2025-12-26;10;1226
26;2025-12-26;11;1130
26;2025-12-26;12;1135
26;2025-12-26;13;1199
26;2025-12-26;14;1331
26;2025-12-26;15;1394
26;2025-12-26;16;1636
26;2025-12-26;17;1776
26;2025-12-26;18;1423
26;2025-12-26;19;1094
26;2025-12-26;20;702
26;2025-12-26;21;482
26;2025-12-26;22;222
26;2025-12-26;23;169
26;2025-12-27;0;52
26;2025-12-27;1;2
26;2025-12-27;2;0
26;2025-12-27;3;0
26;2025-12-27;4;2
26;2025-12-27;5;47
26;2025-12-27;6;240
26;2025-12-27;7;371
26;2025-12-27;8;619
26;2025-12-27;9;687
26;2025-12-27;10;836
26;2025-12-27;11;998
26;2025-12-27;12;1073
26;2025-12-27;13;1073
26;2025-12-27;14;1100
26;2025-12-27;15;1007
26;2025-12-27;16;1060
26;2025-12-27;17;986
26;2025-12-27;18;900
26;2025-12-27;19;774
26;2025-12-27;20;545
26;2025-12-27;21;371
26;2025-12-27;22;219
26;2025-12-27;23;163
26;2025-12-28;0;50
26;2025-12-28;1;4
26;2025-12-28;2;0
26;2025-12-28;3;0
26;2025-12-28;4;2
26;2025-12-28;5;22
26;2025-12-28;6;153
26;2025-12-28;7;256
26;2025-12-28;8;385
26;2025-12-28;9;517
26;2025-12-28;10;588
26;2025-12-28;11;805
26;2025-12-28;12;827
26;2025-12-28;13;872
26;2025-12-28;14;875
26;2025-12-28;15;805
26;2025-12-28;16;782
26;2025-12-28;17;794
26;2025-12-28;18;702
26;2025-12-28;19;532
26;2025-12-28;20;404
26;2025-12-28;21;291
26;2025-12-28;22;174
26;2025-12-28;23;115
26;2025-12-29;0;24
26;2025-12-29;1;2
26;2025-12-29;2;0
26;2025-12-29;3;0
26;2025-12-29;4;2
26;2025-12-29;5;86
26;2025-12-29;6;454
26;2025-12-29;7;1063
26;2025-12-29;8;2101
26;2025-12-29;9;1362
26;2025-12-29;10;1163
26;2025-12-29;11;994
26;2025-12-29;12;1030
26;2025-12-29;13;1092
26;2025-12-29;14;1188
26;2025-12-29;15;1241
26;2025-12-29;16;1375
26;2025-12-29;17;1612
26;2025-12-29;18;1778
26;2025-12-29;19;1162
26;2025-12-29;20;709
26;2025-12-29;21;441
26;2025-12-29;22;195
26;2025-12-29;23;102
26;2025-12-30;0;27
26;2025-12-30;1;1
26;2025-12-30;2;0
26;2025-12-30;3;1
26;2025-12-30;4;2
26;2025-12-30;5;84
26;2025-12-30;6;448
26;2025-12-30;7;1028
26;2025-12-30;8;2080
26;2025-12-30;9;1343
26;2025-12-30;10;1156
26;2025-12-30;11;1056
26;2025-12-30;12;1088
26;2025-12-30;13;1063
26;2025-12-30;14;1133
26;2025-12-30;15;1239
26;2025-12-30;16;1371
26;2025-12-30;17;1617
26;2025-12-30;18;1795
26;2025-12-30;19;1205
26;2025-12-30;20;687
26;2025-12-30;21;425
26;2025-12-30;22;193
26;2025-12-30;23;108
26;2025-12-31;0;43
26;2025-12-31;1;3
26;2025-12-31;2;0
26;2025-12-31;3;0
26;2025-12-31;4;1
26;2025-12-31;5;29
26;2025-12-31;6;164
26;2025-12-31;7;256
26;2025-12-31;8;408
26;2025-12-31;9;503
26;2025-12-31;10;587
26;2025-12-31;11;770
26;2025-12-31;12;789
26;2025-12-31;13;810
26;2025-12-31;14;818
26;2025-12-31;15;742
26;2025-12-31;16;734
26;2025-12-31;17;719
26;2025-12-31;18;659
26;2025-12-31;19;529
26;2025-12-31;20;391
26;2025-12-31;21;266
26;2025-12-31;22;160
26;2025-12-31;23;105
28;2025-11-01;0;1
28;2025-11-01;1;0
28;2025-11-01;2;0
28;2025-11-01;3;0
28;2025-11-01;4;1
28;2025-11-01;5;62
28;2025-11-01;6;209
28;2025-11-01;7;592
28;2025-11-01;8;925
28;2025-11-01;9;690
28;2025-11-01;10;583
28;2025-11-01;11;569
28;2025-11-01;12;712
28;2025-11-01;13;678
28;2025-11-01;14;659
28;2025-11-01;15;681
28;2025-11-01;16;818
28;2025-11-01;17;833
28;2025-11-01;18;734
28;2025-11-01;19;539
28;2025-11-01;20;387
28;2025-11-01;21;311
28;2025-11-01;22;123
28;2025-11-01;23;19
28;2025-11-02;0;3
28;2025-11-02;1;1
28;2025-11-02;2;0
28;2025-11-02;3;1
28;2025-11-02;4;0
28;2025-11-02;5;28
28;2025-11-02;6;74
28;2025-11-02;7;153
28;2025-11-02;8;242
28;2025-11-02;9;328
28;2025-11-02;10;369
28;2025-11-02;11;409
28;2025-11-02;12;429
28;2025-11-02;13;510
28;2025-11-02;14;486
28;2025-11-02;15;486
28;2025-11-02;16;441
28;2025-11-02;17;453
28;2025-11-02;18;403
28;2025-11-02;19;353
28;2025-11-02;20;278
28;2025-11-02;21;224
28;2025-11-02;22;104
28;2025-11-02;23;12
28;2025-11-03;0;2
28;2025-11-03;1;1
28;2025-11-03;2;0
28;2025-11-03;3;0
28;2025-11-03;4;0
28;2025-11-03;5;30
28;2025-11-03;6;80
28;2025-11-03;7;168
28;2025-11-03;8;275
28;2025-11-03;9;354
28;2025-11-03;10;394
28;2025-11-03;11;425
28;2025-11-03;12;462
28;2025-11-03;13;525
28;2025-11-03;14;496
28;2025-11-03;15;505
28;2025-11-03;16;470
28;2025-11-03;17;476
28;2025-11-03;18;422
28;2025-11-03;19;357
28;2025-11-03;20;275
28;2025-11-03;21;228
28;2025-11-03;22;104
28;2025-11-03;23;12
28;2025-11-04;0;2
28;2025-11-04;1;1
28;2025-11-04;2;0
28;2025-11-04;3;0
28;2025-11-04;4;0
28;2025-11-04;5;27
28;2025-11-04;6;70
28;2025-11-04;7;147
28;2025-11-04;8;237
28;2025-11-04;9;311
28;2025-11-04;10;347
28;2025-11-04;11;379
28;2025-11-04;12;405
28;2025-11-04;13;469
28;2025-11-04;14;445
28;2025-11-04;15;450
28;2025-11-04;16;414
28;2025-11-04;17;422
28;2025-11-04;18;374
28;2025-11-04;19;321
28;2025-11-04;20;250
28;2025-11-04;21;205
28;2025-11-04;22;94
28;2025-11-04;23;11
28;2025-11-05;0;0
28;2025-11-05;1;0
28;2025-11-05;2;0
28;2025-11-05;3;0
28;2025-11-05;4;2
28;2025-11-05;5;80
28;2025-11-05;6;260
28;2025-11-05;7;784
28;2025-11-05;8;1258
28;2025-11-05;9;864
28;2025-11-05;10;635
28;2025-11-05;11;603
28;2025-11-05;12;736
28;2025-11-05;13;740
28;2025-11-05;14;698
28;2025-11-05;15;714
28;2025-11-05;16;919
28;2025-11-05;17;1052
28;2025-11-05;18;1045
28;2025-11-05;19;785
28;2025-11-05;20;545
28;2025-11-05;21;337
28;2025-11-05;22;124
28;2025-11-05;23;14
28;2025-11-06;0;2
28;2025-11-06;1;1
28;2025-11-06;2;0
28;2025-11-06;3;0
28;2025-11-06;4;1
28;2025-11-06;5;85
28;2025-11-06;6;261
28;2025-11-06;7;812
28;2025-11-06;8;1244
28;2025-11-06;9;835
28;2025-11-06;10;617
28;2025-11-06;11;586
28;2025-11-06;12;699
28;2025-11-06;13;726
28;2025-11-06;14;684
28;2025-11-06;15;749
28;2025-11-06;16;871
28;2025-11-06;17;1092
28;2025-11-06;18;1071
28;2025-11-06;19;766
28;2025-11-06;20;553
28;2025-11-06;21;338
28;2025-11-06;22;134
28;2025-11-06;23;15
28;2025-11-07;0;1
28;2025-11-07;1;0
28;2025-11-07;2;0
28;2025-11-07;3;0
28;2025-11-07;4;2
28;2025-11-07;5;79
28;2025-11-07;6;280
28;2025-11-07;7;822
28;2025-11-07;8;1271
28;2025-11-07;9;829
28;2025-11-07;10;639
28;2025-11-07;11;606
28;2025-11-07;12;751
28;2025-11-07;13;724
28;2025-11-07;14;713
28;2025-11-07;15;743
28;2025-11-07;16;927
28;2025-11-07;17;1015
28;2025-11-07;18;881
28;2025-11-07;19;654
28;2025-11-07;20;456
28;2025-11-07;21;333
28;2025-11-07;22;128
28;2025-11-07;23;17
28;2025-11-08;0;1
28;2025-11-08;1;0
28;2025-11-08;2;0
28;2025-11-08;3;0
28;2025-11-08;4;1
28;2025-11-08;5;38
28;2025-11-08;6;107
28;2025-11-08;7;231
28;2025-11-08;8;394
28;2025-11-08;9;450
28;2025-11-08;10;486
28;2025-11-08;11;504
28;2025-11-08;12;593
28;2025-11-08;13;612
28;2025-11-08;14;580
28;2025-11-08;15;596
28;2025-11-08;16;604
28;2025-11-08;17;582
28;2025-11-08;18;503
28;2025-11-08;19;390
28;2025-11-08;20;293
28;2025-11-08;21;253
28;2025-11-08;22;116
28;2025-11-08;23;17
28;2025-11-09;0;2
28;2025-11-09;1;1
28;2025-11-09;2;0
28;2025-11-09;3;1
28;2025-11-09;4;0
28;2025-11-09;5;29
28;2025-11-09;6;75
28;2025-11-09;7;167
28;2025-11-09;8;254
28;2025-11-09;9;346
28;2025-11-09;10;390
28;2025-11-09;11;432
28;2025-11-09;12;463
28;2025-11-09;13;538
28;2025-11-09;14;519
28;2025-11-09;15;513
28;2025-11-09;16;479
28;2025-11-09;17;496
28;2025-11-09;18;426
28;2025-11-09;19;371
28;2025-11-09;20;284
28;2025-11-09;21;226
28;2025-11-09;22;110
28;2025-11-09;23;14
28;2025-11-10;0;0
28;2025-11-10;1;0
28;2025-11-10;2;0
28;2025-11-10;3;0
28;2025-11-10;4;2
28;2025-11-10;5;76
28;2025-11-10;6;260
28;2025-11-10;7;734
28;2025-11-10;8;1196
28;2025-11-10;9;794
28;2025-11-10;10;605
28;2025-11-10;11;537
28;2025-11-10;12;654
28;2025-11-10;13;668
28;2025-11-10;14;624
28;2025-11-10;15;636
28;2025-11-10;16;834
28;2025-11-10;17;973
28;2025-11-10;18;950
28;2025-11-10;19;696
28;2025-11-10;20;464
28;2025-11-10;21;293
28;2025-11-10;22;109
28;2025-11-10;23;6
28;2025-11-11;0;0
28;2025-11-11;1;0
28;2025-11-11;2;0
28;2025-11-11;3;0
28;2025-11-11;4;1
28;2025-11-11;5;75
28;2025-11-11;6;258
28;2025-11-11;7;779
28;2025-11-11;8;1279
28;2025-11-11;9;806
28;2025-11-11;10;649
28;2025-11-11;11;576
28;2025-11-11;12;675
28;2025-11-11;13;690
28;2025-11-11;14;666
28;2025-11-11;15;691
28;2025-11-11;16;781
28;2025-11-11;17;984
28;2025-11-11;18;964
28;2025-11-11;19;693
28;2025-11-11;20;480
28;2025-11-11;21;312
28;2025-11-11;22;119
28;2025-11-11;23;11
28;2025-11-12;0;0
28;2025-11-12;1;0
28;2025-11-12;2;0
28;2025-11-12;3;0
28;2025-11-12;4;2
28;2025-11-12;5;79
28;2025-11-12;6;261
28;2025-11-12;7;785
28;2025-11-12;8;1258
28;2025-11-12;9;864
28;2025-11-12;10;635
28;2025-11-12;11;603
28;2025-11-12;12;736
28;2025-11-12;13;740
28;2025-11-12;14;697
28;2025-11-12;15;714
28;2025-11-12;16;919
28;2025-11-12;17;1052
28;2025-11-12;18;1044
28;2025-11-12;19;785
28;2025-11-12;20;545
28;2025-11-12;21;337
28;2025-11-12;22;124
28;2025-11-12;23;14
28;2025-11-13;0;2
28;2025-11-13;1;1
28;2025-11-13;2;0
28;2025-11-13;3;0
28;2025-11-13;4;1
28;2025-11-13;5;85
28;2025-11-13;6;262
28;2025-11-13;7;813
28;2025-11-13;8;1244
28;2025-11-13;9;836
28;2025-11-13;10;617
28;2025-11-13;11;586
28;2025-11-13;12;699
28;2025-11-13;13;726
28;2025-11-13;14;683
28;2025-11-13;15;749
28;2025-11-13;16;871
28;2025-11-13;17;1092
28;2025-11-13;18;1070
28;2025-11-13;19;766
28;2025-11-13;20;553
28;2025-11-13;21;338
28;2025-11-13;22;134
28;2025-11-13;23;15
28;2025-11-14;0;1
28;2025-11-14;1;0
28;2025-11-14;2;0
28;2025-11-14;3;0
28;2025-11-14;4;2
28;2025-11-14;5;79
28;2025-11-14;6;280
28;2025-11-14;7;823
28;2025-11-14;8;1271
28;2025-11-14;9;830
28;2025-11-14;10;638
28;2025-11-14;11;605
28;2025-11-14;12;751
28;2025-11-14;13;724
28;2025-11-14;14;713
28;2025-11-14;15;743
28;2025-11-14;16;927
28;2025-11-14;17;1015
28;2025-11-14;18;880
28;2025-11-14;19;654
28;2025-11-14;20;456
28;2025-11-14;21;333
28;2025-11-14;22;128
28;2025-11-14;23;17
28;2025-11-15;0;1
28;2025-11-15;1;0
28;2025-11-15;2;0
28;2025-11-15;3;0
28;2025-11-15;4;1
28;2025-11-15;5;38
28;2025-11-15;6;107
28;2025-11-15;7;231
28;2025-11-15;8;394
28;2025-11-15;9;450
28;2025-11-15;10;486
28;2025-11-15;11;504
28;2025-11-15;12;593
28;2025-11-15;13;612
28;2025-11-15;14;580
28;2025-11-15;15;596
28;2025-11-15;16;604
28;2025-11-15;17;581
28;2025-11-15;18;503
28;2025-11-15;19;390
28;2025-11-15;20;292
28;2025-11-15;21;253
28;2025-11-15;22;116
28;2025-11-15;23;17
28;2025-11-16;0;2
28;2025-11-16;1;1
28;2025-11-16;2;0
28;2025-11-16;3;1
28;2025-11-16;4;0
28;2025-11-16;5;29
28;2025-11-16;6;75
28;2025-11-16;7;167
28;2025-11-16;8;254
28;2025-11-16;9;346
28;2025-11-16;10;390
28;2025-11-16;11;432
28;2025-11-16;12;463
28;2025-11-16;13;538
28;2025-11-16;14;520
28;2025-11-16;15;513
28;2025-11-16;16;479
28;2025-11-16;17;497
28;2025-11-16;18;426
28;2025-11-16;19;371
28;2025-11-16;20;284
28;2025-11-16;21;226
28;2025-11-16;22;110
28;2025-11-16;23;14
28;2025-11-17;0;0
28;2025-11-17;1;0
28;2025-11-17;2;0
28;2025-11-17;3;0
28;2025-11-17;4;2
28;2025-11-17;5;76
28;2025-11-17;6;260
28;2025-11-17;7;735
28;2025-11-17;8;1197
28;2025-11-17;9;795
28;2025-11-17;10;606
28;2025-11-17;11;537
28;2025-11-17;12;654
28;2025-11-17;13;669
28;2025-11-17;14;624
28;2025-11-17;15;636
28;2025-11-17;16;835
28;2025-11-17;17;974
28;2025-11-17;18;951
28;2025-11-17;19;697
28;2025-11-17;20;464
28;2025-11-17;21;294
28;2025-11-17;22;109
28;2025-11-17;23;6
28;2025-11-18;0;0
28;2025-11-18;1;0
28;2025-11-18;2;0
28;2025-11-18;3;0
28;2025-11-18;4;1
28;2025-11-18;5;75
28;2025-11-18;6;259
28;2025-11-18;7;780
28;2025-11-18;8;1281
28;2025-11-18;9;808
28;2025-11-18;10;650
28;2025-11-18;11;577
28;2025-11-18;12;676
28;2025-11-18;13;692
28;2025-11-18;14;667
28;2025-11-18;15;692
28;2025-11-18;16;782
28;2025-11-18;17;985
28;2025-11-18;18;965
28;2025-11-18;19;694
28;2025-11-18;20;481
28;2025-11-18;21;312
28;2025-11-18;22;119
28;2025-11-18;23;11
28;2025-11-19;0;0
28;2025-11-19;1;0
28;2025-11-19;2;0
28;2025-11-19;3;0
28;2025-11-19;4;2
28;2025-11-19;5;79
28;2025-11-19;6;261
28;2025-11-19;7;786
28;2025-11-19;8;1261
28;2025-11-19;9;866
28;2025-11-19;10;636
28;2025-11-19;11;604
28;2025-11-19;12;737
28;2025-11-19;13;742
28;2025-11-19;14;699
28;2025-11-19;15;715
28;2025-11-19;16;921
28;2025-11-19;17;1054
28;2025-11-19;18;1046
28;2025-11-19;19;786
28;2025-11-19;20;546
28;2025-11-19;21;337
28;2025-11-19;22;124
28;2025-11-19;23;14
28;2025-11-20;0;2
28;2025-11-20;1;1
28;2025-11-20;2;0
28;2025-11-20;3;0
28;2025-11-20;4;1
28;2025-11-20;5;85
28;2025-11-20;6;262
28;2025-11-20;7;815
28;2025-11-20;8;1248
28;2025-11-20;9;838
28;2025-11-20;10;619
28;2025-11-20;11;587
28;2025-11-20;12;700
28;2025-11-20;13;729
28;2025-11-20;14;685
28;2025-11-20;15;751
28;2025-11-20;16;873
28;2025-11-20;17;1094
28;2025-11-20;18;1073
28;2025-11-20;19;767
28;2025-11-20;20;554
28;2025-11-20;21;339
28;2025-11-20;22;134
28;2025-11-20;23;14
28;2025-11-21;0;1
28;2025-11-21;1;0
28;2025-11-21;2;0
28;2025-11-21;3;0
28;2025-11-21;4;2
28;2025-11-21;5;79
28;2025-11-21;6;282
28;2025-11-21;7;825
28;2025-11-21;8;1275
28;2025-11-21;9;832
28;2025-11-21;10;640
28;2025-11-21;11;607
28;2025-11-21;12;753
28;2025-11-21;13;726
28;2025-11-21;14;715
28;2025-11-21;15;745
28;2025-11-21;16;929
28;2025-11-21;17;1018
28;2025-11-21;18;883
28;2025-11-21;19;656
28;2025-11-21;20;458
28;2025-11-21;21;334
28;2025-11-21;22;128
28;2025-11-21;23;17
28;2025-11-22;0;1
28;2025-11-22;1;0
28;2025-11-22;2;0
28;2025-11-22;3;0
28;2025-11-22;4;1
28;2025-11-22;5;38
28;2025-11-22;6;108
28;2025-11-22;7;232
28;2025-11-22;8;395
28;2025-11-22;9;451
28;2025-11-22;10;487
28;2025-11-22;11;506
28;2025-11-22;12;595
28;2025-11-22;13;614
28;2025-11-22;14;582
28;2025-11-22;15;598
28;2025-11-22;16;606
28;2025-11-22;17;583
28;2025-11-22;18;505
28;2025-11-22;19;391
28;2025-11-22;20;293
28;2025-11-22;21;254
28;2025-11-22;22;116
28;2025-11-22;23;17
28;2025-11-23;0;2
28;2025-11-23;1;1
28;2025-11-23;2;0
28;2025-11-23;3;1
28;2025-11-23;4;0
28;2025-11-23;5;29
28;2025-11-23;6;76
28;2025-11-23;7;167
28;2025-11-23;8;255
28;2025-11-23;9;347
28;2025-11-23;10;391
28;2025-11-23;11;433
28;2025-11-23;12;465
28;2025-11-23;13;540
28;2025-11-23;14;521
28;2025-11-23;15;515
28;2025-11-23;16;481
28;2025-11-23;17;498
28;2025-11-23;18;428
28;2025-11-23;19;372
28;2025-11-23;20;285
28;2025-11-23;21;227
28;2025-11-23;22;110
28;2025-11-23;23;14
28;2025-11-24;0;0
28;2025-11-24;1;0
28;2025-11-24;2;0
28;2025-11-24;3;0
28;2025-11-24;4;2
28;2025-11-24;5;77
28;2025-11-24;6;261
28;2025-11-24;7;737
28;2025-11-24;8;1201
28;2025-11-24;9;798
28;2025-11-24;10;608
28;2025-11-24;11;539
28;2025-11-24;12;657
28;2025-11-24;13;671
28;2025-11-24;14;627
28;2025-11-24;15;639
28;2025-11-24;16;838
28;2025-11-24;17;978
28;2025-11-24;18;954
28;2025-11-24;19;699
28;2025-11-24;20;466
28;2025-11-24;21;295
28;2025-11-24;22;109
28;2025-11-24;23;6
28;2025-11-25;0;0
28;2025-11-25;1;0
28;2025-11-25;2;0
28;2025-11-25;3;0
28;2025-11-25;4;1
28;2025-11-25;5;75
28;2025-11-25;6;260
28;2025-11-25;7;783
28;2025-11-25;8;1285
28;2025-11-25;9;811
28;2025-11-25;10;652
28;2025-11-25;11;579
28;2025-11-25;12;678
28;2025-11-25;13;694
28;2025-11-25;14;670
28;2025-11-25;15;694
28;2025-11-25;16;785
28;2025-11-25;17;989
28;2025-11-25;18;969
28;2025-11-25;19;696
28;2025-11-25;20;483
28;2025-11-25;21;313
28;2025-11-25;22;120
28;2025-11-25;23;11
28;2025-11-26;0;0
28;2025-11-26;1;0
28;2025-11-26;2;0
28;2025-11-26;3;0
28;2025-11-26;4;2
28;2025-11-26;5;80
28;2025-11-26;6;262
28;2025-11-26;7;789
28;2025-11-26;8;1266
28;2025-11-26;9;869
28;2025-11-26;10;638
28;2025-11-26;11;607
28;2025-11-26;12;740
28;2025-11-26;13;744
28;2025-11-26;14;701
28;2025-11-26;15;718
28;2025-11-26;16;924
28;2025-11-26;17;1057
28;2025-11-26;18;1050
28;2025-11-26;19;789
28;2025-11-26;20;548
28;2025-11-26;21;339
28;2025-11-26;22;124
28;2025-11-26;23;14
28;2025-11-27;0;2
28;2025-11-27;1;1
28;2025-11-27;2;0
28;2025-11-27;3;0
28;2025-11-27;4;1
28;2025-11-27;5;85
28;2025-11-27;6;263
28;2025-11-27;7;818
28;2025-11-27;8;1252
28;2025-11-27;9;841
28;2025-11-27;10;621
28;2025-11-27;11;589
28;2025-11-27;12;703
28;2025-11-27;13;731
28;2025-11-27;14;688
28;2025-11-27;15;754
28;2025-11-27;16;876
28;2025-11-27;17;1098
28;2025-11-27;18;1076
28;2025-11-27;19;770
28;2025-11-27;20;556
28;2025-11-27;21;340
28;2025-11-27;22;135
28;2025-11-27;23;14
28;2025-11-28;0;1
28;2025-11-28;1;0
28;2025-11-28;2;0
28;2025-11-28;3;0
28;2025-11-28;4;2
28;2025-11-28;5;79
28;2025-11-28;6;283
28;2025-11-28;7;828
28;2025-11-28;8;1279
28;2025-11-28;9;835
28;2025-11-28;10;642
28;2025-11-28;11;609
28;2025-11-28;12;755
28;2025-11-28;13;729
28;2025-11-28;14;718
28;2025-11-28;15;748
28;2025-11-28;16;932
28;2025-11-28;17;1021
28;2025-11-28;18;886
28;2025-11-28;19;658
28;2025-11-28;20;459
28;2025-11-28;21;335
28;2025-11-28;22;129
28;2025-11-28;23;17
28;2025-11-29;0;1
28;2025-11-29;1;0
28;2025-11-29;2;0
28;2025-11-29;3;0
28;2025-11-29;4;1
28;2025-11-29;5;38
28;2025-11-29;6;108
28;2025-11-29;7;233
28;2025-11-29;8;396
28;2025-11-29;9;453
28;2025-11-29;10;489
28;2025-11-29;11;508
28;2025-11-29;12;597
28;2025-11-29;13;616
28;2025-11-29;14;584
28;2025-11-29;15;600
28;2025-11-29;16;608
28;2025-11-29;17;585
28;2025-11-29;18;507
28;2025-11-29;19;392
28;2025-11-29;20;294
28;2025-11-29;21;255
28;2025-11-29;22;117
28;2025-11-29;23;17
28;2025-11-30;0;2
28;2025-11-30;1;1
28;2025-11-30;2;0
28;2025-11-30;3;1
28;2025-11-30;4;0
28;2025-11-30;5;29
28;2025-11-30;6;76
28;2025-11-30;7;168
28;2025-11-30;8;256
28;2025-11-30;9;348
28;2025-11-30;10;393
28;2025-11-30;11;435
28;2025-11-30;12;466
28;2025-11-30;13;542
28;2025-11-30;14;523
28;2025-11-30;15;517
28;2025-11-30;16;482
28;2025-11-30;17;500
28;2025-11-30;18;429
28;2025-11-30;19;373
28;2025-11-30;20;286
28;2025-11-30;21;228
28;2025-11-30;22;111
28;2025-11-30;23;14
28;2025-12-01;0;0
28;2025-12-01;1;0
28;2025-12-01;2;0
28;2025-12-01;3;0
28;2025-12-01;4;2
28;2025-12-01;5;77
28;2025-12-01;6;262
28;2025-12-01;7;740
28;2025-12-01;8;1205
28;2025-12-01;9;800
28;2025-12-01;10;610
28;2025-12-01;11;541
28;2025-12-01;12;659
28;2025-12-01;13;673
28;2025-12-01;14;629
28;2025-12-01;15;641
28;2025-12-01;16;840
28;2025-12-01;17;981
28;2025-12-01;18;958
28;2025-12-01;19;702
28;2025-12-01;20;467
28;2025-12-01;21;296
28;2025-12-01;22;110
28;2025-12-01;23;6
28;2025-12-02;0;0
28;2025-12-02;1;0
28;2025-12-02;2;0
28;2025-12-02;3;0
28;2025-12-02;4;1
28;2025-12-02;5;75
28;2025-12-02;6;260
28;2025-12-02;7;785
28;2025-12-02;8;1290
28;2025-12-02;9;813
28;2025-12-02;10;654
28;2025-12-02;11;581
28;2025-12-02;12;681
28;2025-12-02;13;697
28;2025-12-02;14;672
28;2025-12-02;15;697
28;2025-12-02;16;788
28;2025-12-02;17;992
28;2025-12-02;18;972
28;2025-12-02;19;699
28;2025-12-02;20;484
28;2025-12-02;21;314
28;2025-12-02;22;120
28;2025-12-02;23;11
28;2025-12-03;0;0
28;2025-12-03;1;0
28;2025-12-03;2;0
28;2025-12-03;3;0
28;2025-12-03;4;2
28;2025-12-03;5;80
28;2025-12-03;6;263
28;2025-12-03;7;792
28;2025-12-03;8;1269
28;2025-12-03;9;872
28;2025-12-03;10;640
28;2025-12-03;11;609
28;2025-12-03;12;742
28;2025-12-03;13;747
28;2025-12-03;14;703
28;2025-12-03;15;720
28;2025-12-03;16;926
28;2025-12-03;17;1061
28;2025-12-03;18;1054
28;2025-12-03;19;792
28;2025-12-03;20;549
28;2025-12-03;21;340
28;2025-12-03;22;125
28;2025-12-03;23;14
28;2025-12-04;0;2
28;2025-12-04;1;1
28;2025-12-04;2;0
28;2025-12-04;3;0
28;2025-12-04;4;1
28;2025-12-04;5;86
28;2025-12-04;6;263
28;2025-12-04;7;817
28;2025-12-04;8;1252
28;2025-12-04;9;841
28;2025-12-04;10;621
28;2025-12-04;11;589
28;2025-12-04;12;703
28;2025-12-04;13;731
28;2025-12-04;14;688
28;2025-12-04;15;757
28;2025-12-04;16;880
28;2025-12-04;17;1102
28;2025-12-04;18;1082
28;2025-12-04;19;775
28;2025-12-04;20;561
28;2025-12-04;21;344
28;2025-12-04;22;140
28;2025-12-04;23;19
28;2025-12-05;0;1
28;2025-12-05;1;0
28;2025-12-05;2;0
28;2025-12-05;3;0
28;2025-12-05;4;2
28;2025-12-05;5;80
28;2025-12-05;6;282
28;2025-12-05;7;827
28;2025-12-05;8;1279
28;2025-12-05;9;835
28;2025-12-05;10;642
28;2025-12-05;11;609
28;2025-12-05;12;755
28;2025-12-05;13;729
28;2025-12-05;14;718
28;2025-12-05;15;751
28;2025-12-05;16;935
28;2025-12-05;17;1024
28;2025-12-05;18;891
28;2025-12-05;19;664
28;2025-12-05;20;465
28;2025-12-05;21;341
28;2025-12-05;22;135
28;2025-12-05;23;23
28;2025-12-06;0;1
28;2025-12-06;1;0
28;2025-12-06;2;0
28;2025-12-06;3;0
28;2025-12-06;4;1
28;2025-12-06;5;37
28;2025-12-06;6;107
28;2025-12-06;7;232
28;2025-12-06;8;395
28;2025-12-06;9;452
28;2025-12-06;10;488
28;2025-12-06;11;507
28;2025-12-06;12;596
28;2025-12-06;13;616
28;2025-12-06;14;584
28;2025-12-06;15;604
28;2025-12-06;16;612
28;2025-12-06;17;589
28;2025-12-06;18;511
28;2025-12-06;19;397
28;2025-12-06;20;298
28;2025-12-06;21;259
28;2025-12-06;22;120
28;2025-12-06;23;21
28;2025-12-07;0;2
28;2025-12-07;1;1
28;2025-12-07;2;0
28;2025-12-07;3;1
28;2025-12-07;4;0
28;2025-12-07;5;28
28;2025-12-07;6;75
28;2025-12-07;7;167
28;2025-12-07;8;255
28;2025-12-07;9;347
28;2025-12-07;10;391
28;2025-12-07;11;434
28;2025-12-07;12;465
28;2025-12-07;13;541
28;2025-12-07;14;522
28;2025-12-07;15;520
28;2025-12-07;16;486
28;2025-12-07;17;503
28;2025-12-07;18;433
28;2025-12-07;19;377
28;2025-12-07;20;290
28;2025-12-07;21;232
28;2025-12-07;22;114
28;2025-12-07;23;17
28;2025-12-08;0;0
28;2025-12-08;1;0
28;2025-12-08;2;0
28;2025-12-08;3;0
28;2025-12-08;4;2
28;2025-12-08;5;75
28;2025-12-08;6;260
28;2025-12-08;7;738
28;2025-12-08;8;1204
28;2025-12-08;9;798
28;2025-12-08;10;608
28;2025-12-08;11;539
28;2025-12-08;12;657
28;2025-12-08;13;672
28;2025-12-08;14;627
28;2025-12-08;15;646
28;2025-12-08;16;846
28;2025-12-08;17;987
28;2025-12-08;18;965
28;2025-12-08;19;709
28;2025-12-08;20;474
28;2025-12-08;21;302
28;2025-12-08;22;115
28;2025-12-08;23;12
28;2025-12-09;0;0
28;2025-12-09;1;0
28;2025-12-09;2;0
28;2025-12-09;3;0
28;2025-12-09;4;1
28;2025-12-09;5;74
28;2025-12-09;6;259
28;2025-12-09;7;784
28;2025-12-09;8;1290
28;2025-12-09;9;812
28;2025-12-09;10;652
28;2025-12-09;11;579
28;2025-12-09;12;679
28;2025-12-09;13;695
28;2025-12-09;14;671
28;2025-12-09;15;703
28;2025-12-09;16;793
28;2025-12-09;17;998
28;2025-12-09;18;979
28;2025-12-09;19;706
28;2025-12-09;20;490
28;2025-12-09;21;320
28;2025-12-09;22;125
28;2025-12-09;23;16
28;2025-12-10;0;0
28;2025-12-10;1;0
28;2025-12-10;2;0
28;2025-12-10;3;0
28;2025-12-10;4;2
28;2025-12-10;5;78
28;2025-12-10;6;261
28;2025-12-10;7;789
28;2025-12-10;8;1268
28;2025-12-10;9;870
28;2025-12-10;10;639
28;2025-12-10;11;606
28;2025-12-10;12;740
28;2025-12-10;13;745
28;2025-12-10;14;702
28;2025-12-10;15;726
28;2025-12-10;16;933
28;2025-12-10;17;1068
28;2025-12-10;18;1062
28;2025-12-10;19;799
28;2025-12-10;20;556
28;2025-12-10;21;346
28;2025-12-10;22;131
28;2025-12-10;23;20
28;2025-12-11;0;2
28;2025-12-11;1;1
28;2025-12-11;2;0
28;2025-12-11;3;0
28;2025-12-11;4;1
28;2025-12-11;5;84
28;2025-12-11;6;263
28;2025-12-11;7;819
28;2025-12-11;8;1256
28;2025-12-11;9;842
28;2025-12-11;10;621
28;2025-12-11;11;589
28;2025-12-11;12;704
28;2025-12-11;13;732
28;2025-12-11;14;689
28;2025-12-11;15;762
28;2025-12-11;16;885
28;2025-12-11;17;1109
28;2025-12-11;18;1088
28;2025-12-11;19;779
28;2025-12-11;20;564
28;2025-12-11;21;346
28;2025-12-11;22;141
28;2025-12-11;23;20
28;2025-12-12;0;1
28;2025-12-12;1;0
28;2025-12-12;2;0
28;2025-12-12;3;0
28;2025-12-12;4;2
28;2025-12-12;5;78
28;2025-12-12;6;281
28;2025-12-12;7;829
28;2025-12-12;8;1282
28;2025-12-12;9;836
28;2025-12-12;10;642
28;2025-12-12;11;609
28;2025-12-12;12;756
28;2025-12-12;13;730
28;2025-12-12;14;719
28;2025-12-12;15;755
28;2025-12-12;16;941
28;2025-12-12;17;1030
28;2025-12-12;18;897
28;2025-12-12;19;668
28;2025-12-12;20;468
28;2025-12-12;21;344
28;2025-12-12;22;135
28;2025-12-12;23;24
28;2025-12-13;0;1
28;2025-12-13;1;0
28;2025-12-13;2;0
28;2025-12-13;3;0
28;2025-12-13;4;1
28;2025-12-13;5;37
28;2025-12-13;6;107
28;2025-12-13;7;232
28;2025-12-13;8;397
28;2025-12-13;9;453
28;2025-12-13;10;490
28;2025-12-13;11;509
28;2025-12-13;12;598
28;2025-12-13;13;618
28;2025-12-13;14;586
28;2025-12-13;15;606
28;2025-12-13;16;614
28;2025-12-13;17;591
28;2025-12-13;18;513
28;2025-12-13;19;398
28;2025-12-13;20;299
28;2025-12-13;21;260
28;2025-12-13;22;120
28;2025-12-13;23;21
28;2025-12-14;0;2
28;2025-12-14;1;1
28;2025-12-14;2;0
28;2025-12-14;3;1
28;2025-12-14;4;0
28;2025-12-14;5;28
28;2025-12-14;6;75
28;2025-12-14;7;168
28;2025-12-14;8;256
28;2025-12-14;9;348
28;2025-12-14;10;393
28;2025-12-14;11;435
28;2025-12-14;12;466
28;2025-12-14;13;543
28;2025-12-14;14;524
28;2025-12-14;15;522
28;2025-12-14;16;487
28;2025-12-14;17;505
28;2025-12-14;18;435
28;2025-12-14;19;379
28;2025-12-14;20;291
28;2025-12-14;21;232
28;2025-12-14;22;114
28;2025-12-14;23;18
28;2025-12-15;0;0
28;2025-12-15;1;0
28;2025-12-15;2;0
28;2025-12-15;3;0
28;2025-12-15;4;2
28;2025-12-15;5;75
28;2025-12-15;6;261
28;2025-12-15;7;740
28;2025-12-15;8;1208
28;2025-12-15;9;801
28;2025-12-15;10;610
28;2025-12-15;11;541
28;2025-12-15;12;659
28;2025-12-15;13;674
28;2025-12-15;14;630
28;2025-12-15;15;649
28;2025-12-15;16;849
28;2025-12-15;17;991
28;2025-12-15;18;968
28;2025-12-15;19;711
28;2025-12-15;20;475
28;2025-12-15;21;303
28;2025-12-15;22;116
28;2025-12-15;23;12
28;2025-12-16;0;0
28;2025-12-16;1;0
28;2025-12-16;2;0
28;2025-12-16;3;0
28;2025-12-16;4;1
28;2025-12-16;5;74
28;2025-12-16;6;260
28;2025-12-16;7;787
28;2025-12-16;8;1294
28;2025-12-16;9;815
28;2025-12-16;10;654
28;2025-12-16;11;581
28;2025-12-16;12;681
28;2025-12-16;13;698
28;2025-12-16;14;673
28;2025-12-16;15;705
28;2025-12-16;16;796
28;2025-12-16;17;1002
28;2025-12-16;18;982
28;2025-12-16;19;708
28;2025-12-16;20;492
28;2025-12-16;21;321
28;2025-12-16;22;126
28;2025-12-16;23;16
28;2025-12-17;0;0
28;2025-12-17;1;0
28;2025-12-17;2;0
28;2025-12-17;3;0
28;2025-12-17;4;2
28;2025-12-17;5;78
28;2025-12-17;6;262
28;2025-12-17;7;792
28;2025-12-17;8;1272
28;2025-12-17;9;873
28;2025-12-17;10;641
28;2025-12-17;11;608
28;2025-12-17;12;742
28;2025-12-17;13;748
28;2025-12-17;14;704
28;2025-12-17;15;729
28;2025-12-17;16;936
28;2025-12-17;17;1071
28;2025-12-17;18;1065
28;2025-12-17;19;802
28;2025-12-17;20;558
28;2025-12-17;21;348
28;2025-12-17;22;131
28;2025-12-17;23;20
28;2025-12-18;0;2
28;2025-12-18;1;1
28;2025-12-18;2;0
28;2025-12-18;3;0
28;2025-12-18;4;1
28;2025-12-18;5;84
28;2025-12-18;6;263
28;2025-12-18;7;822
28;2025-12-18;8;1260
28;2025-12-18;9;845
28;2025-12-18;10;623
28;2025-12-18;11;591
28;2025-12-18;12;706
28;2025-12-18;13;734
28;2025-12-18;14;691
28;2025-12-18;15;764
28;2025-12-18;16;888
28;2025-12-18;17;1112
28;2025-12-18;18;1092
28;2025-12-18;19;782
28;2025-12-18;20;566
28;2025-12-18;21;347
28;2025-12-18;22;141
28;2025-12-18;23;20
28;2025-12-19;0;1
28;2025-12-19;1;0
28;2025-12-19;2;0
28;2025-12-19;3;0
28;2025-12-19;4;2
28;2025-12-19;5;78
28;2025-12-19;6;282
28;2025-12-19;7;832
28;2025-12-19;8;1287
28;2025-12-19;9;839
28;2025-12-19;10;644
28;2025-12-19;11;611
28;2025-12-19;12;758
28;2025-12-19;13;732
28;2025-12-19;14;721
28;2025-12-19;15;758
28;2025-12-19;16;944
28;2025-12-19;17;1034
28;2025-12-19;18;900
28;2025-12-19;19;670
28;2025-12-19;20;470
28;2025-12-19;21;345
28;2025-12-19;22;136
28;2025-12-19;23;24
28;2025-12-20;0;1
28;2025-12-20;1;0
28;2025-12-20;2;0
28;2025-12-20;3;0
28;2025-12-20;4;1
28;2025-12-20;5;37
28;2025-12-20;6;108
28;2025-12-20;7;233
28;2025-12-20;8;398
28;2025-12-20;9;455
28;2025-12-20;10;491
28;2025-12-20;11;510
28;2025-12-20;12;600
28;2025-12-20;13;620
28;2025-12-20;14;588
28;2025-12-20;15;608
28;2025-12-20;16;616
28;2025-12-20;17;593
28;2025-12-20;18;514
28;2025-12-20;19;400
28;2025-12-20;20;300
28;2025-12-20;21;261
28;2025-12-20;22;121
28;2025-12-20;23;21
28;2025-12-21;0;2
28;2025-12-21;1;1
28;2025-12-21;2;0
28;2025-12-21;3;1
28;2025-12-21;4;0
28;2025-12-21;5;28
28;2025-12-21;6;76
28;2025-12-21;7;168
28;2025-12-21;8;257
28;2025-12-21;9;349
28;2025-12-21;10;394
28;2025-12-21;11;437
28;2025-12-21;12;468
28;2025-12-21;13;545
28;2025-12-21;14;526
28;2025-12-21;15;523
28;2025-12-21;16;489
28;2025-12-21;17;507
28;2025-12-21;18;436
28;2025-12-21;19;380
28;2025-12-21;20;292
28;2025-12-21;21;233
28;2025-12-21;22;115
28;2025-12-21;23;18
28;2025-12-22;0;0
28;2025-12-22;1;0
28;2025-12-22;2;0
28;2025-12-22;3;0
28;2025-12-22;4;2
28;2025-12-22;5;75
28;2025-12-22;6;262
28;2025-12-22;7;743
28;2025-12-22;8;1212
28;2025-12-22;9;803
28;2025-12-22;10;612
28;2025-12-22;11;542
28;2025-12-22;12;661
28;2025-12-22;13;677
28;2025-12-22;14;632
28;2025-12-22;15;651
28;2025-12-22;16;852
28;2025-12-22;17;994
28;2025-12-22;18;972
28;2025-12-22;19;713
28;2025-12-22;20;477
28;2025-12-22;21;304
28;2025-12-22;22;116
28;2025-12-22;23;12
28;2025-12-23;0;0
28;2025-12-23;1;0
28;2025-12-23;2;0
28;2025-12-23;3;0
28;2025-12-23;4;1
28;2025-12-23;5;74
28;2025-12-23;6;261
28;2025-12-23;7;790
28;2025-12-23;8;1298
28;2025-12-23;9;817
28;2025-12-23;10;656
28;2025-12-23;11;583
28;2025-12-23;12;683
28;2025-12-23;13;700
28;2025-12-23;14;675
28;2025-12-23;15;707
28;2025-12-23;16;799
28;2025-12-23;17;1005
28;2025-12-23;18;986
28;2025-12-23;19;710
28;2025-12-23;20;493
28;2025-12-23;21;322
28;2025-12-23;22;126
28;2025-12-23;23;16
28;2025-12-24;0;0
28;2025-12-24;1;0
28;2025-12-24;2;0
28;2025-12-24;3;0
28;2025-12-24;4;2
28;2025-12-24;5;79
28;2025-12-24;6;263
28;2025-12-24;7;795
28;2025-12-24;8;1276
28;2025-12-24;9;876
28;2025-12-24;10;643
28;2025-12-24;11;610
28;2025-12-24;12;745
28;2025-12-24;13;750
28;2025-12-24;14;707
28;2025-12-24;15;731
28;2025-12-24;16;939
28;2025-12-24;17;1075
28;2025-12-24;18;1069
28;2025-12-24;19;804
28;2025-12-24;20;560
28;2025-12-24;21;349
28;2025-12-24;22;132
28;2025-12-24;23;20
28;2025-12-25;0;2
28;2025-12-25;1;1
28;2025-12-25;2;0
28;2025-12-25;3;0
28;2025-12-25;4;1
28;2025-12-25;5;84
28;2025-12-25;6;264
28;2025-12-25;7;824
28;2025-12-25;8;1264
28;2025-12-25;9;848
28;2025-12-25;10;626
28;2025-12-25;11;593
28;2025-12-25;12;709
28;2025-12-25;13;737
28;2025-12-25;14;694
28;2025-12-25;15;767
28;2025-12-25;16;890
28;2025-12-25;17;1116
28;2025-12-25;18;1095
28;2025-12-25;19;785
28;2025-12-25;20;567
28;2025-12-25;21;349
28;2025-12-25;22;142
28;2025-12-25;23;20
28;2025-12-26;0;1
28;2025-12-26;1;0
28;2025-12-26;2;0
28;2025-12-26;3;0
28;2025-12-26;4;2
28;2025-12-26;5;78
28;2025-12-26;6;283
28;2025-12-26;7;834
28;2025-12-26;8;1291
28;2025-12-26;9;842
28;2025-12-26;10;646
28;2025-12-26;11;613
28;2025-12-26;12;760
28;2025-12-26;13;735
28;2025-12-26;14;724
28;2025-12-26;15;760
28;2025-12-26;16;947
28;2025-12-26;17;1038
28;2025-12-26;18;903
28;2025-12-26;19;672
28;2025-12-26;20;471
28;2025-12-26;21;346
28;2025-12-26;22;136
28;2025-12-26;23;24
28;2025-12-27;0;1
28;2025-12-27;1;0
28;2025-12-27;2;0
28;2025-12-27;3;0
28;2025-12-27;4;1
28;2025-12-27;5;37
28;2025-12-27;6;108
28;2025-12-27;7;234
28;2025-12-27;8;399
28;2025-12-27;9;456
28;2025-12-27;10;493
28;2025-12-27;11;512
28;2025-12-27;12;602
28;2025-12-27;13;622
28;2025-12-27;14;590
28;2025-12-27;15;610
28;2025-12-27;16;618
28;2025-12-27;17;595
28;2025-12-27;18;516
28;2025-12-27;19;401
28;2025-12-27;20;301
28;2025-12-27;21;261
28;2025-12-27;22;121
28;2025-12-27;23;21
28;2025-12-28;0;2
28;2025-12-28;1;1
28;2025-12-28;2;0
28;2025-12-28;3;1
28;2025-12-28;4;0
28;2025-12-28;5;28
28;2025-12-28;6;76
28;2025-12-28;7;169
28;2025-12-28;8;257
28;2025-12-28;9;350
28;2025-12-28;10;395
28;2025-12-28;11;438
28;2025-12-28;12;469
28;2025-12-28;13;546
28;2025-12-28;14;527
28;2025-12-28;15;525
28;2025-12-28;16;490
28;2025-12-28;17;508
28;2025-12-28;18;437
28;2025-12-28;19;381
28;2025-12-28;20;293
28;2025-12-28;21;234
28;2025-12-28;22;115
28;2025-12-28;23;18
28;2025-12-29;0;0
28;2025-12-29;1;0
28;2025-12-29;2;0
28;2025-12-29;3;0
28;2025-12-29;4;2
28;2025-12-29;5;71
28;2025-12-29;6;250
28;2025-12-29;7;701
28;2025-12-29;8;1176
28;2025-12-29;9;791
28;2025-12-29;10;584
28;2025-12-29;11;508
28;2025-12-29;12;642
28;2025-12-29;13;648
28;2025-12-29;14;582
28;2025-12-29;15;581
28;2025-12-29;16;835
28;2025-12-29;17;924
28;2025-12-29;18;899
28;2025-12-29;19;675
28;2025-12-29;20;441
28;2025-12-29;21;281
28;2025-12-29;22;101
28;2025-12-29;23;5
28;2025-12-30;0;0
28;2025-12-30;1;0
28;2025-12-30;2;0
28;2025-12-30;3;0
28;2025-12-30;4;1
28;2025-12-30;5;67
28;2025-12-30;6;233
28;2025-12-30;7;713
28;2025-12-30;8;1208
28;2025-12-30;9;744
28;2025-12-30;10;612
28;2025-12-30;11;521
28;2025-12-30;12;628
28;2025-12-30;13;631
28;2025-12-30;14;602
28;2025-12-30;15;621
28;2025-12-30;16;708
28;2025-12-30;17;905
28;2025-12-30;18;859
28;2025-12-30;19;631
28;2025-12-30;20;444
28;2025-12-30;21;290
28;2025-12-30;22;109
28;2025-12-30;23;11
28;2025-12-31;0;2
28;2025-12-31;1;1
28;2025-12-31;2;0
28;2025-12-31;3;0
28;2025-12-31;4;1
28;2025-12-31;5;29
28;2025-12-31;6;77
28;2025-12-31;7;161
28;2025-12-31;8;267
28;2025-12-31;9;336
28;2025-12-31;10;372
28;2025-12-31;11;398
28;2025-12-31;12;438
28;2025-12-31;13;491
28;2025-12-31;14;462
28;2025-12-31;15;473
28;2025-12-31;16;445
28;2025-12-31;17;447
28;2025-12-31;18;396
28;2025-12-31;19;330
28;2025-12-31;20;253
28;2025-12-31;21;213
28;2025-12-31;22;97
28;2025-12-31;23;12
50;2025-11-01;0;47
50;2025-11-01;1;4
50;2025-11-01;2;0
50;2025-11-01;3;0
50;2025-11-01;4;2
50;2025-11-01;5;49
50;2025-11-01;6;368
50;2025-11-01;7;1241
50;2025-11-01;8;1924
50;2025-11-01;9;1510
50;2025-11-01;10;1080
50;2025-11-01;11;1096
50;2025-11-01;12;1032
50;2025-11-01;13;1084
50;2025-11-01;14;1032
50;2025-11-01;15;1257
50;2025-11-01;16;1559
50;2025-11-01;17;1517
50;2025-11-01;18;1156
50;2025-11-01;19;846
50;2025-11-01;20;611
50;2025-11-01;21;395
50;2025-11-01;22;199
50;2025-11-01;23;121
50;2025-11-02;0;2
50;2025-11-02;1;0
50;2025-11-02;2;0
50;2025-11-02;3;0
50;2025-11-02;4;0
50;2025-11-02;5;1
50;2025-11-02;6;4
50;2025-11-02;7;7
50;2025-11-02;8;11
50;2025-11-02;9;12
50;2025-11-02;10;23
50;2025-11-02;11;46
50;2025-11-02;12;38
50;2025-11-02;13;48
50;2025-11-02;14;82
50;2025-11-02;15;70
50;2025-11-02;16;94
50;2025-11-02;17;80
50;2025-11-02;18;50
50;2025-11-02;19;47
50;2025-11-02;20;38
50;2025-11-02;21;26
50;2025-11-02;22;29
50;2025-11-02;23;8
50;2025-11-03;0;11
50;2025-11-03;1;1
50;2025-11-03;2;0
50;2025-11-03;3;0
50;2025-11-03;4;0
50;2025-11-03;5;1
50;2025-11-03;6;4
50;2025-11-03;7;8
50;2025-11-03;8;13
50;2025-11-03;9;17
50;2025-11-03;10;22
50;2025-11-03;11;42
50;2025-11-03;12;43
50;2025-11-03;13;47
50;2025-11-03;14;73
50;2025-11-03;15;69
50;2025-11-03;16;82
50;2025-11-03;17;70
50;2025-11-03;18;41
50;2025-11-03;19;38
50;2025-11-03;20;31
50;2025-11-03;21;21
50;2025-11-03;22;23
50;2025-11-03;23;6
50;2025-11-04;0;7
50;2025-11-04;1;1
50;2025-11-04;2;0
50;2025-11-04;3;0
50;2025-11-04;4;0
50;2025-11-04;5;1
50;2025-11-04;6;4
50;2025-11-04;7;7
50;2025-11-04;8;11
50;2025-11-04;9;14
50;2025-11-04;10;20
50;2025-11-04;11;39
50;2025-11-04;12;37
50;2025-11-04;13;42
50;2025-11-04;14;69
50;2025-11-04;15;63
50;2025-11-04;16;78
50;2025-11-04;17;67
50;2025-11-04;18;40
50;2025-11-04;19;37
50;2025-11-04;20;31
50;2025-11-04;21;21
50;2025-11-04;22;23
50;2025-11-04;23;6
50;2025-11-05;0;26
50;2025-11-05;1;4
50;2025-11-05;2;0
50;2025-11-05;3;0
50;2025-11-05;4;3
50;2025-11-05;5;80
50;2025-11-05;6;529
50;2025-11-05;7;1726
50;2025-11-05;8;2853
50;2025-11-05;9;2156
50;2025-11-05;10;1665
50;2025-11-05;11;1556
50;2025-11-05;12;1511
50;2025-11-05;13;1503
50;2025-11-05;14;1455
50;2025-11-05;15;1641
50;2025-11-05;16;1705
50;2025-11-05;17;2359
50;2025-11-05;18;2446
50;2025-11-05;19;1456
50;2025-11-05;20;907
50;2025-11-05;21;635
50;2025-11-05;22;262
50;2025-11-05;23;149
50;2025-11-06;0;40
50;2025-11-06;1;2
50;2025-11-06;2;0
50;2025-11-06;3;0
50;2025-11-06;4;3
50;2025-11-06;5;71
50;2025-11-06;6;496
50;2025-11-06;7;1650
50;2025-11-06;8;2655
50;2025-11-06;9;2124
50;2025-11-06;10;1664
50;2025-11-06;11;1486
50;2025-11-06;12;1490
50;2025-11-06;13;1463
50;2025-11-06;14;1429
50;2025-11-06;15;1614
50;2025-11-06;16;1658
50;2025-11-06;17;2297
50;2025-11-06;18;2428
50;2025-11-06;19;1468
50;2025-11-06;20;964
50;2025-11-06;21;664
50;2025-11-06;22;259
50;2025-11-06;23;154
50;2025-11-07;0;39
50;2025-11-07;1;1
50;2025-11-07;2;0
50;2025-11-07;3;0
50;2025-11-07;4;3
50;2025-11-07;5;71
50;2025-11-07;6;522
50;2025-11-07;7;1746
50;2025-11-07;8;2732
50;2025-11-07;9;2132
50;2025-11-07;10;1546
50;2025-11-07;11;1504
50;2025-11-07;12;1456
50;2025-11-07;13;1501
50;2025-11-07;14;1460
50;2025-11-07;15;1722
50;2025-11-07;16;2092
50;2025-11-07;17;2139
50;2025-11-07;18;1700
50;2025-11-07;19;1246
50;2025-11-07;20;876
50;2025-11-07;21;565
50;2025-11-07;22;264
50;2025-11-07;23;164
50;2025-11-08;0;30
50;2025-11-08;1;5
50;2025-11-08;2;0
50;2025-11-08;3;1
50;2025-11-08;4;0
50;2025-11-08;5;3
50;2025-11-08;6;17
50;2025-11-08;7;13
50;2025-11-08;8;33
50;2025-11-08;9;30
50;2025-11-08;10;27
50;2025-11-08;11;43
50;2025-11-08;12;58
50;2025-11-08;13;51
50;2025-11-08;14;66
50;2025-11-08;15;59
50;2025-11-08;16;53
50;2025-11-08;17;65
50;2025-11-08;18;38
50;2025-11-08;19;28
50;2025-11-08;20;20
50;2025-11-08;21;11
50;2025-11-08;22;10
50;2025-11-08;23;7
50;2025-11-09;0;6
50;2025-11-09;1;0
50;2025-11-09;2;0
50;2025-11-09;3;0
50;2025-11-09;4;0
50;2025-11-09;5;1
50;2025-11-09;6;11
50;2025-11-09;7;6
50;2025-11-09;8;10
50;2025-11-09;9;10
50;2025-11-09;10;17
50;2025-11-09;11;32
50;2025-11-09;12;31
50;2025-11-09;13;37
50;2025-11-09;14;63
50;2025-11-09;15;56
50;2025-11-09;16;66
50;2025-11-09;17;62
50;2025-11-09;18;34
50;2025-11-09;19;30
50;2025-11-09;20;25
50;2025-11-09;21;17
50;2025-11-09;22;17
50;2025-11-09;23;5
50;2025-11-10;0;16
50;2025-11-10;1;3
50;2025-11-10;2;1
50;2025-11-10;3;0
50;2025-11-10;4;3
50;2025-11-10;5;69
50;2025-11-10;6;524
50;2025-11-10;7;1720
50;2025-11-10;8;2773
50;2025-11-10;9;2210
50;2025-11-10;10;1625
50;2025-11-10;11;1451
50;2025-11-10;12;1369
50;2025-11-10;13;1447
50;2025-11-10;14;1403
50;2025-11-10;15;1622
50;2025-11-10;16;1650
50;2025-11-10;17;2281
50;2025-11-10;18;2479
50;2025-11-10;19;1370
50;2025-11-10;20;879
50;2025-11-10;21;612
50;2025-11-10;22;231
50;2025-11-10;23;121
50;2025-11-11;0;28
50;2025-11-11;1;2
50;2025-11-11;2;0
50;2025-11-11;3;0
50;2025-11-11;4;2
50;2025-11-11;5;78
50;2025-11-11;6;572
50;2025-11-11;7;1823
50;2025-11-11;8;2840
50;2025-11-11;9;2231
50;2025-11-11;10;1729
50;2025-11-11;11;1534
50;2025-11-11;12;1444
50;2025-11-11;13;1516
50;2025-11-11;14;1444
50;2025-11-11;15;1676
50;2025-11-11;16;1756
50;2025-11-11;17;2461
50;2025-11-11;18;2507
50;2025-11-11;19;1493
50;2025-11-11;20;973
50;2025-11-11;21;614
50;2025-11-11;22;246
50;2025-11-11;23;143
50;2025-11-12;0;26
50;2025-11-12;1;4
50;2025-11-12;2;0
50;2025-11-12;3;0
50;2025-11-12;4;3
50;2025-11-12;5;80
50;2025-11-12;6;529
50;2025-11-12;7;1726
50;2025-11-12;8;2853
50;2025-11-12;9;2156
50;2025-11-12;10;1665
50;2025-11-12;11;1556
50;2025-11-12;12;1511
50;2025-11-12;13;1503
50;2025-11-12;14;1455
50;2025-11-12;15;1641
50;2025-11-12;16;1705
50;2025-11-12;17;2359
50;2025-11-12;18;2446
50;2025-11-12;19;1456
50;2025-11-12;20;907
50;2025-11-12;21;635
50;2025-11-12;22;262
50;2025-11-12;23;148
50;2025-11-13;0;40
50;2025-11-13;1;2
50;2025-11-13;2;0
50;2025-11-13;3;0
50;2025-11-13;4;3
50;2025-11-13;5;71
50;2025-11-13;6;496
50;2025-11-13;7;1650
50;2025-11-13;8;2656
50;2025-11-13;9;2124
50;2025-11-13;10;1664
50;2025-11-13;11;1487
50;2025-11-13;12;1491
50;2025-11-13;13;1463
50;2025-11-13;14;1430
50;2025-11-13;15;1615
50;2025-11-13;16;1658
50;2025-11-13;17;2297
50;2025-11-13;18;2428
50;2025-11-13;19;1466
50;2025-11-13;20;962
50;2025-11-13;21;663
50;2025-11-13;22;259
50;2025-11-13;23;153
50;2025-11-14;0;39
50;2025-11-14;1;1
50;2025-11-14;2;0
50;2025-11-14;3;0
50;2025-11-14;4;3
50;2025-11-14;5;71
50;2025-11-14;6;522
50;2025-11-14;7;1746
50;2025-11-14;8;2732
50;2025-11-14;9;2132
50;2025-11-14;10;1546
50;2025-11-14;11;1504
50;2025-11-14;12;1456
50;2025-11-14;13;1502
50;2025-11-14;14;1460
50;2025-11-14;15;1722
50;2025-11-14;16;2092
50;2025-11-14;17;2139
50;2025-11-14;18;1700
50;2025-11-14;19;1245
50;2025-11-14;20;875
50;2025-11-14;21;564
50;2025-11-14;22;264
50;2025-11-14;23;164
50;2025-11-15;0;62
50;2025-11-15;1;5
50;2025-11-15;2;0
50;2025-11-15;3;0
50;2025-11-15;4;1
50;2025-11-15;5;32
50;2025-11-15;6;181
50;2025-11-15;7;404
50;2025-11-15;8;618
50;2025-11-15;9;638
50;2025-11-15;10;653
50;2025-11-15;11;800
50;2025-11-15;12;816
50;2025-11-15;13;861
50;2025-11-15;14;884
50;2025-11-15;15;825
50;2025-11-15;16;822
50;2025-11-15;17;856
50;2025-11-15;18;774
50;2025-11-15;19;674
50;2025-11-15;20;527
50;2025-11-15;21;402
50;2025-11-15;22;231
50;2025-11-15;23;145
50;2025-11-16;0;50
50;2025-11-16;1;9
50;2025-11-16;2;2
50;2025-11-16;3;2
50;2025-11-16;4;2
50;2025-11-16;5;27
50;2025-11-16;6;138
50;2025-11-16;7;266
50;2025-11-16;8;412
50;2025-11-16;9;492
50;2025-11-16;10;528
50;2025-11-16;11;668
50;2025-11-16;12;724
50;2025-11-16;13;769
50;2025-11-16;14;817
50;2025-11-16;15;750
50;2025-11-16;16;744
50;2025-11-16;17;777
50;2025-11-16;18;691
50;2025-11-16;19;588
50;2025-11-16;20;484
50;2025-11-16;21;378
50;2025-11-16;22;215
50;2025-11-16;23;118
50;2025-11-17;0;16
50;2025-11-17;1;3
50;2025-11-17;2;1
50;2025-11-17;3;0
50;2025-11-17;4;3
50;2025-11-17;5;69
50;2025-11-17;6;525
50;2025-11-17;7;1722
50;2025-11-17;8;2775
50;2025-11-17;9;2212
50;2025-11-17;10;1626
50;2025-11-17;11;1453
50;2025-11-17;12;1371
50;2025-11-17;13;1449
50;2025-11-17;14;1404
50;2025-11-17;15;1624
50;2025-11-17;16;1652
50;2025-11-17;17;2283
50;2025-11-17;18;2481
50;2025-11-17;19;1371
50;2025-11-17;20;880
50;2025-11-17;21;612
50;2025-11-17;22;231
50;2025-11-17;23;121
50;2025-11-18;0;28
50;2025-11-18;1;2
50;2025-11-18;2;0
50;2025-11-18;3;0
50;2025-11-18;4;2
50;2025-11-18;5;78
50;2025-11-18;6;573
50;2025-11-18;7;1825
50;2025-11-18;8;2844
50;2025-11-18;9;2235
50;2025-11-18;10;1732
50;2025-11-18;11;1536
50;2025-11-18;12;1446
50;2025-11-18;13;1518
50;2025-11-18;14;1447
50;2025-11-18;15;1679
50;2025-11-18;16;1758
50;2025-11-18;17;2465
50;2025-11-18;18;2511
50;2025-11-18;19;1494
50;2025-11-18;20;974
50;2025-11-18;21;614
50;2025-11-18;22;245
50;2025-11-18;23;142
50;2025-11-19;0;26
50;2025-11-19;1;4
50;2025-11-19;2;0
50;2025-11-19;3;0
50;2025-11-19;4;3
50;2025-11-19;5;80
50;2025-11-19;6;530
50;2025-11-19;7;1729
50;2025-11-19;8;2858
50;2025-11-19;9;2160
50;2025-11-19;10;1669
50;2025-11-19;11;1559
50;2025-11-19;12;1514
50;2025-11-19;13;1506
50;2025-11-19;14;1458
50;2025-11-19;15;1644
50;2025-11-19;16;1709
50;2025-11-19;17;2363
50;2025-11-19;18;2451
50;2025-11-19;19;1459
50;2025-11-19;20;909
50;2025-11-19;21;636
50;2025-11-19;22;263
50;2025-11-19;23;148
50;2025-11-20;0;40
50;2025-11-20;1;2
50;2025-11-20;2;0
50;2025-11-20;3;0
50;2025-11-20;4;3
50;2025-11-20;5;71
50;2025-11-20;6;498
50;2025-11-20;7;1654
50;2025-11-20;8;2663
50;2025-11-20;9;2130
50;2025-11-20;10;1669
50;2025-11-20;11;1491
50;2025-11-20;12;1495
50;2025-11-20;13;1467
50;2025-11-20;14;1434
50;2025-11-20;15;1619
50;2025-11-20;16;1662
50;2025-11-20;17;2302
50;2025-11-20;18;2434
50;2025-11-20;19;1469
50;2025-11-20;20;964
50;2025-11-20;21;664
50;2025-11-20;22;259
50;2025-11-20;23;153
50;2025-11-21;0;38
50;2025-11-21;1;1
50;2025-11-21;2;0
50;2025-11-21;3;0
50;2025-11-21;4;3
50;2025-11-21;5;71
50;2025-11-21;6;524
50;2025-11-21;7;1751
50;2025-11-21;8;2740
50;2025-11-21;9;2139
50;2025-11-21;10;1551
50;2025-11-21;11;1509
50;2025-11-21;12;1461
50;2025-11-21;13;1506
50;2025-11-21;14;1465
50;2025-11-21;15;1727
50;2025-11-21;16;2098
50;2025-11-21;17;2145
50;2025-11-21;18;1705
50;2025-11-21;19;1249
50;2025-11-21;20;877
50;2025-11-21;21;566
50;2025-11-21;22;264
50;2025-11-21;23;164
50;2025-11-22;0;61
50;2025-11-22;1;5
50;2025-11-22;2;0
50;2025-11-22;3;0
50;2025-11-22;4;1
50;2025-11-22;5;32
50;2025-11-22;6;182
50;2025-11-22;7;406
50;2025-11-22;8;620
50;2025-11-22;9;640
50;2025-11-22;10;655
50;2025-11-22;11;802
50;2025-11-22;12;819
50;2025-11-22;13;864
50;2025-11-22;14;887
50;2025-11-22;15;827
50;2025-11-22;16;825
50;2025-11-22;17;859
50;2025-11-22;18;777
50;2025-11-22;19;677
50;2025-11-22;20;529
50;2025-11-22;21;403
50;2025-11-22;22;232
50;2025-11-22;23;145
50;2025-11-23;0;50
50;2025-11-23;1;9
50;2025-11-23;2;2
50;2025-11-23;3;2
50;2025-11-23;4;2
50;2025-11-23;5;27
50;2025-11-23;6;139
50;2025-11-23;7;267
50;2025-11-23;8;413
50;2025-11-23;9;493
50;2025-11-23;10;530
50;2025-11-23;11;670
50;2025-11-23;12;726
50;2025-11-23;13;771
50;2025-11-23;14;820
50;2025-11-23;15;753
50;2025-11-23;16;747
50;2025-11-23;17;779
50;2025-11-23;18;694
50;2025-11-23;19;590
50;2025-11-23;20;486
50;2025-11-23;21;379
50;2025-11-23;22;216
50;2025-11-23;23;118
50;2025-11-24;0;15
50;2025-11-24;1;3
50;2025-11-24;2;1
50;2025-11-24;3;0
50;2025-11-24;4;3
50;2025-11-24;5;69
50;2025-11-24;6;527
50;2025-11-24;7;1728
50;2025-11-24;8;2785
50;2025-11-24;9;2220
50;2025-11-24;10;1632
50;2025-11-24;11;1458
50;2025-11-24;12;1376
50;2025-11-24;13;1454
50;2025-11-24;14;1409
50;2025-11-24;15;1629
50;2025-11-24;16;1658
50;2025-11-24;17;2291
50;2025-11-24;18;2490
50;2025-11-24;19;1376
50;2025-11-24;20;883
50;2025-11-24;21;614
50;2025-11-24;22;232
50;2025-11-24;23;122
50;2025-11-25;0;28
50;2025-11-25;1;2
50;2025-11-25;2;0
50;2025-11-25;3;0
50;2025-11-25;4;2
50;2025-11-25;5;79
50;2025-11-25;6;575
50;2025-11-25;7;1832
50;2025-11-25;8;2854
50;2025-11-25;9;2242
50;2025-11-25;10;1738
50;2025-11-25;11;1542
50;2025-11-25;12;1452
50;2025-11-25;13;1524
50;2025-11-25;14;1452
50;2025-11-25;15;1684
50;2025-11-25;16;1765
50;2025-11-25;17;2473
50;2025-11-25;18;2519
50;2025-11-25;19;1499
50;2025-11-25;20;977
50;2025-11-25;21;616
50;2025-11-25;22;246
50;2025-11-25;23;143
50;2025-11-26;0;25
50;2025-11-26;1;4
50;2025-11-26;2;0
50;2025-11-26;3;0
50;2025-11-26;4;3
50;2025-11-26;5;81
50;2025-11-26;6;532
50;2025-11-26;7;1735
50;2025-11-26;8;2868
50;2025-11-26;9;2168
50;2025-11-26;10;1674
50;2025-11-26;11;1565
50;2025-11-26;12;1519
50;2025-11-26;13;1511
50;2025-11-26;14;1463
50;2025-11-26;15;1650
50;2025-11-26;16;1715
50;2025-11-26;17;2371
50;2025-11-26;18;2460
50;2025-11-26;19;1464
50;2025-11-26;20;912
50;2025-11-26;21;638
50;2025-11-26;22;264
50;2025-11-26;23;149
50;2025-11-27;0;40
50;2025-11-27;1;2
50;2025-11-27;2;0
50;2025-11-27;3;0
50;2025-11-27;4;3
50;2025-11-27;5;71
50;2025-11-27;6;499
50;2025-11-27;7;1660
50;2025-11-27;8;2672
50;2025-11-27;9;2137
50;2025-11-27;10;1674
50;2025-11-27;11;1496
50;2025-11-27;12;1500
50;2025-11-27;13;1472
50;2025-11-27;14;1439
50;2025-11-27;15;1625
50;2025-11-27;16;1668
50;2025-11-27;17;2310
50;2025-11-27;18;2442
50;2025-11-27;19;1474
50;2025-11-27;20;967
50;2025-11-27;21;666
50;2025-11-27;22;260
50;2025-11-27;23;153
50;2025-11-28;0;38
50;2025-11-28;1;1
50;2025-11-28;2;0
50;2025-11-28;3;0
50;2025-11-28;4;3
50;2025-11-28;5;72
50;2025-11-28;6;526
50;2025-11-28;7;1757
50;2025-11-28;8;2750
50;2025-11-28;9;2146
50;2025-11-28;10;1557
50;2025-11-28;11;1514
50;2025-11-28;12;1466
50;2025-11-28;13;1511
50;2025-11-28;14;1470
50;2025-11-28;15;1733
50;2025-11-28;16;2105
50;2025-11-28;17;2152
50;2025-11-28;18;1711
50;2025-11-28;19;1253
50;2025-11-28;20;880
50;2025-11-28;21;568
50;2025-11-28;22;265
50;2025-11-28;23;165
50;2025-11-29;0;62
50;2025-11-29;1;5
50;2025-11-29;2;0
50;2025-11-29;3;0
50;2025-11-29;4;1
50;2025-11-29;5;32
50;2025-11-29;6;182
50;2025-11-29;7;407
50;2025-11-29;8;622
50;2025-11-29;9;642
50;2025-11-29;10;657
50;2025-11-29;11;805
50;2025-11-29;12;822
50;2025-11-29;13;867
50;2025-11-29;14;890
50;2025-11-29;15;830
50;2025-11-29;16;827
50;2025-11-29;17;862
50;2025-11-29;18;779
50;2025-11-29;19;679
50;2025-11-29;20;530
50;2025-11-29;21;404
50;2025-11-29;22;232
50;2025-11-29;23;145
50;2025-11-30;0;50
50;2025-11-30;1;9
50;2025-11-30;2;2
50;2025-11-30;3;2
50;2025-11-30;4;2
50;2025-11-30;5;27
50;2025-11-30;6;139
50;2025-11-30;7;268
50;2025-11-30;8;415
50;2025-11-30;9;495
50;2025-11-30;10;532
50;2025-11-30;11;672
50;2025-11-30;12;729
50;2025-11-30;13;774
50;2025-11-30;14;823
50;2025-11-30;15;755
50;2025-11-30;16;749
50;2025-11-30;17;782
50;2025-11-30;18;696
50;2025-11-30;19;592
50;2025-11-30;20;487
50;2025-11-30;21;381
50;2025-11-30;22;217
50;2025-11-30;23;119
50;2025-12-01;0;15
50;2025-12-01;1;3
50;2025-12-01;2;1
50;2025-12-01;3;0
50;2025-12-01;4;3
50;2025-12-01;5;69
50;2025-12-01;6;528
50;2025-12-01;7;1734
50;2025-12-01;8;2795
50;2025-12-01;9;2227
50;2025-12-01;10;1637
50;2025-12-01;11;1463
50;2025-12-01;12;1381
50;2025-12-01;13;1459
50;2025-12-01;14;1414
50;2025-12-01;15;1635
50;2025-12-01;16;1664
50;2025-12-01;17;2299
50;2025-12-01;18;2499
50;2025-12-01;19;1381
50;2025-12-01;20;886
50;2025-12-01;21;616
50;2025-12-01;22;233
50;2025-12-01;23;122
50;2025-12-02;0;28
50;2025-12-02;1;2
50;2025-12-02;2;0
50;2025-12-02;3;0
50;2025-12-02;4;2
50;2025-12-02;5;79
50;2025-12-02;6;577
50;2025-12-02;7;1838
50;2025-12-02;8;2864
50;2025-12-02;9;2250
50;2025-12-02;10;1744
50;2025-12-02;11;1547
50;2025-12-02;12;1457
50;2025-12-02;13;1529
50;2025-12-02;14;1457
50;2025-12-02;15;1690
50;2025-12-02;16;1771
50;2025-12-02;17;2482
50;2025-12-02;18;2528
50;2025-12-02;19;1505
50;2025-12-02;20;981
50;2025-12-02;21;618
50;2025-12-02;22;247
50;2025-12-02;23;143
50;2025-12-03;0;25
50;2025-12-03;1;4
50;2025-12-03;2;0
50;2025-12-03;3;0
50;2025-12-03;4;3
50;2025-12-03;5;81
50;2025-12-03;6;534
50;2025-12-03;7;1741
50;2025-12-03;8;2878
50;2025-12-03;9;2175
50;2025-12-03;10;1680
50;2025-12-03;11;1570
50;2025-12-03;12;1524
50;2025-12-03;13;1516
50;2025-12-03;14;1468
50;2025-12-03;15;1655
50;2025-12-03;16;1720
50;2025-12-03;17;2379
50;2025-12-03;18;2469
50;2025-12-03;19;1469
50;2025-12-03;20;915
50;2025-12-03;21;641
50;2025-12-03;22;265
50;2025-12-03;23;150
50;2025-12-04;0;40
50;2025-12-04;1;2
50;2025-12-04;2;0
50;2025-12-04;3;0
50;2025-12-04;4;3
50;2025-12-04;5;71
50;2025-12-04;6;500
50;2025-12-04;7;1663
50;2025-12-04;8;2676
50;2025-12-04;9;2140
50;2025-12-04;10;1676
50;2025-12-04;11;1498
50;2025-12-04;12;1502
50;2025-12-04;13;1475
50;2025-12-04;14;1441
50;2025-12-04;15;1630
50;2025-12-04;16;1674
50;2025-12-04;17;2317
50;2025-12-04;18;2451
50;2025-12-04;19;1483
50;2025-12-04;20;975
50;2025-12-04;21;676
50;2025-12-04;22;270
50;2025-12-04;23;163
50;2025-12-05;0;38
50;2025-12-05;1;1
50;2025-12-05;2;0
50;2025-12-05;3;0
50;2025-12-05;4;3
50;2025-12-05;5;72
50;2025-12-05;6;526
50;2025-12-05;7;1758
50;2025-12-05;8;2752
50;2025-12-05;9;2148
50;2025-12-05;10;1558
50;2025-12-05;11;1515
50;2025-12-05;12;1467
50;2025-12-05;13;1513
50;2025-12-05;14;1472
50;2025-12-05;15;1737
50;2025-12-05;16;2109
50;2025-12-05;17;2157
50;2025-12-05;18;1721
50;2025-12-05;19;1263
50;2025-12-05;20;890
50;2025-12-05;21;580
50;2025-12-05;22;277
50;2025-12-05;23;176
50;2025-12-06;0;62
50;2025-12-06;1;5
50;2025-12-06;2;0
50;2025-12-06;3;0
50;2025-12-06;4;1
50;2025-12-06;5;31
50;2025-12-06;6;181
50;2025-12-06;7;406
50;2025-12-06;8;622
50;2025-12-06;9;642
50;2025-12-06;10;657
50;2025-12-06;11;805
50;2025-12-06;12;822
50;2025-12-06;13;868
50;2025-12-06;14;891
50;2025-12-06;15;833
50;2025-12-06;16;831
50;2025-12-06;17;865
50;2025-12-06;18;785
50;2025-12-06;19;684
50;2025-12-06;20;535
50;2025-12-06;21;410
50;2025-12-06;22;238
50;2025-12-06;23;150
50;2025-12-07;0;50
50;2025-12-07;1;9
50;2025-12-07;2;2
50;2025-12-07;3;2
50;2025-12-07;4;2
50;2025-12-07;5;25
50;2025-12-07;6;138
50;2025-12-07;7;267
50;2025-12-07;8;414
50;2025-12-07;9;494
50;2025-12-07;10;530
50;2025-12-07;11;672
50;2025-12-07;12;728
50;2025-12-07;13;774
50;2025-12-07;14;823
50;2025-12-07;15;758
50;2025-12-07;16;751
50;2025-12-07;17;786
50;2025-12-07;18;701
50;2025-12-07;19;597
50;2025-12-07;20;492
50;2025-12-07;21;386
50;2025-12-07;22;222
50;2025-12-07;23;124
50;2025-12-08;0;15
50;2025-12-08;1;3
50;2025-12-08;2;1
50;2025-12-08;3;0
50;2025-12-08;4;3
50;2025-12-08;5;66
50;2025-12-08;6;526
50;2025-12-08;7;1733
50;2025-12-08;8;2796
50;2025-12-08;9;2228
50;2025-12-08;10;1636
50;2025-12-08;11;1462
50;2025-12-08;12;1380
50;2025-12-08;13;1459
50;2025-12-08;14;1415
50;2025-12-08;15;1643
50;2025-12-08;16;1671
50;2025-12-08;17;2308
50;2025-12-08;18;2511
50;2025-12-08;19;1391
50;2025-12-08;20;896
50;2025-12-08;21;630
50;2025-12-08;22;245
50;2025-12-08;23;135
50;2025-12-09;0;28
50;2025-12-09;1;2
50;2025-12-09;2;0
50;2025-12-09;3;0
50;2025-12-09;4;2
50;2025-12-09;5;75
50;2025-12-09;6;574
50;2025-12-09;7;1839
50;2025-12-09;8;2867
50;2025-12-09;9;2251
50;2025-12-09;10;1743
50;2025-12-09;11;1547
50;2025-12-09;12;1457
50;2025-12-09;13;1530
50;2025-12-09;14;1458
50;2025-12-09;15;1698
50;2025-12-09;16;1779
50;2025-12-09;17;2492
50;2025-12-09;18;2540
50;2025-12-09;19;1515
50;2025-12-09;20;989
50;2025-12-09;21;630
50;2025-12-09;22;258
50;2025-12-09;23;154
50;2025-12-10;0;26
50;2025-12-10;1;4
50;2025-12-10;2;0
50;2025-12-10;3;0
50;2025-12-10;4;3
50;2025-12-10;5;77
50;2025-12-10;6;531
50;2025-12-10;7;1741
50;2025-12-10;8;2881
50;2025-12-10;9;2175
50;2025-12-10;10;1679
50;2025-12-10;11;1568
50;2025-12-10;12;1523
50;2025-12-10;13;1517
50;2025-12-10;14;1468
50;2025-12-10;15;1663
50;2025-12-10;16;1729
50;2025-12-10;17;2390
50;2025-12-10;18;2482
50;2025-12-10;19;1480
50;2025-12-10;20;925
50;2025-12-10;21;654
50;2025-12-10;22;277
50;2025-12-10;23;161
50;2025-12-11;0;40
50;2025-12-11;1;2
50;2025-12-11;2;0
50;2025-12-11;3;0
50;2025-12-11;4;3
50;2025-12-11;5;68
50;2025-12-11;6;498
50;2025-12-11;7;1667
50;2025-12-11;8;2685
50;2025-12-11;9;2146
50;2025-12-11;10;1680
50;2025-12-11;11;1501
50;2025-12-11;12;1505
50;2025-12-11;13;1478
50;2025-12-11;14;1445
50;2025-12-11;15;1638
50;2025-12-11;16;1682
50;2025-12-11;17;2328
50;2025-12-11;18;2463
50;2025-12-11;19;1489
50;2025-12-11;20;979
50;2025-12-11;21;680
50;2025-12-11;22;272
50;2025-12-11;23;164
50;2025-12-12;0;38
50;2025-12-12;1;1
50;2025-12-12;2;0
50;2025-12-12;3;0
50;2025-12-12;4;3
50;2025-12-12;5;69
50;2025-12-12;6;525
50;2025-12-12;7;1763
50;2025-12-12;8;2761
50;2025-12-12;9;2154
50;2025-12-12;10;1561
50;2025-12-12;11;1518
50;2025-12-12;12;1470
50;2025-12-12;13;1517
50;2025-12-12;14;1476
50;2025-12-12;15;1745
50;2025-12-12;16;2118
50;2025-12-12;17;2168
50;2025-12-12;18;1729
50;2025-12-12;19;1269
50;2025-12-12;20;894
50;2025-12-12;21;583
50;2025-12-12;22;278
50;2025-12-12;23;178
50;2025-12-13;0;62
50;2025-12-13;1;5
50;2025-12-13;2;0
50;2025-12-13;3;0
50;2025-12-13;4;1
50;2025-12-13;5;31
50;2025-12-13;6;182
50;2025-12-13;7;408
50;2025-12-13;8;624
50;2025-12-13;9;644
50;2025-12-13;10;659
50;2025-12-13;11;808
50;2025-12-13;12;825
50;2025-12-13;13;870
50;2025-12-13;14;894
50;2025-12-13;15;836
50;2025-12-13;16;834
50;2025-12-13;17;868
50;2025-12-13;18;787
50;2025-12-13;19;686
50;2025-12-13;20;537
50;2025-12-13;21;411
50;2025-12-13;22;238
50;2025-12-13;23;151
50;2025-12-14;0;50
50;2025-12-14;1;9
50;2025-12-14;2;2
50;2025-12-14;3;2
50;2025-12-14;4;2
50;2025-12-14;5;26
50;2025-12-14;6;138
50;2025-12-14;7;268
50;2025-12-14;8;416
50;2025-12-14;9;496
50;2025-12-14;10;532
50;2025-12-14;11;674
50;2025-12-14;12;730
50;2025-12-14;13;776
50;2025-12-14;14;826
50;2025-12-14;15;761
50;2025-12-14;16;754
50;2025-12-14;17;788
50;2025-12-14;18;704
50;2025-12-14;19;599
50;2025-12-14;20;494
50;2025-12-14;21;388
50;2025-12-14;22;223
50;2025-12-14;23;124
50;2025-12-15;0;15
50;2025-12-15;1;3
50;2025-12-15;2;1
50;2025-12-15;3;0
50;2025-12-15;4;3
50;2025-12-15;5;66
50;2025-12-15;6;528
50;2025-12-15;7;1739
50;2025-12-15;8;2806
50;2025-12-15;9;2235
50;2025-12-15;10;1642
50;2025-12-15;11;1467
50;2025-12-15;12;1385
50;2025-12-15;13;1464
50;2025-12-15;14;1420
50;2025-12-15;15;1649
50;2025-12-15;16;1677
50;2025-12-15;17;2316
50;2025-12-15;18;2520
50;2025-12-15;19;1396
50;2025-12-15;20;899
50;2025-12-15;21;632
50;2025-12-15;22;245
50;2025-12-15;23;135
50;2025-12-16;0;28
50;2025-12-16;1;2
50;2025-12-16;2;0
50;2025-12-16;3;0
50;2025-12-16;4;2
50;2025-12-16;5;75
50;2025-12-16;6;576
50;2025-12-16;7;1845
50;2025-12-16;8;2877
50;2025-12-16;9;2259
50;2025-12-16;10;1749
50;2025-12-16;11;1552
50;2025-12-16;12;1462
50;2025-12-16;13;1535
50;2025-12-16;14;1463
50;2025-12-16;15;1704
50;2025-12-16;16;1786
50;2025-12-16;17;2500
50;2025-12-16;18;2549
50;2025-12-16;19;1520
50;2025-12-16;20;992
50;2025-12-16;21;632
50;2025-12-16;22;259
50;2025-12-16;23;155
50;2025-12-17;0;26
50;2025-12-17;1;4
50;2025-12-17;2;0
50;2025-12-17;3;0
50;2025-12-17;4;3
50;2025-12-17;5;77
50;2025-12-17;6;533
50;2025-12-17;7;1747
50;2025-12-17;8;2891
50;2025-12-17;9;2182
50;2025-12-17;10;1684
50;2025-12-17;11;1574
50;2025-12-17;12;1528
50;2025-12-17;13;1522
50;2025-12-17;14;1473
50;2025-12-17;15;1669
50;2025-12-17;16;1735
50;2025-12-17;17;2398
50;2025-12-17;18;2491
50;2025-12-17;19;1485
50;2025-12-17;20;929
50;2025-12-17;21;656
50;2025-12-17;22;278
50;2025-12-17;23;162
50;2025-12-18;0;40
50;2025-12-18;1;2
50;2025-12-18;2;0
50;2025-12-18;3;0
50;2025-12-18;4;3
50;2025-12-18;5;68
50;2025-12-18;6;500
50;2025-12-18;7;1673
50;2025-12-18;8;2694
50;2025-12-18;9;2153
50;2025-12-18;10;1685
50;2025-12-18;11;1506
50;2025-12-18;12;1510
50;2025-12-18;13;1483
50;2025-12-18;14;1450
50;2025-12-18;15;1644
50;2025-12-18;16;1688
50;2025-12-18;17;2336
50;2025-12-18;18;2471
50;2025-12-18;19;1494
50;2025-12-18;20;982
50;2025-12-18;21;682
50;2025-12-18;22;273
50;2025-12-18;23;165
50;2025-12-19;0;38
50;2025-12-19;1;1
50;2025-12-19;2;0
50;2025-12-19;3;0
50;2025-12-19;4;3
50;2025-12-19;5;69
50;2025-12-19;6;527
50;2025-12-19;7;1768
50;2025-12-19;8;2770
50;2025-12-19;9;2162
50;2025-12-19;10;1567
50;2025-12-19;11;1523
50;2025-12-19;12;1475
50;2025-12-19;13;1522
50;2025-12-19;14;1481
50;2025-12-19;15;1751
50;2025-12-19;16;2125
50;2025-12-19;17;2175
50;2025-12-19;18;1735
50;2025-12-19;19;1274
50;2025-12-19;20;897
50;2025-12-19;21;585
50;2025-12-19;22;279
50;2025-12-19;23;178
50;2025-12-20;0;62
50;2025-12-20;1;5
50;2025-12-20;2;0
50;2025-12-20;3;0
50;2025-12-20;4;1
50;2025-12-20;5;31
50;2025-12-20;6;182
50;2025-12-20;7;409
50;2025-12-20;8;626
50;2025-12-20;9;646
50;2025-12-20;10;661
50;2025-12-20;11;810
50;2025-12-20;12;827
50;2025-12-20;13;873
50;2025-12-20;14;897
50;2025-12-20;15;839
50;2025-12-20;16;837
50;2025-12-20;17;871
50;2025-12-20;18;790
50;2025-12-20;19;688
50;2025-12-20;20;539
50;2025-12-20;21;413
50;2025-12-20;22;239
50;2025-12-20;23;151
50;2025-12-21;0;51
50;2025-12-21;1;9
50;2025-12-21;2;2
50;2025-12-21;3;2
50;2025-12-21;4;2
50;2025-12-21;5;26
50;2025-12-21;6;139
50;2025-12-21;7;269
50;2025-12-21;8;417
50;2025-12-21;9;498
50;2025-12-21;10;534
50;2025-12-21;11;677
50;2025-12-21;12;733
50;2025-12-21;13;779
50;2025-12-21;14;829
50;2025-12-21;15;763
50;2025-12-21;16;756
50;2025-12-21;17;791
50;2025-12-21;18;706
50;2025-12-21;19;601
50;2025-12-21;20;495
50;2025-12-21;21;389
50;2025-12-21;22;223
50;2025-12-21;23;125
50;2025-12-22;0;16
50;2025-12-22;1;3
50;2025-12-22;2;1
50;2025-12-22;3;0
50;2025-12-22;4;3
50;2025-12-22;5;66
50;2025-12-22;6;530
50;2025-12-22;7;1745
50;2025-12-22;8;2815
50;2025-12-22;9;2243
50;2025-12-22;10;1647
50;2025-12-22;11;1472
50;2025-12-22;12;1390
50;2025-12-22;13;1469
50;2025-12-22;14;1425
50;2025-12-22;15;1654
50;2025-12-22;16;1683
50;2025-12-22;17;2324
50;2025-12-22;18;2528
50;2025-12-22;19;1401
50;2025-12-22;20;902
50;2025-12-22;21;634
50;2025-12-22;22;246
50;2025-12-22;23;136
50;2025-12-23;0;28
50;2025-12-23;1;2
50;2025-12-23;2;0
50;2025-12-23;3;0
50;2025-12-23;4;2
50;2025-12-23;5;76
50;2025-12-23;6;578
50;2025-12-23;7;1851
50;2025-12-23;8;2887
50;2025-12-23;9;2266
50;2025-12-23;10;1755
50;2025-12-23;11;1557
50;2025-12-23;12;1467
50;2025-12-23;13;1540
50;2025-12-23;14;1469
50;2025-12-23;15;1710
50;2025-12-23;16;1792
50;2025-12-23;17;2508
50;2025-12-23;18;2557
50;2025-12-23;19;1525
50;2025-12-23;20;996
50;2025-12-23;21;635
50;2025-12-23;22;260
50;2025-12-23;23;155
50;2025-12-24;0;26
50;2025-12-24;1;4
50;2025-12-24;2;0
50;2025-12-24;3;0
50;2025-12-24;4;3
50;2025-12-24;5;77
50;2025-12-24;6;534
50;2025-12-24;7;1753
50;2025-12-24;8;2901
50;2025-12-24;9;2190
50;2025-12-24;10;1690
50;2025-12-24;11;1579
50;2025-12-24;12;1533
50;2025-12-24;13;1527
50;2025-12-24;14;1478
50;2025-12-24;15;1675
50;2025-12-24;16;1741
50;2025-12-24;17;2406
50;2025-12-24;18;2499
50;2025-12-24;19;1490
50;2025-12-24;20;932
50;2025-12-24;21;658
50;2025-12-24;22;279
50;2025-12-24;23;163
50;2025-12-25;0;40
50;2025-12-25;1;2
50;2025-12-25;2;0
50;2025-12-25;3;0
50;2025-12-25;4;3
50;2025-12-25;5;68
50;2025-12-25;6;502
50;2025-12-25;7;1678
50;2025-12-25;8;2703
50;2025-12-25;9;2161
50;2025-12-25;10;1691
50;2025-12-25;11;1511
50;2025-12-25;12;1516
50;2025-12-25;13;1488
50;2025-12-25;14;1455
50;2025-12-25;15;1649
50;2025-12-25;16;1694
50;2025-12-25;17;2344
50;2025-12-25;18;2480
50;2025-12-25;19;1499
50;2025-12-25;20;986
50;2025-12-25;21;684
50;2025-12-25;22;274
50;2025-12-25;23;166
50;2025-12-26;0;39
50;2025-12-26;1;1
50;2025-12-26;2;0
50;2025-12-26;3;0
50;2025-12-26;4;3
50;2025-12-26;5;69
50;2025-12-26;6;529
50;2025-12-26;7;1774
50;2025-12-26;8;2780
50;2025-12-26;9;2169
50;2025-12-26;10;1572
50;2025-12-26;11;1528
50;2025-12-26;12;1480
50;2025-12-26;13;1527
50;2025-12-26;14;1486
50;2025-12-26;15;1757
50;2025-12-26;16;2132
50;2025-12-26;17;2182
50;2025-12-26;18;1741
50;2025-12-26;19;1278
50;2025-12-26;20;900
50;2025-12-26;21;587
50;2025-12-26;22;280
50;2025-12-26;23;179
50;2025-12-27;0;62
50;2025-12-27;1;5
50;2025-12-27;2;0
50;2025-12-27;3;0
50;2025-12-27;4;1
50;2025-12-27;5;31
50;2025-12-27;6;183
50;2025-12-27;7;410
50;2025-12-27;8;628
50;2025-12-27;9;648
50;2025-12-27;10;663
50;2025-12-27;11;813
50;2025-12-27;12;830
50;2025-12-27;13;876
50;2025-12-27;14;899
50;2025-12-27;15;841
50;2025-12-27;16;839
50;2025-12-27;17;874
50;2025-12-27;18;793
50;2025-12-27;19;690
50;2025-12-27;20;540
50;2025-12-27;21;414
50;2025-12-27;22;240
50;2025-12-27;23;152
50;2025-12-28;0;51
50;2025-12-28;1;9
50;2025-12-28;2;2
50;2025-12-28;3;2
50;2025-12-28;4;2
50;2025-12-28;5;26
50;2025-12-28;6;139
50;2025-12-28;7;269
50;2025-12-28;8;419
50;2025-12-28;9;499
50;2025-12-28;10;535
50;2025-12-28;11;678
50;2025-12-28;12;735
50;2025-12-28;13;781
50;2025-12-28;14;831
50;2025-12-28;15;765
50;2025-12-28;16;758
50;2025-12-28;17;793
50;2025-12-28;18;708
50;2025-12-28;19;602
50;2025-12-28;20;497
50;2025-12-28;21;390
50;2025-12-28;22;224
50;2025-12-28;23;125
50;2025-12-29;0;13
50;2025-12-29;1;3
50;2025-12-29;2;1
50;2025-12-29;3;0
50;2025-12-29;4;3
50;2025-12-29;5;64
50;2025-12-29;6;488
50;2025-12-29;7;1629
50;2025-12-29;8;2634
50;2025-12-29;9;2128
50;2025-12-29;10;1566
50;2025-12-29;11;1376
50;2025-12-29;12;1242
50;2025-12-29;13;1386
50;2025-12-29;14;1314
50;2025-12-29;15;1550
50;2025-12-29;16;1540
50;2025-12-29;17;2207
50;2025-12-29;18;2379
50;2025-12-29;19;1258
50;2025-12-29;20;839
50;2025-12-29;21;598
50;2025-12-29;22;219
50;2025-12-29;23;113
50;2025-12-30;0;26
50;2025-12-30;1;2
50;2025-12-30;2;0
50;2025-12-30;3;0
50;2025-12-30;4;2
50;2025-12-30;5;70
50;2025-12-30;6;530
50;2025-12-30;7;1652
50;2025-12-30;8;2603
50;2025-12-30;9;2046
50;2025-12-30;10;1616
50;2025-12-30;11;1409
50;2025-12-30;12;1268
50;2025-12-30;13;1400
50;2025-12-30;14;1296
50;2025-12-30;15;1537
50;2025-12-30;16;1602
50;2025-12-30;17;2314
50;2025-12-30;18;2321
50;2025-12-30;19;1377
50;2025-12-30;20;907
50;2025-12-30;21;557
50;2025-12-30;22;227
50;2025-12-30;23;135
50;2025-12-31;0;52
50;2025-12-31;1;6
50;2025-12-31;2;1
50;2025-12-31;3;1
50;2025-12-31;4;1
50;2025-12-31;5;26
50;2025-12-31;6;134
50;2025-12-31;7;268
50;2025-12-31;8;403
50;2025-12-31;9;475
50;2025-12-31;10;496
50;2025-12-31;11;625
50;2025-12-31;12;672
50;2025-12-31;13;721
50;2025-12-31;14;747
50;2025-12-31;15;688
50;2025-12-31;16;675
50;2025-12-31;17;676
50;2025-12-31;18;608
50;2025-12-31;19;540
50;2025-12-31;20;434
50;2025-12-31;21;343
50;2025-12-31;22;204
50;2025-12-31;23;117
